<?xml version="1.0" encoding="UTF-8"?>
<gpx creator="StravaGPX" version="1.1" xmlns="http://www.topografix.com/GPX/1/1" xmlns:xsi="http://www.w3.org/2001/XMLSchema-instance" xsi:schemaLocation="http://www.topografix.com/GPX/1/1 http://www.topografix.com/GPX/1/1/gpx.xsd http://www.garmin.com/xmlschemas/GpxExtensions/v3 http://www.garmin.com/xmlschemas/GpxExtensionsv3.xsd http://www.garmin.com/xmlschemas/TrackPointExtension/v1 http://www.garmin.com/xmlschemas/TrackPointExtensionv1.xsd" xmlns:gpxtpx="http://www.garmin.com/xmlschemas/TrackPointExtension/v1" xmlns:gpxx="http://www.garmin.com/xmlschemas/GpxExtensions/v3">
 <metadata>
  <time>2026-09-13T10:33:35Z</time>
 </metadata>
 <trk>
  <name>South Arapahoe to North Arapahoe Traverse</name>
  <type>hiking</type>
  <trkseg>
   <trkpt lat="39.9947820" lon="-105.6341450">
    <ele>2984.6</ele>
    <time>2026-09-13T10:33:35Z</time>
    
   </trkpt>
   <trkpt lat="39.9948180" lon="-105.6340550">
    <ele>2985.0</ele>
    <time>2026-09-13T10:33:36Z</time>
    
   </trkpt>
   <trkpt lat="39.9949380" lon="-105.6339560">
    <ele>2986.4</ele>
    <time>2026-09-13T10:33:39Z</time>
    
   </trkpt>
   <trkpt lat="39.9949380" lon="-105.6339560">
    <ele>2987.4</ele>
    <time>2026-09-13T10:33:40Z</time>
    
   </trkpt>
   <trkpt lat="39.9949580" lon="-105.6339490">
    <ele>2988.0</ele>
    <time>2026-09-13T10:33:41Z</time>
    
   </trkpt>
   <trkpt lat="39.9949670" lon="-105.6339440">
    <ele>2988.6</ele>
    <time>2026-09-13T10:33:42Z</time>
    
   </trkpt>
   <trkpt lat="39.9949770" lon="-105.6339430">
    <ele>2989.0</ele>
    <time>2026-09-13T10:33:44Z</time>
    
   </trkpt>
   <trkpt lat="39.9949900" lon="-105.6339400">
    <ele>2988.8</ele>
    <time>2026-09-13T10:33:46Z</time>
    
   </trkpt>
   <trkpt lat="39.9950560" lon="-105.6339680">
    <ele>2987.8</ele>
    <time>2026-09-13T10:33:52Z</time>
    
   </trkpt>
   <trkpt lat="39.9950870" lon="-105.6339910">
    <ele>2989.6</ele>
    <time>2026-09-13T10:33:55Z</time>
    
   </trkpt>
   <trkpt lat="39.9951340" lon="-105.6340980">
    <ele>2991.0</ele>
    <time>2026-09-13T10:34:01Z</time>
    
   </trkpt>
   <trkpt lat="39.9951430" lon="-105.6341330">
    <ele>2991.0</ele>
    <time>2026-09-13T10:34:03Z</time>
    
   </trkpt>
   <trkpt lat="39.9951950" lon="-105.6342520">
    <ele>2991.4</ele>
    <time>2026-09-13T10:34:11Z</time>
    
   </trkpt>
   <trkpt lat="39.9952130" lon="-105.6342750">
    <ele>2991.0</ele>
    <time>2026-09-13T10:34:13Z</time>
    
   </trkpt>
   <trkpt lat="39.9952410" lon="-105.6342720">
    <ele>2991.2</ele>
    <time>2026-09-13T10:34:15Z</time>
    
   </trkpt>
   <trkpt lat="39.9952530" lon="-105.6342610">
    <ele>2991.6</ele>
    <time>2026-09-13T10:34:16Z</time>
    
   </trkpt>
   <trkpt lat="39.9952750" lon="-105.6342430">
    <ele>2992.0</ele>
    <time>2026-09-13T10:34:18Z</time>
    
   </trkpt>
   <trkpt lat="39.9952880" lon="-105.6342330">
    <ele>2992.4</ele>
    <time>2026-09-13T10:34:20Z</time>
    
   </trkpt>
   <trkpt lat="39.9952920" lon="-105.6342330">
    <ele>2992.8</ele>
    <time>2026-09-13T10:34:22Z</time>
    
   </trkpt>
   <trkpt lat="39.9952940" lon="-105.6342180">
    <ele>2992.8</ele>
    <time>2026-09-13T10:34:26Z</time>
    
   </trkpt>
   <trkpt lat="39.9953110" lon="-105.6342000">
    <ele>2993.0</ele>
    <time>2026-09-13T10:34:30Z</time>
    
   </trkpt>
   <trkpt lat="39.9953190" lon="-105.6341880">
    <ele>2993.2</ele>
    <time>2026-09-13T10:34:32Z</time>
    
   </trkpt>
   <trkpt lat="39.9953310" lon="-105.6341470">
    <ele>2994.2</ele>
    <time>2026-09-13T10:34:35Z</time>
    
   </trkpt>
   <trkpt lat="39.9953380" lon="-105.6341230">
    <ele>2994.6</ele>
    <time>2026-09-13T10:34:37Z</time>
    
   </trkpt>
   <trkpt lat="39.9953400" lon="-105.6340940">
    <ele>2994.6</ele>
    <time>2026-09-13T10:34:39Z</time>
    
   </trkpt>
   <trkpt lat="39.9953500" lon="-105.6340690">
    <ele>2994.8</ele>
    <time>2026-09-13T10:34:41Z</time>
    
   </trkpt>
   <trkpt lat="39.9953680" lon="-105.6340020">
    <ele>2995.4</ele>
    <time>2026-09-13T10:34:45Z</time>
    
   </trkpt>
   <trkpt lat="39.9954110" lon="-105.6338430">
    <ele>2996.4</ele>
    <time>2026-09-13T10:34:57Z</time>
    
   </trkpt>
   <trkpt lat="39.9954390" lon="-105.6337500">
    <ele>2996.6</ele>
    <time>2026-09-13T10:35:04Z</time>
    
   </trkpt>
   <trkpt lat="39.9954500" lon="-105.6337060">
    <ele>2997.4</ele>
    <time>2026-09-13T10:35:08Z</time>
    
   </trkpt>
   <trkpt lat="39.9954440" lon="-105.6336630">
    <ele>2998.0</ele>
    <time>2026-09-13T10:35:11Z</time>
    
   </trkpt>
   <trkpt lat="39.9954730" lon="-105.6336430">
    <ele>2998.2</ele>
    <time>2026-09-13T10:35:13Z</time>
    
   </trkpt>
   <trkpt lat="39.9954860" lon="-105.6336420">
    <ele>2998.2</ele>
    <time>2026-09-13T10:35:15Z</time>
    
   </trkpt>
   <trkpt lat="39.9955050" lon="-105.6336480">
    <ele>2998.2</ele>
    <time>2026-09-13T10:35:17Z</time>
    
   </trkpt>
   <trkpt lat="39.9955120" lon="-105.6336410">
    <ele>2998.4</ele>
    <time>2026-09-13T10:35:18Z</time>
    
   </trkpt>
   <trkpt lat="39.9955290" lon="-105.6336450">
    <ele>2999.2</ele>
    <time>2026-09-13T10:35:21Z</time>
    
   </trkpt>
   <trkpt lat="39.9955360" lon="-105.6336440">
    <ele>2999.4</ele>
    <time>2026-09-13T10:35:22Z</time>
    
   </trkpt>
   <trkpt lat="39.9955580" lon="-105.6336450">
    <ele>2999.8</ele>
    <time>2026-09-13T10:35:24Z</time>
    
   </trkpt>
   <trkpt lat="39.9955780" lon="-105.6336540">
    <ele>3000.0</ele>
    <time>2026-09-13T10:35:26Z</time>
    
   </trkpt>
   <trkpt lat="39.9955950" lon="-105.6336670">
    <ele>3000.4</ele>
    <time>2026-09-13T10:35:28Z</time>
    
   </trkpt>
   <trkpt lat="39.9956090" lon="-105.6336750">
    <ele>3000.6</ele>
    <time>2026-09-13T10:35:29Z</time>
    
   </trkpt>
   <trkpt lat="39.9956350" lon="-105.6337010">
    <ele>3001.6</ele>
    <time>2026-09-13T10:35:32Z</time>
    
   </trkpt>
   <trkpt lat="39.9956410" lon="-105.6337120">
    <ele>3001.8</ele>
    <time>2026-09-13T10:35:33Z</time>
    
   </trkpt>
   <trkpt lat="39.9956670" lon="-105.6337460">
    <ele>3002.2</ele>
    <time>2026-09-13T10:35:37Z</time>
    
   </trkpt>
   <trkpt lat="39.9957200" lon="-105.6338610">
    <ele>3002.8</ele>
    <time>2026-09-13T10:35:45Z</time>
    
   </trkpt>
   <trkpt lat="39.9957370" lon="-105.6338990">
    <ele>3003.2</ele>
    <time>2026-09-13T10:35:48Z</time>
    
   </trkpt>
   <trkpt lat="39.9958020" lon="-105.6339760">
    <ele>3003.4</ele>
    <time>2026-09-13T10:35:55Z</time>
    
   </trkpt>
   <trkpt lat="39.9958120" lon="-105.6339830">
    <ele>3003.8</ele>
    <time>2026-09-13T10:35:56Z</time>
    
   </trkpt>
   <trkpt lat="39.9958190" lon="-105.6339960">
    <ele>3004.2</ele>
    <time>2026-09-13T10:35:57Z</time>
    
   </trkpt>
   <trkpt lat="39.9958440" lon="-105.6340690">
    <ele>3004.8</ele>
    <time>2026-09-13T10:36:01Z</time>
    
   </trkpt>
   <trkpt lat="39.9958540" lon="-105.6340810">
    <ele>3005.2</ele>
    <time>2026-09-13T10:36:02Z</time>
    
   </trkpt>
   <trkpt lat="39.9958870" lon="-105.6341040">
    <ele>3005.6</ele>
    <time>2026-09-13T10:36:05Z</time>
    
   </trkpt>
   <trkpt lat="39.9959070" lon="-105.6341120">
    <ele>3005.8</ele>
    <time>2026-09-13T10:36:07Z</time>
    
   </trkpt>
   <trkpt lat="39.9959310" lon="-105.6341110">
    <ele>3006.2</ele>
    <time>2026-09-13T10:36:10Z</time>
    
   </trkpt>
   <trkpt lat="39.9959650" lon="-105.6341160">
    <ele>3006.8</ele>
    <time>2026-09-13T10:36:14Z</time>
    
   </trkpt>
   <trkpt lat="39.9959900" lon="-105.6341310">
    <ele>3007.2</ele>
    <time>2026-09-13T10:36:16Z</time>
    
   </trkpt>
   <trkpt lat="39.9960460" lon="-105.6341920">
    <ele>3007.2</ele>
    <time>2026-09-13T10:36:22Z</time>
    
   </trkpt>
   <trkpt lat="39.9960900" lon="-105.6342310">
    <ele>3007.0</ele>
    <time>2026-09-13T10:36:28Z</time>
    
   </trkpt>
   <trkpt lat="39.9960960" lon="-105.6342400">
    <ele>3007.0</ele>
    <time>2026-09-13T10:36:29Z</time>
    
   </trkpt>
   <trkpt lat="39.9961050" lon="-105.6342720">
    <ele>3006.6</ele>
    <time>2026-09-13T10:36:31Z</time>
    
   </trkpt>
   <trkpt lat="39.9961360" lon="-105.6343790">
    <ele>3007.6</ele>
    <time>2026-09-13T10:36:39Z</time>
    
   </trkpt>
   <trkpt lat="39.9961590" lon="-105.6344050">
    <ele>3008.0</ele>
    <time>2026-09-13T10:36:42Z</time>
    
   </trkpt>
   <trkpt lat="39.9961700" lon="-105.6344100">
    <ele>3008.0</ele>
    <time>2026-09-13T10:36:43Z</time>
    
   </trkpt>
   <trkpt lat="39.9961960" lon="-105.6344270">
    <ele>3008.4</ele>
    <time>2026-09-13T10:36:46Z</time>
    
   </trkpt>
   <trkpt lat="39.9962260" lon="-105.6344570">
    <ele>3008.8</ele>
    <time>2026-09-13T10:36:50Z</time>
    
   </trkpt>
   <trkpt lat="39.9962390" lon="-105.6344780">
    <ele>3009.2</ele>
    <time>2026-09-13T10:36:52Z</time>
    
   </trkpt>
   <trkpt lat="39.9962510" lon="-105.6345050">
    <ele>3009.4</ele>
    <time>2026-09-13T10:36:54Z</time>
    
   </trkpt>
   <trkpt lat="39.9962560" lon="-105.6345250">
    <ele>3009.6</ele>
    <time>2026-09-13T10:36:55Z</time>
    
   </trkpt>
   <trkpt lat="39.9962920" lon="-105.6345890">
    <ele>3010.4</ele>
    <time>2026-09-13T10:37:00Z</time>
    
   </trkpt>
   <trkpt lat="39.9962890" lon="-105.6346070">
    <ele>3010.6</ele>
    <time>2026-09-13T10:37:01Z</time>
    
   </trkpt>
   <trkpt lat="39.9962920" lon="-105.6346380">
    <ele>3010.8</ele>
    <time>2026-09-13T10:37:02Z</time>
    
   </trkpt>
   <trkpt lat="39.9962910" lon="-105.6346580">
    <ele>3010.8</ele>
    <time>2026-09-13T10:37:03Z</time>
    
   </trkpt>
   <trkpt lat="39.9962970" lon="-105.6346930">
    <ele>3010.8</ele>
    <time>2026-09-13T10:37:05Z</time>
    
   </trkpt>
   <trkpt lat="39.9963190" lon="-105.6347130">
    <ele>3010.8</ele>
    <time>2026-09-13T10:37:07Z</time>
    
   </trkpt>
   <trkpt lat="39.9963270" lon="-105.6347250">
    <ele>3010.8</ele>
    <time>2026-09-13T10:37:08Z</time>
    
   </trkpt>
   <trkpt lat="39.9963660" lon="-105.6347720">
    <ele>3011.8</ele>
    <time>2026-09-13T10:37:13Z</time>
    
   </trkpt>
   <trkpt lat="39.9963980" lon="-105.6348180">
    <ele>3012.4</ele>
    <time>2026-09-13T10:37:17Z</time>
    
   </trkpt>
   <trkpt lat="39.9964170" lon="-105.6348520">
    <ele>3012.6</ele>
    <time>2026-09-13T10:37:19Z</time>
    
   </trkpt>
   <trkpt lat="39.9964490" lon="-105.6349490">
    <ele>3012.8</ele>
    <time>2026-09-13T10:37:25Z</time>
    
   </trkpt>
   <trkpt lat="39.9964510" lon="-105.6350050">
    <ele>3013.4</ele>
    <time>2026-09-13T10:37:28Z</time>
    
   </trkpt>
   <trkpt lat="39.9964650" lon="-105.6350360">
    <ele>3013.8</ele>
    <time>2026-09-13T10:37:30Z</time>
    
   </trkpt>
   <trkpt lat="39.9964720" lon="-105.6350510">
    <ele>3014.0</ele>
    <time>2026-09-13T10:37:31Z</time>
    
   </trkpt>
   <trkpt lat="39.9964900" lon="-105.6350850">
    <ele>3014.8</ele>
    <time>2026-09-13T10:37:34Z</time>
    
   </trkpt>
   <trkpt lat="39.9964900" lon="-105.6351130">
    <ele>3015.2</ele>
    <time>2026-09-13T10:37:36Z</time>
    
   </trkpt>
   <trkpt lat="39.9964890" lon="-105.6351250">
    <ele>3015.4</ele>
    <time>2026-09-13T10:37:37Z</time>
    
   </trkpt>
   <trkpt lat="39.9964890" lon="-105.6351400">
    <ele>3015.4</ele>
    <time>2026-09-13T10:37:38Z</time>
    
   </trkpt>
   <trkpt lat="39.9964910" lon="-105.6351560">
    <ele>3015.6</ele>
    <time>2026-09-13T10:37:39Z</time>
    
   </trkpt>
   <trkpt lat="39.9965340" lon="-105.6352530">
    <ele>3015.6</ele>
    <time>2026-09-13T10:37:46Z</time>
    
   </trkpt>
   <trkpt lat="39.9965650" lon="-105.6352830">
    <ele>3016.2</ele>
    <time>2026-09-13T10:37:49Z</time>
    
   </trkpt>
   <trkpt lat="39.9966140" lon="-105.6353070">
    <ele>3016.2</ele>
    <time>2026-09-13T10:37:54Z</time>
    
   </trkpt>
   <trkpt lat="39.9966440" lon="-105.6353250">
    <ele>3016.0</ele>
    <time>2026-09-13T10:37:57Z</time>
    
   </trkpt>
   <trkpt lat="39.9966600" lon="-105.6353390">
    <ele>3016.2</ele>
    <time>2026-09-13T10:37:59Z</time>
    
   </trkpt>
   <trkpt lat="39.9966790" lon="-105.6353600">
    <ele>3017.2</ele>
    <time>2026-09-13T10:38:02Z</time>
    
   </trkpt>
   <trkpt lat="39.9966820" lon="-105.6353640">
    <ele>3017.6</ele>
    <time>2026-09-13T10:38:03Z</time>
    
   </trkpt>
   <trkpt lat="39.9966880" lon="-105.6353750">
    <ele>3017.8</ele>
    <time>2026-09-13T10:38:05Z</time>
    
   </trkpt>
   <trkpt lat="39.9966890" lon="-105.6353810">
    <ele>3017.8</ele>
    <time>2026-09-13T10:38:06Z</time>
    
   </trkpt>
   <trkpt lat="39.9967060" lon="-105.6354040">
    <ele>3018.0</ele>
    <time>2026-09-13T10:38:16Z</time>
    
   </trkpt>
   <trkpt lat="39.9967200" lon="-105.6354150">
    <ele>3018.4</ele>
    <time>2026-09-13T10:38:24Z</time>
    
   </trkpt>
   <trkpt lat="39.9967190" lon="-105.6354160">
    <ele>3018.6</ele>
    <time>2026-09-13T10:38:25Z</time>
    
   </trkpt>
   <trkpt lat="39.9967490" lon="-105.6354320">
    <ele>3018.6</ele>
    <time>2026-09-13T10:38:30Z</time>
    
   </trkpt>
   <trkpt lat="39.9967710" lon="-105.6354490">
    <ele>3018.6</ele>
    <time>2026-09-13T10:38:33Z</time>
    
   </trkpt>
   <trkpt lat="39.9967940" lon="-105.6354540">
    <ele>3018.6</ele>
    <time>2026-09-13T10:38:35Z</time>
    
   </trkpt>
   <trkpt lat="39.9968050" lon="-105.6354600">
    <ele>3018.6</ele>
    <time>2026-09-13T10:38:36Z</time>
    
   </trkpt>
   <trkpt lat="39.9968430" lon="-105.6354570">
    <ele>3019.0</ele>
    <time>2026-09-13T10:38:40Z</time>
    
   </trkpt>
   <trkpt lat="39.9968550" lon="-105.6354520">
    <ele>3019.0</ele>
    <time>2026-09-13T10:38:41Z</time>
    
   </trkpt>
   <trkpt lat="39.9968860" lon="-105.6354410">
    <ele>3019.6</ele>
    <time>2026-09-13T10:38:43Z</time>
    
   </trkpt>
   <trkpt lat="39.9969120" lon="-105.6354380">
    <ele>3019.8</ele>
    <time>2026-09-13T10:38:45Z</time>
    
   </trkpt>
   <trkpt lat="39.9969530" lon="-105.6354770">
    <ele>3020.2</ele>
    <time>2026-09-13T10:38:49Z</time>
    
   </trkpt>
   <trkpt lat="39.9969710" lon="-105.6355010">
    <ele>3020.6</ele>
    <time>2026-09-13T10:38:51Z</time>
    
   </trkpt>
   <trkpt lat="39.9969930" lon="-105.6355210">
    <ele>3020.6</ele>
    <time>2026-09-13T10:38:53Z</time>
    
   </trkpt>
   <trkpt lat="39.9970630" lon="-105.6355690">
    <ele>3021.8</ele>
    <time>2026-09-13T10:38:59Z</time>
    
   </trkpt>
   <trkpt lat="39.9970750" lon="-105.6355790">
    <ele>3021.8</ele>
    <time>2026-09-13T10:39:00Z</time>
    
   </trkpt>
   <trkpt lat="39.9970950" lon="-105.6356020">
    <ele>3022.4</ele>
    <time>2026-09-13T10:39:02Z</time>
    
   </trkpt>
   <trkpt lat="39.9971030" lon="-105.6356170">
    <ele>3022.8</ele>
    <time>2026-09-13T10:39:03Z</time>
    
   </trkpt>
   <trkpt lat="39.9971640" lon="-105.6356750">
    <ele>3023.6</ele>
    <time>2026-09-13T10:39:10Z</time>
    
   </trkpt>
   <trkpt lat="39.9971790" lon="-105.6356810">
    <ele>3023.8</ele>
    <time>2026-09-13T10:39:12Z</time>
    
   </trkpt>
   <trkpt lat="39.9972260" lon="-105.6357090">
    <ele>3025.0</ele>
    <time>2026-09-13T10:39:17Z</time>
    
   </trkpt>
   <trkpt lat="39.9972440" lon="-105.6357130">
    <ele>3025.8</ele>
    <time>2026-09-13T10:39:19Z</time>
    
   </trkpt>
   <trkpt lat="39.9972510" lon="-105.6357180">
    <ele>3026.4</ele>
    <time>2026-09-13T10:39:20Z</time>
    
   </trkpt>
   <trkpt lat="39.9972580" lon="-105.6357250">
    <ele>3027.0</ele>
    <time>2026-09-13T10:39:21Z</time>
    
   </trkpt>
   <trkpt lat="39.9972630" lon="-105.6357300">
    <ele>3027.6</ele>
    <time>2026-09-13T10:39:22Z</time>
    
   </trkpt>
   <trkpt lat="39.9973100" lon="-105.6357580">
    <ele>3028.6</ele>
    <time>2026-09-13T10:39:28Z</time>
    
   </trkpt>
   <trkpt lat="39.9973690" lon="-105.6357780">
    <ele>3029.8</ele>
    <time>2026-09-13T10:39:34Z</time>
    
   </trkpt>
   <trkpt lat="39.9974500" lon="-105.6358170">
    <ele>3031.2</ele>
    <time>2026-09-13T10:39:42Z</time>
    
   </trkpt>
   <trkpt lat="39.9975200" lon="-105.6358240">
    <ele>3032.4</ele>
    <time>2026-09-13T10:39:48Z</time>
    
   </trkpt>
   <trkpt lat="39.9975790" lon="-105.6358430">
    <ele>3033.4</ele>
    <time>2026-09-13T10:39:53Z</time>
    
   </trkpt>
   <trkpt lat="39.9976280" lon="-105.6358590">
    <ele>3034.6</ele>
    <time>2026-09-13T10:39:58Z</time>
    
   </trkpt>
   <trkpt lat="39.9976370" lon="-105.6358640">
    <ele>3034.8</ele>
    <time>2026-09-13T10:39:59Z</time>
    
   </trkpt>
   <trkpt lat="39.9976590" lon="-105.6358830">
    <ele>3035.8</ele>
    <time>2026-09-13T10:40:01Z</time>
    
   </trkpt>
   <trkpt lat="39.9977340" lon="-105.6359300">
    <ele>3036.8</ele>
    <time>2026-09-13T10:40:09Z</time>
    
   </trkpt>
   <trkpt lat="39.9977510" lon="-105.6359460">
    <ele>3037.0</ele>
    <time>2026-09-13T10:40:11Z</time>
    
   </trkpt>
   <trkpt lat="39.9978720" lon="-105.6360530">
    <ele>3038.0</ele>
    <time>2026-09-13T10:40:22Z</time>
    
   </trkpt>
   <trkpt lat="39.9978860" lon="-105.6360630">
    <ele>3038.0</ele>
    <time>2026-09-13T10:40:23Z</time>
    
   </trkpt>
   <trkpt lat="39.9979310" lon="-105.6361140">
    <ele>3039.6</ele>
    <time>2026-09-13T10:40:28Z</time>
    
   </trkpt>
   <trkpt lat="39.9979430" lon="-105.6361420">
    <ele>3041.0</ele>
    <time>2026-09-13T10:40:30Z</time>
    
   </trkpt>
   <trkpt lat="39.9979490" lon="-105.6361550">
    <ele>3041.2</ele>
    <time>2026-09-13T10:40:31Z</time>
    
   </trkpt>
   <trkpt lat="39.9979930" lon="-105.6362290">
    <ele>3041.6</ele>
    <time>2026-09-13T10:40:37Z</time>
    
   </trkpt>
   <trkpt lat="39.9980070" lon="-105.6362590">
    <ele>3042.0</ele>
    <time>2026-09-13T10:40:39Z</time>
    
   </trkpt>
   <trkpt lat="39.9980300" lon="-105.6363190">
    <ele>3042.2</ele>
    <time>2026-09-13T10:40:43Z</time>
    
   </trkpt>
   <trkpt lat="39.9980480" lon="-105.6363750">
    <ele>3043.2</ele>
    <time>2026-09-13T10:40:47Z</time>
    
   </trkpt>
   <trkpt lat="39.9980860" lon="-105.6364330">
    <ele>3044.4</ele>
    <time>2026-09-13T10:40:53Z</time>
    
   </trkpt>
   <trkpt lat="39.9981000" lon="-105.6364590">
    <ele>3045.0</ele>
    <time>2026-09-13T10:40:56Z</time>
    
   </trkpt>
   <trkpt lat="39.9981940" lon="-105.6365660">
    <ele>3044.8</ele>
    <time>2026-09-13T10:41:08Z</time>
    
   </trkpt>
   <trkpt lat="39.9982470" lon="-105.6366150">
    <ele>3045.6</ele>
    <time>2026-09-13T10:41:14Z</time>
    
   </trkpt>
   <trkpt lat="39.9983120" lon="-105.6367000">
    <ele>3046.8</ele>
    <time>2026-09-13T10:41:22Z</time>
    
   </trkpt>
   <trkpt lat="39.9983330" lon="-105.6367260">
    <ele>3047.8</ele>
    <time>2026-09-13T10:41:26Z</time>
    
   </trkpt>
   <trkpt lat="39.9983840" lon="-105.6367870">
    <ele>3048.8</ele>
    <time>2026-09-13T10:41:34Z</time>
    
   </trkpt>
   <trkpt lat="39.9984180" lon="-105.6368460">
    <ele>3049.2</ele>
    <time>2026-09-13T10:41:40Z</time>
    
   </trkpt>
   <trkpt lat="39.9984400" lon="-105.6369070">
    <ele>3049.4</ele>
    <time>2026-09-13T10:41:45Z</time>
    
   </trkpt>
   <trkpt lat="39.9984560" lon="-105.6369300">
    <ele>3049.4</ele>
    <time>2026-09-13T10:41:47Z</time>
    
   </trkpt>
   <trkpt lat="39.9984910" lon="-105.6369400">
    <ele>3050.0</ele>
    <time>2026-09-13T10:41:50Z</time>
    
   </trkpt>
   <trkpt lat="39.9985010" lon="-105.6369420">
    <ele>3050.4</ele>
    <time>2026-09-13T10:41:51Z</time>
    
   </trkpt>
   <trkpt lat="39.9985280" lon="-105.6369640">
    <ele>3050.8</ele>
    <time>2026-09-13T10:41:54Z</time>
    
   </trkpt>
   <trkpt lat="39.9985420" lon="-105.6369770">
    <ele>3050.8</ele>
    <time>2026-09-13T10:41:56Z</time>
    
   </trkpt>
   <trkpt lat="39.9985540" lon="-105.6369870">
    <ele>3051.2</ele>
    <time>2026-09-13T10:41:58Z</time>
    
   </trkpt>
   <trkpt lat="39.9986550" lon="-105.6370010">
    <ele>3052.2</ele>
    <time>2026-09-13T10:42:07Z</time>
    
   </trkpt>
   <trkpt lat="39.9986630" lon="-105.6370050">
    <ele>3052.4</ele>
    <time>2026-09-13T10:42:08Z</time>
    
   </trkpt>
   <trkpt lat="39.9986970" lon="-105.6370310">
    <ele>3053.4</ele>
    <time>2026-09-13T10:42:11Z</time>
    
   </trkpt>
   <trkpt lat="39.9987380" lon="-105.6370630">
    <ele>3054.6</ele>
    <time>2026-09-13T10:42:15Z</time>
    
   </trkpt>
   <trkpt lat="39.9987660" lon="-105.6370860">
    <ele>3055.0</ele>
    <time>2026-09-13T10:42:18Z</time>
    
   </trkpt>
   <trkpt lat="39.9988280" lon="-105.6371690">
    <ele>3055.6</ele>
    <time>2026-09-13T10:42:26Z</time>
    
   </trkpt>
   <trkpt lat="39.9988520" lon="-105.6372070">
    <ele>3056.6</ele>
    <time>2026-09-13T10:42:29Z</time>
    
   </trkpt>
   <trkpt lat="39.9988630" lon="-105.6372140">
    <ele>3056.8</ele>
    <time>2026-09-13T10:42:30Z</time>
    
   </trkpt>
   <trkpt lat="39.9988880" lon="-105.6372570">
    <ele>3057.0</ele>
    <time>2026-09-13T10:42:33Z</time>
    
   </trkpt>
   <trkpt lat="39.9989600" lon="-105.6373010">
    <ele>3057.0</ele>
    <time>2026-09-13T10:42:40Z</time>
    
   </trkpt>
   <trkpt lat="39.9990110" lon="-105.6373290">
    <ele>3057.8</ele>
    <time>2026-09-13T10:42:46Z</time>
    
   </trkpt>
   <trkpt lat="39.9990750" lon="-105.6373980">
    <ele>3059.0</ele>
    <time>2026-09-13T10:42:53Z</time>
    
   </trkpt>
   <trkpt lat="39.9991870" lon="-105.6374810">
    <ele>3059.4</ele>
    <time>2026-09-13T10:43:04Z</time>
    
   </trkpt>
   <trkpt lat="39.9992760" lon="-105.6375780">
    <ele>3059.8</ele>
    <time>2026-09-13T10:43:13Z</time>
    
   </trkpt>
   <trkpt lat="39.9992850" lon="-105.6375880">
    <ele>3060.2</ele>
    <time>2026-09-13T10:43:14Z</time>
    
   </trkpt>
   <trkpt lat="39.9993240" lon="-105.6376180">
    <ele>3061.2</ele>
    <time>2026-09-13T10:43:18Z</time>
    
   </trkpt>
   <trkpt lat="39.9993730" lon="-105.6376760">
    <ele>3062.2</ele>
    <time>2026-09-13T10:43:25Z</time>
    
   </trkpt>
   <trkpt lat="39.9993970" lon="-105.6377070">
    <ele>3062.2</ele>
    <time>2026-09-13T10:43:28Z</time>
    
   </trkpt>
   <trkpt lat="39.9994010" lon="-105.6377180">
    <ele>3062.2</ele>
    <time>2026-09-13T10:43:29Z</time>
    
   </trkpt>
   <trkpt lat="39.9994110" lon="-105.6377290">
    <ele>3062.4</ele>
    <time>2026-09-13T10:43:30Z</time>
    
   </trkpt>
   <trkpt lat="39.9994660" lon="-105.6377990">
    <ele>3063.4</ele>
    <time>2026-09-13T10:43:36Z</time>
    
   </trkpt>
   <trkpt lat="39.9994910" lon="-105.6378440">
    <ele>3063.8</ele>
    <time>2026-09-13T10:43:40Z</time>
    
   </trkpt>
   <trkpt lat="39.9995830" lon="-105.6379370">
    <ele>3064.0</ele>
    <time>2026-09-13T10:43:50Z</time>
    
   </trkpt>
   <trkpt lat="39.9995900" lon="-105.6379480">
    <ele>3064.2</ele>
    <time>2026-09-13T10:43:51Z</time>
    
   </trkpt>
   <trkpt lat="39.9996090" lon="-105.6379730">
    <ele>3064.4</ele>
    <time>2026-09-13T10:43:54Z</time>
    
   </trkpt>
   <trkpt lat="39.9996140" lon="-105.6379850">
    <ele>3064.6</ele>
    <time>2026-09-13T10:43:55Z</time>
    
   </trkpt>
   <trkpt lat="39.9996750" lon="-105.6380370">
    <ele>3064.8</ele>
    <time>2026-09-13T10:44:03Z</time>
    
   </trkpt>
   <trkpt lat="39.9997410" lon="-105.6380710">
    <ele>3065.4</ele>
    <time>2026-09-13T10:44:10Z</time>
    
   </trkpt>
   <trkpt lat="39.9997510" lon="-105.6380790">
    <ele>3065.4</ele>
    <time>2026-09-13T10:44:11Z</time>
    
   </trkpt>
   <trkpt lat="39.9997750" lon="-105.6381120">
    <ele>3066.0</ele>
    <time>2026-09-13T10:44:14Z</time>
    
   </trkpt>
   <trkpt lat="39.9997940" lon="-105.6381550">
    <ele>3066.6</ele>
    <time>2026-09-13T10:44:18Z</time>
    
   </trkpt>
   <trkpt lat="39.9998110" lon="-105.6381770">
    <ele>3067.2</ele>
    <time>2026-09-13T10:44:20Z</time>
    
   </trkpt>
   <trkpt lat="39.9998360" lon="-105.6381950">
    <ele>3067.8</ele>
    <time>2026-09-13T10:44:23Z</time>
    
   </trkpt>
   <trkpt lat="39.9998650" lon="-105.6382330">
    <ele>3068.0</ele>
    <time>2026-09-13T10:44:27Z</time>
    
   </trkpt>
   <trkpt lat="39.9998930" lon="-105.6382650">
    <ele>3068.4</ele>
    <time>2026-09-13T10:44:30Z</time>
    
   </trkpt>
   <trkpt lat="39.9999330" lon="-105.6383130">
    <ele>3069.0</ele>
    <time>2026-09-13T10:44:35Z</time>
    
   </trkpt>
   <trkpt lat="39.9999560" lon="-105.6383430">
    <ele>3069.4</ele>
    <time>2026-09-13T10:44:38Z</time>
    
   </trkpt>
   <trkpt lat="39.9999640" lon="-105.6383520">
    <ele>3069.4</ele>
    <time>2026-09-13T10:44:39Z</time>
    
   </trkpt>
   <trkpt lat="39.9999980" lon="-105.6384410">
    <ele>3070.0</ele>
    <time>2026-09-13T10:44:45Z</time>
    
   </trkpt>
   <trkpt lat="40.0000060" lon="-105.6384550">
    <ele>3070.2</ele>
    <time>2026-09-13T10:44:46Z</time>
    
   </trkpt>
   <trkpt lat="40.0000340" lon="-105.6384940">
    <ele>3070.2</ele>
    <time>2026-09-13T10:44:49Z</time>
    
   </trkpt>
   <trkpt lat="40.0001200" lon="-105.6386450">
    <ele>3071.4</ele>
    <time>2026-09-13T10:44:59Z</time>
    
   </trkpt>
   <trkpt lat="40.0001330" lon="-105.6386680">
    <ele>3071.8</ele>
    <time>2026-09-13T10:45:01Z</time>
    
   </trkpt>
   <trkpt lat="40.0001390" lon="-105.6386780">
    <ele>3072.0</ele>
    <time>2026-09-13T10:45:02Z</time>
    
   </trkpt>
   <trkpt lat="40.0002060" lon="-105.6387400">
    <ele>3072.2</ele>
    <time>2026-09-13T10:45:12Z</time>
    
   </trkpt>
   <trkpt lat="40.0002210" lon="-105.6387520">
    <ele>3072.4</ele>
    <time>2026-09-13T10:45:14Z</time>
    
   </trkpt>
   <trkpt lat="40.0002470" lon="-105.6387840">
    <ele>3073.4</ele>
    <time>2026-09-13T10:45:17Z</time>
    
   </trkpt>
   <trkpt lat="40.0002670" lon="-105.6388070">
    <ele>3074.0</ele>
    <time>2026-09-13T10:45:19Z</time>
    
   </trkpt>
   <trkpt lat="40.0002980" lon="-105.6388340">
    <ele>3074.0</ele>
    <time>2026-09-13T10:45:22Z</time>
    
   </trkpt>
   <trkpt lat="40.0003420" lon="-105.6388500">
    <ele>3074.6</ele>
    <time>2026-09-13T10:45:26Z</time>
    
   </trkpt>
   <trkpt lat="40.0003960" lon="-105.6388850">
    <ele>3075.6</ele>
    <time>2026-09-13T10:45:31Z</time>
    
   </trkpt>
   <trkpt lat="40.0004040" lon="-105.6389000">
    <ele>3075.8</ele>
    <time>2026-09-13T10:45:32Z</time>
    
   </trkpt>
   <trkpt lat="40.0004330" lon="-105.6389290">
    <ele>3076.6</ele>
    <time>2026-09-13T10:45:35Z</time>
    
   </trkpt>
   <trkpt lat="40.0005030" lon="-105.6389910">
    <ele>3077.6</ele>
    <time>2026-09-13T10:45:42Z</time>
    
   </trkpt>
   <trkpt lat="40.0005140" lon="-105.6389990">
    <ele>3077.8</ele>
    <time>2026-09-13T10:45:43Z</time>
    
   </trkpt>
   <trkpt lat="40.0005440" lon="-105.6390380">
    <ele>3078.8</ele>
    <time>2026-09-13T10:45:47Z</time>
    
   </trkpt>
   <trkpt lat="40.0005620" lon="-105.6390710">
    <ele>3080.0</ele>
    <time>2026-09-13T10:45:51Z</time>
    
   </trkpt>
   <trkpt lat="40.0005770" lon="-105.6390710">
    <ele>3080.0</ele>
    <time>2026-09-13T10:45:53Z</time>
    
   </trkpt>
   <trkpt lat="40.0005830" lon="-105.6390830">
    <ele>3079.4</ele>
    <time>2026-09-13T10:45:56Z</time>
    
   </trkpt>
   <trkpt lat="40.0005830" lon="-105.6390870">
    <ele>3079.6</ele>
    <time>2026-09-13T10:45:57Z</time>
    
   </trkpt>
   <trkpt lat="40.0005820" lon="-105.6390950">
    <ele>3080.0</ele>
    <time>2026-09-13T10:46:00Z</time>
    
   </trkpt>
   <trkpt lat="40.0005710" lon="-105.6391100">
    <ele>3080.4</ele>
    <time>2026-09-13T10:46:05Z</time>
    
   </trkpt>
   <trkpt lat="40.0005520" lon="-105.6391380">
    <ele>3079.6</ele>
    <time>2026-09-13T10:46:16Z</time>
    
   </trkpt>
   <trkpt lat="40.0005470" lon="-105.6391430">
    <ele>3080.0</ele>
    <time>2026-09-13T10:46:20Z</time>
    
   </trkpt>
   <trkpt lat="40.0005410" lon="-105.6391440">
    <ele>3080.4</ele>
    <time>2026-09-13T10:46:22Z</time>
    
   </trkpt>
   <trkpt lat="40.0005560" lon="-105.6391510">
    <ele>3080.8</ele>
    <time>2026-09-13T10:46:29Z</time>
    
   </trkpt>
   <trkpt lat="40.0005720" lon="-105.6391440">
    <ele>3080.6</ele>
    <time>2026-09-13T10:46:39Z</time>
    
   </trkpt>
   <trkpt lat="40.0005490" lon="-105.6390860">
    <ele>3080.8</ele>
    <time>2026-09-13T10:46:44Z</time>
    
   </trkpt>
   <trkpt lat="40.0005430" lon="-105.6390770">
    <ele>3081.4</ele>
    <time>2026-09-13T10:46:45Z</time>
    
   </trkpt>
   <trkpt lat="40.0005240" lon="-105.6390410">
    <ele>3081.2</ele>
    <time>2026-09-13T10:46:48Z</time>
    
   </trkpt>
   <trkpt lat="40.0005250" lon="-105.6390240">
    <ele>3081.2</ele>
    <time>2026-09-13T10:46:49Z</time>
    
   </trkpt>
   <trkpt lat="40.0005230" lon="-105.6389920">
    <ele>3081.2</ele>
    <time>2026-09-13T10:46:51Z</time>
    
   </trkpt>
   <trkpt lat="40.0005170" lon="-105.6389150">
    <ele>3081.4</ele>
    <time>2026-09-13T10:46:55Z</time>
    
   </trkpt>
   <trkpt lat="40.0005050" lon="-105.6388400">
    <ele>3082.2</ele>
    <time>2026-09-13T10:46:59Z</time>
    
   </trkpt>
   <trkpt lat="40.0004990" lon="-105.6388110">
    <ele>3082.4</ele>
    <time>2026-09-13T10:47:01Z</time>
    
   </trkpt>
   <trkpt lat="40.0004440" lon="-105.6386550">
    <ele>3083.6</ele>
    <time>2026-09-13T10:47:11Z</time>
    
   </trkpt>
   <trkpt lat="40.0004390" lon="-105.6386400">
    <ele>3083.8</ele>
    <time>2026-09-13T10:47:12Z</time>
    
   </trkpt>
   <trkpt lat="40.0004150" lon="-105.6385580">
    <ele>3084.4</ele>
    <time>2026-09-13T10:47:17Z</time>
    
   </trkpt>
   <trkpt lat="40.0004110" lon="-105.6385400">
    <ele>3084.6</ele>
    <time>2026-09-13T10:47:18Z</time>
    
   </trkpt>
   <trkpt lat="40.0003870" lon="-105.6384620">
    <ele>3085.2</ele>
    <time>2026-09-13T10:47:23Z</time>
    
   </trkpt>
   <trkpt lat="40.0003690" lon="-105.6383750">
    <ele>3085.8</ele>
    <time>2026-09-13T10:47:29Z</time>
    
   </trkpt>
   <trkpt lat="40.0003600" lon="-105.6383330">
    <ele>3087.2</ele>
    <time>2026-09-13T10:47:32Z</time>
    
   </trkpt>
   <trkpt lat="40.0003490" lon="-105.6382870">
    <ele>3088.4</ele>
    <time>2026-09-13T10:47:35Z</time>
    
   </trkpt>
   <trkpt lat="40.0003170" lon="-105.6382130">
    <ele>3089.6</ele>
    <time>2026-09-13T10:47:41Z</time>
    
   </trkpt>
   <trkpt lat="40.0002880" lon="-105.6381550">
    <ele>3090.2</ele>
    <time>2026-09-13T10:47:46Z</time>
    
   </trkpt>
   <trkpt lat="40.0002650" lon="-105.6381160">
    <ele>3090.6</ele>
    <time>2026-09-13T10:47:49Z</time>
    
   </trkpt>
   <trkpt lat="40.0002320" lon="-105.6380480">
    <ele>3090.8</ele>
    <time>2026-09-13T10:47:54Z</time>
    
   </trkpt>
   <trkpt lat="40.0002410" lon="-105.6380300">
    <ele>3090.8</ele>
    <time>2026-09-13T10:47:55Z</time>
    
   </trkpt>
   <trkpt lat="40.0002480" lon="-105.6380220">
    <ele>3091.0</ele>
    <time>2026-09-13T10:47:57Z</time>
    
   </trkpt>
   <trkpt lat="40.0002750" lon="-105.6380480">
    <ele>3091.4</ele>
    <time>2026-09-13T10:48:00Z</time>
    
   </trkpt>
   <trkpt lat="40.0002970" lon="-105.6380650">
    <ele>3091.6</ele>
    <time>2026-09-13T10:48:03Z</time>
    
   </trkpt>
   <trkpt lat="40.0003010" lon="-105.6380710">
    <ele>3091.8</ele>
    <time>2026-09-13T10:48:04Z</time>
    
   </trkpt>
   <trkpt lat="40.0003480" lon="-105.6381080">
    <ele>3092.8</ele>
    <time>2026-09-13T10:48:10Z</time>
    
   </trkpt>
   <trkpt lat="40.0003650" lon="-105.6381300">
    <ele>3093.0</ele>
    <time>2026-09-13T10:48:13Z</time>
    
   </trkpt>
   <trkpt lat="40.0004440" lon="-105.6382570">
    <ele>3093.6</ele>
    <time>2026-09-13T10:48:25Z</time>
    
   </trkpt>
   <trkpt lat="40.0004560" lon="-105.6382780">
    <ele>3093.8</ele>
    <time>2026-09-13T10:48:27Z</time>
    
   </trkpt>
   <trkpt lat="40.0004710" lon="-105.6382950">
    <ele>3094.2</ele>
    <time>2026-09-13T10:48:29Z</time>
    
   </trkpt>
   <trkpt lat="40.0004880" lon="-105.6383260">
    <ele>3094.4</ele>
    <time>2026-09-13T10:48:31Z</time>
    
   </trkpt>
   <trkpt lat="40.0005270" lon="-105.6383820">
    <ele>3095.0</ele>
    <time>2026-09-13T10:48:35Z</time>
    
   </trkpt>
   <trkpt lat="40.0005370" lon="-105.6383950">
    <ele>3095.4</ele>
    <time>2026-09-13T10:48:36Z</time>
    
   </trkpt>
   <trkpt lat="40.0006040" lon="-105.6384910">
    <ele>3095.6</ele>
    <time>2026-09-13T10:48:45Z</time>
    
   </trkpt>
   <trkpt lat="40.0006450" lon="-105.6385240">
    <ele>3095.2</ele>
    <time>2026-09-13T10:48:49Z</time>
    
   </trkpt>
   <trkpt lat="40.0006900" lon="-105.6385480">
    <ele>3096.4</ele>
    <time>2026-09-13T10:48:54Z</time>
    
   </trkpt>
   <trkpt lat="40.0007290" lon="-105.6385840">
    <ele>3097.2</ele>
    <time>2026-09-13T10:48:58Z</time>
    
   </trkpt>
   <trkpt lat="40.0007720" lon="-105.6386390">
    <ele>3097.4</ele>
    <time>2026-09-13T10:49:04Z</time>
    
   </trkpt>
   <trkpt lat="40.0007810" lon="-105.6386470">
    <ele>3097.4</ele>
    <time>2026-09-13T10:49:05Z</time>
    
   </trkpt>
   <trkpt lat="40.0008370" lon="-105.6387210">
    <ele>3098.4</ele>
    <time>2026-09-13T10:49:12Z</time>
    
   </trkpt>
   <trkpt lat="40.0008580" lon="-105.6387390">
    <ele>3098.8</ele>
    <time>2026-09-13T10:49:14Z</time>
    
   </trkpt>
   <trkpt lat="40.0009570" lon="-105.6388230">
    <ele>3099.8</ele>
    <time>2026-09-13T10:49:23Z</time>
    
   </trkpt>
   <trkpt lat="40.0009990" lon="-105.6388350">
    <ele>3101.2</ele>
    <time>2026-09-13T10:49:26Z</time>
    
   </trkpt>
   <trkpt lat="40.0010300" lon="-105.6388540">
    <ele>3101.6</ele>
    <time>2026-09-13T10:49:29Z</time>
    
   </trkpt>
   <trkpt lat="40.0010520" lon="-105.6388680">
    <ele>3101.8</ele>
    <time>2026-09-13T10:49:31Z</time>
    
   </trkpt>
   <trkpt lat="40.0011030" lon="-105.6389040">
    <ele>3102.2</ele>
    <time>2026-09-13T10:49:36Z</time>
    
   </trkpt>
   <trkpt lat="40.0011110" lon="-105.6389170">
    <ele>3102.2</ele>
    <time>2026-09-13T10:49:37Z</time>
    
   </trkpt>
   <trkpt lat="40.0011210" lon="-105.6389450">
    <ele>3102.2</ele>
    <time>2026-09-13T10:49:39Z</time>
    
   </trkpt>
   <trkpt lat="40.0011400" lon="-105.6389920">
    <ele>3101.8</ele>
    <time>2026-09-13T10:49:43Z</time>
    
   </trkpt>
   <trkpt lat="40.0011530" lon="-105.6390220">
    <ele>3101.8</ele>
    <time>2026-09-13T10:49:46Z</time>
    
   </trkpt>
   <trkpt lat="40.0011830" lon="-105.6390970">
    <ele>3102.6</ele>
    <time>2026-09-13T10:49:52Z</time>
    
   </trkpt>
   <trkpt lat="40.0011990" lon="-105.6391130">
    <ele>3103.4</ele>
    <time>2026-09-13T10:49:54Z</time>
    
   </trkpt>
   <trkpt lat="40.0012290" lon="-105.6391520">
    <ele>3104.4</ele>
    <time>2026-09-13T10:49:58Z</time>
    
   </trkpt>
   <trkpt lat="40.0012320" lon="-105.6391650">
    <ele>3104.6</ele>
    <time>2026-09-13T10:49:59Z</time>
    
   </trkpt>
   <trkpt lat="40.0012520" lon="-105.6392230">
    <ele>3105.0</ele>
    <time>2026-09-13T10:50:04Z</time>
    
   </trkpt>
   <trkpt lat="40.0012650" lon="-105.6392720">
    <ele>3105.4</ele>
    <time>2026-09-13T10:50:08Z</time>
    
   </trkpt>
   <trkpt lat="40.0012750" lon="-105.6392960">
    <ele>3105.8</ele>
    <time>2026-09-13T10:50:10Z</time>
    
   </trkpt>
   <trkpt lat="40.0013000" lon="-105.6393480">
    <ele>3106.2</ele>
    <time>2026-09-13T10:50:14Z</time>
    
   </trkpt>
   <trkpt lat="40.0013080" lon="-105.6393590">
    <ele>3106.6</ele>
    <time>2026-09-13T10:50:15Z</time>
    
   </trkpt>
   <trkpt lat="40.0013320" lon="-105.6393870">
    <ele>3107.6</ele>
    <time>2026-09-13T10:50:19Z</time>
    
   </trkpt>
   <trkpt lat="40.0013830" lon="-105.6394170">
    <ele>3108.0</ele>
    <time>2026-09-13T10:50:24Z</time>
    
   </trkpt>
   <trkpt lat="40.0014150" lon="-105.6394220">
    <ele>3108.4</ele>
    <time>2026-09-13T10:50:27Z</time>
    
   </trkpt>
   <trkpt lat="40.0014250" lon="-105.6394240">
    <ele>3108.8</ele>
    <time>2026-09-13T10:50:28Z</time>
    
   </trkpt>
   <trkpt lat="40.0014630" lon="-105.6394630">
    <ele>3109.6</ele>
    <time>2026-09-13T10:50:33Z</time>
    
   </trkpt>
   <trkpt lat="40.0014700" lon="-105.6394820">
    <ele>3109.8</ele>
    <time>2026-09-13T10:50:35Z</time>
    
   </trkpt>
   <trkpt lat="40.0014930" lon="-105.6395060">
    <ele>3110.4</ele>
    <time>2026-09-13T10:50:39Z</time>
    
   </trkpt>
   <trkpt lat="40.0015060" lon="-105.6395630">
    <ele>3110.6</ele>
    <time>2026-09-13T10:50:43Z</time>
    
   </trkpt>
   <trkpt lat="40.0015160" lon="-105.6396110">
    <ele>3110.8</ele>
    <time>2026-09-13T10:50:46Z</time>
    
   </trkpt>
   <trkpt lat="40.0015260" lon="-105.6396460">
    <ele>3111.4</ele>
    <time>2026-09-13T10:50:48Z</time>
    
   </trkpt>
   <trkpt lat="40.0015350" lon="-105.6396770">
    <ele>3111.6</ele>
    <time>2026-09-13T10:50:50Z</time>
    
   </trkpt>
   <trkpt lat="40.0015430" lon="-105.6396910">
    <ele>3111.8</ele>
    <time>2026-09-13T10:50:51Z</time>
    
   </trkpt>
   <trkpt lat="40.0015530" lon="-105.6397300">
    <ele>3112.0</ele>
    <time>2026-09-13T10:50:53Z</time>
    
   </trkpt>
   <trkpt lat="40.0015680" lon="-105.6398100">
    <ele>3112.6</ele>
    <time>2026-09-13T10:50:58Z</time>
    
   </trkpt>
   <trkpt lat="40.0015790" lon="-105.6398390">
    <ele>3112.6</ele>
    <time>2026-09-13T10:51:00Z</time>
    
   </trkpt>
   <trkpt lat="40.0016000" lon="-105.6398710">
    <ele>3112.6</ele>
    <time>2026-09-13T10:51:03Z</time>
    
   </trkpt>
   <trkpt lat="40.0016500" lon="-105.6399580">
    <ele>3112.6</ele>
    <time>2026-09-13T10:51:10Z</time>
    
   </trkpt>
   <trkpt lat="40.0016530" lon="-105.6399690">
    <ele>3112.8</ele>
    <time>2026-09-13T10:51:11Z</time>
    
   </trkpt>
   <trkpt lat="40.0016580" lon="-105.6399850">
    <ele>3113.0</ele>
    <time>2026-09-13T10:51:12Z</time>
    
   </trkpt>
   <trkpt lat="40.0016860" lon="-105.6400280">
    <ele>3113.6</ele>
    <time>2026-09-13T10:51:16Z</time>
    
   </trkpt>
   <trkpt lat="40.0016970" lon="-105.6400550">
    <ele>3113.6</ele>
    <time>2026-09-13T10:51:19Z</time>
    
   </trkpt>
   <trkpt lat="40.0017050" lon="-105.6400980">
    <ele>3113.6</ele>
    <time>2026-09-13T10:51:22Z</time>
    
   </trkpt>
   <trkpt lat="40.0017230" lon="-105.6401380">
    <ele>3113.8</ele>
    <time>2026-09-13T10:51:26Z</time>
    
   </trkpt>
   <trkpt lat="40.0017260" lon="-105.6401450">
    <ele>3114.0</ele>
    <time>2026-09-13T10:51:27Z</time>
    
   </trkpt>
   <trkpt lat="40.0017370" lon="-105.6401530">
    <ele>3114.0</ele>
    <time>2026-09-13T10:51:28Z</time>
    
   </trkpt>
   <trkpt lat="40.0018110" lon="-105.6402090">
    <ele>3114.6</ele>
    <time>2026-09-13T10:51:35Z</time>
    
   </trkpt>
   <trkpt lat="40.0018350" lon="-105.6402480">
    <ele>3114.4</ele>
    <time>2026-09-13T10:51:39Z</time>
    
   </trkpt>
   <trkpt lat="40.0018660" lon="-105.6402870">
    <ele>3113.8</ele>
    <time>2026-09-13T10:51:43Z</time>
    
   </trkpt>
   <trkpt lat="40.0019000" lon="-105.6403880">
    <ele>3115.0</ele>
    <time>2026-09-13T10:51:51Z</time>
    
   </trkpt>
   <trkpt lat="40.0019130" lon="-105.6404610">
    <ele>3115.4</ele>
    <time>2026-09-13T10:51:57Z</time>
    
   </trkpt>
   <trkpt lat="40.0019170" lon="-105.6404740">
    <ele>3115.4</ele>
    <time>2026-09-13T10:51:59Z</time>
    
   </trkpt>
   <trkpt lat="40.0019310" lon="-105.6405160">
    <ele>3115.4</ele>
    <time>2026-09-13T10:52:02Z</time>
    
   </trkpt>
   <trkpt lat="40.0019440" lon="-105.6405690">
    <ele>3115.8</ele>
    <time>2026-09-13T10:52:06Z</time>
    
   </trkpt>
   <trkpt lat="40.0019490" lon="-105.6405980">
    <ele>3115.8</ele>
    <time>2026-09-13T10:52:08Z</time>
    
   </trkpt>
   <trkpt lat="40.0019520" lon="-105.6406250">
    <ele>3115.8</ele>
    <time>2026-09-13T10:52:09Z</time>
    
   </trkpt>
   <trkpt lat="40.0019780" lon="-105.6407040">
    <ele>3116.0</ele>
    <time>2026-09-13T10:52:15Z</time>
    
   </trkpt>
   <trkpt lat="40.0020100" lon="-105.6407330">
    <ele>3116.0</ele>
    <time>2026-09-13T10:52:18Z</time>
    
   </trkpt>
   <trkpt lat="40.0020750" lon="-105.6407530">
    <ele>3117.2</ele>
    <time>2026-09-13T10:52:23Z</time>
    
   </trkpt>
   <trkpt lat="40.0021050" lon="-105.6407580">
    <ele>3118.2</ele>
    <time>2026-09-13T10:52:25Z</time>
    
   </trkpt>
   <trkpt lat="40.0021180" lon="-105.6407610">
    <ele>3118.6</ele>
    <time>2026-09-13T10:52:26Z</time>
    
   </trkpt>
   <trkpt lat="40.0021400" lon="-105.6407830">
    <ele>3119.2</ele>
    <time>2026-09-13T10:52:28Z</time>
    
   </trkpt>
   <trkpt lat="40.0021570" lon="-105.6408210">
    <ele>3119.6</ele>
    <time>2026-09-13T10:52:30Z</time>
    
   </trkpt>
   <trkpt lat="40.0021840" lon="-105.6408710">
    <ele>3120.0</ele>
    <time>2026-09-13T10:52:33Z</time>
    
   </trkpt>
   <trkpt lat="40.0022250" lon="-105.6409630">
    <ele>3120.4</ele>
    <time>2026-09-13T10:52:39Z</time>
    
   </trkpt>
   <trkpt lat="40.0022530" lon="-105.6409870">
    <ele>3120.8</ele>
    <time>2026-09-13T10:52:42Z</time>
    
   </trkpt>
   <trkpt lat="40.0022810" lon="-105.6410050">
    <ele>3121.2</ele>
    <time>2026-09-13T10:52:45Z</time>
    
   </trkpt>
   <trkpt lat="40.0022940" lon="-105.6410200">
    <ele>3121.6</ele>
    <time>2026-09-13T10:52:47Z</time>
    
   </trkpt>
   <trkpt lat="40.0023050" lon="-105.6410260">
    <ele>3122.0</ele>
    <time>2026-09-13T10:52:48Z</time>
    
   </trkpt>
   <trkpt lat="40.0023230" lon="-105.6410330">
    <ele>3122.8</ele>
    <time>2026-09-13T10:52:51Z</time>
    
   </trkpt>
   <trkpt lat="40.0023280" lon="-105.6410460">
    <ele>3122.8</ele>
    <time>2026-09-13T10:52:53Z</time>
    
   </trkpt>
   <trkpt lat="40.0023400" lon="-105.6410680">
    <ele>3123.0</ele>
    <time>2026-09-13T10:52:56Z</time>
    
   </trkpt>
   <trkpt lat="40.0023500" lon="-105.6410700">
    <ele>3123.0</ele>
    <time>2026-09-13T10:52:57Z</time>
    
   </trkpt>
   <trkpt lat="40.0023600" lon="-105.6410760">
    <ele>3123.2</ele>
    <time>2026-09-13T10:52:59Z</time>
    
   </trkpt>
   <trkpt lat="40.0023650" lon="-105.6410950">
    <ele>3123.6</ele>
    <time>2026-09-13T10:53:01Z</time>
    
   </trkpt>
   <trkpt lat="40.0023740" lon="-105.6411050">
    <ele>3123.8</ele>
    <time>2026-09-13T10:53:02Z</time>
    
   </trkpt>
   <trkpt lat="40.0023830" lon="-105.6411220">
    <ele>3124.2</ele>
    <time>2026-09-13T10:53:04Z</time>
    
   </trkpt>
   <trkpt lat="40.0023880" lon="-105.6411290">
    <ele>3124.2</ele>
    <time>2026-09-13T10:53:05Z</time>
    
   </trkpt>
   <trkpt lat="40.0023920" lon="-105.6411450">
    <ele>3123.6</ele>
    <time>2026-09-13T10:53:09Z</time>
    
   </trkpt>
   <trkpt lat="40.0023990" lon="-105.6411980">
    <ele>3125.0</ele>
    <time>2026-09-13T10:53:13Z</time>
    
   </trkpt>
   <trkpt lat="40.0024010" lon="-105.6412100">
    <ele>3125.6</ele>
    <time>2026-09-13T10:53:14Z</time>
    
   </trkpt>
   <trkpt lat="40.0024090" lon="-105.6412520">
    <ele>3126.2</ele>
    <time>2026-09-13T10:53:17Z</time>
    
   </trkpt>
   <trkpt lat="40.0024340" lon="-105.6413230">
    <ele>3126.6</ele>
    <time>2026-09-13T10:53:22Z</time>
    
   </trkpt>
   <trkpt lat="40.0024610" lon="-105.6413730">
    <ele>3127.0</ele>
    <time>2026-09-13T10:53:26Z</time>
    
   </trkpt>
   <trkpt lat="40.0024870" lon="-105.6413970">
    <ele>3127.6</ele>
    <time>2026-09-13T10:53:30Z</time>
    
   </trkpt>
   <trkpt lat="40.0024920" lon="-105.6414010">
    <ele>3127.6</ele>
    <time>2026-09-13T10:53:31Z</time>
    
   </trkpt>
   <trkpt lat="40.0024970" lon="-105.6414060">
    <ele>3127.8</ele>
    <time>2026-09-13T10:53:32Z</time>
    
   </trkpt>
   <trkpt lat="40.0025070" lon="-105.6414160">
    <ele>3128.4</ele>
    <time>2026-09-13T10:53:34Z</time>
    
   </trkpt>
   <trkpt lat="40.0025110" lon="-105.6414320">
    <ele>3128.8</ele>
    <time>2026-09-13T10:53:35Z</time>
    
   </trkpt>
   <trkpt lat="40.0025130" lon="-105.6414520">
    <ele>3129.2</ele>
    <time>2026-09-13T10:53:37Z</time>
    
   </trkpt>
   <trkpt lat="40.0025160" lon="-105.6414630">
    <ele>3129.2</ele>
    <time>2026-09-13T10:53:38Z</time>
    
   </trkpt>
   <trkpt lat="40.0025200" lon="-105.6414840">
    <ele>3129.4</ele>
    <time>2026-09-13T10:53:40Z</time>
    
   </trkpt>
   <trkpt lat="40.0025200" lon="-105.6415050">
    <ele>3129.4</ele>
    <time>2026-09-13T10:53:42Z</time>
    
   </trkpt>
   <trkpt lat="40.0025220" lon="-105.6415270">
    <ele>3129.4</ele>
    <time>2026-09-13T10:53:44Z</time>
    
   </trkpt>
   <trkpt lat="40.0025320" lon="-105.6415490">
    <ele>3129.2</ele>
    <time>2026-09-13T10:53:47Z</time>
    
   </trkpt>
   <trkpt lat="40.0025550" lon="-105.6415830">
    <ele>3129.8</ele>
    <time>2026-09-13T10:53:52Z</time>
    
   </trkpt>
   <trkpt lat="40.0025610" lon="-105.6415910">
    <ele>3130.0</ele>
    <time>2026-09-13T10:53:53Z</time>
    
   </trkpt>
   <trkpt lat="40.0025750" lon="-105.6416430">
    <ele>3129.8</ele>
    <time>2026-09-13T10:53:58Z</time>
    
   </trkpt>
   <trkpt lat="40.0025780" lon="-105.6416550">
    <ele>3129.6</ele>
    <time>2026-09-13T10:53:59Z</time>
    
   </trkpt>
   <trkpt lat="40.0025830" lon="-105.6416920">
    <ele>3129.4</ele>
    <time>2026-09-13T10:54:02Z</time>
    
   </trkpt>
   <trkpt lat="40.0025870" lon="-105.6417100">
    <ele>3129.2</ele>
    <time>2026-09-13T10:54:03Z</time>
    
   </trkpt>
   <trkpt lat="40.0026000" lon="-105.6417420">
    <ele>3129.2</ele>
    <time>2026-09-13T10:54:05Z</time>
    
   </trkpt>
   <trkpt lat="40.0026340" lon="-105.6417860">
    <ele>3129.2</ele>
    <time>2026-09-13T10:54:09Z</time>
    
   </trkpt>
   <trkpt lat="40.0026530" lon="-105.6418260">
    <ele>3129.4</ele>
    <time>2026-09-13T10:54:13Z</time>
    
   </trkpt>
   <trkpt lat="40.0026810" lon="-105.6418810">
    <ele>3130.4</ele>
    <time>2026-09-13T10:54:18Z</time>
    
   </trkpt>
   <trkpt lat="40.0027000" lon="-105.6419340">
    <ele>3130.6</ele>
    <time>2026-09-13T10:54:22Z</time>
    
   </trkpt>
   <trkpt lat="40.0027080" lon="-105.6420070">
    <ele>3130.0</ele>
    <time>2026-09-13T10:54:27Z</time>
    
   </trkpt>
   <trkpt lat="40.0027170" lon="-105.6420750">
    <ele>3129.4</ele>
    <time>2026-09-13T10:54:31Z</time>
    
   </trkpt>
   <trkpt lat="40.0027170" lon="-105.6421670">
    <ele>3129.4</ele>
    <time>2026-09-13T10:54:39Z</time>
    
   </trkpt>
   <trkpt lat="40.0027380" lon="-105.6422080">
    <ele>3129.4</ele>
    <time>2026-09-13T10:54:44Z</time>
    
   </trkpt>
   <trkpt lat="40.0027530" lon="-105.6422280">
    <ele>3129.6</ele>
    <time>2026-09-13T10:54:46Z</time>
    
   </trkpt>
   <trkpt lat="40.0027930" lon="-105.6422630">
    <ele>3130.0</ele>
    <time>2026-09-13T10:54:49Z</time>
    
   </trkpt>
   <trkpt lat="40.0028300" lon="-105.6422910">
    <ele>3131.0</ele>
    <time>2026-09-13T10:54:52Z</time>
    
   </trkpt>
   <trkpt lat="40.0028490" lon="-105.6423260">
    <ele>3132.0</ele>
    <time>2026-09-13T10:54:55Z</time>
    
   </trkpt>
   <trkpt lat="40.0028530" lon="-105.6423370">
    <ele>3132.2</ele>
    <time>2026-09-13T10:54:56Z</time>
    
   </trkpt>
   <trkpt lat="40.0028570" lon="-105.6423760">
    <ele>3132.4</ele>
    <time>2026-09-13T10:54:58Z</time>
    
   </trkpt>
   <trkpt lat="40.0028660" lon="-105.6424820">
    <ele>3132.4</ele>
    <time>2026-09-13T10:55:04Z</time>
    
   </trkpt>
   <trkpt lat="40.0028750" lon="-105.6425110">
    <ele>3132.4</ele>
    <time>2026-09-13T10:55:06Z</time>
    
   </trkpt>
   <trkpt lat="40.0028840" lon="-105.6425420">
    <ele>3132.4</ele>
    <time>2026-09-13T10:55:08Z</time>
    
   </trkpt>
   <trkpt lat="40.0028950" lon="-105.6425600">
    <ele>3132.4</ele>
    <time>2026-09-13T10:55:10Z</time>
    
   </trkpt>
   <trkpt lat="40.0029070" lon="-105.6426420">
    <ele>3133.0</ele>
    <time>2026-09-13T10:55:16Z</time>
    
   </trkpt>
   <trkpt lat="40.0029100" lon="-105.6426520">
    <ele>3133.2</ele>
    <time>2026-09-13T10:55:17Z</time>
    
   </trkpt>
   <trkpt lat="40.0029430" lon="-105.6427290">
    <ele>3133.4</ele>
    <time>2026-09-13T10:55:24Z</time>
    
   </trkpt>
   <trkpt lat="40.0029750" lon="-105.6428050">
    <ele>3133.6</ele>
    <time>2026-09-13T10:55:29Z</time>
    
   </trkpt>
   <trkpt lat="40.0030220" lon="-105.6430230">
    <ele>3133.6</ele>
    <time>2026-09-13T10:55:41Z</time>
    
   </trkpt>
   <trkpt lat="40.0030160" lon="-105.6430990">
    <ele>3133.6</ele>
    <time>2026-09-13T10:55:45Z</time>
    
   </trkpt>
   <trkpt lat="40.0030220" lon="-105.6431430">
    <ele>3134.0</ele>
    <time>2026-09-13T10:55:48Z</time>
    
   </trkpt>
   <trkpt lat="40.0030280" lon="-105.6431770">
    <ele>3134.2</ele>
    <time>2026-09-13T10:55:50Z</time>
    
   </trkpt>
   <trkpt lat="40.0030330" lon="-105.6432380">
    <ele>3134.6</ele>
    <time>2026-09-13T10:55:54Z</time>
    
   </trkpt>
   <trkpt lat="40.0030430" lon="-105.6432930">
    <ele>3135.2</ele>
    <time>2026-09-13T10:55:59Z</time>
    
   </trkpt>
   <trkpt lat="40.0030470" lon="-105.6433070">
    <ele>3135.6</ele>
    <time>2026-09-13T10:56:00Z</time>
    
   </trkpt>
   <trkpt lat="40.0030540" lon="-105.6433300">
    <ele>3136.4</ele>
    <time>2026-09-13T10:56:02Z</time>
    
   </trkpt>
   <trkpt lat="40.0030860" lon="-105.6434270">
    <ele>3137.2</ele>
    <time>2026-09-13T10:56:09Z</time>
    
   </trkpt>
   <trkpt lat="40.0031360" lon="-105.6434800">
    <ele>3137.6</ele>
    <time>2026-09-13T10:56:13Z</time>
    
   </trkpt>
   <trkpt lat="40.0031580" lon="-105.6434980">
    <ele>3137.6</ele>
    <time>2026-09-13T10:56:15Z</time>
    
   </trkpt>
   <trkpt lat="40.0031670" lon="-105.6435090">
    <ele>3137.6</ele>
    <time>2026-09-13T10:56:16Z</time>
    
   </trkpt>
   <trkpt lat="40.0032220" lon="-105.6435960">
    <ele>3137.2</ele>
    <time>2026-09-13T10:56:23Z</time>
    
   </trkpt>
   <trkpt lat="40.0032630" lon="-105.6436520">
    <ele>3137.6</ele>
    <time>2026-09-13T10:56:28Z</time>
    
   </trkpt>
   <trkpt lat="40.0032690" lon="-105.6436550">
    <ele>3137.6</ele>
    <time>2026-09-13T10:56:29Z</time>
    
   </trkpt>
   <trkpt lat="40.0032760" lon="-105.6436590">
    <ele>3138.2</ele>
    <time>2026-09-13T10:56:31Z</time>
    
   </trkpt>
   <trkpt lat="40.0032760" lon="-105.6436990">
    <ele>3138.6</ele>
    <time>2026-09-13T10:56:34Z</time>
    
   </trkpt>
   <trkpt lat="40.0032770" lon="-105.6437140">
    <ele>3138.6</ele>
    <time>2026-09-13T10:56:35Z</time>
    
   </trkpt>
   <trkpt lat="40.0032760" lon="-105.6437420">
    <ele>3139.0</ele>
    <time>2026-09-13T10:56:38Z</time>
    
   </trkpt>
   <trkpt lat="40.0032570" lon="-105.6437780">
    <ele>3139.0</ele>
    <time>2026-09-13T10:56:41Z</time>
    
   </trkpt>
   <trkpt lat="40.0032550" lon="-105.6437910">
    <ele>3138.8</ele>
    <time>2026-09-13T10:56:42Z</time>
    
   </trkpt>
   <trkpt lat="40.0032620" lon="-105.6438320">
    <ele>3138.2</ele>
    <time>2026-09-13T10:56:46Z</time>
    
   </trkpt>
   <trkpt lat="40.0032660" lon="-105.6438580">
    <ele>3138.6</ele>
    <time>2026-09-13T10:56:48Z</time>
    
   </trkpt>
   <trkpt lat="40.0032700" lon="-105.6438980">
    <ele>3140.0</ele>
    <time>2026-09-13T10:56:51Z</time>
    
   </trkpt>
   <trkpt lat="40.0032730" lon="-105.6439180">
    <ele>3140.4</ele>
    <time>2026-09-13T10:56:52Z</time>
    
   </trkpt>
   <trkpt lat="40.0032750" lon="-105.6439350">
    <ele>3140.6</ele>
    <time>2026-09-13T10:56:53Z</time>
    
   </trkpt>
   <trkpt lat="40.0032870" lon="-105.6439730">
    <ele>3141.2</ele>
    <time>2026-09-13T10:56:56Z</time>
    
   </trkpt>
   <trkpt lat="40.0032980" lon="-105.6440180">
    <ele>3141.8</ele>
    <time>2026-09-13T10:56:59Z</time>
    
   </trkpt>
   <trkpt lat="40.0033200" lon="-105.6440690">
    <ele>3142.0</ele>
    <time>2026-09-13T10:57:03Z</time>
    
   </trkpt>
   <trkpt lat="40.0033280" lon="-105.6440850">
    <ele>3142.0</ele>
    <time>2026-09-13T10:57:05Z</time>
    
   </trkpt>
   <trkpt lat="40.0033380" lon="-105.6441070">
    <ele>3142.0</ele>
    <time>2026-09-13T10:57:07Z</time>
    
   </trkpt>
   <trkpt lat="40.0033470" lon="-105.6441240">
    <ele>3142.0</ele>
    <time>2026-09-13T10:57:09Z</time>
    
   </trkpt>
   <trkpt lat="40.0033480" lon="-105.6441380">
    <ele>3142.2</ele>
    <time>2026-09-13T10:57:11Z</time>
    
   </trkpt>
   <trkpt lat="40.0033490" lon="-105.6441550">
    <ele>3143.2</ele>
    <time>2026-09-13T10:57:13Z</time>
    
   </trkpt>
   <trkpt lat="40.0033490" lon="-105.6441670">
    <ele>3143.4</ele>
    <time>2026-09-13T10:57:14Z</time>
    
   </trkpt>
   <trkpt lat="40.0033510" lon="-105.6441770">
    <ele>3143.8</ele>
    <time>2026-09-13T10:57:15Z</time>
    
   </trkpt>
   <trkpt lat="40.0033550" lon="-105.6441900">
    <ele>3144.0</ele>
    <time>2026-09-13T10:57:16Z</time>
    
   </trkpt>
   <trkpt lat="40.0033670" lon="-105.6442260">
    <ele>3144.0</ele>
    <time>2026-09-13T10:57:19Z</time>
    
   </trkpt>
   <trkpt lat="40.0033850" lon="-105.6442660">
    <ele>3143.8</ele>
    <time>2026-09-13T10:57:22Z</time>
    
   </trkpt>
   <trkpt lat="40.0033980" lon="-105.6443080">
    <ele>3144.4</ele>
    <time>2026-09-13T10:57:25Z</time>
    
   </trkpt>
   <trkpt lat="40.0034030" lon="-105.6443240">
    <ele>3144.6</ele>
    <time>2026-09-13T10:57:26Z</time>
    
   </trkpt>
   <trkpt lat="40.0034100" lon="-105.6443380">
    <ele>3144.8</ele>
    <time>2026-09-13T10:57:27Z</time>
    
   </trkpt>
   <trkpt lat="40.0034260" lon="-105.6443910">
    <ele>3144.8</ele>
    <time>2026-09-13T10:57:31Z</time>
    
   </trkpt>
   <trkpt lat="40.0034430" lon="-105.6444570">
    <ele>3145.6</ele>
    <time>2026-09-13T10:57:36Z</time>
    
   </trkpt>
   <trkpt lat="40.0034900" lon="-105.6445990">
    <ele>3146.2</ele>
    <time>2026-09-13T10:57:46Z</time>
    
   </trkpt>
   <trkpt lat="40.0035300" lon="-105.6447320">
    <ele>3146.4</ele>
    <time>2026-09-13T10:57:59Z</time>
    
   </trkpt>
   <trkpt lat="40.0035450" lon="-105.6447440">
    <ele>3147.0</ele>
    <time>2026-09-13T10:58:01Z</time>
    
   </trkpt>
   <trkpt lat="40.0035630" lon="-105.6447810">
    <ele>3148.0</ele>
    <time>2026-09-13T10:58:06Z</time>
    
   </trkpt>
   <trkpt lat="40.0035730" lon="-105.6448360">
    <ele>3148.0</ele>
    <time>2026-09-13T10:58:12Z</time>
    
   </trkpt>
   <trkpt lat="40.0035930" lon="-105.6448660">
    <ele>3149.2</ele>
    <time>2026-09-13T10:58:16Z</time>
    
   </trkpt>
   <trkpt lat="40.0036140" lon="-105.6448920">
    <ele>3149.8</ele>
    <time>2026-09-13T10:58:20Z</time>
    
   </trkpt>
   <trkpt lat="40.0036300" lon="-105.6449480">
    <ele>3150.2</ele>
    <time>2026-09-13T10:58:24Z</time>
    
   </trkpt>
   <trkpt lat="40.0036360" lon="-105.6449570">
    <ele>3150.4</ele>
    <time>2026-09-13T10:58:25Z</time>
    
   </trkpt>
   <trkpt lat="40.0036660" lon="-105.6450160">
    <ele>3151.2</ele>
    <time>2026-09-13T10:58:31Z</time>
    
   </trkpt>
   <trkpt lat="40.0036910" lon="-105.6450890">
    <ele>3152.0</ele>
    <time>2026-09-13T10:58:36Z</time>
    
   </trkpt>
   <trkpt lat="40.0037150" lon="-105.6451250">
    <ele>3152.4</ele>
    <time>2026-09-13T10:58:40Z</time>
    
   </trkpt>
   <trkpt lat="40.0037300" lon="-105.6451510">
    <ele>3153.2</ele>
    <time>2026-09-13T10:58:43Z</time>
    
   </trkpt>
   <trkpt lat="40.0037350" lon="-105.6451650">
    <ele>3153.4</ele>
    <time>2026-09-13T10:58:44Z</time>
    
   </trkpt>
   <trkpt lat="40.0037350" lon="-105.6451850">
    <ele>3153.6</ele>
    <time>2026-09-13T10:58:45Z</time>
    
   </trkpt>
   <trkpt lat="40.0037600" lon="-105.6452380">
    <ele>3154.4</ele>
    <time>2026-09-13T10:58:50Z</time>
    
   </trkpt>
   <trkpt lat="40.0037610" lon="-105.6452530">
    <ele>3154.6</ele>
    <time>2026-09-13T10:58:51Z</time>
    
   </trkpt>
   <trkpt lat="40.0037680" lon="-105.6453110">
    <ele>3155.2</ele>
    <time>2026-09-13T10:58:55Z</time>
    
   </trkpt>
   <trkpt lat="40.0037840" lon="-105.6453910">
    <ele>3155.2</ele>
    <time>2026-09-13T10:59:01Z</time>
    
   </trkpt>
   <trkpt lat="40.0037840" lon="-105.6454140">
    <ele>3155.8</ele>
    <time>2026-09-13T10:59:03Z</time>
    
   </trkpt>
   <trkpt lat="40.0037890" lon="-105.6455010">
    <ele>3156.8</ele>
    <time>2026-09-13T10:59:08Z</time>
    
   </trkpt>
   <trkpt lat="40.0037870" lon="-105.6455310">
    <ele>3157.4</ele>
    <time>2026-09-13T10:59:11Z</time>
    
   </trkpt>
   <trkpt lat="40.0037950" lon="-105.6455660">
    <ele>3158.0</ele>
    <time>2026-09-13T10:59:16Z</time>
    
   </trkpt>
   <trkpt lat="40.0038080" lon="-105.6455830">
    <ele>3158.2</ele>
    <time>2026-09-13T10:59:19Z</time>
    
   </trkpt>
   <trkpt lat="40.0038350" lon="-105.6456210">
    <ele>3157.8</ele>
    <time>2026-09-13T10:59:24Z</time>
    
   </trkpt>
   <trkpt lat="40.0038730" lon="-105.6457370">
    <ele>3157.6</ele>
    <time>2026-09-13T10:59:37Z</time>
    
   </trkpt>
   <trkpt lat="40.0038690" lon="-105.6457760">
    <ele>3157.8</ele>
    <time>2026-09-13T10:59:40Z</time>
    
   </trkpt>
   <trkpt lat="40.0038720" lon="-105.6457990">
    <ele>3158.0</ele>
    <time>2026-09-13T10:59:42Z</time>
    
   </trkpt>
   <trkpt lat="40.0039080" lon="-105.6458280">
    <ele>3158.6</ele>
    <time>2026-09-13T10:59:48Z</time>
    
   </trkpt>
   <trkpt lat="40.0039160" lon="-105.6458330">
    <ele>3159.0</ele>
    <time>2026-09-13T10:59:49Z</time>
    
   </trkpt>
   <trkpt lat="40.0039350" lon="-105.6458700">
    <ele>3159.2</ele>
    <time>2026-09-13T10:59:52Z</time>
    
   </trkpt>
   <trkpt lat="40.0039400" lon="-105.6459020">
    <ele>3159.0</ele>
    <time>2026-09-13T10:59:54Z</time>
    
   </trkpt>
   <trkpt lat="40.0039550" lon="-105.6459620">
    <ele>3159.0</ele>
    <time>2026-09-13T10:59:58Z</time>
    
   </trkpt>
   <trkpt lat="40.0039760" lon="-105.6460270">
    <ele>3160.0</ele>
    <time>2026-09-13T11:00:03Z</time>
    
   </trkpt>
   <trkpt lat="40.0039970" lon="-105.6460900">
    <ele>3161.2</ele>
    <time>2026-09-13T11:00:07Z</time>
    
   </trkpt>
   <trkpt lat="40.0040120" lon="-105.6461340">
    <ele>3161.8</ele>
    <time>2026-09-13T11:00:10Z</time>
    
   </trkpt>
   <trkpt lat="40.0040290" lon="-105.6461780">
    <ele>3162.4</ele>
    <time>2026-09-13T11:00:13Z</time>
    
   </trkpt>
   <trkpt lat="40.0041120" lon="-105.6462920">
    <ele>3162.4</ele>
    <time>2026-09-13T11:00:24Z</time>
    
   </trkpt>
   <trkpt lat="40.0041670" lon="-105.6463500">
    <ele>3163.4</ele>
    <time>2026-09-13T11:00:30Z</time>
    
   </trkpt>
   <trkpt lat="40.0041910" lon="-105.6463760">
    <ele>3164.2</ele>
    <time>2026-09-13T11:00:34Z</time>
    
   </trkpt>
   <trkpt lat="40.0041980" lon="-105.6463830">
    <ele>3164.4</ele>
    <time>2026-09-13T11:00:36Z</time>
    
   </trkpt>
   <trkpt lat="40.0042000" lon="-105.6463810">
    <ele>3164.4</ele>
    <time>2026-09-13T11:00:38Z</time>
    
   </trkpt>
   <trkpt lat="40.0041960" lon="-105.6463460">
    <ele>3164.4</ele>
    <time>2026-09-13T11:00:42Z</time>
    
   </trkpt>
   <trkpt lat="40.0041900" lon="-105.6463270">
    <ele>3164.6</ele>
    <time>2026-09-13T11:00:44Z</time>
    
   </trkpt>
   <trkpt lat="40.0041870" lon="-105.6462910">
    <ele>3165.2</ele>
    <time>2026-09-13T11:00:47Z</time>
    
   </trkpt>
   <trkpt lat="40.0041850" lon="-105.6462810">
    <ele>3165.4</ele>
    <time>2026-09-13T11:00:48Z</time>
    
   </trkpt>
   <trkpt lat="40.0041730" lon="-105.6462290">
    <ele>3166.2</ele>
    <time>2026-09-13T11:00:53Z</time>
    
   </trkpt>
   <trkpt lat="40.0041710" lon="-105.6462170">
    <ele>3166.2</ele>
    <time>2026-09-13T11:00:54Z</time>
    
   </trkpt>
   <trkpt lat="40.0041670" lon="-105.6461900">
    <ele>3166.4</ele>
    <time>2026-09-13T11:00:56Z</time>
    
   </trkpt>
   <trkpt lat="40.0041480" lon="-105.6461320">
    <ele>3167.6</ele>
    <time>2026-09-13T11:01:02Z</time>
    
   </trkpt>
   <trkpt lat="40.0041480" lon="-105.6460790">
    <ele>3168.8</ele>
    <time>2026-09-13T11:01:08Z</time>
    
   </trkpt>
   <trkpt lat="40.0041530" lon="-105.6460580">
    <ele>3169.4</ele>
    <time>2026-09-13T11:01:11Z</time>
    
   </trkpt>
   <trkpt lat="40.0041890" lon="-105.6459760">
    <ele>3169.8</ele>
    <time>2026-09-13T11:01:20Z</time>
    
   </trkpt>
   <trkpt lat="40.0041910" lon="-105.6459690">
    <ele>3170.2</ele>
    <time>2026-09-13T11:01:21Z</time>
    
   </trkpt>
   <trkpt lat="40.0042270" lon="-105.6459650">
    <ele>3171.2</ele>
    <time>2026-09-13T11:01:25Z</time>
    
   </trkpt>
   <trkpt lat="40.0042540" lon="-105.6459750">
    <ele>3170.8</ele>
    <time>2026-09-13T11:01:29Z</time>
    
   </trkpt>
   <trkpt lat="40.0042600" lon="-105.6459780">
    <ele>3170.8</ele>
    <time>2026-09-13T11:01:30Z</time>
    
   </trkpt>
   <trkpt lat="40.0042760" lon="-105.6460010">
    <ele>3171.4</ele>
    <time>2026-09-13T11:01:33Z</time>
    
   </trkpt>
   <trkpt lat="40.0042860" lon="-105.6460360">
    <ele>3172.4</ele>
    <time>2026-09-13T11:01:37Z</time>
    
   </trkpt>
   <trkpt lat="40.0042910" lon="-105.6460450">
    <ele>3172.6</ele>
    <time>2026-09-13T11:01:38Z</time>
    
   </trkpt>
   <trkpt lat="40.0042970" lon="-105.6460590">
    <ele>3173.4</ele>
    <time>2026-09-13T11:01:40Z</time>
    
   </trkpt>
   <trkpt lat="40.0043260" lon="-105.6461020">
    <ele>3174.6</ele>
    <time>2026-09-13T11:01:45Z</time>
    
   </trkpt>
   <trkpt lat="40.0043400" lon="-105.6461320">
    <ele>3175.0</ele>
    <time>2026-09-13T11:01:48Z</time>
    
   </trkpt>
   <trkpt lat="40.0043560" lon="-105.6461560">
    <ele>3175.6</ele>
    <time>2026-09-13T11:01:51Z</time>
    
   </trkpt>
   <trkpt lat="40.0043740" lon="-105.6461850">
    <ele>3176.8</ele>
    <time>2026-09-13T11:01:55Z</time>
    
   </trkpt>
   <trkpt lat="40.0043920" lon="-105.6462080">
    <ele>3177.6</ele>
    <time>2026-09-13T11:01:58Z</time>
    
   </trkpt>
   <trkpt lat="40.0043990" lon="-105.6462170">
    <ele>3177.8</ele>
    <time>2026-09-13T11:01:59Z</time>
    
   </trkpt>
   <trkpt lat="40.0044140" lon="-105.6462580">
    <ele>3178.8</ele>
    <time>2026-09-13T11:02:03Z</time>
    
   </trkpt>
   <trkpt lat="40.0044260" lon="-105.6463110">
    <ele>3180.0</ele>
    <time>2026-09-13T11:02:08Z</time>
    
   </trkpt>
   <trkpt lat="40.0044660" lon="-105.6463990">
    <ele>3180.4</ele>
    <time>2026-09-13T11:02:17Z</time>
    
   </trkpt>
   <trkpt lat="40.0044730" lon="-105.6464080">
    <ele>3181.2</ele>
    <time>2026-09-13T11:02:19Z</time>
    
   </trkpt>
   <trkpt lat="40.0044720" lon="-105.6464090">
    <ele>3182.0</ele>
    <time>2026-09-13T11:02:25Z</time>
    
   </trkpt>
   <trkpt lat="40.0044710" lon="-105.6464070">
    <ele>3182.2</ele>
    <time>2026-09-13T11:02:27Z</time>
    
   </trkpt>
   <trkpt lat="40.0044680" lon="-105.6464080">
    <ele>3182.8</ele>
    <time>2026-09-13T11:02:32Z</time>
    
   </trkpt>
   <trkpt lat="40.0044630" lon="-105.6464080">
    <ele>3182.4</ele>
    <time>2026-09-13T11:02:43Z</time>
    
   </trkpt>
   <trkpt lat="40.0044620" lon="-105.6464080">
    <ele>3182.4</ele>
    <time>2026-09-13T11:02:45Z</time>
    
   </trkpt>
   <trkpt lat="40.0044590" lon="-105.6464090">
    <ele>3181.6</ele>
    <time>2026-09-13T11:02:56Z</time>
    
   </trkpt>
   <trkpt lat="40.0044570" lon="-105.6464070">
    <ele>3181.8</ele>
    <time>2026-09-13T11:02:59Z</time>
    
   </trkpt>
   <trkpt lat="40.0044510" lon="-105.6464100">
    <ele>3182.0</ele>
    <time>2026-09-13T11:03:06Z</time>
    
   </trkpt>
   <trkpt lat="40.0044600" lon="-105.6464410">
    <ele>3182.2</ele>
    <time>2026-09-13T11:03:11Z</time>
    
   </trkpt>
   <trkpt lat="40.0044640" lon="-105.6464520">
    <ele>3182.2</ele>
    <time>2026-09-13T11:03:12Z</time>
    
   </trkpt>
   <trkpt lat="40.0044870" lon="-105.6464980">
    <ele>3182.8</ele>
    <time>2026-09-13T11:03:17Z</time>
    
   </trkpt>
   <trkpt lat="40.0044990" lon="-105.6465170">
    <ele>3183.4</ele>
    <time>2026-09-13T11:03:19Z</time>
    
   </trkpt>
   <trkpt lat="40.0045190" lon="-105.6465530">
    <ele>3183.4</ele>
    <time>2026-09-13T11:03:23Z</time>
    
   </trkpt>
   <trkpt lat="40.0045460" lon="-105.6465810">
    <ele>3183.6</ele>
    <time>2026-09-13T11:03:26Z</time>
    
   </trkpt>
   <trkpt lat="40.0045600" lon="-105.6466140">
    <ele>3184.4</ele>
    <time>2026-09-13T11:03:29Z</time>
    
   </trkpt>
   <trkpt lat="40.0045640" lon="-105.6466250">
    <ele>3184.8</ele>
    <time>2026-09-13T11:03:30Z</time>
    
   </trkpt>
   <trkpt lat="40.0045790" lon="-105.6466530">
    <ele>3185.4</ele>
    <time>2026-09-13T11:03:33Z</time>
    
   </trkpt>
   <trkpt lat="40.0045860" lon="-105.6466670">
    <ele>3185.6</ele>
    <time>2026-09-13T11:03:34Z</time>
    
   </trkpt>
   <trkpt lat="40.0045910" lon="-105.6466760">
    <ele>3185.8</ele>
    <time>2026-09-13T11:03:35Z</time>
    
   </trkpt>
   <trkpt lat="40.0046040" lon="-105.6467070">
    <ele>3186.6</ele>
    <time>2026-09-13T11:03:38Z</time>
    
   </trkpt>
   <trkpt lat="40.0046090" lon="-105.6467160">
    <ele>3186.8</ele>
    <time>2026-09-13T11:03:39Z</time>
    
   </trkpt>
   <trkpt lat="40.0046190" lon="-105.6467510">
    <ele>3187.6</ele>
    <time>2026-09-13T11:03:43Z</time>
    
   </trkpt>
   <trkpt lat="40.0046230" lon="-105.6467660">
    <ele>3187.8</ele>
    <time>2026-09-13T11:03:45Z</time>
    
   </trkpt>
   <trkpt lat="40.0046310" lon="-105.6467840">
    <ele>3188.0</ele>
    <time>2026-09-13T11:03:47Z</time>
    
   </trkpt>
   <trkpt lat="40.0046440" lon="-105.6467990">
    <ele>3187.8</ele>
    <time>2026-09-13T11:03:49Z</time>
    
   </trkpt>
   <trkpt lat="40.0046640" lon="-105.6468260">
    <ele>3188.4</ele>
    <time>2026-09-13T11:03:52Z</time>
    
   </trkpt>
   <trkpt lat="40.0046830" lon="-105.6468660">
    <ele>3189.0</ele>
    <time>2026-09-13T11:03:55Z</time>
    
   </trkpt>
   <trkpt lat="40.0047070" lon="-105.6469030">
    <ele>3189.2</ele>
    <time>2026-09-13T11:03:59Z</time>
    
   </trkpt>
   <trkpt lat="40.0047090" lon="-105.6469050">
    <ele>3189.2</ele>
    <time>2026-09-13T11:04:00Z</time>
    
   </trkpt>
   <trkpt lat="40.0047170" lon="-105.6469190">
    <ele>3189.4</ele>
    <time>2026-09-13T11:04:03Z</time>
    
   </trkpt>
   <trkpt lat="40.0047230" lon="-105.6469320">
    <ele>3189.4</ele>
    <time>2026-09-13T11:04:05Z</time>
    
   </trkpt>
   <trkpt lat="40.0047250" lon="-105.6469670">
    <ele>3189.4</ele>
    <time>2026-09-13T11:04:08Z</time>
    
   </trkpt>
   <trkpt lat="40.0047660" lon="-105.6470220">
    <ele>3189.6</ele>
    <time>2026-09-13T11:04:16Z</time>
    
   </trkpt>
   <trkpt lat="40.0047740" lon="-105.6470420">
    <ele>3189.6</ele>
    <time>2026-09-13T11:04:18Z</time>
    
   </trkpt>
   <trkpt lat="40.0047790" lon="-105.6470890">
    <ele>3189.6</ele>
    <time>2026-09-13T11:04:22Z</time>
    
   </trkpt>
   <trkpt lat="40.0047850" lon="-105.6471060">
    <ele>3190.0</ele>
    <time>2026-09-13T11:04:24Z</time>
    
   </trkpt>
   <trkpt lat="40.0047850" lon="-105.6471170">
    <ele>3190.0</ele>
    <time>2026-09-13T11:04:25Z</time>
    
   </trkpt>
   <trkpt lat="40.0048140" lon="-105.6471780">
    <ele>3190.0</ele>
    <time>2026-09-13T11:04:32Z</time>
    
   </trkpt>
   <trkpt lat="40.0048330" lon="-105.6471880">
    <ele>3190.2</ele>
    <time>2026-09-13T11:04:34Z</time>
    
   </trkpt>
   <trkpt lat="40.0048500" lon="-105.6472230">
    <ele>3190.8</ele>
    <time>2026-09-13T11:04:38Z</time>
    
   </trkpt>
   <trkpt lat="40.0048600" lon="-105.6472620">
    <ele>3191.0</ele>
    <time>2026-09-13T11:04:41Z</time>
    
   </trkpt>
   <trkpt lat="40.0048790" lon="-105.6472970">
    <ele>3191.0</ele>
    <time>2026-09-13T11:04:44Z</time>
    
   </trkpt>
   <trkpt lat="40.0049170" lon="-105.6473610">
    <ele>3192.0</ele>
    <time>2026-09-13T11:04:50Z</time>
    
   </trkpt>
   <trkpt lat="40.0049240" lon="-105.6473700">
    <ele>3192.2</ele>
    <time>2026-09-13T11:04:51Z</time>
    
   </trkpt>
   <trkpt lat="40.0049520" lon="-105.6474400">
    <ele>3193.2</ele>
    <time>2026-09-13T11:04:56Z</time>
    
   </trkpt>
   <trkpt lat="40.0049570" lon="-105.6474880">
    <ele>3194.4</ele>
    <time>2026-09-13T11:04:59Z</time>
    
   </trkpt>
   <trkpt lat="40.0049630" lon="-105.6475350">
    <ele>3195.0</ele>
    <time>2026-09-13T11:05:02Z</time>
    
   </trkpt>
   <trkpt lat="40.0049720" lon="-105.6475590">
    <ele>3195.0</ele>
    <time>2026-09-13T11:05:04Z</time>
    
   </trkpt>
   <trkpt lat="40.0049840" lon="-105.6475770">
    <ele>3195.0</ele>
    <time>2026-09-13T11:05:06Z</time>
    
   </trkpt>
   <trkpt lat="40.0050100" lon="-105.6476160">
    <ele>3195.0</ele>
    <time>2026-09-13T11:05:11Z</time>
    
   </trkpt>
   <trkpt lat="40.0050250" lon="-105.6476390">
    <ele>3195.4</ele>
    <time>2026-09-13T11:05:14Z</time>
    
   </trkpt>
   <trkpt lat="40.0050520" lon="-105.6476720">
    <ele>3196.0</ele>
    <time>2026-09-13T11:05:18Z</time>
    
   </trkpt>
   <trkpt lat="40.0050710" lon="-105.6476940">
    <ele>3196.4</ele>
    <time>2026-09-13T11:05:21Z</time>
    
   </trkpt>
   <trkpt lat="40.0051040" lon="-105.6477280">
    <ele>3196.8</ele>
    <time>2026-09-13T11:05:26Z</time>
    
   </trkpt>
   <trkpt lat="40.0051180" lon="-105.6477740">
    <ele>3197.8</ele>
    <time>2026-09-13T11:05:30Z</time>
    
   </trkpt>
   <trkpt lat="40.0051270" lon="-105.6478160">
    <ele>3199.0</ele>
    <time>2026-09-13T11:05:33Z</time>
    
   </trkpt>
   <trkpt lat="40.0051300" lon="-105.6478300">
    <ele>3199.2</ele>
    <time>2026-09-13T11:05:34Z</time>
    
   </trkpt>
   <trkpt lat="40.0051410" lon="-105.6478630">
    <ele>3199.4</ele>
    <time>2026-09-13T11:05:37Z</time>
    
   </trkpt>
   <trkpt lat="40.0051570" lon="-105.6479230">
    <ele>3200.0</ele>
    <time>2026-09-13T11:05:42Z</time>
    
   </trkpt>
   <trkpt lat="40.0051610" lon="-105.6479360">
    <ele>3200.0</ele>
    <time>2026-09-13T11:05:43Z</time>
    
   </trkpt>
   <trkpt lat="40.0051810" lon="-105.6479790">
    <ele>3200.2</ele>
    <time>2026-09-13T11:05:47Z</time>
    
   </trkpt>
   <trkpt lat="40.0051930" lon="-105.6479890">
    <ele>3200.2</ele>
    <time>2026-09-13T11:05:49Z</time>
    
   </trkpt>
   <trkpt lat="40.0052010" lon="-105.6480260">
    <ele>3201.4</ele>
    <time>2026-09-13T11:05:53Z</time>
    
   </trkpt>
   <trkpt lat="40.0052200" lon="-105.6480690">
    <ele>3202.4</ele>
    <time>2026-09-13T11:05:57Z</time>
    
   </trkpt>
   <trkpt lat="40.0052660" lon="-105.6481220">
    <ele>3203.0</ele>
    <time>2026-09-13T11:06:04Z</time>
    
   </trkpt>
   <trkpt lat="40.0052720" lon="-105.6481250">
    <ele>3203.0</ele>
    <time>2026-09-13T11:06:05Z</time>
    
   </trkpt>
   <trkpt lat="40.0052820" lon="-105.6481410">
    <ele>3203.6</ele>
    <time>2026-09-13T11:06:07Z</time>
    
   </trkpt>
   <trkpt lat="40.0053070" lon="-105.6481870">
    <ele>3204.2</ele>
    <time>2026-09-13T11:06:11Z</time>
    
   </trkpt>
   <trkpt lat="40.0053250" lon="-105.6482390">
    <ele>3204.4</ele>
    <time>2026-09-13T11:06:16Z</time>
    
   </trkpt>
   <trkpt lat="40.0053290" lon="-105.6482460">
    <ele>3204.6</ele>
    <time>2026-09-13T11:06:17Z</time>
    
   </trkpt>
   <trkpt lat="40.0053500" lon="-105.6482710">
    <ele>3206.0</ele>
    <time>2026-09-13T11:06:20Z</time>
    
   </trkpt>
   <trkpt lat="40.0053680" lon="-105.6482960">
    <ele>3207.4</ele>
    <time>2026-09-13T11:06:23Z</time>
    
   </trkpt>
   <trkpt lat="40.0053750" lon="-105.6483150">
    <ele>3208.4</ele>
    <time>2026-09-13T11:06:25Z</time>
    
   </trkpt>
   <trkpt lat="40.0053760" lon="-105.6483260">
    <ele>3208.8</ele>
    <time>2026-09-13T11:06:26Z</time>
    
   </trkpt>
   <trkpt lat="40.0053830" lon="-105.6483540">
    <ele>3208.6</ele>
    <time>2026-09-13T11:06:28Z</time>
    
   </trkpt>
   <trkpt lat="40.0054070" lon="-105.6484040">
    <ele>3208.4</ele>
    <time>2026-09-13T11:06:32Z</time>
    
   </trkpt>
   <trkpt lat="40.0054140" lon="-105.6484150">
    <ele>3208.4</ele>
    <time>2026-09-13T11:06:33Z</time>
    
   </trkpt>
   <trkpt lat="40.0054200" lon="-105.6484410">
    <ele>3208.6</ele>
    <time>2026-09-13T11:06:35Z</time>
    
   </trkpt>
   <trkpt lat="40.0054320" lon="-105.6484860">
    <ele>3209.4</ele>
    <time>2026-09-13T11:06:38Z</time>
    
   </trkpt>
   <trkpt lat="40.0054400" lon="-105.6485150">
    <ele>3209.8</ele>
    <time>2026-09-13T11:06:40Z</time>
    
   </trkpt>
   <trkpt lat="40.0054600" lon="-105.6485600">
    <ele>3210.0</ele>
    <time>2026-09-13T11:06:43Z</time>
    
   </trkpt>
   <trkpt lat="40.0054870" lon="-105.6486150">
    <ele>3211.2</ele>
    <time>2026-09-13T11:06:47Z</time>
    
   </trkpt>
   <trkpt lat="40.0055070" lon="-105.6486700">
    <ele>3212.2</ele>
    <time>2026-09-13T11:06:51Z</time>
    
   </trkpt>
   <trkpt lat="40.0055490" lon="-105.6487490">
    <ele>3213.0</ele>
    <time>2026-09-13T11:06:57Z</time>
    
   </trkpt>
   <trkpt lat="40.0055570" lon="-105.6487610">
    <ele>3213.4</ele>
    <time>2026-09-13T11:06:58Z</time>
    
   </trkpt>
   <trkpt lat="40.0055860" lon="-105.6487970">
    <ele>3214.4</ele>
    <time>2026-09-13T11:07:02Z</time>
    
   </trkpt>
   <trkpt lat="40.0056070" lon="-105.6488400">
    <ele>3214.4</ele>
    <time>2026-09-13T11:07:06Z</time>
    
   </trkpt>
   <trkpt lat="40.0056400" lon="-105.6489160">
    <ele>3214.4</ele>
    <time>2026-09-13T11:07:12Z</time>
    
   </trkpt>
   <trkpt lat="40.0056660" lon="-105.6489510">
    <ele>3214.8</ele>
    <time>2026-09-13T11:07:15Z</time>
    
   </trkpt>
   <trkpt lat="40.0056800" lon="-105.6489750">
    <ele>3215.0</ele>
    <time>2026-09-13T11:07:17Z</time>
    
   </trkpt>
   <trkpt lat="40.0057060" lon="-105.6490290">
    <ele>3215.6</ele>
    <time>2026-09-13T11:07:22Z</time>
    
   </trkpt>
   <trkpt lat="40.0057180" lon="-105.6490650">
    <ele>3216.0</ele>
    <time>2026-09-13T11:07:25Z</time>
    
   </trkpt>
   <trkpt lat="40.0057410" lon="-105.6491000">
    <ele>3216.6</ele>
    <time>2026-09-13T11:07:29Z</time>
    
   </trkpt>
   <trkpt lat="40.0057500" lon="-105.6491480">
    <ele>3217.0</ele>
    <time>2026-09-13T11:07:33Z</time>
    
   </trkpt>
   <trkpt lat="40.0057740" lon="-105.6492130">
    <ele>3217.2</ele>
    <time>2026-09-13T11:07:38Z</time>
    
   </trkpt>
   <trkpt lat="40.0057920" lon="-105.6492530">
    <ele>3217.8</ele>
    <time>2026-09-13T11:07:41Z</time>
    
   </trkpt>
   <trkpt lat="40.0058210" lon="-105.6493280">
    <ele>3218.8</ele>
    <time>2026-09-13T11:07:47Z</time>
    
   </trkpt>
   <trkpt lat="40.0058520" lon="-105.6494520">
    <ele>3219.6</ele>
    <time>2026-09-13T11:07:55Z</time>
    
   </trkpt>
   <trkpt lat="40.0058620" lon="-105.6494840">
    <ele>3220.0</ele>
    <time>2026-09-13T11:07:57Z</time>
    
   </trkpt>
   <trkpt lat="40.0058790" lon="-105.6495260">
    <ele>3220.8</ele>
    <time>2026-09-13T11:08:01Z</time>
    
   </trkpt>
   <trkpt lat="40.0058830" lon="-105.6495360">
    <ele>3221.0</ele>
    <time>2026-09-13T11:08:02Z</time>
    
   </trkpt>
   <trkpt lat="40.0058910" lon="-105.6495570">
    <ele>3221.2</ele>
    <time>2026-09-13T11:08:04Z</time>
    
   </trkpt>
   <trkpt lat="40.0058950" lon="-105.6495690">
    <ele>3221.4</ele>
    <time>2026-09-13T11:08:05Z</time>
    
   </trkpt>
   <trkpt lat="40.0059040" lon="-105.6495950">
    <ele>3222.2</ele>
    <time>2026-09-13T11:08:07Z</time>
    
   </trkpt>
   <trkpt lat="40.0059110" lon="-105.6496150">
    <ele>3222.6</ele>
    <time>2026-09-13T11:08:09Z</time>
    
   </trkpt>
   <trkpt lat="40.0059230" lon="-105.6496340">
    <ele>3223.0</ele>
    <time>2026-09-13T11:08:11Z</time>
    
   </trkpt>
   <trkpt lat="40.0059260" lon="-105.6496440">
    <ele>3223.4</ele>
    <time>2026-09-13T11:08:12Z</time>
    
   </trkpt>
   <trkpt lat="40.0059300" lon="-105.6496480">
    <ele>3223.8</ele>
    <time>2026-09-13T11:08:13Z</time>
    
   </trkpt>
   <trkpt lat="40.0059410" lon="-105.6496840">
    <ele>3224.4</ele>
    <time>2026-09-13T11:08:16Z</time>
    
   </trkpt>
   <trkpt lat="40.0059450" lon="-105.6496970">
    <ele>3224.8</ele>
    <time>2026-09-13T11:08:17Z</time>
    
   </trkpt>
   <trkpt lat="40.0059700" lon="-105.6497860">
    <ele>3225.0</ele>
    <time>2026-09-13T11:08:23Z</time>
    
   </trkpt>
   <trkpt lat="40.0059840" lon="-105.6498210">
    <ele>3225.8</ele>
    <time>2026-09-13T11:08:26Z</time>
    
   </trkpt>
   <trkpt lat="40.0060050" lon="-105.6498710">
    <ele>3226.6</ele>
    <time>2026-09-13T11:08:30Z</time>
    
   </trkpt>
   <trkpt lat="40.0060060" lon="-105.6498830">
    <ele>3226.6</ele>
    <time>2026-09-13T11:08:31Z</time>
    
   </trkpt>
   <trkpt lat="40.0060090" lon="-105.6498930">
    <ele>3227.0</ele>
    <time>2026-09-13T11:08:32Z</time>
    
   </trkpt>
   <trkpt lat="40.0060220" lon="-105.6499310">
    <ele>3227.8</ele>
    <time>2026-09-13T11:08:35Z</time>
    
   </trkpt>
   <trkpt lat="40.0060250" lon="-105.6499410">
    <ele>3228.0</ele>
    <time>2026-09-13T11:08:36Z</time>
    
   </trkpt>
   <trkpt lat="40.0060350" lon="-105.6499560">
    <ele>3228.0</ele>
    <time>2026-09-13T11:08:38Z</time>
    
   </trkpt>
   <trkpt lat="40.0060450" lon="-105.6499790">
    <ele>3228.0</ele>
    <time>2026-09-13T11:08:40Z</time>
    
   </trkpt>
   <trkpt lat="40.0060610" lon="-105.6500230">
    <ele>3229.2</ele>
    <time>2026-09-13T11:08:44Z</time>
    
   </trkpt>
   <trkpt lat="40.0060730" lon="-105.6500620">
    <ele>3230.0</ele>
    <time>2026-09-13T11:08:47Z</time>
    
   </trkpt>
   <trkpt lat="40.0060820" lon="-105.6501050">
    <ele>3230.4</ele>
    <time>2026-09-13T11:08:51Z</time>
    
   </trkpt>
   <trkpt lat="40.0060960" lon="-105.6501410">
    <ele>3231.4</ele>
    <time>2026-09-13T11:08:54Z</time>
    
   </trkpt>
   <trkpt lat="40.0061170" lon="-105.6501890">
    <ele>3232.4</ele>
    <time>2026-09-13T11:08:58Z</time>
    
   </trkpt>
   <trkpt lat="40.0061290" lon="-105.6502200">
    <ele>3232.6</ele>
    <time>2026-09-13T11:09:01Z</time>
    
   </trkpt>
   <trkpt lat="40.0061320" lon="-105.6502320">
    <ele>3232.8</ele>
    <time>2026-09-13T11:09:02Z</time>
    
   </trkpt>
   <trkpt lat="40.0061610" lon="-105.6503010">
    <ele>3233.4</ele>
    <time>2026-09-13T11:09:08Z</time>
    
   </trkpt>
   <trkpt lat="40.0061630" lon="-105.6503120">
    <ele>3233.8</ele>
    <time>2026-09-13T11:09:09Z</time>
    
   </trkpt>
   <trkpt lat="40.0061650" lon="-105.6503360">
    <ele>3234.0</ele>
    <time>2026-09-13T11:09:11Z</time>
    
   </trkpt>
   <trkpt lat="40.0061680" lon="-105.6503760">
    <ele>3234.6</ele>
    <time>2026-09-13T11:09:14Z</time>
    
   </trkpt>
   <trkpt lat="40.0061790" lon="-105.6504380">
    <ele>3234.8</ele>
    <time>2026-09-13T11:09:18Z</time>
    
   </trkpt>
   <trkpt lat="40.0062070" lon="-105.6505160">
    <ele>3235.8</ele>
    <time>2026-09-13T11:09:24Z</time>
    
   </trkpt>
   <trkpt lat="40.0062140" lon="-105.6505410">
    <ele>3236.6</ele>
    <time>2026-09-13T11:09:26Z</time>
    
   </trkpt>
   <trkpt lat="40.0062190" lon="-105.6505530">
    <ele>3236.8</ele>
    <time>2026-09-13T11:09:27Z</time>
    
   </trkpt>
   <trkpt lat="40.0062220" lon="-105.6505640">
    <ele>3237.2</ele>
    <time>2026-09-13T11:09:28Z</time>
    
   </trkpt>
   <trkpt lat="40.0062390" lon="-105.6505950">
    <ele>3238.0</ele>
    <time>2026-09-13T11:09:31Z</time>
    
   </trkpt>
   <trkpt lat="40.0062470" lon="-105.6506030">
    <ele>3238.2</ele>
    <time>2026-09-13T11:09:32Z</time>
    
   </trkpt>
   <trkpt lat="40.0062630" lon="-105.6506150">
    <ele>3239.2</ele>
    <time>2026-09-13T11:09:34Z</time>
    
   </trkpt>
   <trkpt lat="40.0062690" lon="-105.6506230">
    <ele>3239.4</ele>
    <time>2026-09-13T11:09:36Z</time>
    
   </trkpt>
   <trkpt lat="40.0062660" lon="-105.6506290">
    <ele>3239.4</ele>
    <time>2026-09-13T11:09:38Z</time>
    
   </trkpt>
   <trkpt lat="40.0062660" lon="-105.6506290">
    <ele>3239.2</ele>
    <time>2026-09-13T11:09:40Z</time>
    
   </trkpt>
   <trkpt lat="40.0062660" lon="-105.6506200">
    <ele>3240.0</ele>
    <time>2026-09-13T11:09:50Z</time>
    
   </trkpt>
   <trkpt lat="40.0062660" lon="-105.6506350">
    <ele>3239.4</ele>
    <time>2026-09-13T11:09:59Z</time>
    
   </trkpt>
   <trkpt lat="40.0062660" lon="-105.6506350">
    <ele>3239.2</ele>
    <time>2026-09-13T11:10:01Z</time>
    
   </trkpt>
   <trkpt lat="40.0062640" lon="-105.6506340">
    <ele>3239.2</ele>
    <time>2026-09-13T11:10:04Z</time>
    
   </trkpt>
   <trkpt lat="40.0062640" lon="-105.6506330">
    <ele>3239.4</ele>
    <time>2026-09-13T11:10:11Z</time>
    
   </trkpt>
   <trkpt lat="40.0062660" lon="-105.6506300">
    <ele>3239.4</ele>
    <time>2026-09-13T11:10:17Z</time>
    
   </trkpt>
   <trkpt lat="40.0062700" lon="-105.6506230">
    <ele>3239.6</ele>
    <time>2026-09-13T11:10:27Z</time>
    
   </trkpt>
   <trkpt lat="40.0062710" lon="-105.6506230">
    <ele>3240.2</ele>
    <time>2026-09-13T11:10:29Z</time>
    
   </trkpt>
   <trkpt lat="40.0062720" lon="-105.6506240">
    <ele>3239.8</ele>
    <time>2026-09-13T11:10:38Z</time>
    
   </trkpt>
   <trkpt lat="40.0062740" lon="-105.6506210">
    <ele>3239.6</ele>
    <time>2026-09-13T11:10:44Z</time>
    
   </trkpt>
   <trkpt lat="40.0062790" lon="-105.6506220">
    <ele>3239.8</ele>
    <time>2026-09-13T11:10:46Z</time>
    
   </trkpt>
   <trkpt lat="40.0062950" lon="-105.6506400">
    <ele>3239.4</ele>
    <time>2026-09-13T11:10:53Z</time>
    
   </trkpt>
   <trkpt lat="40.0062940" lon="-105.6506390">
    <ele>3239.2</ele>
    <time>2026-09-13T11:10:55Z</time>
    
   </trkpt>
   <trkpt lat="40.0063070" lon="-105.6506700">
    <ele>3239.2</ele>
    <time>2026-09-13T11:11:01Z</time>
    
   </trkpt>
   <trkpt lat="40.0063360" lon="-105.6507210">
    <ele>3239.6</ele>
    <time>2026-09-13T11:11:06Z</time>
    
   </trkpt>
   <trkpt lat="40.0063660" lon="-105.6507710">
    <ele>3240.2</ele>
    <time>2026-09-13T11:11:11Z</time>
    
   </trkpt>
   <trkpt lat="40.0063720" lon="-105.6507790">
    <ele>3240.4</ele>
    <time>2026-09-13T11:11:12Z</time>
    
   </trkpt>
   <trkpt lat="40.0063830" lon="-105.6508070">
    <ele>3241.6</ele>
    <time>2026-09-13T11:11:15Z</time>
    
   </trkpt>
   <trkpt lat="40.0063870" lon="-105.6508150">
    <ele>3241.8</ele>
    <time>2026-09-13T11:11:16Z</time>
    
   </trkpt>
   <trkpt lat="40.0063930" lon="-105.6508280">
    <ele>3242.2</ele>
    <time>2026-09-13T11:11:17Z</time>
    
   </trkpt>
   <trkpt lat="40.0064130" lon="-105.6508540">
    <ele>3242.6</ele>
    <time>2026-09-13T11:11:20Z</time>
    
   </trkpt>
   <trkpt lat="40.0064190" lon="-105.6508620">
    <ele>3242.8</ele>
    <time>2026-09-13T11:11:21Z</time>
    
   </trkpt>
   <trkpt lat="40.0064250" lon="-105.6508670">
    <ele>3243.0</ele>
    <time>2026-09-13T11:11:22Z</time>
    
   </trkpt>
   <trkpt lat="40.0064320" lon="-105.6508760">
    <ele>3243.4</ele>
    <time>2026-09-13T11:11:23Z</time>
    
   </trkpt>
   <trkpt lat="40.0064360" lon="-105.6508830">
    <ele>3243.6</ele>
    <time>2026-09-13T11:11:24Z</time>
    
   </trkpt>
   <trkpt lat="40.0064440" lon="-105.6508900">
    <ele>3244.0</ele>
    <time>2026-09-13T11:11:25Z</time>
    
   </trkpt>
   <trkpt lat="40.0064570" lon="-105.6509010">
    <ele>3244.4</ele>
    <time>2026-09-13T11:11:27Z</time>
    
   </trkpt>
   <trkpt lat="40.0064700" lon="-105.6509140">
    <ele>3244.8</ele>
    <time>2026-09-13T11:11:29Z</time>
    
   </trkpt>
   <trkpt lat="40.0064770" lon="-105.6509220">
    <ele>3244.8</ele>
    <time>2026-09-13T11:11:30Z</time>
    
   </trkpt>
   <trkpt lat="40.0064930" lon="-105.6509380">
    <ele>3245.0</ele>
    <time>2026-09-13T11:11:32Z</time>
    
   </trkpt>
   <trkpt lat="40.0065090" lon="-105.6509550">
    <ele>3245.4</ele>
    <time>2026-09-13T11:11:34Z</time>
    
   </trkpt>
   <trkpt lat="40.0065230" lon="-105.6509630">
    <ele>3245.8</ele>
    <time>2026-09-13T11:11:36Z</time>
    
   </trkpt>
   <trkpt lat="40.0065380" lon="-105.6509740">
    <ele>3246.4</ele>
    <time>2026-09-13T11:11:38Z</time>
    
   </trkpt>
   <trkpt lat="40.0065830" lon="-105.6510050">
    <ele>3247.2</ele>
    <time>2026-09-13T11:11:43Z</time>
    
   </trkpt>
   <trkpt lat="40.0066110" lon="-105.6510180">
    <ele>3247.4</ele>
    <time>2026-09-13T11:11:46Z</time>
    
   </trkpt>
   <trkpt lat="40.0066620" lon="-105.6510500">
    <ele>3247.8</ele>
    <time>2026-09-13T11:11:52Z</time>
    
   </trkpt>
   <trkpt lat="40.0066810" lon="-105.6510540">
    <ele>3248.4</ele>
    <time>2026-09-13T11:11:54Z</time>
    
   </trkpt>
   <trkpt lat="40.0067010" lon="-105.6510570">
    <ele>3249.0</ele>
    <time>2026-09-13T11:11:56Z</time>
    
   </trkpt>
   <trkpt lat="40.0067210" lon="-105.6510700">
    <ele>3249.6</ele>
    <time>2026-09-13T11:11:59Z</time>
    
   </trkpt>
   <trkpt lat="40.0067270" lon="-105.6510750">
    <ele>3249.8</ele>
    <time>2026-09-13T11:12:00Z</time>
    
   </trkpt>
   <trkpt lat="40.0067460" lon="-105.6511050">
    <ele>3250.6</ele>
    <time>2026-09-13T11:12:04Z</time>
    
   </trkpt>
   <trkpt lat="40.0067550" lon="-105.6511480">
    <ele>3251.6</ele>
    <time>2026-09-13T11:12:08Z</time>
    
   </trkpt>
   <trkpt lat="40.0067610" lon="-105.6511680">
    <ele>3252.0</ele>
    <time>2026-09-13T11:12:10Z</time>
    
   </trkpt>
   <trkpt lat="40.0067810" lon="-105.6512010">
    <ele>3252.8</ele>
    <time>2026-09-13T11:12:15Z</time>
    
   </trkpt>
   <trkpt lat="40.0067970" lon="-105.6512270">
    <ele>3253.8</ele>
    <time>2026-09-13T11:12:18Z</time>
    
   </trkpt>
   <trkpt lat="40.0068020" lon="-105.6512390">
    <ele>3253.8</ele>
    <time>2026-09-13T11:12:19Z</time>
    
   </trkpt>
   <trkpt lat="40.0068200" lon="-105.6513320">
    <ele>3254.8</ele>
    <time>2026-09-13T11:12:27Z</time>
    
   </trkpt>
   <trkpt lat="40.0068250" lon="-105.6513430">
    <ele>3254.8</ele>
    <time>2026-09-13T11:12:28Z</time>
    
   </trkpt>
   <trkpt lat="40.0068310" lon="-105.6513520">
    <ele>3254.8</ele>
    <time>2026-09-13T11:12:29Z</time>
    
   </trkpt>
   <trkpt lat="40.0068360" lon="-105.6513620">
    <ele>3255.0</ele>
    <time>2026-09-13T11:12:30Z</time>
    
   </trkpt>
   <trkpt lat="40.0068150" lon="-105.6513910">
    <ele>3256.2</ele>
    <time>2026-09-13T11:12:35Z</time>
    
   </trkpt>
   <trkpt lat="40.0068060" lon="-105.6513940">
    <ele>3256.2</ele>
    <time>2026-09-13T11:12:36Z</time>
    
   </trkpt>
   <trkpt lat="40.0067790" lon="-105.6514130">
    <ele>3255.6</ele>
    <time>2026-09-13T11:12:44Z</time>
    
   </trkpt>
   <trkpt lat="40.0067820" lon="-105.6514110">
    <ele>3255.4</ele>
    <time>2026-09-13T11:12:46Z</time>
    
   </trkpt>
   <trkpt lat="40.0067820" lon="-105.6514100">
    <ele>3255.4</ele>
    <time>2026-09-13T11:12:49Z</time>
    
   </trkpt>
   <trkpt lat="40.0067740" lon="-105.6514140">
    <ele>3255.4</ele>
    <time>2026-09-13T11:12:54Z</time>
    
   </trkpt>
   <trkpt lat="40.0067690" lon="-105.6514160">
    <ele>3255.2</ele>
    <time>2026-09-13T11:13:02Z</time>
    
   </trkpt>
   <trkpt lat="40.0067690" lon="-105.6514170">
    <ele>3255.4</ele>
    <time>2026-09-13T11:13:05Z</time>
    
   </trkpt>
   <trkpt lat="40.0067690" lon="-105.6514160">
    <ele>3255.4</ele>
    <time>2026-09-13T11:13:06Z</time>
    
   </trkpt>
   <trkpt lat="40.0067690" lon="-105.6514170">
    <ele>3255.2</ele>
    <time>2026-09-13T11:13:12Z</time>
    
   </trkpt>
   <trkpt lat="40.0067690" lon="-105.6514170">
    <ele>3255.0</ele>
    <time>2026-09-13T11:13:16Z</time>
    
   </trkpt>
   <trkpt lat="40.0067690" lon="-105.6514170">
    <ele>3254.8</ele>
    <time>2026-09-13T11:13:20Z</time>
    
   </trkpt>
   <trkpt lat="40.0067690" lon="-105.6514180">
    <ele>3254.4</ele>
    <time>2026-09-13T11:13:25Z</time>
    
   </trkpt>
   <trkpt lat="40.0067680" lon="-105.6514180">
    <ele>3255.2</ele>
    <time>2026-09-13T11:13:34Z</time>
    
   </trkpt>
   <trkpt lat="40.0067680" lon="-105.6514180">
    <ele>3255.0</ele>
    <time>2026-09-13T11:13:37Z</time>
    
   </trkpt>
   <trkpt lat="40.0067680" lon="-105.6514170">
    <ele>3255.0</ele>
    <time>2026-09-13T11:13:40Z</time>
    
   </trkpt>
   <trkpt lat="40.0067700" lon="-105.6514170">
    <ele>3255.0</ele>
    <time>2026-09-13T11:13:52Z</time>
    
   </trkpt>
   <trkpt lat="40.0067730" lon="-105.6514140">
    <ele>3255.0</ele>
    <time>2026-09-13T11:13:55Z</time>
    
   </trkpt>
   <trkpt lat="40.0067900" lon="-105.6514370">
    <ele>3255.0</ele>
    <time>2026-09-13T11:14:01Z</time>
    
   </trkpt>
   <trkpt lat="40.0068220" lon="-105.6514690">
    <ele>3255.0</ele>
    <time>2026-09-13T11:14:05Z</time>
    
   </trkpt>
   <trkpt lat="40.0068690" lon="-105.6515050">
    <ele>3256.2</ele>
    <time>2026-09-13T11:14:09Z</time>
    
   </trkpt>
   <trkpt lat="40.0068960" lon="-105.6515140">
    <ele>3257.8</ele>
    <time>2026-09-13T11:14:11Z</time>
    
   </trkpt>
   <trkpt lat="40.0069070" lon="-105.6515120">
    <ele>3258.2</ele>
    <time>2026-09-13T11:14:12Z</time>
    
   </trkpt>
   <trkpt lat="40.0069150" lon="-105.6515150">
    <ele>3259.0</ele>
    <time>2026-09-13T11:14:13Z</time>
    
   </trkpt>
   <trkpt lat="40.0069210" lon="-105.6515170">
    <ele>3259.4</ele>
    <time>2026-09-13T11:14:14Z</time>
    
   </trkpt>
   <trkpt lat="40.0069330" lon="-105.6515240">
    <ele>3259.8</ele>
    <time>2026-09-13T11:14:15Z</time>
    
   </trkpt>
   <trkpt lat="40.0069440" lon="-105.6515280">
    <ele>3260.0</ele>
    <time>2026-09-13T11:14:16Z</time>
    
   </trkpt>
   <trkpt lat="40.0069560" lon="-105.6515310">
    <ele>3260.0</ele>
    <time>2026-09-13T11:14:17Z</time>
    
   </trkpt>
   <trkpt lat="40.0069790" lon="-105.6515420">
    <ele>3260.4</ele>
    <time>2026-09-13T11:14:19Z</time>
    
   </trkpt>
   <trkpt lat="40.0070100" lon="-105.6515530">
    <ele>3261.2</ele>
    <time>2026-09-13T11:14:22Z</time>
    
   </trkpt>
   <trkpt lat="40.0070300" lon="-105.6515760">
    <ele>3262.2</ele>
    <time>2026-09-13T11:14:25Z</time>
    
   </trkpt>
   <trkpt lat="40.0070410" lon="-105.6515810">
    <ele>3262.4</ele>
    <time>2026-09-13T11:14:26Z</time>
    
   </trkpt>
   <trkpt lat="40.0070570" lon="-105.6515980">
    <ele>3263.0</ele>
    <time>2026-09-13T11:14:28Z</time>
    
   </trkpt>
   <trkpt lat="40.0070770" lon="-105.6516150">
    <ele>3263.6</ele>
    <time>2026-09-13T11:14:30Z</time>
    
   </trkpt>
   <trkpt lat="40.0071040" lon="-105.6516930">
    <ele>3264.6</ele>
    <time>2026-09-13T11:14:35Z</time>
    
   </trkpt>
   <trkpt lat="40.0071110" lon="-105.6517400">
    <ele>3264.6</ele>
    <time>2026-09-13T11:14:38Z</time>
    
   </trkpt>
   <trkpt lat="40.0071120" lon="-105.6517580">
    <ele>3264.6</ele>
    <time>2026-09-13T11:14:39Z</time>
    
   </trkpt>
   <trkpt lat="40.0071150" lon="-105.6517910">
    <ele>3264.6</ele>
    <time>2026-09-13T11:14:41Z</time>
    
   </trkpt>
   <trkpt lat="40.0071130" lon="-105.6519180">
    <ele>3265.4</ele>
    <time>2026-09-13T11:14:48Z</time>
    
   </trkpt>
   <trkpt lat="40.0071050" lon="-105.6519350">
    <ele>3265.4</ele>
    <time>2026-09-13T11:14:49Z</time>
    
   </trkpt>
   <trkpt lat="40.0070980" lon="-105.6519670">
    <ele>3265.6</ele>
    <time>2026-09-13T11:14:51Z</time>
    
   </trkpt>
   <trkpt lat="40.0071040" lon="-105.6520280">
    <ele>3266.2</ele>
    <time>2026-09-13T11:14:55Z</time>
    
   </trkpt>
   <trkpt lat="40.0071130" lon="-105.6520560">
    <ele>3266.6</ele>
    <time>2026-09-13T11:14:57Z</time>
    
   </trkpt>
   <trkpt lat="40.0071190" lon="-105.6520690">
    <ele>3266.8</ele>
    <time>2026-09-13T11:14:58Z</time>
    
   </trkpt>
   <trkpt lat="40.0071370" lon="-105.6521030">
    <ele>3267.0</ele>
    <time>2026-09-13T11:15:01Z</time>
    
   </trkpt>
   <trkpt lat="40.0071550" lon="-105.6521500">
    <ele>3268.0</ele>
    <time>2026-09-13T11:15:05Z</time>
    
   </trkpt>
   <trkpt lat="40.0071620" lon="-105.6521750">
    <ele>3268.4</ele>
    <time>2026-09-13T11:15:07Z</time>
    
   </trkpt>
   <trkpt lat="40.0071790" lon="-105.6522930">
    <ele>3268.6</ele>
    <time>2026-09-13T11:15:15Z</time>
    
   </trkpt>
   <trkpt lat="40.0071740" lon="-105.6523500">
    <ele>3269.2</ele>
    <time>2026-09-13T11:15:19Z</time>
    
   </trkpt>
   <trkpt lat="40.0071800" lon="-105.6523800">
    <ele>3269.6</ele>
    <time>2026-09-13T11:15:21Z</time>
    
   </trkpt>
   <trkpt lat="40.0072050" lon="-105.6524870">
    <ele>3269.8</ele>
    <time>2026-09-13T11:15:28Z</time>
    
   </trkpt>
   <trkpt lat="40.0072030" lon="-105.6525600">
    <ele>3269.6</ele>
    <time>2026-09-13T11:15:33Z</time>
    
   </trkpt>
   <trkpt lat="40.0072300" lon="-105.6526590">
    <ele>3269.2</ele>
    <time>2026-09-13T11:15:41Z</time>
    
   </trkpt>
   <trkpt lat="40.0072420" lon="-105.6527180">
    <ele>3269.0</ele>
    <time>2026-09-13T11:15:46Z</time>
    
   </trkpt>
   <trkpt lat="40.0072450" lon="-105.6527290">
    <ele>3269.0</ele>
    <time>2026-09-13T11:15:47Z</time>
    
   </trkpt>
   <trkpt lat="40.0072460" lon="-105.6527370">
    <ele>3269.0</ele>
    <time>2026-09-13T11:15:48Z</time>
    
   </trkpt>
   <trkpt lat="40.0072610" lon="-105.6528150">
    <ele>3270.4</ele>
    <time>2026-09-13T11:15:54Z</time>
    
   </trkpt>
   <trkpt lat="40.0072860" lon="-105.6528960">
    <ele>3271.0</ele>
    <time>2026-09-13T11:16:00Z</time>
    
   </trkpt>
   <trkpt lat="40.0072880" lon="-105.6529060">
    <ele>3270.4</ele>
    <time>2026-09-13T11:16:01Z</time>
    
   </trkpt>
   <trkpt lat="40.0072900" lon="-105.6529090">
    <ele>3270.2</ele>
    <time>2026-09-13T11:16:02Z</time>
    
   </trkpt>
   <trkpt lat="40.0072980" lon="-105.6529190">
    <ele>3269.8</ele>
    <time>2026-09-13T11:16:05Z</time>
    
   </trkpt>
   <trkpt lat="40.0073090" lon="-105.6529510">
    <ele>3269.8</ele>
    <time>2026-09-13T11:16:07Z</time>
    
   </trkpt>
   <trkpt lat="40.0073210" lon="-105.6530110">
    <ele>3272.2</ele>
    <time>2026-09-13T11:16:11Z</time>
    
   </trkpt>
   <trkpt lat="40.0073350" lon="-105.6530580">
    <ele>3273.2</ele>
    <time>2026-09-13T11:16:14Z</time>
    
   </trkpt>
   <trkpt lat="40.0073490" lon="-105.6531070">
    <ele>3271.0</ele>
    <time>2026-09-13T11:16:17Z</time>
    
   </trkpt>
   <trkpt lat="40.0073550" lon="-105.6531570">
    <ele>3270.2</ele>
    <time>2026-09-13T11:16:19Z</time>
    
   </trkpt>
   <trkpt lat="40.0073710" lon="-105.6532960">
    <ele>3271.0</ele>
    <time>2026-09-13T11:16:23Z</time>
    
   </trkpt>
   <trkpt lat="40.0074050" lon="-105.6533900">
    <ele>3271.0</ele>
    <time>2026-09-13T11:16:28Z</time>
    
   </trkpt>
   <trkpt lat="40.0074340" lon="-105.6534810">
    <ele>3270.6</ele>
    <time>2026-09-13T11:16:34Z</time>
    
   </trkpt>
   <trkpt lat="40.0074640" lon="-105.6535620">
    <ele>3270.4</ele>
    <time>2026-09-13T11:16:40Z</time>
    
   </trkpt>
   <trkpt lat="40.0074750" lon="-105.6536230">
    <ele>3270.0</ele>
    <time>2026-09-13T11:16:44Z</time>
    
   </trkpt>
   <trkpt lat="40.0074900" lon="-105.6536670">
    <ele>3270.6</ele>
    <time>2026-09-13T11:16:47Z</time>
    
   </trkpt>
   <trkpt lat="40.0075480" lon="-105.6537300">
    <ele>3271.4</ele>
    <time>2026-09-13T11:16:53Z</time>
    
   </trkpt>
   <trkpt lat="40.0075860" lon="-105.6537440">
    <ele>3271.8</ele>
    <time>2026-09-13T11:16:56Z</time>
    
   </trkpt>
   <trkpt lat="40.0076080" lon="-105.6537560">
    <ele>3272.0</ele>
    <time>2026-09-13T11:16:58Z</time>
    
   </trkpt>
   <trkpt lat="40.0076170" lon="-105.6537590">
    <ele>3272.0</ele>
    <time>2026-09-13T11:16:59Z</time>
    
   </trkpt>
   <trkpt lat="40.0076680" lon="-105.6537760">
    <ele>3272.0</ele>
    <time>2026-09-13T11:17:03Z</time>
    
   </trkpt>
   <trkpt lat="40.0077070" lon="-105.6538400">
    <ele>3273.0</ele>
    <time>2026-09-13T11:17:08Z</time>
    
   </trkpt>
   <trkpt lat="40.0077210" lon="-105.6538750">
    <ele>3273.0</ele>
    <time>2026-09-13T11:17:10Z</time>
    
   </trkpt>
   <trkpt lat="40.0077450" lon="-105.6539400">
    <ele>3272.8</ele>
    <time>2026-09-13T11:17:14Z</time>
    
   </trkpt>
   <trkpt lat="40.0077770" lon="-105.6540220">
    <ele>3273.2</ele>
    <time>2026-09-13T11:17:20Z</time>
    
   </trkpt>
   <trkpt lat="40.0077870" lon="-105.6541000">
    <ele>3273.4</ele>
    <time>2026-09-13T11:17:25Z</time>
    
   </trkpt>
   <trkpt lat="40.0077900" lon="-105.6541170">
    <ele>3273.2</ele>
    <time>2026-09-13T11:17:26Z</time>
    
   </trkpt>
   <trkpt lat="40.0078110" lon="-105.6542010">
    <ele>3272.8</ele>
    <time>2026-09-13T11:17:31Z</time>
    
   </trkpt>
   <trkpt lat="40.0078440" lon="-105.6542940">
    <ele>3272.0</ele>
    <time>2026-09-13T11:17:38Z</time>
    
   </trkpt>
   <trkpt lat="40.0078490" lon="-105.6543060">
    <ele>3272.0</ele>
    <time>2026-09-13T11:17:39Z</time>
    
   </trkpt>
   <trkpt lat="40.0078750" lon="-105.6543680">
    <ele>3272.4</ele>
    <time>2026-09-13T11:17:44Z</time>
    
   </trkpt>
   <trkpt lat="40.0079020" lon="-105.6544610">
    <ele>3273.0</ele>
    <time>2026-09-13T11:17:50Z</time>
    
   </trkpt>
   <trkpt lat="40.0079040" lon="-105.6544770">
    <ele>3273.0</ele>
    <time>2026-09-13T11:17:51Z</time>
    
   </trkpt>
   <trkpt lat="40.0079080" lon="-105.6545610">
    <ele>3273.2</ele>
    <time>2026-09-13T11:17:56Z</time>
    
   </trkpt>
   <trkpt lat="40.0079240" lon="-105.6546080">
    <ele>3273.2</ele>
    <time>2026-09-13T11:17:59Z</time>
    
   </trkpt>
   <trkpt lat="40.0079310" lon="-105.6546220">
    <ele>3273.2</ele>
    <time>2026-09-13T11:18:00Z</time>
    
   </trkpt>
   <trkpt lat="40.0079330" lon="-105.6546390">
    <ele>3273.0</ele>
    <time>2026-09-13T11:18:01Z</time>
    
   </trkpt>
   <trkpt lat="40.0079400" lon="-105.6546720">
    <ele>3273.0</ele>
    <time>2026-09-13T11:18:03Z</time>
    
   </trkpt>
   <trkpt lat="40.0079560" lon="-105.6547210">
    <ele>3273.2</ele>
    <time>2026-09-13T11:18:06Z</time>
    
   </trkpt>
   <trkpt lat="40.0079990" lon="-105.6548110">
    <ele>3273.6</ele>
    <time>2026-09-13T11:18:13Z</time>
    
   </trkpt>
   <trkpt lat="40.0080250" lon="-105.6549060">
    <ele>3274.0</ele>
    <time>2026-09-13T11:18:19Z</time>
    
   </trkpt>
   <trkpt lat="40.0080310" lon="-105.6549220">
    <ele>3274.2</ele>
    <time>2026-09-13T11:18:20Z</time>
    
   </trkpt>
   <trkpt lat="40.0080560" lon="-105.6549830">
    <ele>3274.6</ele>
    <time>2026-09-13T11:18:24Z</time>
    
   </trkpt>
   <trkpt lat="40.0081080" lon="-105.6550970">
    <ele>3275.0</ele>
    <time>2026-09-13T11:18:31Z</time>
    
   </trkpt>
   <trkpt lat="40.0081170" lon="-105.6551090">
    <ele>3275.2</ele>
    <time>2026-09-13T11:18:32Z</time>
    
   </trkpt>
   <trkpt lat="40.0081240" lon="-105.6551170">
    <ele>3275.2</ele>
    <time>2026-09-13T11:18:33Z</time>
    
   </trkpt>
   <trkpt lat="40.0081510" lon="-105.6551400">
    <ele>3275.8</ele>
    <time>2026-09-13T11:18:36Z</time>
    
   </trkpt>
   <trkpt lat="40.0081640" lon="-105.6551560">
    <ele>3276.2</ele>
    <time>2026-09-13T11:18:38Z</time>
    
   </trkpt>
   <trkpt lat="40.0081700" lon="-105.6551690">
    <ele>3276.4</ele>
    <time>2026-09-13T11:18:39Z</time>
    
   </trkpt>
   <trkpt lat="40.0081740" lon="-105.6551830">
    <ele>3276.6</ele>
    <time>2026-09-13T11:18:40Z</time>
    
   </trkpt>
   <trkpt lat="40.0081920" lon="-105.6552090">
    <ele>3276.4</ele>
    <time>2026-09-13T11:18:42Z</time>
    
   </trkpt>
   <trkpt lat="40.0082450" lon="-105.6552630">
    <ele>3277.6</ele>
    <time>2026-09-13T11:18:47Z</time>
    
   </trkpt>
   <trkpt lat="40.0082570" lon="-105.6552750">
    <ele>3277.6</ele>
    <time>2026-09-13T11:18:48Z</time>
    
   </trkpt>
   <trkpt lat="40.0083290" lon="-105.6553360">
    <ele>3277.6</ele>
    <time>2026-09-13T11:18:54Z</time>
    
   </trkpt>
   <trkpt lat="40.0083940" lon="-105.6553860">
    <ele>3277.8</ele>
    <time>2026-09-13T11:19:00Z</time>
    
   </trkpt>
   <trkpt lat="40.0084620" lon="-105.6554360">
    <ele>3278.8</ele>
    <time>2026-09-13T11:19:06Z</time>
    
   </trkpt>
   <trkpt lat="40.0084820" lon="-105.6554510">
    <ele>3279.0</ele>
    <time>2026-09-13T11:19:08Z</time>
    
   </trkpt>
   <trkpt lat="40.0085500" lon="-105.6554820">
    <ele>3280.0</ele>
    <time>2026-09-13T11:19:13Z</time>
    
   </trkpt>
   <trkpt lat="40.0086330" lon="-105.6555390">
    <ele>3281.0</ele>
    <time>2026-09-13T11:19:20Z</time>
    
   </trkpt>
   <trkpt lat="40.0086520" lon="-105.6555620">
    <ele>3281.2</ele>
    <time>2026-09-13T11:19:22Z</time>
    
   </trkpt>
   <trkpt lat="40.0086700" lon="-105.6555840">
    <ele>3281.6</ele>
    <time>2026-09-13T11:19:24Z</time>
    
   </trkpt>
   <trkpt lat="40.0086820" lon="-105.6556090">
    <ele>3282.0</ele>
    <time>2026-09-13T11:19:26Z</time>
    
   </trkpt>
   <trkpt lat="40.0086860" lon="-105.6556220">
    <ele>3282.2</ele>
    <time>2026-09-13T11:19:27Z</time>
    
   </trkpt>
   <trkpt lat="40.0086990" lon="-105.6556510">
    <ele>3282.6</ele>
    <time>2026-09-13T11:19:29Z</time>
    
   </trkpt>
   <trkpt lat="40.0087080" lon="-105.6556660">
    <ele>3282.8</ele>
    <time>2026-09-13T11:19:30Z</time>
    
   </trkpt>
   <trkpt lat="40.0087150" lon="-105.6556810">
    <ele>3283.0</ele>
    <time>2026-09-13T11:19:31Z</time>
    
   </trkpt>
   <trkpt lat="40.0087240" lon="-105.6556950">
    <ele>3283.0</ele>
    <time>2026-09-13T11:19:32Z</time>
    
   </trkpt>
   <trkpt lat="40.0087310" lon="-105.6557040">
    <ele>3283.2</ele>
    <time>2026-09-13T11:19:33Z</time>
    
   </trkpt>
   <trkpt lat="40.0087470" lon="-105.6557260">
    <ele>3283.2</ele>
    <time>2026-09-13T11:19:35Z</time>
    
   </trkpt>
   <trkpt lat="40.0087760" lon="-105.6557620">
    <ele>3283.6</ele>
    <time>2026-09-13T11:19:38Z</time>
    
   </trkpt>
   <trkpt lat="40.0087890" lon="-105.6557970">
    <ele>3283.8</ele>
    <time>2026-09-13T11:19:40Z</time>
    
   </trkpt>
   <trkpt lat="40.0087950" lon="-105.6558480">
    <ele>3284.4</ele>
    <time>2026-09-13T11:19:43Z</time>
    
   </trkpt>
   <trkpt lat="40.0088530" lon="-105.6559140">
    <ele>3285.2</ele>
    <time>2026-09-13T11:19:49Z</time>
    
   </trkpt>
   <trkpt lat="40.0088600" lon="-105.6559260">
    <ele>3285.6</ele>
    <time>2026-09-13T11:19:50Z</time>
    
   </trkpt>
   <trkpt lat="40.0088810" lon="-105.6559840">
    <ele>3285.8</ele>
    <time>2026-09-13T11:19:54Z</time>
    
   </trkpt>
   <trkpt lat="40.0089110" lon="-105.6560700">
    <ele>3286.2</ele>
    <time>2026-09-13T11:20:00Z</time>
    
   </trkpt>
   <trkpt lat="40.0089240" lon="-105.6560930">
    <ele>3286.4</ele>
    <time>2026-09-13T11:20:02Z</time>
    
   </trkpt>
   <trkpt lat="40.0089380" lon="-105.6561170">
    <ele>3286.6</ele>
    <time>2026-09-13T11:20:04Z</time>
    
   </trkpt>
   <trkpt lat="40.0089640" lon="-105.6561470">
    <ele>3286.8</ele>
    <time>2026-09-13T11:20:07Z</time>
    
   </trkpt>
   <trkpt lat="40.0089860" lon="-105.6561640">
    <ele>3286.8</ele>
    <time>2026-09-13T11:20:09Z</time>
    
   </trkpt>
   <trkpt lat="40.0090000" lon="-105.6561690">
    <ele>3286.8</ele>
    <time>2026-09-13T11:20:10Z</time>
    
   </trkpt>
   <trkpt lat="40.0090260" lon="-105.6561770">
    <ele>3286.6</ele>
    <time>2026-09-13T11:20:12Z</time>
    
   </trkpt>
   <trkpt lat="40.0090480" lon="-105.6561890">
    <ele>3287.2</ele>
    <time>2026-09-13T11:20:14Z</time>
    
   </trkpt>
   <trkpt lat="40.0090570" lon="-105.6561930">
    <ele>3287.6</ele>
    <time>2026-09-13T11:20:15Z</time>
    
   </trkpt>
   <trkpt lat="40.0090950" lon="-105.6562080">
    <ele>3288.4</ele>
    <time>2026-09-13T11:20:19Z</time>
    
   </trkpt>
   <trkpt lat="40.0091100" lon="-105.6562260">
    <ele>3288.8</ele>
    <time>2026-09-13T11:20:21Z</time>
    
   </trkpt>
   <trkpt lat="40.0091510" lon="-105.6562520">
    <ele>3288.8</ele>
    <time>2026-09-13T11:20:25Z</time>
    
   </trkpt>
   <trkpt lat="40.0092080" lon="-105.6563000">
    <ele>3288.8</ele>
    <time>2026-09-13T11:20:30Z</time>
    
   </trkpt>
   <trkpt lat="40.0092450" lon="-105.6563540">
    <ele>3289.4</ele>
    <time>2026-09-13T11:20:34Z</time>
    
   </trkpt>
   <trkpt lat="40.0092710" lon="-105.6563930">
    <ele>3289.0</ele>
    <time>2026-09-13T11:20:37Z</time>
    
   </trkpt>
   <trkpt lat="40.0093110" lon="-105.6564610">
    <ele>3288.6</ele>
    <time>2026-09-13T11:20:42Z</time>
    
   </trkpt>
   <trkpt lat="40.0093210" lon="-105.6564750">
    <ele>3288.8</ele>
    <time>2026-09-13T11:20:44Z</time>
    
   </trkpt>
   <trkpt lat="40.0093460" lon="-105.6565040">
    <ele>3289.2</ele>
    <time>2026-09-13T11:20:47Z</time>
    
   </trkpt>
   <trkpt lat="40.0093740" lon="-105.6565430">
    <ele>3289.8</ele>
    <time>2026-09-13T11:20:50Z</time>
    
   </trkpt>
   <trkpt lat="40.0094060" lon="-105.6565810">
    <ele>3289.8</ele>
    <time>2026-09-13T11:20:53Z</time>
    
   </trkpt>
   <trkpt lat="40.0094260" lon="-105.6566110">
    <ele>3289.8</ele>
    <time>2026-09-13T11:20:55Z</time>
    
   </trkpt>
   <trkpt lat="40.0094480" lon="-105.6566550">
    <ele>3290.0</ele>
    <time>2026-09-13T11:20:58Z</time>
    
   </trkpt>
   <trkpt lat="40.0094900" lon="-105.6567460">
    <ele>3290.0</ele>
    <time>2026-09-13T11:21:04Z</time>
    
   </trkpt>
   <trkpt lat="40.0095050" lon="-105.6568310">
    <ele>3290.0</ele>
    <time>2026-09-13T11:21:10Z</time>
    
   </trkpt>
   <trkpt lat="40.0095500" lon="-105.6569510">
    <ele>3290.4</ele>
    <time>2026-09-13T11:21:18Z</time>
    
   </trkpt>
   <trkpt lat="40.0095720" lon="-105.6570040">
    <ele>3291.0</ele>
    <time>2026-09-13T11:21:22Z</time>
    
   </trkpt>
   <trkpt lat="40.0095780" lon="-105.6570360">
    <ele>3291.4</ele>
    <time>2026-09-13T11:21:24Z</time>
    
   </trkpt>
   <trkpt lat="40.0095870" lon="-105.6570850">
    <ele>3291.8</ele>
    <time>2026-09-13T11:21:27Z</time>
    
   </trkpt>
   <trkpt lat="40.0095900" lon="-105.6571010">
    <ele>3292.0</ele>
    <time>2026-09-13T11:21:28Z</time>
    
   </trkpt>
   <trkpt lat="40.0095970" lon="-105.6571490">
    <ele>3292.4</ele>
    <time>2026-09-13T11:21:31Z</time>
    
   </trkpt>
   <trkpt lat="40.0096100" lon="-105.6571870">
    <ele>3292.4</ele>
    <time>2026-09-13T11:21:34Z</time>
    
   </trkpt>
   <trkpt lat="40.0096150" lon="-105.6571800">
    <ele>3292.4</ele>
    <time>2026-09-13T11:21:36Z</time>
    
   </trkpt>
   <trkpt lat="40.0096140" lon="-105.6571800">
    <ele>3292.6</ele>
    <time>2026-09-13T11:21:37Z</time>
    
   </trkpt>
   <trkpt lat="40.0096140" lon="-105.6571810">
    <ele>3292.6</ele>
    <time>2026-09-13T11:21:38Z</time>
    
   </trkpt>
   <trkpt lat="40.0096150" lon="-105.6571940">
    <ele>3292.4</ele>
    <time>2026-09-13T11:21:41Z</time>
    
   </trkpt>
   <trkpt lat="40.0096160" lon="-105.6571960">
    <ele>3292.4</ele>
    <time>2026-09-13T11:21:42Z</time>
    
   </trkpt>
   <trkpt lat="40.0096250" lon="-105.6572040">
    <ele>3292.2</ele>
    <time>2026-09-13T11:21:44Z</time>
    
   </trkpt>
   <trkpt lat="40.0096300" lon="-105.6572120">
    <ele>3292.2</ele>
    <time>2026-09-13T11:21:45Z</time>
    
   </trkpt>
   <trkpt lat="40.0096370" lon="-105.6572220">
    <ele>3292.2</ele>
    <time>2026-09-13T11:21:46Z</time>
    
   </trkpt>
   <trkpt lat="40.0096880" lon="-105.6572980">
    <ele>3293.2</ele>
    <time>2026-09-13T11:21:53Z</time>
    
   </trkpt>
   <trkpt lat="40.0096930" lon="-105.6573110">
    <ele>3293.2</ele>
    <time>2026-09-13T11:21:54Z</time>
    
   </trkpt>
   <trkpt lat="40.0097240" lon="-105.6574140">
    <ele>3293.4</ele>
    <time>2026-09-13T11:22:01Z</time>
    
   </trkpt>
   <trkpt lat="40.0097300" lon="-105.6574270">
    <ele>3293.6</ele>
    <time>2026-09-13T11:22:02Z</time>
    
   </trkpt>
   <trkpt lat="40.0097920" lon="-105.6575290">
    <ele>3293.8</ele>
    <time>2026-09-13T11:22:10Z</time>
    
   </trkpt>
   <trkpt lat="40.0098170" lon="-105.6575960">
    <ele>3293.6</ele>
    <time>2026-09-13T11:22:14Z</time>
    
   </trkpt>
   <trkpt lat="40.0098520" lon="-105.6576960">
    <ele>3293.4</ele>
    <time>2026-09-13T11:22:21Z</time>
    
   </trkpt>
   <trkpt lat="40.0098630" lon="-105.6577250">
    <ele>3293.2</ele>
    <time>2026-09-13T11:22:23Z</time>
    
   </trkpt>
   <trkpt lat="40.0098730" lon="-105.6577960">
    <ele>3293.4</ele>
    <time>2026-09-13T11:22:27Z</time>
    
   </trkpt>
   <trkpt lat="40.0098910" lon="-105.6578610">
    <ele>3294.0</ele>
    <time>2026-09-13T11:22:31Z</time>
    
   </trkpt>
   <trkpt lat="40.0099000" lon="-105.6578750">
    <ele>3294.2</ele>
    <time>2026-09-13T11:22:32Z</time>
    
   </trkpt>
   <trkpt lat="40.0099430" lon="-105.6579590">
    <ele>3294.4</ele>
    <time>2026-09-13T11:22:38Z</time>
    
   </trkpt>
   <trkpt lat="40.0099980" lon="-105.6580470">
    <ele>3293.6</ele>
    <time>2026-09-13T11:22:45Z</time>
    
   </trkpt>
   <trkpt lat="40.0100170" lon="-105.6580580">
    <ele>3293.6</ele>
    <time>2026-09-13T11:22:47Z</time>
    
   </trkpt>
   <trkpt lat="40.0100660" lon="-105.6581130">
    <ele>3293.6</ele>
    <time>2026-09-13T11:22:52Z</time>
    
   </trkpt>
   <trkpt lat="40.0101190" lon="-105.6581760">
    <ele>3294.4</ele>
    <time>2026-09-13T11:22:57Z</time>
    
   </trkpt>
   <trkpt lat="40.0101740" lon="-105.6582200">
    <ele>3295.0</ele>
    <time>2026-09-13T11:23:02Z</time>
    
   </trkpt>
   <trkpt lat="40.0101930" lon="-105.6582390">
    <ele>3295.2</ele>
    <time>2026-09-13T11:23:04Z</time>
    
   </trkpt>
   <trkpt lat="40.0102010" lon="-105.6582480">
    <ele>3295.2</ele>
    <time>2026-09-13T11:23:05Z</time>
    
   </trkpt>
   <trkpt lat="40.0102470" lon="-105.6582890">
    <ele>3295.2</ele>
    <time>2026-09-13T11:23:09Z</time>
    
   </trkpt>
   <trkpt lat="40.0102950" lon="-105.6583410">
    <ele>3295.2</ele>
    <time>2026-09-13T11:23:14Z</time>
    
   </trkpt>
   <trkpt lat="40.0103030" lon="-105.6583580">
    <ele>3295.2</ele>
    <time>2026-09-13T11:23:15Z</time>
    
   </trkpt>
   <trkpt lat="40.0103380" lon="-105.6584370">
    <ele>3295.4</ele>
    <time>2026-09-13T11:23:20Z</time>
    
   </trkpt>
   <trkpt lat="40.0103850" lon="-105.6584960">
    <ele>3295.4</ele>
    <time>2026-09-13T11:23:25Z</time>
    
   </trkpt>
   <trkpt lat="40.0104210" lon="-105.6585450">
    <ele>3295.6</ele>
    <time>2026-09-13T11:23:30Z</time>
    
   </trkpt>
   <trkpt lat="40.0104200" lon="-105.6585480">
    <ele>3295.8</ele>
    <time>2026-09-13T11:23:31Z</time>
    
   </trkpt>
   <trkpt lat="40.0104160" lon="-105.6585540">
    <ele>3296.2</ele>
    <time>2026-09-13T11:23:33Z</time>
    
   </trkpt>
   <trkpt lat="40.0104200" lon="-105.6586180">
    <ele>3296.8</ele>
    <time>2026-09-13T11:23:39Z</time>
    
   </trkpt>
   <trkpt lat="40.0104370" lon="-105.6586900">
    <ele>3297.0</ele>
    <time>2026-09-13T11:23:44Z</time>
    
   </trkpt>
   <trkpt lat="40.0104410" lon="-105.6587380">
    <ele>3297.4</ele>
    <time>2026-09-13T11:23:48Z</time>
    
   </trkpt>
   <trkpt lat="40.0104400" lon="-105.6587660">
    <ele>3297.4</ele>
    <time>2026-09-13T11:23:50Z</time>
    
   </trkpt>
   <trkpt lat="40.0104340" lon="-105.6587770">
    <ele>3297.6</ele>
    <time>2026-09-13T11:23:52Z</time>
    
   </trkpt>
   <trkpt lat="40.0104240" lon="-105.6587330">
    <ele>3297.6</ele>
    <time>2026-09-13T11:23:56Z</time>
    
   </trkpt>
   <trkpt lat="40.0104240" lon="-105.6587060">
    <ele>3297.4</ele>
    <time>2026-09-13T11:23:58Z</time>
    
   </trkpt>
   <trkpt lat="40.0104260" lon="-105.6585880">
    <ele>3297.4</ele>
    <time>2026-09-13T11:24:05Z</time>
    
   </trkpt>
   <trkpt lat="40.0104700" lon="-105.6585100">
    <ele>3297.8</ele>
    <time>2026-09-13T11:24:13Z</time>
    
   </trkpt>
   <trkpt lat="40.0104930" lon="-105.6585100">
    <ele>3297.6</ele>
    <time>2026-09-13T11:24:15Z</time>
    
   </trkpt>
   <trkpt lat="40.0105020" lon="-105.6585120">
    <ele>3297.6</ele>
    <time>2026-09-13T11:24:16Z</time>
    
   </trkpt>
   <trkpt lat="40.0105190" lon="-105.6585290">
    <ele>3297.6</ele>
    <time>2026-09-13T11:24:18Z</time>
    
   </trkpt>
   <trkpt lat="40.0105440" lon="-105.6585410">
    <ele>3297.6</ele>
    <time>2026-09-13T11:24:20Z</time>
    
   </trkpt>
   <trkpt lat="40.0105780" lon="-105.6585600">
    <ele>3297.6</ele>
    <time>2026-09-13T11:24:23Z</time>
    
   </trkpt>
   <trkpt lat="40.0106420" lon="-105.6585760">
    <ele>3296.8</ele>
    <time>2026-09-13T11:24:28Z</time>
    
   </trkpt>
   <trkpt lat="40.0107060" lon="-105.6585750">
    <ele>3296.4</ele>
    <time>2026-09-13T11:24:33Z</time>
    
   </trkpt>
   <trkpt lat="40.0107420" lon="-105.6585640">
    <ele>3297.0</ele>
    <time>2026-09-13T11:24:36Z</time>
    
   </trkpt>
   <trkpt lat="40.0108040" lon="-105.6585230">
    <ele>3297.6</ele>
    <time>2026-09-13T11:24:41Z</time>
    
   </trkpt>
   <trkpt lat="40.0108680" lon="-105.6584950">
    <ele>3297.6</ele>
    <time>2026-09-13T11:24:46Z</time>
    
   </trkpt>
   <trkpt lat="40.0109550" lon="-105.6584500">
    <ele>3297.4</ele>
    <time>2026-09-13T11:24:54Z</time>
    
   </trkpt>
   <trkpt lat="40.0110160" lon="-105.6584110">
    <ele>3297.4</ele>
    <time>2026-09-13T11:25:00Z</time>
    
   </trkpt>
   <trkpt lat="40.0110300" lon="-105.6583840">
    <ele>3297.4</ele>
    <time>2026-09-13T11:25:04Z</time>
    
   </trkpt>
   <trkpt lat="40.0110260" lon="-105.6583790">
    <ele>3297.2</ele>
    <time>2026-09-13T11:25:06Z</time>
    
   </trkpt>
   <trkpt lat="40.0110790" lon="-105.6583410">
    <ele>3297.0</ele>
    <time>2026-09-13T11:25:11Z</time>
    
   </trkpt>
   <trkpt lat="40.0110880" lon="-105.6583390">
    <ele>3297.0</ele>
    <time>2026-09-13T11:25:12Z</time>
    
   </trkpt>
   <trkpt lat="40.0111170" lon="-105.6583210">
    <ele>3297.0</ele>
    <time>2026-09-13T11:25:15Z</time>
    
   </trkpt>
   <trkpt lat="40.0111260" lon="-105.6582950">
    <ele>3297.0</ele>
    <time>2026-09-13T11:25:17Z</time>
    
   </trkpt>
   <trkpt lat="40.0111320" lon="-105.6582660">
    <ele>3297.0</ele>
    <time>2026-09-13T11:25:19Z</time>
    
   </trkpt>
   <trkpt lat="40.0111320" lon="-105.6582340">
    <ele>3297.2</ele>
    <time>2026-09-13T11:25:22Z</time>
    
   </trkpt>
   <trkpt lat="40.0111380" lon="-105.6582260">
    <ele>3297.2</ele>
    <time>2026-09-13T11:25:23Z</time>
    
   </trkpt>
   <trkpt lat="40.0111510" lon="-105.6582090">
    <ele>3297.6</ele>
    <time>2026-09-13T11:25:25Z</time>
    
   </trkpt>
   <trkpt lat="40.0111740" lon="-105.6581890">
    <ele>3298.4</ele>
    <time>2026-09-13T11:25:28Z</time>
    
   </trkpt>
   <trkpt lat="40.0111810" lon="-105.6581850">
    <ele>3298.4</ele>
    <time>2026-09-13T11:25:29Z</time>
    
   </trkpt>
   <trkpt lat="40.0111800" lon="-105.6581520">
    <ele>3298.6</ele>
    <time>2026-09-13T11:25:33Z</time>
    
   </trkpt>
   <trkpt lat="40.0111690" lon="-105.6581310">
    <ele>3298.8</ele>
    <time>2026-09-13T11:25:35Z</time>
    
   </trkpt>
   <trkpt lat="40.0111540" lon="-105.6581090">
    <ele>3299.0</ele>
    <time>2026-09-13T11:25:37Z</time>
    
   </trkpt>
   <trkpt lat="40.0111370" lon="-105.6580750">
    <ele>3299.4</ele>
    <time>2026-09-13T11:25:40Z</time>
    
   </trkpt>
   <trkpt lat="40.0111270" lon="-105.6580490">
    <ele>3299.8</ele>
    <time>2026-09-13T11:25:42Z</time>
    
   </trkpt>
   <trkpt lat="40.0111270" lon="-105.6580180">
    <ele>3299.8</ele>
    <time>2026-09-13T11:25:44Z</time>
    
   </trkpt>
   <trkpt lat="40.0111300" lon="-105.6579820">
    <ele>3299.8</ele>
    <time>2026-09-13T11:25:46Z</time>
    
   </trkpt>
   <trkpt lat="40.0111380" lon="-105.6579410">
    <ele>3299.8</ele>
    <time>2026-09-13T11:25:49Z</time>
    
   </trkpt>
   <trkpt lat="40.0111580" lon="-105.6578920">
    <ele>3299.6</ele>
    <time>2026-09-13T11:25:53Z</time>
    
   </trkpt>
   <trkpt lat="40.0111640" lon="-105.6578540">
    <ele>3300.0</ele>
    <time>2026-09-13T11:25:56Z</time>
    
   </trkpt>
   <trkpt lat="40.0111770" lon="-105.6578240">
    <ele>3300.4</ele>
    <time>2026-09-13T11:25:59Z</time>
    
   </trkpt>
   <trkpt lat="40.0111800" lon="-105.6578180">
    <ele>3300.4</ele>
    <time>2026-09-13T11:26:00Z</time>
    
   </trkpt>
   <trkpt lat="40.0111930" lon="-105.6578020">
    <ele>3301.2</ele>
    <time>2026-09-13T11:26:04Z</time>
    
   </trkpt>
   <trkpt lat="40.0111990" lon="-105.6577790">
    <ele>3301.6</ele>
    <time>2026-09-13T11:26:06Z</time>
    
   </trkpt>
   <trkpt lat="40.0112010" lon="-105.6577530">
    <ele>3301.8</ele>
    <time>2026-09-13T11:26:08Z</time>
    
   </trkpt>
   <trkpt lat="40.0112100" lon="-105.6577330">
    <ele>3302.0</ele>
    <time>2026-09-13T11:26:10Z</time>
    
   </trkpt>
   <trkpt lat="40.0112160" lon="-105.6576890">
    <ele>3302.6</ele>
    <time>2026-09-13T11:26:14Z</time>
    
   </trkpt>
   <trkpt lat="40.0112400" lon="-105.6576580">
    <ele>3303.8</ele>
    <time>2026-09-13T11:26:18Z</time>
    
   </trkpt>
   <trkpt lat="40.0112550" lon="-105.6576580">
    <ele>3304.2</ele>
    <time>2026-09-13T11:26:20Z</time>
    
   </trkpt>
   <trkpt lat="40.0112830" lon="-105.6576600">
    <ele>3304.6</ele>
    <time>2026-09-13T11:26:23Z</time>
    
   </trkpt>
   <trkpt lat="40.0113000" lon="-105.6576580">
    <ele>3304.8</ele>
    <time>2026-09-13T11:26:25Z</time>
    
   </trkpt>
   <trkpt lat="40.0113250" lon="-105.6576240">
    <ele>3305.8</ele>
    <time>2026-09-13T11:26:30Z</time>
    
   </trkpt>
   <trkpt lat="40.0113290" lon="-105.6576120">
    <ele>3305.8</ele>
    <time>2026-09-13T11:26:31Z</time>
    
   </trkpt>
   <trkpt lat="40.0113370" lon="-105.6575460">
    <ele>3306.0</ele>
    <time>2026-09-13T11:26:37Z</time>
    
   </trkpt>
   <trkpt lat="40.0113360" lon="-105.6575120">
    <ele>3306.2</ele>
    <time>2026-09-13T11:26:40Z</time>
    
   </trkpt>
   <trkpt lat="40.0113350" lon="-105.6573640">
    <ele>3306.2</ele>
    <time>2026-09-13T11:26:52Z</time>
    
   </trkpt>
   <trkpt lat="40.0113360" lon="-105.6573340">
    <ele>3306.4</ele>
    <time>2026-09-13T11:26:55Z</time>
    
   </trkpt>
   <trkpt lat="40.0113320" lon="-105.6573110">
    <ele>3307.2</ele>
    <time>2026-09-13T11:26:57Z</time>
    
   </trkpt>
   <trkpt lat="40.0113220" lon="-105.6572660">
    <ele>3307.8</ele>
    <time>2026-09-13T11:27:01Z</time>
    
   </trkpt>
   <trkpt lat="40.0113070" lon="-105.6572220">
    <ele>3308.2</ele>
    <time>2026-09-13T11:27:05Z</time>
    
   </trkpt>
   <trkpt lat="40.0112880" lon="-105.6571750">
    <ele>3308.8</ele>
    <time>2026-09-13T11:27:09Z</time>
    
   </trkpt>
   <trkpt lat="40.0112720" lon="-105.6571370">
    <ele>3309.2</ele>
    <time>2026-09-13T11:27:12Z</time>
    
   </trkpt>
   <trkpt lat="40.0112790" lon="-105.6570650">
    <ele>3309.0</ele>
    <time>2026-09-13T11:27:18Z</time>
    
   </trkpt>
   <trkpt lat="40.0112830" lon="-105.6570170">
    <ele>3309.0</ele>
    <time>2026-09-13T11:27:21Z</time>
    
   </trkpt>
   <trkpt lat="40.0112870" lon="-105.6569840">
    <ele>3309.2</ele>
    <time>2026-09-13T11:27:23Z</time>
    
   </trkpt>
   <trkpt lat="40.0112870" lon="-105.6569380">
    <ele>3310.6</ele>
    <time>2026-09-13T11:27:26Z</time>
    
   </trkpt>
   <trkpt lat="40.0112950" lon="-105.6568890">
    <ele>3311.8</ele>
    <time>2026-09-13T11:27:30Z</time>
    
   </trkpt>
   <trkpt lat="40.0112950" lon="-105.6568720">
    <ele>3311.8</ele>
    <time>2026-09-13T11:27:31Z</time>
    
   </trkpt>
   <trkpt lat="40.0113070" lon="-105.6567470">
    <ele>3312.2</ele>
    <time>2026-09-13T11:27:41Z</time>
    
   </trkpt>
   <trkpt lat="40.0113120" lon="-105.6566940">
    <ele>3312.8</ele>
    <time>2026-09-13T11:27:45Z</time>
    
   </trkpt>
   <trkpt lat="40.0113150" lon="-105.6566200">
    <ele>3312.6</ele>
    <time>2026-09-13T11:27:50Z</time>
    
   </trkpt>
   <trkpt lat="40.0113120" lon="-105.6566050">
    <ele>3312.6</ele>
    <time>2026-09-13T11:27:51Z</time>
    
   </trkpt>
   <trkpt lat="40.0113300" lon="-105.6565280">
    <ele>3313.0</ele>
    <time>2026-09-13T11:27:57Z</time>
    
   </trkpt>
   <trkpt lat="40.0113470" lon="-105.6565190">
    <ele>3313.2</ele>
    <time>2026-09-13T11:27:59Z</time>
    
   </trkpt>
   <trkpt lat="40.0113910" lon="-105.6564880">
    <ele>3313.8</ele>
    <time>2026-09-13T11:28:05Z</time>
    
   </trkpt>
   <trkpt lat="40.0114030" lon="-105.6564860">
    <ele>3314.0</ele>
    <time>2026-09-13T11:28:06Z</time>
    
   </trkpt>
   <trkpt lat="40.0114330" lon="-105.6564680">
    <ele>3314.2</ele>
    <time>2026-09-13T11:28:09Z</time>
    
   </trkpt>
   <trkpt lat="40.0115310" lon="-105.6564090">
    <ele>3314.0</ele>
    <time>2026-09-13T11:28:20Z</time>
    
   </trkpt>
   <trkpt lat="40.0115620" lon="-105.6563610">
    <ele>3315.0</ele>
    <time>2026-09-13T11:28:25Z</time>
    
   </trkpt>
   <trkpt lat="40.0115710" lon="-105.6563430">
    <ele>3315.4</ele>
    <time>2026-09-13T11:28:27Z</time>
    
   </trkpt>
   <trkpt lat="40.0115790" lon="-105.6563260">
    <ele>3316.0</ele>
    <time>2026-09-13T11:28:29Z</time>
    
   </trkpt>
   <trkpt lat="40.0115830" lon="-105.6563180">
    <ele>3316.2</ele>
    <time>2026-09-13T11:28:30Z</time>
    
   </trkpt>
   <trkpt lat="40.0115920" lon="-105.6563090">
    <ele>3316.6</ele>
    <time>2026-09-13T11:28:32Z</time>
    
   </trkpt>
   <trkpt lat="40.0116170" lon="-105.6562670">
    <ele>3317.2</ele>
    <time>2026-09-13T11:28:37Z</time>
    
   </trkpt>
   <trkpt lat="40.0116210" lon="-105.6562440">
    <ele>3317.6</ele>
    <time>2026-09-13T11:28:39Z</time>
    
   </trkpt>
   <trkpt lat="40.0116270" lon="-105.6562050">
    <ele>3318.4</ele>
    <time>2026-09-13T11:28:43Z</time>
    
   </trkpt>
   <trkpt lat="40.0116180" lon="-105.6561570">
    <ele>3318.6</ele>
    <time>2026-09-13T11:28:47Z</time>
    
   </trkpt>
   <trkpt lat="40.0116110" lon="-105.6561150">
    <ele>3319.2</ele>
    <time>2026-09-13T11:28:50Z</time>
    
   </trkpt>
   <trkpt lat="40.0116110" lon="-105.6560970">
    <ele>3319.4</ele>
    <time>2026-09-13T11:28:52Z</time>
    
   </trkpt>
   <trkpt lat="40.0116160" lon="-105.6560820">
    <ele>3319.4</ele>
    <time>2026-09-13T11:28:53Z</time>
    
   </trkpt>
   <trkpt lat="40.0116320" lon="-105.6560370">
    <ele>3319.8</ele>
    <time>2026-09-13T11:28:58Z</time>
    
   </trkpt>
   <trkpt lat="40.0116640" lon="-105.6560390">
    <ele>3320.6</ele>
    <time>2026-09-13T11:29:03Z</time>
    
   </trkpt>
   <trkpt lat="40.0116870" lon="-105.6560330">
    <ele>3321.2</ele>
    <time>2026-09-13T11:29:06Z</time>
    
   </trkpt>
   <trkpt lat="40.0116990" lon="-105.6560280">
    <ele>3321.6</ele>
    <time>2026-09-13T11:29:08Z</time>
    
   </trkpt>
   <trkpt lat="40.0117580" lon="-105.6560120">
    <ele>3321.8</ele>
    <time>2026-09-13T11:29:15Z</time>
    
   </trkpt>
   <trkpt lat="40.0117860" lon="-105.6559910">
    <ele>3322.8</ele>
    <time>2026-09-13T11:29:20Z</time>
    
   </trkpt>
   <trkpt lat="40.0117920" lon="-105.6559850">
    <ele>3323.8</ele>
    <time>2026-09-13T11:29:22Z</time>
    
   </trkpt>
   <trkpt lat="40.0118030" lon="-105.6559900">
    <ele>3324.8</ele>
    <time>2026-09-13T11:29:25Z</time>
    
   </trkpt>
   <trkpt lat="40.0118100" lon="-105.6559890">
    <ele>3325.0</ele>
    <time>2026-09-13T11:29:26Z</time>
    
   </trkpt>
   <trkpt lat="40.0118440" lon="-105.6559650">
    <ele>3326.4</ele>
    <time>2026-09-13T11:29:30Z</time>
    
   </trkpt>
   <trkpt lat="40.0118690" lon="-105.6559430">
    <ele>3327.4</ele>
    <time>2026-09-13T11:29:33Z</time>
    
   </trkpt>
   <trkpt lat="40.0118740" lon="-105.6559390">
    <ele>3327.6</ele>
    <time>2026-09-13T11:29:34Z</time>
    
   </trkpt>
   <trkpt lat="40.0119020" lon="-105.6558900">
    <ele>3328.8</ele>
    <time>2026-09-13T11:29:39Z</time>
    
   </trkpt>
   <trkpt lat="40.0119190" lon="-105.6558820">
    <ele>3329.4</ele>
    <time>2026-09-13T11:29:41Z</time>
    
   </trkpt>
   <trkpt lat="40.0119380" lon="-105.6558720">
    <ele>3329.8</ele>
    <time>2026-09-13T11:29:43Z</time>
    
   </trkpt>
   <trkpt lat="40.0119970" lon="-105.6558650">
    <ele>3330.6</ele>
    <time>2026-09-13T11:29:50Z</time>
    
   </trkpt>
   <trkpt lat="40.0120050" lon="-105.6558690">
    <ele>3330.8</ele>
    <time>2026-09-13T11:29:51Z</time>
    
   </trkpt>
   <trkpt lat="40.0120150" lon="-105.6558700">
    <ele>3331.0</ele>
    <time>2026-09-13T11:29:52Z</time>
    
   </trkpt>
   <trkpt lat="40.0120400" lon="-105.6558540">
    <ele>3331.4</ele>
    <time>2026-09-13T11:29:55Z</time>
    
   </trkpt>
   <trkpt lat="40.0120690" lon="-105.6558310">
    <ele>3331.4</ele>
    <time>2026-09-13T11:29:59Z</time>
    
   </trkpt>
   <trkpt lat="40.0120940" lon="-105.6558120">
    <ele>3331.6</ele>
    <time>2026-09-13T11:30:02Z</time>
    
   </trkpt>
   <trkpt lat="40.0121770" lon="-105.6557680">
    <ele>3331.8</ele>
    <time>2026-09-13T11:30:10Z</time>
    
   </trkpt>
   <trkpt lat="40.0122110" lon="-105.6557550">
    <ele>3331.8</ele>
    <time>2026-09-13T11:30:13Z</time>
    
   </trkpt>
   <trkpt lat="40.0122520" lon="-105.6557400">
    <ele>3331.8</ele>
    <time>2026-09-13T11:30:17Z</time>
    
   </trkpt>
   <trkpt lat="40.0122630" lon="-105.6557330">
    <ele>3332.0</ele>
    <time>2026-09-13T11:30:18Z</time>
    
   </trkpt>
   <trkpt lat="40.0122990" lon="-105.6557020">
    <ele>3333.0</ele>
    <time>2026-09-13T11:30:22Z</time>
    
   </trkpt>
   <trkpt lat="40.0123270" lon="-105.6556840">
    <ele>3333.6</ele>
    <time>2026-09-13T11:30:25Z</time>
    
   </trkpt>
   <trkpt lat="40.0123560" lon="-105.6556660">
    <ele>3334.2</ele>
    <time>2026-09-13T11:30:28Z</time>
    
   </trkpt>
   <trkpt lat="40.0123640" lon="-105.6556550">
    <ele>3334.2</ele>
    <time>2026-09-13T11:30:29Z</time>
    
   </trkpt>
   <trkpt lat="40.0123750" lon="-105.6556260">
    <ele>3334.4</ele>
    <time>2026-09-13T11:30:31Z</time>
    
   </trkpt>
   <trkpt lat="40.0123720" lon="-105.6555960">
    <ele>3334.6</ele>
    <time>2026-09-13T11:30:33Z</time>
    
   </trkpt>
   <trkpt lat="40.0123640" lon="-105.6555840">
    <ele>3334.8</ele>
    <time>2026-09-13T11:30:34Z</time>
    
   </trkpt>
   <trkpt lat="40.0123390" lon="-105.6555720">
    <ele>3335.2</ele>
    <time>2026-09-13T11:30:37Z</time>
    
   </trkpt>
   <trkpt lat="40.0123220" lon="-105.6555690">
    <ele>3335.8</ele>
    <time>2026-09-13T11:30:39Z</time>
    
   </trkpt>
   <trkpt lat="40.0123040" lon="-105.6555630">
    <ele>3336.2</ele>
    <time>2026-09-13T11:30:41Z</time>
    
   </trkpt>
   <trkpt lat="40.0122830" lon="-105.6555520">
    <ele>3336.6</ele>
    <time>2026-09-13T11:30:44Z</time>
    
   </trkpt>
   <trkpt lat="40.0122620" lon="-105.6555460">
    <ele>3337.0</ele>
    <time>2026-09-13T11:30:46Z</time>
    
   </trkpt>
   <trkpt lat="40.0122430" lon="-105.6555410">
    <ele>3337.0</ele>
    <time>2026-09-13T11:30:48Z</time>
    
   </trkpt>
   <trkpt lat="40.0122280" lon="-105.6555360">
    <ele>3337.2</ele>
    <time>2026-09-13T11:30:50Z</time>
    
   </trkpt>
   <trkpt lat="40.0122130" lon="-105.6555360">
    <ele>3337.4</ele>
    <time>2026-09-13T11:30:52Z</time>
    
   </trkpt>
   <trkpt lat="40.0121960" lon="-105.6555410">
    <ele>3337.8</ele>
    <time>2026-09-13T11:30:55Z</time>
    
   </trkpt>
   <trkpt lat="40.0121750" lon="-105.6555360">
    <ele>3338.4</ele>
    <time>2026-09-13T11:30:58Z</time>
    
   </trkpt>
   <trkpt lat="40.0121060" lon="-105.6555450">
    <ele>3338.6</ele>
    <time>2026-09-13T11:31:07Z</time>
    
   </trkpt>
   <trkpt lat="40.0120640" lon="-105.6555420">
    <ele>3339.4</ele>
    <time>2026-09-13T11:31:11Z</time>
    
   </trkpt>
   <trkpt lat="40.0120550" lon="-105.6555390">
    <ele>3339.8</ele>
    <time>2026-09-13T11:31:12Z</time>
    
   </trkpt>
   <trkpt lat="40.0120030" lon="-105.6555370">
    <ele>3340.4</ele>
    <time>2026-09-13T11:31:17Z</time>
    
   </trkpt>
   <trkpt lat="40.0119620" lon="-105.6555330">
    <ele>3341.6</ele>
    <time>2026-09-13T11:31:21Z</time>
    
   </trkpt>
   <trkpt lat="40.0119210" lon="-105.6555270">
    <ele>3342.0</ele>
    <time>2026-09-13T11:31:25Z</time>
    
   </trkpt>
   <trkpt lat="40.0118660" lon="-105.6555120">
    <ele>3340.6</ele>
    <time>2026-09-13T11:31:30Z</time>
    
   </trkpt>
   <trkpt lat="40.0118090" lon="-105.6555060">
    <ele>3340.6</ele>
    <time>2026-09-13T11:31:35Z</time>
    
   </trkpt>
   <trkpt lat="40.0117950" lon="-105.6555030">
    <ele>3340.6</ele>
    <time>2026-09-13T11:31:36Z</time>
    
   </trkpt>
   <trkpt lat="40.0117700" lon="-105.6554500">
    <ele>3342.0</ele>
    <time>2026-09-13T11:31:44Z</time>
    
   </trkpt>
   <trkpt lat="40.0117880" lon="-105.6554320">
    <ele>3342.8</ele>
    <time>2026-09-13T11:31:46Z</time>
    
   </trkpt>
   <trkpt lat="40.0118130" lon="-105.6554270">
    <ele>3343.2</ele>
    <time>2026-09-13T11:31:48Z</time>
    
   </trkpt>
   <trkpt lat="40.0118360" lon="-105.6554080">
    <ele>3343.4</ele>
    <time>2026-09-13T11:31:51Z</time>
    
   </trkpt>
   <trkpt lat="40.0119140" lon="-105.6553610">
    <ele>3344.2</ele>
    <time>2026-09-13T11:32:01Z</time>
    
   </trkpt>
   <trkpt lat="40.0119500" lon="-105.6553310">
    <ele>3345.4</ele>
    <time>2026-09-13T11:32:05Z</time>
    
   </trkpt>
   <trkpt lat="40.0119570" lon="-105.6553280">
    <ele>3345.8</ele>
    <time>2026-09-13T11:32:06Z</time>
    
   </trkpt>
   <trkpt lat="40.0119800" lon="-105.6553210">
    <ele>3346.6</ele>
    <time>2026-09-13T11:32:09Z</time>
    
   </trkpt>
   <trkpt lat="40.0119880" lon="-105.6553180">
    <ele>3347.0</ele>
    <time>2026-09-13T11:32:10Z</time>
    
   </trkpt>
   <trkpt lat="40.0120340" lon="-105.6552830">
    <ele>3347.4</ele>
    <time>2026-09-13T11:32:16Z</time>
    
   </trkpt>
   <trkpt lat="40.0120460" lon="-105.6552580">
    <ele>3347.8</ele>
    <time>2026-09-13T11:32:19Z</time>
    
   </trkpt>
   <trkpt lat="40.0120430" lon="-105.6552550">
    <ele>3348.2</ele>
    <time>2026-09-13T11:32:20Z</time>
    
   </trkpt>
   <trkpt lat="40.0120340" lon="-105.6552480">
    <ele>3348.8</ele>
    <time>2026-09-13T11:32:22Z</time>
    
   </trkpt>
   <trkpt lat="40.0120160" lon="-105.6552320">
    <ele>3350.0</ele>
    <time>2026-09-13T11:32:25Z</time>
    
   </trkpt>
   <trkpt lat="40.0119890" lon="-105.6552170">
    <ele>3350.6</ele>
    <time>2026-09-13T11:32:29Z</time>
    
   </trkpt>
   <trkpt lat="40.0119820" lon="-105.6552110">
    <ele>3351.0</ele>
    <time>2026-09-13T11:32:30Z</time>
    
   </trkpt>
   <trkpt lat="40.0119520" lon="-105.6551890">
    <ele>3351.4</ele>
    <time>2026-09-13T11:32:34Z</time>
    
   </trkpt>
   <trkpt lat="40.0119150" lon="-105.6551690">
    <ele>3351.6</ele>
    <time>2026-09-13T11:32:39Z</time>
    
   </trkpt>
   <trkpt lat="40.0118790" lon="-105.6551410">
    <ele>3352.0</ele>
    <time>2026-09-13T11:32:44Z</time>
    
   </trkpt>
   <trkpt lat="40.0118610" lon="-105.6551260">
    <ele>3352.4</ele>
    <time>2026-09-13T11:32:46Z</time>
    
   </trkpt>
   <trkpt lat="40.0118480" lon="-105.6551150">
    <ele>3352.8</ele>
    <time>2026-09-13T11:32:48Z</time>
    
   </trkpt>
   <trkpt lat="40.0118410" lon="-105.6551030">
    <ele>3353.2</ele>
    <time>2026-09-13T11:32:49Z</time>
    
   </trkpt>
   <trkpt lat="40.0118210" lon="-105.6550700">
    <ele>3354.4</ele>
    <time>2026-09-13T11:32:53Z</time>
    
   </trkpt>
   <trkpt lat="40.0117960" lon="-105.6550360">
    <ele>3354.6</ele>
    <time>2026-09-13T11:32:56Z</time>
    
   </trkpt>
   <trkpt lat="40.0117540" lon="-105.6549960">
    <ele>3355.6</ele>
    <time>2026-09-13T11:33:01Z</time>
    
   </trkpt>
   <trkpt lat="40.0117170" lon="-105.6549480">
    <ele>3356.0</ele>
    <time>2026-09-13T11:33:06Z</time>
    
   </trkpt>
   <trkpt lat="40.0116930" lon="-105.6549140">
    <ele>3356.0</ele>
    <time>2026-09-13T11:33:09Z</time>
    
   </trkpt>
   <trkpt lat="40.0116400" lon="-105.6548550">
    <ele>3356.6</ele>
    <time>2026-09-13T11:33:16Z</time>
    
   </trkpt>
   <trkpt lat="40.0116300" lon="-105.6548490">
    <ele>3357.0</ele>
    <time>2026-09-13T11:33:17Z</time>
    
   </trkpt>
   <trkpt lat="40.0116180" lon="-105.6548450">
    <ele>3357.8</ele>
    <time>2026-09-13T11:33:19Z</time>
    
   </trkpt>
   <trkpt lat="40.0116130" lon="-105.6548370">
    <ele>3358.0</ele>
    <time>2026-09-13T11:33:20Z</time>
    
   </trkpt>
   <trkpt lat="40.0116070" lon="-105.6548310">
    <ele>3358.4</ele>
    <time>2026-09-13T11:33:21Z</time>
    
   </trkpt>
   <trkpt lat="40.0115980" lon="-105.6548250">
    <ele>3358.6</ele>
    <time>2026-09-13T11:33:23Z</time>
    
   </trkpt>
   <trkpt lat="40.0115920" lon="-105.6548210">
    <ele>3358.8</ele>
    <time>2026-09-13T11:33:25Z</time>
    
   </trkpt>
   <trkpt lat="40.0115570" lon="-105.6547880">
    <ele>3358.6</ele>
    <time>2026-09-13T11:33:34Z</time>
    
   </trkpt>
   <trkpt lat="40.0116110" lon="-105.6547750">
    <ele>3358.4</ele>
    <time>2026-09-13T11:33:40Z</time>
    
   </trkpt>
   <trkpt lat="40.0116220" lon="-105.6547700">
    <ele>3358.6</ele>
    <time>2026-09-13T11:33:41Z</time>
    
   </trkpt>
   <trkpt lat="40.0116310" lon="-105.6547670">
    <ele>3358.6</ele>
    <time>2026-09-13T11:33:42Z</time>
    
   </trkpt>
   <trkpt lat="40.0117090" lon="-105.6547060">
    <ele>3359.4</ele>
    <time>2026-09-13T11:33:52Z</time>
    
   </trkpt>
   <trkpt lat="40.0117190" lon="-105.6546980">
    <ele>3359.6</ele>
    <time>2026-09-13T11:33:53Z</time>
    
   </trkpt>
   <trkpt lat="40.0117290" lon="-105.6546910">
    <ele>3359.8</ele>
    <time>2026-09-13T11:33:54Z</time>
    
   </trkpt>
   <trkpt lat="40.0117720" lon="-105.6546760">
    <ele>3360.2</ele>
    <time>2026-09-13T11:34:00Z</time>
    
   </trkpt>
   <trkpt lat="40.0117810" lon="-105.6546720">
    <ele>3360.2</ele>
    <time>2026-09-13T11:34:02Z</time>
    
   </trkpt>
   <trkpt lat="40.0117830" lon="-105.6546720">
    <ele>3360.4</ele>
    <time>2026-09-13T11:34:04Z</time>
    
   </trkpt>
   <trkpt lat="40.0117820" lon="-105.6546730">
    <ele>3361.0</ele>
    <time>2026-09-13T11:34:07Z</time>
    
   </trkpt>
   <trkpt lat="40.0117800" lon="-105.6546730">
    <ele>3361.4</ele>
    <time>2026-09-13T11:34:10Z</time>
    
   </trkpt>
   <trkpt lat="40.0117740" lon="-105.6546780">
    <ele>3361.6</ele>
    <time>2026-09-13T11:34:30Z</time>
    
   </trkpt>
   <trkpt lat="40.0117810" lon="-105.6546780">
    <ele>3362.2</ele>
    <time>2026-09-13T11:34:34Z</time>
    
   </trkpt>
   <trkpt lat="40.0117900" lon="-105.6546800">
    <ele>3362.6</ele>
    <time>2026-09-13T11:34:44Z</time>
    
   </trkpt>
   <trkpt lat="40.0117910" lon="-105.6546800">
    <ele>3362.6</ele>
    <time>2026-09-13T11:34:46Z</time>
    
   </trkpt>
   <trkpt lat="40.0117920" lon="-105.6546800">
    <ele>3362.6</ele>
    <time>2026-09-13T11:34:49Z</time>
    
   </trkpt>
   <trkpt lat="40.0117870" lon="-105.6546680">
    <ele>3362.2</ele>
    <time>2026-09-13T11:34:58Z</time>
    
   </trkpt>
   <trkpt lat="40.0117750" lon="-105.6546650">
    <ele>3361.4</ele>
    <time>2026-09-13T11:35:03Z</time>
    
   </trkpt>
   <trkpt lat="40.0117720" lon="-105.6546670">
    <ele>3361.4</ele>
    <time>2026-09-13T11:35:05Z</time>
    
   </trkpt>
   <trkpt lat="40.0117690" lon="-105.6546670">
    <ele>3361.2</ele>
    <time>2026-09-13T11:35:08Z</time>
    
   </trkpt>
   <trkpt lat="40.0117620" lon="-105.6546590">
    <ele>3360.6</ele>
    <time>2026-09-13T11:35:18Z</time>
    
   </trkpt>
   <trkpt lat="40.0117580" lon="-105.6546510">
    <ele>3361.2</ele>
    <time>2026-09-13T11:35:23Z</time>
    
   </trkpt>
   <trkpt lat="40.0117730" lon="-105.6546490">
    <ele>3361.8</ele>
    <time>2026-09-13T11:35:27Z</time>
    
   </trkpt>
   <trkpt lat="40.0117760" lon="-105.6546460">
    <ele>3362.2</ele>
    <time>2026-09-13T11:35:29Z</time>
    
   </trkpt>
   <trkpt lat="40.0117860" lon="-105.6546510">
    <ele>3361.8</ele>
    <time>2026-09-13T11:35:36Z</time>
    
   </trkpt>
   <trkpt lat="40.0117780" lon="-105.6546740">
    <ele>3362.8</ele>
    <time>2026-09-13T11:35:43Z</time>
    
   </trkpt>
   <trkpt lat="40.0117790" lon="-105.6546630">
    <ele>3363.0</ele>
    <time>2026-09-13T11:35:49Z</time>
    
   </trkpt>
   <trkpt lat="40.0117830" lon="-105.6546340">
    <ele>3362.0</ele>
    <time>2026-09-13T11:35:54Z</time>
    
   </trkpt>
   <trkpt lat="40.0117870" lon="-105.6546300">
    <ele>3361.8</ele>
    <time>2026-09-13T11:35:55Z</time>
    
   </trkpt>
   <trkpt lat="40.0118040" lon="-105.6546260">
    <ele>3361.0</ele>
    <time>2026-09-13T11:35:57Z</time>
    
   </trkpt>
   <trkpt lat="40.0118110" lon="-105.6546220">
    <ele>3360.6</ele>
    <time>2026-09-13T11:35:58Z</time>
    
   </trkpt>
   <trkpt lat="40.0118380" lon="-105.6546050">
    <ele>3360.0</ele>
    <time>2026-09-13T11:36:01Z</time>
    
   </trkpt>
   <trkpt lat="40.0118630" lon="-105.6545870">
    <ele>3361.8</ele>
    <time>2026-09-13T11:36:04Z</time>
    
   </trkpt>
   <trkpt lat="40.0118800" lon="-105.6545700">
    <ele>3363.0</ele>
    <time>2026-09-13T11:36:06Z</time>
    
   </trkpt>
   <trkpt lat="40.0118950" lon="-105.6545520">
    <ele>3363.6</ele>
    <time>2026-09-13T11:36:08Z</time>
    
   </trkpt>
   <trkpt lat="40.0119290" lon="-105.6545210">
    <ele>3364.0</ele>
    <time>2026-09-13T11:36:12Z</time>
    
   </trkpt>
   <trkpt lat="40.0119710" lon="-105.6544740">
    <ele>3365.2</ele>
    <time>2026-09-13T11:36:17Z</time>
    
   </trkpt>
   <trkpt lat="40.0119940" lon="-105.6544490">
    <ele>3366.2</ele>
    <time>2026-09-13T11:36:20Z</time>
    
   </trkpt>
   <trkpt lat="40.0120370" lon="-105.6544130">
    <ele>3365.8</ele>
    <time>2026-09-13T11:36:26Z</time>
    
   </trkpt>
   <trkpt lat="40.0120490" lon="-105.6544010">
    <ele>3365.6</ele>
    <time>2026-09-13T11:36:28Z</time>
    
   </trkpt>
   <trkpt lat="40.0120570" lon="-105.6543940">
    <ele>3365.6</ele>
    <time>2026-09-13T11:36:29Z</time>
    
   </trkpt>
   <trkpt lat="40.0120650" lon="-105.6543880">
    <ele>3365.6</ele>
    <time>2026-09-13T11:36:30Z</time>
    
   </trkpt>
   <trkpt lat="40.0120820" lon="-105.6543770">
    <ele>3366.0</ele>
    <time>2026-09-13T11:36:32Z</time>
    
   </trkpt>
   <trkpt lat="40.0120900" lon="-105.6543740">
    <ele>3366.2</ele>
    <time>2026-09-13T11:36:33Z</time>
    
   </trkpt>
   <trkpt lat="40.0121010" lon="-105.6543590">
    <ele>3366.6</ele>
    <time>2026-09-13T11:36:35Z</time>
    
   </trkpt>
   <trkpt lat="40.0121230" lon="-105.6543560">
    <ele>3367.2</ele>
    <time>2026-09-13T11:36:38Z</time>
    
   </trkpt>
   <trkpt lat="40.0121320" lon="-105.6543590">
    <ele>3367.6</ele>
    <time>2026-09-13T11:36:39Z</time>
    
   </trkpt>
   <trkpt lat="40.0121500" lon="-105.6543580">
    <ele>3368.0</ele>
    <time>2026-09-13T11:36:41Z</time>
    
   </trkpt>
   <trkpt lat="40.0121630" lon="-105.6543310">
    <ele>3369.2</ele>
    <time>2026-09-13T11:36:44Z</time>
    
   </trkpt>
   <trkpt lat="40.0121660" lon="-105.6543160">
    <ele>3370.2</ele>
    <time>2026-09-13T11:36:46Z</time>
    
   </trkpt>
   <trkpt lat="40.0121680" lon="-105.6542880">
    <ele>3371.2</ele>
    <time>2026-09-13T11:36:49Z</time>
    
   </trkpt>
   <trkpt lat="40.0121720" lon="-105.6542770">
    <ele>3371.4</ele>
    <time>2026-09-13T11:36:50Z</time>
    
   </trkpt>
   <trkpt lat="40.0121900" lon="-105.6542530">
    <ele>3372.2</ele>
    <time>2026-09-13T11:36:53Z</time>
    
   </trkpt>
   <trkpt lat="40.0122090" lon="-105.6542220">
    <ele>3372.4</ele>
    <time>2026-09-13T11:36:56Z</time>
    
   </trkpt>
   <trkpt lat="40.0122100" lon="-105.6542110">
    <ele>3372.8</ele>
    <time>2026-09-13T11:36:57Z</time>
    
   </trkpt>
   <trkpt lat="40.0122060" lon="-105.6541930">
    <ele>3373.6</ele>
    <time>2026-09-13T11:36:59Z</time>
    
   </trkpt>
   <trkpt lat="40.0121990" lon="-105.6541860">
    <ele>3373.8</ele>
    <time>2026-09-13T11:37:00Z</time>
    
   </trkpt>
   <trkpt lat="40.0121930" lon="-105.6541790">
    <ele>3374.2</ele>
    <time>2026-09-13T11:37:01Z</time>
    
   </trkpt>
   <trkpt lat="40.0121660" lon="-105.6541460">
    <ele>3374.8</ele>
    <time>2026-09-13T11:37:06Z</time>
    
   </trkpt>
   <trkpt lat="40.0121610" lon="-105.6541400">
    <ele>3375.0</ele>
    <time>2026-09-13T11:37:07Z</time>
    
   </trkpt>
   <trkpt lat="40.0121520" lon="-105.6541210">
    <ele>3375.2</ele>
    <time>2026-09-13T11:37:09Z</time>
    
   </trkpt>
   <trkpt lat="40.0121420" lon="-105.6541030">
    <ele>3375.4</ele>
    <time>2026-09-13T11:37:11Z</time>
    
   </trkpt>
   <trkpt lat="40.0121190" lon="-105.6540830">
    <ele>3375.2</ele>
    <time>2026-09-13T11:37:14Z</time>
    
   </trkpt>
   <trkpt lat="40.0121050" lon="-105.6540790">
    <ele>3375.4</ele>
    <time>2026-09-13T11:37:16Z</time>
    
   </trkpt>
   <trkpt lat="40.0120810" lon="-105.6540580">
    <ele>3376.0</ele>
    <time>2026-09-13T11:37:20Z</time>
    
   </trkpt>
   <trkpt lat="40.0120630" lon="-105.6540030">
    <ele>3377.0</ele>
    <time>2026-09-13T11:37:26Z</time>
    
   </trkpt>
   <trkpt lat="40.0120550" lon="-105.6539540">
    <ele>3377.6</ele>
    <time>2026-09-13T11:37:30Z</time>
    
   </trkpt>
   <trkpt lat="40.0120480" lon="-105.6539020">
    <ele>3378.2</ele>
    <time>2026-09-13T11:37:34Z</time>
    
   </trkpt>
   <trkpt lat="40.0120450" lon="-105.6538680">
    <ele>3378.4</ele>
    <time>2026-09-13T11:37:37Z</time>
    
   </trkpt>
   <trkpt lat="40.0120440" lon="-105.6538510">
    <ele>3378.4</ele>
    <time>2026-09-13T11:37:38Z</time>
    
   </trkpt>
   <trkpt lat="40.0120450" lon="-105.6537920">
    <ele>3379.2</ele>
    <time>2026-09-13T11:37:42Z</time>
    
   </trkpt>
   <trkpt lat="40.0120450" lon="-105.6537350">
    <ele>3379.8</ele>
    <time>2026-09-13T11:37:46Z</time>
    
   </trkpt>
   <trkpt lat="40.0120430" lon="-105.6537100">
    <ele>3380.0</ele>
    <time>2026-09-13T11:37:48Z</time>
    
   </trkpt>
   <trkpt lat="40.0120440" lon="-105.6536820">
    <ele>3380.4</ele>
    <time>2026-09-13T11:37:50Z</time>
    
   </trkpt>
   <trkpt lat="40.0120180" lon="-105.6536630">
    <ele>3380.8</ele>
    <time>2026-09-13T11:37:53Z</time>
    
   </trkpt>
   <trkpt lat="40.0120110" lon="-105.6536580">
    <ele>3380.8</ele>
    <time>2026-09-13T11:37:54Z</time>
    
   </trkpt>
   <trkpt lat="40.0119750" lon="-105.6536350">
    <ele>3381.8</ele>
    <time>2026-09-13T11:37:58Z</time>
    
   </trkpt>
   <trkpt lat="40.0119140" lon="-105.6535910">
    <ele>3382.6</ele>
    <time>2026-09-13T11:38:05Z</time>
    
   </trkpt>
   <trkpt lat="40.0119040" lon="-105.6535900">
    <ele>3382.8</ele>
    <time>2026-09-13T11:38:06Z</time>
    
   </trkpt>
   <trkpt lat="40.0118670" lon="-105.6535830">
    <ele>3383.0</ele>
    <time>2026-09-13T11:38:10Z</time>
    
   </trkpt>
   <trkpt lat="40.0118260" lon="-105.6535600">
    <ele>3383.6</ele>
    <time>2026-09-13T11:38:15Z</time>
    
   </trkpt>
   <trkpt lat="40.0118040" lon="-105.6535550">
    <ele>3383.8</ele>
    <time>2026-09-13T11:38:18Z</time>
    
   </trkpt>
   <trkpt lat="40.0117420" lon="-105.6535350">
    <ele>3385.0</ele>
    <time>2026-09-13T11:38:25Z</time>
    
   </trkpt>
   <trkpt lat="40.0117180" lon="-105.6535110">
    <ele>3386.4</ele>
    <time>2026-09-13T11:38:29Z</time>
    
   </trkpt>
   <trkpt lat="40.0116800" lon="-105.6535030">
    <ele>3387.8</ele>
    <time>2026-09-13T11:38:33Z</time>
    
   </trkpt>
   <trkpt lat="40.0116730" lon="-105.6535010">
    <ele>3388.2</ele>
    <time>2026-09-13T11:38:34Z</time>
    
   </trkpt>
   <trkpt lat="40.0116630" lon="-105.6534990">
    <ele>3388.4</ele>
    <time>2026-09-13T11:38:35Z</time>
    
   </trkpt>
   <trkpt lat="40.0116490" lon="-105.6534900">
    <ele>3389.0</ele>
    <time>2026-09-13T11:38:37Z</time>
    
   </trkpt>
   <trkpt lat="40.0116230" lon="-105.6534670">
    <ele>3390.2</ele>
    <time>2026-09-13T11:38:41Z</time>
    
   </trkpt>
   <trkpt lat="40.0115990" lon="-105.6534550">
    <ele>3390.6</ele>
    <time>2026-09-13T11:38:45Z</time>
    
   </trkpt>
   <trkpt lat="40.0115940" lon="-105.6534470">
    <ele>3390.8</ele>
    <time>2026-09-13T11:38:46Z</time>
    
   </trkpt>
   <trkpt lat="40.0115860" lon="-105.6534380">
    <ele>3391.0</ele>
    <time>2026-09-13T11:38:47Z</time>
    
   </trkpt>
   <trkpt lat="40.0115730" lon="-105.6534240">
    <ele>3391.2</ele>
    <time>2026-09-13T11:38:49Z</time>
    
   </trkpt>
   <trkpt lat="40.0115650" lon="-105.6534140">
    <ele>3391.4</ele>
    <time>2026-09-13T11:38:50Z</time>
    
   </trkpt>
   <trkpt lat="40.0115570" lon="-105.6533460">
    <ele>3392.0</ele>
    <time>2026-09-13T11:38:55Z</time>
    
   </trkpt>
   <trkpt lat="40.0115520" lon="-105.6532490">
    <ele>3392.4</ele>
    <time>2026-09-13T11:39:02Z</time>
    
   </trkpt>
   <trkpt lat="40.0115480" lon="-105.6532340">
    <ele>3392.4</ele>
    <time>2026-09-13T11:39:03Z</time>
    
   </trkpt>
   <trkpt lat="40.0115190" lon="-105.6531620">
    <ele>3393.4</ele>
    <time>2026-09-13T11:39:09Z</time>
    
   </trkpt>
   <trkpt lat="40.0115080" lon="-105.6531250">
    <ele>3394.2</ele>
    <time>2026-09-13T11:39:12Z</time>
    
   </trkpt>
   <trkpt lat="40.0115040" lon="-105.6531130">
    <ele>3394.6</ele>
    <time>2026-09-13T11:39:13Z</time>
    
   </trkpt>
   <trkpt lat="40.0114920" lon="-105.6530880">
    <ele>3394.8</ele>
    <time>2026-09-13T11:39:15Z</time>
    
   </trkpt>
   <trkpt lat="40.0114600" lon="-105.6530370">
    <ele>3394.0</ele>
    <time>2026-09-13T11:39:19Z</time>
    
   </trkpt>
   <trkpt lat="40.0114290" lon="-105.6529700">
    <ele>3394.2</ele>
    <time>2026-09-13T11:39:24Z</time>
    
   </trkpt>
   <trkpt lat="40.0114220" lon="-105.6529560">
    <ele>3394.4</ele>
    <time>2026-09-13T11:39:25Z</time>
    
   </trkpt>
   <trkpt lat="40.0113910" lon="-105.6529080">
    <ele>3395.2</ele>
    <time>2026-09-13T11:39:29Z</time>
    
   </trkpt>
   <trkpt lat="40.0113640" lon="-105.6528640">
    <ele>3395.2</ele>
    <time>2026-09-13T11:39:33Z</time>
    
   </trkpt>
   <trkpt lat="40.0113270" lon="-105.6527940">
    <ele>3395.0</ele>
    <time>2026-09-13T11:39:39Z</time>
    
   </trkpt>
   <trkpt lat="40.0113160" lon="-105.6527730">
    <ele>3395.0</ele>
    <time>2026-09-13T11:39:41Z</time>
    
   </trkpt>
   <trkpt lat="40.0112880" lon="-105.6527320">
    <ele>3394.8</ele>
    <time>2026-09-13T11:39:45Z</time>
    
   </trkpt>
   <trkpt lat="40.0112770" lon="-105.6527080">
    <ele>3395.0</ele>
    <time>2026-09-13T11:39:47Z</time>
    
   </trkpt>
   <trkpt lat="40.0112520" lon="-105.6526710">
    <ele>3395.2</ele>
    <time>2026-09-13T11:39:51Z</time>
    
   </trkpt>
   <trkpt lat="40.0112200" lon="-105.6526110">
    <ele>3395.2</ele>
    <time>2026-09-13T11:39:56Z</time>
    
   </trkpt>
   <trkpt lat="40.0112080" lon="-105.6525850">
    <ele>3395.2</ele>
    <time>2026-09-13T11:39:58Z</time>
    
   </trkpt>
   <trkpt lat="40.0111800" lon="-105.6525200">
    <ele>3395.6</ele>
    <time>2026-09-13T11:40:03Z</time>
    
   </trkpt>
   <trkpt lat="40.0111750" lon="-105.6525060">
    <ele>3395.6</ele>
    <time>2026-09-13T11:40:04Z</time>
    
   </trkpt>
   <trkpt lat="40.0111460" lon="-105.6524110">
    <ele>3395.8</ele>
    <time>2026-09-13T11:40:10Z</time>
    
   </trkpt>
   <trkpt lat="40.0111280" lon="-105.6523600">
    <ele>3396.4</ele>
    <time>2026-09-13T11:40:14Z</time>
    
   </trkpt>
   <trkpt lat="40.0111210" lon="-105.6523470">
    <ele>3396.8</ele>
    <time>2026-09-13T11:40:15Z</time>
    
   </trkpt>
   <trkpt lat="40.0110900" lon="-105.6522850">
    <ele>3397.8</ele>
    <time>2026-09-13T11:40:20Z</time>
    
   </trkpt>
   <trkpt lat="40.0110720" lon="-105.6522470">
    <ele>3398.2</ele>
    <time>2026-09-13T11:40:23Z</time>
    
   </trkpt>
   <trkpt lat="40.0110580" lon="-105.6522110">
    <ele>3398.8</ele>
    <time>2026-09-13T11:40:27Z</time>
    
   </trkpt>
   <trkpt lat="40.0110660" lon="-105.6522090">
    <ele>3399.0</ele>
    <time>2026-09-13T11:40:28Z</time>
    
   </trkpt>
   <trkpt lat="40.0110970" lon="-105.6522210">
    <ele>3399.4</ele>
    <time>2026-09-13T11:40:31Z</time>
    
   </trkpt>
   <trkpt lat="40.0111360" lon="-105.6522360">
    <ele>3399.8</ele>
    <time>2026-09-13T11:40:35Z</time>
    
   </trkpt>
   <trkpt lat="40.0111510" lon="-105.6522460">
    <ele>3400.0</ele>
    <time>2026-09-13T11:40:37Z</time>
    
   </trkpt>
   <trkpt lat="40.0111810" lon="-105.6522610">
    <ele>3401.0</ele>
    <time>2026-09-13T11:40:41Z</time>
    
   </trkpt>
   <trkpt lat="40.0112460" lon="-105.6522710">
    <ele>3402.2</ele>
    <time>2026-09-13T11:40:48Z</time>
    
   </trkpt>
   <trkpt lat="40.0112610" lon="-105.6522740">
    <ele>3402.8</ele>
    <time>2026-09-13T11:40:50Z</time>
    
   </trkpt>
   <trkpt lat="40.0112690" lon="-105.6522790">
    <ele>3403.4</ele>
    <time>2026-09-13T11:40:51Z</time>
    
   </trkpt>
   <trkpt lat="40.0113460" lon="-105.6523050">
    <ele>3404.0</ele>
    <time>2026-09-13T11:40:59Z</time>
    
   </trkpt>
   <trkpt lat="40.0114000" lon="-105.6523120">
    <ele>3404.4</ele>
    <time>2026-09-13T11:41:05Z</time>
    
   </trkpt>
   <trkpt lat="40.0114270" lon="-105.6523240">
    <ele>3404.6</ele>
    <time>2026-09-13T11:41:08Z</time>
    
   </trkpt>
   <trkpt lat="40.0114370" lon="-105.6523260">
    <ele>3404.6</ele>
    <time>2026-09-13T11:41:09Z</time>
    
   </trkpt>
   <trkpt lat="40.0115230" lon="-105.6523540">
    <ele>3405.6</ele>
    <time>2026-09-13T11:41:18Z</time>
    
   </trkpt>
   <trkpt lat="40.0115530" lon="-105.6523650">
    <ele>3406.6</ele>
    <time>2026-09-13T11:41:21Z</time>
    
   </trkpt>
   <trkpt lat="40.0115630" lon="-105.6523700">
    <ele>3406.8</ele>
    <time>2026-09-13T11:41:22Z</time>
    
   </trkpt>
   <trkpt lat="40.0115910" lon="-105.6523720">
    <ele>3408.0</ele>
    <time>2026-09-13T11:41:25Z</time>
    
   </trkpt>
   <trkpt lat="40.0116330" lon="-105.6523620">
    <ele>3409.0</ele>
    <time>2026-09-13T11:41:29Z</time>
    
   </trkpt>
   <trkpt lat="40.0116550" lon="-105.6523560">
    <ele>3409.4</ele>
    <time>2026-09-13T11:41:31Z</time>
    
   </trkpt>
   <trkpt lat="40.0117210" lon="-105.6523420">
    <ele>3410.0</ele>
    <time>2026-09-13T11:41:38Z</time>
    
   </trkpt>
   <trkpt lat="40.0117320" lon="-105.6523380">
    <ele>3410.0</ele>
    <time>2026-09-13T11:41:39Z</time>
    
   </trkpt>
   <trkpt lat="40.0117560" lon="-105.6523260">
    <ele>3410.4</ele>
    <time>2026-09-13T11:41:42Z</time>
    
   </trkpt>
   <trkpt lat="40.0117730" lon="-105.6523160">
    <ele>3410.8</ele>
    <time>2026-09-13T11:41:44Z</time>
    
   </trkpt>
   <trkpt lat="40.0117890" lon="-105.6523140">
    <ele>3411.0</ele>
    <time>2026-09-13T11:41:46Z</time>
    
   </trkpt>
   <trkpt lat="40.0118300" lon="-105.6523000">
    <ele>3412.2</ele>
    <time>2026-09-13T11:41:52Z</time>
    
   </trkpt>
   <trkpt lat="40.0118500" lon="-105.6522950">
    <ele>3412.4</ele>
    <time>2026-09-13T11:41:55Z</time>
    
   </trkpt>
   <trkpt lat="40.0119130" lon="-105.6522630">
    <ele>3413.2</ele>
    <time>2026-09-13T11:42:02Z</time>
    
   </trkpt>
   <trkpt lat="40.0119210" lon="-105.6522590">
    <ele>3413.4</ele>
    <time>2026-09-13T11:42:03Z</time>
    
   </trkpt>
   <trkpt lat="40.0119320" lon="-105.6522530">
    <ele>3413.4</ele>
    <time>2026-09-13T11:42:04Z</time>
    
   </trkpt>
   <trkpt lat="40.0119920" lon="-105.6522290">
    <ele>3414.0</ele>
    <time>2026-09-13T11:42:10Z</time>
    
   </trkpt>
   <trkpt lat="40.0120080" lon="-105.6522210">
    <ele>3414.4</ele>
    <time>2026-09-13T11:42:12Z</time>
    
   </trkpt>
   <trkpt lat="40.0120360" lon="-105.6522060">
    <ele>3415.6</ele>
    <time>2026-09-13T11:42:16Z</time>
    
   </trkpt>
   <trkpt lat="40.0120630" lon="-105.6522060">
    <ele>3416.6</ele>
    <time>2026-09-13T11:42:19Z</time>
    
   </trkpt>
   <trkpt lat="40.0120710" lon="-105.6522040">
    <ele>3416.8</ele>
    <time>2026-09-13T11:42:20Z</time>
    
   </trkpt>
   <trkpt lat="40.0120990" lon="-105.6521970">
    <ele>3417.8</ele>
    <time>2026-09-13T11:42:23Z</time>
    
   </trkpt>
   <trkpt lat="40.0121290" lon="-105.6521890">
    <ele>3418.2</ele>
    <time>2026-09-13T11:42:27Z</time>
    
   </trkpt>
   <trkpt lat="40.0121560" lon="-105.6521530">
    <ele>3418.8</ele>
    <time>2026-09-13T11:42:33Z</time>
    
   </trkpt>
   <trkpt lat="40.0121510" lon="-105.6521510">
    <ele>3419.0</ele>
    <time>2026-09-13T11:42:34Z</time>
    
   </trkpt>
   <trkpt lat="40.0121430" lon="-105.6521490">
    <ele>3419.0</ele>
    <time>2026-09-13T11:42:35Z</time>
    
   </trkpt>
   <trkpt lat="40.0121370" lon="-105.6521460">
    <ele>3419.0</ele>
    <time>2026-09-13T11:42:36Z</time>
    
   </trkpt>
   <trkpt lat="40.0121110" lon="-105.6521310">
    <ele>3419.8</ele>
    <time>2026-09-13T11:42:41Z</time>
    
   </trkpt>
   <trkpt lat="40.0121040" lon="-105.6521250">
    <ele>3419.8</ele>
    <time>2026-09-13T11:42:42Z</time>
    
   </trkpt>
   <trkpt lat="40.0120980" lon="-105.6521200">
    <ele>3420.0</ele>
    <time>2026-09-13T11:42:43Z</time>
    
   </trkpt>
   <trkpt lat="40.0120700" lon="-105.6520950">
    <ele>3421.0</ele>
    <time>2026-09-13T11:42:47Z</time>
    
   </trkpt>
   <trkpt lat="40.0120590" lon="-105.6520900">
    <ele>3421.2</ele>
    <time>2026-09-13T11:42:48Z</time>
    
   </trkpt>
   <trkpt lat="40.0120240" lon="-105.6520650">
    <ele>3422.0</ele>
    <time>2026-09-13T11:42:52Z</time>
    
   </trkpt>
   <trkpt lat="40.0120060" lon="-105.6520540">
    <ele>3422.2</ele>
    <time>2026-09-13T11:42:54Z</time>
    
   </trkpt>
   <trkpt lat="40.0119720" lon="-105.6520230">
    <ele>3423.2</ele>
    <time>2026-09-13T11:42:58Z</time>
    
   </trkpt>
   <trkpt lat="40.0119330" lon="-105.6520010">
    <ele>3424.2</ele>
    <time>2026-09-13T11:43:03Z</time>
    
   </trkpt>
   <trkpt lat="40.0119260" lon="-105.6519980">
    <ele>3424.4</ele>
    <time>2026-09-13T11:43:04Z</time>
    
   </trkpt>
   <trkpt lat="40.0119130" lon="-105.6519860">
    <ele>3425.0</ele>
    <time>2026-09-13T11:43:06Z</time>
    
   </trkpt>
   <trkpt lat="40.0119070" lon="-105.6519810">
    <ele>3425.2</ele>
    <time>2026-09-13T11:43:07Z</time>
    
   </trkpt>
   <trkpt lat="40.0119020" lon="-105.6519710">
    <ele>3425.6</ele>
    <time>2026-09-13T11:43:08Z</time>
    
   </trkpt>
   <trkpt lat="40.0118860" lon="-105.6519540">
    <ele>3426.2</ele>
    <time>2026-09-13T11:43:11Z</time>
    
   </trkpt>
   <trkpt lat="40.0118700" lon="-105.6519430">
    <ele>3426.2</ele>
    <time>2026-09-13T11:43:13Z</time>
    
   </trkpt>
   <trkpt lat="40.0118600" lon="-105.6519330">
    <ele>3426.6</ele>
    <time>2026-09-13T11:43:15Z</time>
    
   </trkpt>
   <trkpt lat="40.0118560" lon="-105.6519280">
    <ele>3426.6</ele>
    <time>2026-09-13T11:43:16Z</time>
    
   </trkpt>
   <trkpt lat="40.0118500" lon="-105.6519220">
    <ele>3426.8</ele>
    <time>2026-09-13T11:43:17Z</time>
    
   </trkpt>
   <trkpt lat="40.0118290" lon="-105.6518930">
    <ele>3426.8</ele>
    <time>2026-09-13T11:43:21Z</time>
    
   </trkpt>
   <trkpt lat="40.0117820" lon="-105.6518560">
    <ele>3427.4</ele>
    <time>2026-09-13T11:43:27Z</time>
    
   </trkpt>
   <trkpt lat="40.0117610" lon="-105.6518350">
    <ele>3427.8</ele>
    <time>2026-09-13T11:43:30Z</time>
    
   </trkpt>
   <trkpt lat="40.0117220" lon="-105.6517990">
    <ele>3428.4</ele>
    <time>2026-09-13T11:43:35Z</time>
    
   </trkpt>
   <trkpt lat="40.0117090" lon="-105.6517830">
    <ele>3428.4</ele>
    <time>2026-09-13T11:43:37Z</time>
    
   </trkpt>
   <trkpt lat="40.0116740" lon="-105.6517350">
    <ele>3428.8</ele>
    <time>2026-09-13T11:43:43Z</time>
    
   </trkpt>
   <trkpt lat="40.0116590" lon="-105.6517160">
    <ele>3429.4</ele>
    <time>2026-09-13T11:43:45Z</time>
    
   </trkpt>
   <trkpt lat="40.0116420" lon="-105.6517030">
    <ele>3429.8</ele>
    <time>2026-09-13T11:43:47Z</time>
    
   </trkpt>
   <trkpt lat="40.0116190" lon="-105.6516730">
    <ele>3430.6</ele>
    <time>2026-09-13T11:43:50Z</time>
    
   </trkpt>
   <trkpt lat="40.0116130" lon="-105.6516650">
    <ele>3430.8</ele>
    <time>2026-09-13T11:43:51Z</time>
    
   </trkpt>
   <trkpt lat="40.0115840" lon="-105.6516330">
    <ele>3432.0</ele>
    <time>2026-09-13T11:43:56Z</time>
    
   </trkpt>
   <trkpt lat="40.0115750" lon="-105.6516250">
    <ele>3433.2</ele>
    <time>2026-09-13T11:43:58Z</time>
    
   </trkpt>
   <trkpt lat="40.0115650" lon="-105.6516080">
    <ele>3433.6</ele>
    <time>2026-09-13T11:44:00Z</time>
    
   </trkpt>
   <trkpt lat="40.0115390" lon="-105.6515930">
    <ele>3433.4</ele>
    <time>2026-09-13T11:44:04Z</time>
    
   </trkpt>
   <trkpt lat="40.0115050" lon="-105.6515640">
    <ele>3434.0</ele>
    <time>2026-09-13T11:44:09Z</time>
    
   </trkpt>
   <trkpt lat="40.0114990" lon="-105.6515560">
    <ele>3433.6</ele>
    <time>2026-09-13T11:44:10Z</time>
    
   </trkpt>
   <trkpt lat="40.0114230" lon="-105.6514690">
    <ele>3433.8</ele>
    <time>2026-09-13T11:44:22Z</time>
    
   </trkpt>
   <trkpt lat="40.0114130" lon="-105.6514580">
    <ele>3434.2</ele>
    <time>2026-09-13T11:44:24Z</time>
    
   </trkpt>
   <trkpt lat="40.0113760" lon="-105.6514280">
    <ele>3435.4</ele>
    <time>2026-09-13T11:44:30Z</time>
    
   </trkpt>
   <trkpt lat="40.0113680" lon="-105.6514160">
    <ele>3436.0</ele>
    <time>2026-09-13T11:44:32Z</time>
    
   </trkpt>
   <trkpt lat="40.0113630" lon="-105.6514040">
    <ele>3436.4</ele>
    <time>2026-09-13T11:44:33Z</time>
    
   </trkpt>
   <trkpt lat="40.0113580" lon="-105.6513950">
    <ele>3436.8</ele>
    <time>2026-09-13T11:44:34Z</time>
    
   </trkpt>
   <trkpt lat="40.0113110" lon="-105.6513430">
    <ele>3437.6</ele>
    <time>2026-09-13T11:44:40Z</time>
    
   </trkpt>
   <trkpt lat="40.0112930" lon="-105.6513140">
    <ele>3438.6</ele>
    <time>2026-09-13T11:44:43Z</time>
    
   </trkpt>
   <trkpt lat="40.0112730" lon="-105.6512870">
    <ele>3439.6</ele>
    <time>2026-09-13T11:44:46Z</time>
    
   </trkpt>
   <trkpt lat="40.0112440" lon="-105.6512420">
    <ele>3440.0</ele>
    <time>2026-09-13T11:44:51Z</time>
    
   </trkpt>
   <trkpt lat="40.0111860" lon="-105.6511710">
    <ele>3439.4</ele>
    <time>2026-09-13T11:44:59Z</time>
    
   </trkpt>
   <trkpt lat="40.0111620" lon="-105.6511480">
    <ele>3440.0</ele>
    <time>2026-09-13T11:45:02Z</time>
    
   </trkpt>
   <trkpt lat="40.0111440" lon="-105.6511340">
    <ele>3440.8</ele>
    <time>2026-09-13T11:45:04Z</time>
    
   </trkpt>
   <trkpt lat="40.0111200" lon="-105.6511020">
    <ele>3442.2</ele>
    <time>2026-09-13T11:45:07Z</time>
    
   </trkpt>
   <trkpt lat="40.0110970" lon="-105.6510710">
    <ele>3443.6</ele>
    <time>2026-09-13T11:45:10Z</time>
    
   </trkpt>
   <trkpt lat="40.0110820" lon="-105.6510550">
    <ele>3444.2</ele>
    <time>2026-09-13T11:45:12Z</time>
    
   </trkpt>
   <trkpt lat="40.0110770" lon="-105.6510440">
    <ele>3444.4</ele>
    <time>2026-09-13T11:45:13Z</time>
    
   </trkpt>
   <trkpt lat="40.0110440" lon="-105.6509750">
    <ele>3444.8</ele>
    <time>2026-09-13T11:45:20Z</time>
    
   </trkpt>
   <trkpt lat="40.0110310" lon="-105.6509390">
    <ele>3445.2</ele>
    <time>2026-09-13T11:45:23Z</time>
    
   </trkpt>
   <trkpt lat="40.0109990" lon="-105.6508840">
    <ele>3446.0</ele>
    <time>2026-09-13T11:45:29Z</time>
    
   </trkpt>
   <trkpt lat="40.0109780" lon="-105.6508710">
    <ele>3447.2</ele>
    <time>2026-09-13T11:45:32Z</time>
    
   </trkpt>
   <trkpt lat="40.0109720" lon="-105.6508660">
    <ele>3447.6</ele>
    <time>2026-09-13T11:45:33Z</time>
    
   </trkpt>
   <trkpt lat="40.0109600" lon="-105.6508550">
    <ele>3448.4</ele>
    <time>2026-09-13T11:45:35Z</time>
    
   </trkpt>
   <trkpt lat="40.0109480" lon="-105.6508360">
    <ele>3449.6</ele>
    <time>2026-09-13T11:45:38Z</time>
    
   </trkpt>
   <trkpt lat="40.0109380" lon="-105.6507890">
    <ele>3450.6</ele>
    <time>2026-09-13T11:45:43Z</time>
    
   </trkpt>
   <trkpt lat="40.0109370" lon="-105.6507750">
    <ele>3450.8</ele>
    <time>2026-09-13T11:45:44Z</time>
    
   </trkpt>
   <trkpt lat="40.0109190" lon="-105.6507500">
    <ele>3452.0</ele>
    <time>2026-09-13T11:45:48Z</time>
    
   </trkpt>
   <trkpt lat="40.0109170" lon="-105.6507490">
    <ele>3452.6</ele>
    <time>2026-09-13T11:45:52Z</time>
    
   </trkpt>
   <trkpt lat="40.0109240" lon="-105.6507550">
    <ele>3452.6</ele>
    <time>2026-09-13T11:46:02Z</time>
    
   </trkpt>
   <trkpt lat="40.0109250" lon="-105.6507570">
    <ele>3453.0</ele>
    <time>2026-09-13T11:46:04Z</time>
    
   </trkpt>
   <trkpt lat="40.0109260" lon="-105.6507560">
    <ele>3453.2</ele>
    <time>2026-09-13T11:46:05Z</time>
    
   </trkpt>
   <trkpt lat="40.0109320" lon="-105.6507560">
    <ele>3453.2</ele>
    <time>2026-09-13T11:46:09Z</time>
    
   </trkpt>
   <trkpt lat="40.0109350" lon="-105.6507590">
    <ele>3451.8</ele>
    <time>2026-09-13T11:46:12Z</time>
    
   </trkpt>
   <trkpt lat="40.0109350" lon="-105.6507580">
    <ele>3451.6</ele>
    <time>2026-09-13T11:46:14Z</time>
    
   </trkpt>
   <trkpt lat="40.0109360" lon="-105.6507620">
    <ele>3452.0</ele>
    <time>2026-09-13T11:46:20Z</time>
    
   </trkpt>
   <trkpt lat="40.0109350" lon="-105.6507640">
    <ele>3452.2</ele>
    <time>2026-09-13T11:46:21Z</time>
    
   </trkpt>
   <trkpt lat="40.0109300" lon="-105.6507610">
    <ele>3452.2</ele>
    <time>2026-09-13T11:46:25Z</time>
    
   </trkpt>
   <trkpt lat="40.0109210" lon="-105.6507390">
    <ele>3451.6</ele>
    <time>2026-09-13T11:46:30Z</time>
    
   </trkpt>
   <trkpt lat="40.0109140" lon="-105.6507200">
    <ele>3452.6</ele>
    <time>2026-09-13T11:46:32Z</time>
    
   </trkpt>
   <trkpt lat="40.0109060" lon="-105.6507090">
    <ele>3452.8</ele>
    <time>2026-09-13T11:46:33Z</time>
    
   </trkpt>
   <trkpt lat="40.0108730" lon="-105.6506430">
    <ele>3453.2</ele>
    <time>2026-09-13T11:46:40Z</time>
    
   </trkpt>
   <trkpt lat="40.0108610" lon="-105.6506010">
    <ele>3453.6</ele>
    <time>2026-09-13T11:46:44Z</time>
    
   </trkpt>
   <trkpt lat="40.0108570" lon="-105.6505900">
    <ele>3454.0</ele>
    <time>2026-09-13T11:46:45Z</time>
    
   </trkpt>
   <trkpt lat="40.0108490" lon="-105.6505720">
    <ele>3455.0</ele>
    <time>2026-09-13T11:46:47Z</time>
    
   </trkpt>
   <trkpt lat="40.0108430" lon="-105.6505510">
    <ele>3455.6</ele>
    <time>2026-09-13T11:46:49Z</time>
    
   </trkpt>
   <trkpt lat="40.0108330" lon="-105.6505230">
    <ele>3456.4</ele>
    <time>2026-09-13T11:46:52Z</time>
    
   </trkpt>
   <trkpt lat="40.0108190" lon="-105.6504880">
    <ele>3457.2</ele>
    <time>2026-09-13T11:46:56Z</time>
    
   </trkpt>
   <trkpt lat="40.0108090" lon="-105.6504790">
    <ele>3457.6</ele>
    <time>2026-09-13T11:46:57Z</time>
    
   </trkpt>
   <trkpt lat="40.0107990" lon="-105.6504630">
    <ele>3458.2</ele>
    <time>2026-09-13T11:46:59Z</time>
    
   </trkpt>
   <trkpt lat="40.0107880" lon="-105.6504450">
    <ele>3458.6</ele>
    <time>2026-09-13T11:47:01Z</time>
    
   </trkpt>
   <trkpt lat="40.0107710" lon="-105.6504030">
    <ele>3459.6</ele>
    <time>2026-09-13T11:47:05Z</time>
    
   </trkpt>
   <trkpt lat="40.0107440" lon="-105.6503410">
    <ele>3459.6</ele>
    <time>2026-09-13T11:47:10Z</time>
    
   </trkpt>
   <trkpt lat="40.0106900" lon="-105.6502730">
    <ele>3459.6</ele>
    <time>2026-09-13T11:47:16Z</time>
    
   </trkpt>
   <trkpt lat="40.0106590" lon="-105.6502100">
    <ele>3460.2</ele>
    <time>2026-09-13T11:47:21Z</time>
    
   </trkpt>
   <trkpt lat="40.0106320" lon="-105.6501360">
    <ele>3460.4</ele>
    <time>2026-09-13T11:47:26Z</time>
    
   </trkpt>
   <trkpt lat="40.0106170" lon="-105.6500960">
    <ele>3460.6</ele>
    <time>2026-09-13T11:47:29Z</time>
    
   </trkpt>
   <trkpt lat="40.0106040" lon="-105.6500690">
    <ele>3460.6</ele>
    <time>2026-09-13T11:47:31Z</time>
    
   </trkpt>
   <trkpt lat="40.0105840" lon="-105.6499960">
    <ele>3460.6</ele>
    <time>2026-09-13T11:47:36Z</time>
    
   </trkpt>
   <trkpt lat="40.0105720" lon="-105.6499430">
    <ele>3461.6</ele>
    <time>2026-09-13T11:47:40Z</time>
    
   </trkpt>
   <trkpt lat="40.0105670" lon="-105.6498990">
    <ele>3462.6</ele>
    <time>2026-09-13T11:47:43Z</time>
    
   </trkpt>
   <trkpt lat="40.0105680" lon="-105.6498880">
    <ele>3462.8</ele>
    <time>2026-09-13T11:47:44Z</time>
    
   </trkpt>
   <trkpt lat="40.0105670" lon="-105.6498360">
    <ele>3464.0</ele>
    <time>2026-09-13T11:47:48Z</time>
    
   </trkpt>
   <trkpt lat="40.0105630" lon="-105.6498260">
    <ele>3464.2</ele>
    <time>2026-09-13T11:47:49Z</time>
    
   </trkpt>
   <trkpt lat="40.0105450" lon="-105.6497950">
    <ele>3465.2</ele>
    <time>2026-09-13T11:47:52Z</time>
    
   </trkpt>
   <trkpt lat="40.0105230" lon="-105.6497630">
    <ele>3466.2</ele>
    <time>2026-09-13T11:47:56Z</time>
    
   </trkpt>
   <trkpt lat="40.0105070" lon="-105.6497450">
    <ele>3467.2</ele>
    <time>2026-09-13T11:47:58Z</time>
    
   </trkpt>
   <trkpt lat="40.0105020" lon="-105.6497370">
    <ele>3467.8</ele>
    <time>2026-09-13T11:47:59Z</time>
    
   </trkpt>
   <trkpt lat="40.0104810" lon="-105.6496400">
    <ele>3468.8</ele>
    <time>2026-09-13T11:48:07Z</time>
    
   </trkpt>
   <trkpt lat="40.0104810" lon="-105.6496290">
    <ele>3469.0</ele>
    <time>2026-09-13T11:48:08Z</time>
    
   </trkpt>
   <trkpt lat="40.0104760" lon="-105.6496160">
    <ele>3469.2</ele>
    <time>2026-09-13T11:48:09Z</time>
    
   </trkpt>
   <trkpt lat="40.0104640" lon="-105.6495750">
    <ele>3470.4</ele>
    <time>2026-09-13T11:48:13Z</time>
    
   </trkpt>
   <trkpt lat="40.0104460" lon="-105.6495390">
    <ele>3471.0</ele>
    <time>2026-09-13T11:48:16Z</time>
    
   </trkpt>
   <trkpt lat="40.0104280" lon="-105.6495020">
    <ele>3471.0</ele>
    <time>2026-09-13T11:48:19Z</time>
    
   </trkpt>
   <trkpt lat="40.0104110" lon="-105.6494740">
    <ele>3471.0</ele>
    <time>2026-09-13T11:48:22Z</time>
    
   </trkpt>
   <trkpt lat="40.0103960" lon="-105.6494440">
    <ele>3470.8</ele>
    <time>2026-09-13T11:48:25Z</time>
    
   </trkpt>
   <trkpt lat="40.0103760" lon="-105.6494140">
    <ele>3471.2</ele>
    <time>2026-09-13T11:48:29Z</time>
    
   </trkpt>
   <trkpt lat="40.0103660" lon="-105.6493920">
    <ele>3471.6</ele>
    <time>2026-09-13T11:48:32Z</time>
    
   </trkpt>
   <trkpt lat="40.0103640" lon="-105.6493860">
    <ele>3471.8</ele>
    <time>2026-09-13T11:48:33Z</time>
    
   </trkpt>
   <trkpt lat="40.0103620" lon="-105.6493670">
    <ele>3472.8</ele>
    <time>2026-09-13T11:48:35Z</time>
    
   </trkpt>
   <trkpt lat="40.0103500" lon="-105.6493490">
    <ele>3474.0</ele>
    <time>2026-09-13T11:48:38Z</time>
    
   </trkpt>
   <trkpt lat="40.0103440" lon="-105.6493280">
    <ele>3475.0</ele>
    <time>2026-09-13T11:48:41Z</time>
    
   </trkpt>
   <trkpt lat="40.0103480" lon="-105.6493240">
    <ele>3475.2</ele>
    <time>2026-09-13T11:48:42Z</time>
    
   </trkpt>
   <trkpt lat="40.0104010" lon="-105.6493370">
    <ele>3474.8</ele>
    <time>2026-09-13T11:48:49Z</time>
    
   </trkpt>
   <trkpt lat="40.0104720" lon="-105.6493760">
    <ele>3476.2</ele>
    <time>2026-09-13T11:48:59Z</time>
    
   </trkpt>
   <trkpt lat="40.0104770" lon="-105.6493780">
    <ele>3476.4</ele>
    <time>2026-09-13T11:49:00Z</time>
    
   </trkpt>
   <trkpt lat="40.0105020" lon="-105.6493920">
    <ele>3477.2</ele>
    <time>2026-09-13T11:49:04Z</time>
    
   </trkpt>
   <trkpt lat="40.0105070" lon="-105.6493960">
    <ele>3477.2</ele>
    <time>2026-09-13T11:49:05Z</time>
    
   </trkpt>
   <trkpt lat="40.0105280" lon="-105.6494260">
    <ele>3478.0</ele>
    <time>2026-09-13T11:49:09Z</time>
    
   </trkpt>
   <trkpt lat="40.0105300" lon="-105.6494280">
    <ele>3478.6</ele>
    <time>2026-09-13T11:49:10Z</time>
    
   </trkpt>
   <trkpt lat="40.0105320" lon="-105.6494310">
    <ele>3478.6</ele>
    <time>2026-09-13T11:49:11Z</time>
    
   </trkpt>
   <trkpt lat="40.0105530" lon="-105.6494510">
    <ele>3479.6</ele>
    <time>2026-09-13T11:49:16Z</time>
    
   </trkpt>
   <trkpt lat="40.0105750" lon="-105.6494620">
    <ele>3480.6</ele>
    <time>2026-09-13T11:49:20Z</time>
    
   </trkpt>
   <trkpt lat="40.0106100" lon="-105.6494710">
    <ele>3479.6</ele>
    <time>2026-09-13T11:49:25Z</time>
    
   </trkpt>
   <trkpt lat="40.0106460" lon="-105.6494810">
    <ele>3480.8</ele>
    <time>2026-09-13T11:49:30Z</time>
    
   </trkpt>
   <trkpt lat="40.0106520" lon="-105.6494830">
    <ele>3480.8</ele>
    <time>2026-09-13T11:49:31Z</time>
    
   </trkpt>
   <trkpt lat="40.0106880" lon="-105.6494980">
    <ele>3482.2</ele>
    <time>2026-09-13T11:49:36Z</time>
    
   </trkpt>
   <trkpt lat="40.0107130" lon="-105.6495120">
    <ele>3483.4</ele>
    <time>2026-09-13T11:49:40Z</time>
    
   </trkpt>
   <trkpt lat="40.0107220" lon="-105.6495170">
    <ele>3483.6</ele>
    <time>2026-09-13T11:49:41Z</time>
    
   </trkpt>
   <trkpt lat="40.0107600" lon="-105.6495260">
    <ele>3484.6</ele>
    <time>2026-09-13T11:49:46Z</time>
    
   </trkpt>
   <trkpt lat="40.0107980" lon="-105.6495400">
    <ele>3485.8</ele>
    <time>2026-09-13T11:49:50Z</time>
    
   </trkpt>
   <trkpt lat="40.0108150" lon="-105.6495440">
    <ele>3486.4</ele>
    <time>2026-09-13T11:49:52Z</time>
    
   </trkpt>
   <trkpt lat="40.0108310" lon="-105.6495500">
    <ele>3486.8</ele>
    <time>2026-09-13T11:49:54Z</time>
    
   </trkpt>
   <trkpt lat="40.0109000" lon="-105.6495890">
    <ele>3487.2</ele>
    <time>2026-09-13T11:50:03Z</time>
    
   </trkpt>
   <trkpt lat="40.0109210" lon="-105.6495990">
    <ele>3488.2</ele>
    <time>2026-09-13T11:50:06Z</time>
    
   </trkpt>
   <trkpt lat="40.0109370" lon="-105.6496050">
    <ele>3489.2</ele>
    <time>2026-09-13T11:50:08Z</time>
    
   </trkpt>
   <trkpt lat="40.0109610" lon="-105.6496230">
    <ele>3489.8</ele>
    <time>2026-09-13T11:50:12Z</time>
    
   </trkpt>
   <trkpt lat="40.0109770" lon="-105.6496290">
    <ele>3489.8</ele>
    <time>2026-09-13T11:50:14Z</time>
    
   </trkpt>
   <trkpt lat="40.0109920" lon="-105.6496400">
    <ele>3490.4</ele>
    <time>2026-09-13T11:50:16Z</time>
    
   </trkpt>
   <trkpt lat="40.0110520" lon="-105.6496740">
    <ele>3491.0</ele>
    <time>2026-09-13T11:50:24Z</time>
    
   </trkpt>
   <trkpt lat="40.0110780" lon="-105.6496770">
    <ele>3491.4</ele>
    <time>2026-09-13T11:50:28Z</time>
    
   </trkpt>
   <trkpt lat="40.0110860" lon="-105.6496740">
    <ele>3492.0</ele>
    <time>2026-09-13T11:50:29Z</time>
    
   </trkpt>
   <trkpt lat="40.0111030" lon="-105.6496740">
    <ele>3493.2</ele>
    <time>2026-09-13T11:50:32Z</time>
    
   </trkpt>
   <trkpt lat="40.0111110" lon="-105.6496710">
    <ele>3493.4</ele>
    <time>2026-09-13T11:50:33Z</time>
    
   </trkpt>
   <trkpt lat="40.0111330" lon="-105.6496680">
    <ele>3494.2</ele>
    <time>2026-09-13T11:50:37Z</time>
    
   </trkpt>
   <trkpt lat="40.0111680" lon="-105.6496850">
    <ele>3494.6</ele>
    <time>2026-09-13T11:50:42Z</time>
    
   </trkpt>
   <trkpt lat="40.0111750" lon="-105.6496890">
    <ele>3494.6</ele>
    <time>2026-09-13T11:50:43Z</time>
    
   </trkpt>
   <trkpt lat="40.0111890" lon="-105.6497020">
    <ele>3495.4</ele>
    <time>2026-09-13T11:50:45Z</time>
    
   </trkpt>
   <trkpt lat="40.0112070" lon="-105.6497190">
    <ele>3496.8</ele>
    <time>2026-09-13T11:50:47Z</time>
    
   </trkpt>
   <trkpt lat="40.0112230" lon="-105.6497300">
    <ele>3498.0</ele>
    <time>2026-09-13T11:50:49Z</time>
    
   </trkpt>
   <trkpt lat="40.0112470" lon="-105.6497520">
    <ele>3498.8</ele>
    <time>2026-09-13T11:50:52Z</time>
    
   </trkpt>
   <trkpt lat="40.0113000" lon="-105.6497730">
    <ele>3497.6</ele>
    <time>2026-09-13T11:50:59Z</time>
    
   </trkpt>
   <trkpt lat="40.0113070" lon="-105.6497730">
    <ele>3497.8</ele>
    <time>2026-09-13T11:51:00Z</time>
    
   </trkpt>
   <trkpt lat="40.0113290" lon="-105.6497810">
    <ele>3499.4</ele>
    <time>2026-09-13T11:51:04Z</time>
    
   </trkpt>
   <trkpt lat="40.0113540" lon="-105.6497930">
    <ele>3500.6</ele>
    <time>2026-09-13T11:51:08Z</time>
    
   </trkpt>
   <trkpt lat="40.0113690" lon="-105.6498030">
    <ele>3501.0</ele>
    <time>2026-09-13T11:51:10Z</time>
    
   </trkpt>
   <trkpt lat="40.0114000" lon="-105.6498190">
    <ele>3501.6</ele>
    <time>2026-09-13T11:51:14Z</time>
    
   </trkpt>
   <trkpt lat="40.0114570" lon="-105.6498390">
    <ele>3501.8</ele>
    <time>2026-09-13T11:51:21Z</time>
    
   </trkpt>
   <trkpt lat="40.0114740" lon="-105.6498060">
    <ele>3503.0</ele>
    <time>2026-09-13T11:51:26Z</time>
    
   </trkpt>
   <trkpt lat="40.0114710" lon="-105.6497960">
    <ele>3503.6</ele>
    <time>2026-09-13T11:51:27Z</time>
    
   </trkpt>
   <trkpt lat="40.0114610" lon="-105.6497860">
    <ele>3504.0</ele>
    <time>2026-09-13T11:51:29Z</time>
    
   </trkpt>
   <trkpt lat="40.0114500" lon="-105.6497700">
    <ele>3504.4</ele>
    <time>2026-09-13T11:51:31Z</time>
    
   </trkpt>
   <trkpt lat="40.0114190" lon="-105.6497410">
    <ele>3505.2</ele>
    <time>2026-09-13T11:51:35Z</time>
    
   </trkpt>
   <trkpt lat="40.0114130" lon="-105.6497330">
    <ele>3505.2</ele>
    <time>2026-09-13T11:51:36Z</time>
    
   </trkpt>
   <trkpt lat="40.0113940" lon="-105.6496830">
    <ele>3505.8</ele>
    <time>2026-09-13T11:51:41Z</time>
    
   </trkpt>
   <trkpt lat="40.0113780" lon="-105.6496420">
    <ele>3506.0</ele>
    <time>2026-09-13T11:51:45Z</time>
    
   </trkpt>
   <trkpt lat="40.0113760" lon="-105.6496310">
    <ele>3506.2</ele>
    <time>2026-09-13T11:51:46Z</time>
    
   </trkpt>
   <trkpt lat="40.0113740" lon="-105.6496250">
    <ele>3506.2</ele>
    <time>2026-09-13T11:51:47Z</time>
    
   </trkpt>
   <trkpt lat="40.0113570" lon="-105.6495870">
    <ele>3507.2</ele>
    <time>2026-09-13T11:51:51Z</time>
    
   </trkpt>
   <trkpt lat="40.0113470" lon="-105.6495540">
    <ele>3508.0</ele>
    <time>2026-09-13T11:51:54Z</time>
    
   </trkpt>
   <trkpt lat="40.0113430" lon="-105.6494990">
    <ele>3508.2</ele>
    <time>2026-09-13T11:51:59Z</time>
    
   </trkpt>
   <trkpt lat="40.0113350" lon="-105.6494720">
    <ele>3508.2</ele>
    <time>2026-09-13T11:52:02Z</time>
    
   </trkpt>
   <trkpt lat="40.0113280" lon="-105.6494420">
    <ele>3508.6</ele>
    <time>2026-09-13T11:52:04Z</time>
    
   </trkpt>
   <trkpt lat="40.0113060" lon="-105.6494070">
    <ele>3509.4</ele>
    <time>2026-09-13T11:52:08Z</time>
    
   </trkpt>
   <trkpt lat="40.0112830" lon="-105.6493700">
    <ele>3509.6</ele>
    <time>2026-09-13T11:52:12Z</time>
    
   </trkpt>
   <trkpt lat="40.0112680" lon="-105.6493450">
    <ele>3509.4</ele>
    <time>2026-09-13T11:52:14Z</time>
    
   </trkpt>
   <trkpt lat="40.0112360" lon="-105.6492990">
    <ele>3509.8</ele>
    <time>2026-09-13T11:52:18Z</time>
    
   </trkpt>
   <trkpt lat="40.0112220" lon="-105.6492760">
    <ele>3509.8</ele>
    <time>2026-09-13T11:52:20Z</time>
    
   </trkpt>
   <trkpt lat="40.0112180" lon="-105.6492620">
    <ele>3509.8</ele>
    <time>2026-09-13T11:52:21Z</time>
    
   </trkpt>
   <trkpt lat="40.0112140" lon="-105.6492490">
    <ele>3509.8</ele>
    <time>2026-09-13T11:52:22Z</time>
    
   </trkpt>
   <trkpt lat="40.0111970" lon="-105.6492170">
    <ele>3510.2</ele>
    <time>2026-09-13T11:52:25Z</time>
    
   </trkpt>
   <trkpt lat="40.0111910" lon="-105.6492080">
    <ele>3510.6</ele>
    <time>2026-09-13T11:52:26Z</time>
    
   </trkpt>
   <trkpt lat="40.0111770" lon="-105.6491790">
    <ele>3511.6</ele>
    <time>2026-09-13T11:52:29Z</time>
    
   </trkpt>
   <trkpt lat="40.0111640" lon="-105.6491510">
    <ele>3513.2</ele>
    <time>2026-09-13T11:52:32Z</time>
    
   </trkpt>
   <trkpt lat="40.0111500" lon="-105.6491190">
    <ele>3514.0</ele>
    <time>2026-09-13T11:52:35Z</time>
    
   </trkpt>
   <trkpt lat="40.0111480" lon="-105.6491090">
    <ele>3514.2</ele>
    <time>2026-09-13T11:52:36Z</time>
    
   </trkpt>
   <trkpt lat="40.0111440" lon="-105.6491010">
    <ele>3514.2</ele>
    <time>2026-09-13T11:52:37Z</time>
    
   </trkpt>
   <trkpt lat="40.0111400" lon="-105.6490880">
    <ele>3514.2</ele>
    <time>2026-09-13T11:52:38Z</time>
    
   </trkpt>
   <trkpt lat="40.0111300" lon="-105.6490680">
    <ele>3514.2</ele>
    <time>2026-09-13T11:52:40Z</time>
    
   </trkpt>
   <trkpt lat="40.0111220" lon="-105.6490460">
    <ele>3514.2</ele>
    <time>2026-09-13T11:52:42Z</time>
    
   </trkpt>
   <trkpt lat="40.0111100" lon="-105.6490210">
    <ele>3514.4</ele>
    <time>2026-09-13T11:52:45Z</time>
    
   </trkpt>
   <trkpt lat="40.0110900" lon="-105.6489860">
    <ele>3514.8</ele>
    <time>2026-09-13T11:52:49Z</time>
    
   </trkpt>
   <trkpt lat="40.0110810" lon="-105.6489660">
    <ele>3515.2</ele>
    <time>2026-09-13T11:52:51Z</time>
    
   </trkpt>
   <trkpt lat="40.0110770" lon="-105.6489580">
    <ele>3515.2</ele>
    <time>2026-09-13T11:52:52Z</time>
    
   </trkpt>
   <trkpt lat="40.0110530" lon="-105.6489210">
    <ele>3515.8</ele>
    <time>2026-09-13T11:52:56Z</time>
    
   </trkpt>
   <trkpt lat="40.0110240" lon="-105.6488860">
    <ele>3516.4</ele>
    <time>2026-09-13T11:53:01Z</time>
    
   </trkpt>
   <trkpt lat="40.0110000" lon="-105.6488300">
    <ele>3517.0</ele>
    <time>2026-09-13T11:53:07Z</time>
    
   </trkpt>
   <trkpt lat="40.0109780" lon="-105.6487700">
    <ele>3517.4</ele>
    <time>2026-09-13T11:53:13Z</time>
    
   </trkpt>
   <trkpt lat="40.0109710" lon="-105.6487430">
    <ele>3517.4</ele>
    <time>2026-09-13T11:53:16Z</time>
    
   </trkpt>
   <trkpt lat="40.0109560" lon="-105.6487100">
    <ele>3517.2</ele>
    <time>2026-09-13T11:53:20Z</time>
    
   </trkpt>
   <trkpt lat="40.0109290" lon="-105.6486570">
    <ele>3517.6</ele>
    <time>2026-09-13T11:53:25Z</time>
    
   </trkpt>
   <trkpt lat="40.0109220" lon="-105.6486150">
    <ele>3518.4</ele>
    <time>2026-09-13T11:53:29Z</time>
    
   </trkpt>
   <trkpt lat="40.0109050" lon="-105.6485820">
    <ele>3519.6</ele>
    <time>2026-09-13T11:53:34Z</time>
    
   </trkpt>
   <trkpt lat="40.0109030" lon="-105.6485740">
    <ele>3519.8</ele>
    <time>2026-09-13T11:53:35Z</time>
    
   </trkpt>
   <trkpt lat="40.0108870" lon="-105.6485420">
    <ele>3520.6</ele>
    <time>2026-09-13T11:53:38Z</time>
    
   </trkpt>
   <trkpt lat="40.0108520" lon="-105.6484900">
    <ele>3521.8</ele>
    <time>2026-09-13T11:53:44Z</time>
    
   </trkpt>
   <trkpt lat="40.0108410" lon="-105.6484600">
    <ele>3522.6</ele>
    <time>2026-09-13T11:53:47Z</time>
    
   </trkpt>
   <trkpt lat="40.0108380" lon="-105.6484500">
    <ele>3522.8</ele>
    <time>2026-09-13T11:53:48Z</time>
    
   </trkpt>
   <trkpt lat="40.0108340" lon="-105.6484420">
    <ele>3523.0</ele>
    <time>2026-09-13T11:53:49Z</time>
    
   </trkpt>
   <trkpt lat="40.0108330" lon="-105.6484340">
    <ele>3523.2</ele>
    <time>2026-09-13T11:53:50Z</time>
    
   </trkpt>
   <trkpt lat="40.0108250" lon="-105.6484090">
    <ele>3523.8</ele>
    <time>2026-09-13T11:53:53Z</time>
    
   </trkpt>
   <trkpt lat="40.0108170" lon="-105.6483950">
    <ele>3524.2</ele>
    <time>2026-09-13T11:53:55Z</time>
    
   </trkpt>
   <trkpt lat="40.0108060" lon="-105.6483590">
    <ele>3524.6</ele>
    <time>2026-09-13T11:53:59Z</time>
    
   </trkpt>
   <trkpt lat="40.0107980" lon="-105.6483460">
    <ele>3525.2</ele>
    <time>2026-09-13T11:54:01Z</time>
    
   </trkpt>
   <trkpt lat="40.0107920" lon="-105.6483380">
    <ele>3525.6</ele>
    <time>2026-09-13T11:54:02Z</time>
    
   </trkpt>
   <trkpt lat="40.0107840" lon="-105.6483280">
    <ele>3526.4</ele>
    <time>2026-09-13T11:54:04Z</time>
    
   </trkpt>
   <trkpt lat="40.0107810" lon="-105.6483220">
    <ele>3526.6</ele>
    <time>2026-09-13T11:54:05Z</time>
    
   </trkpt>
   <trkpt lat="40.0107680" lon="-105.6483040">
    <ele>3527.4</ele>
    <time>2026-09-13T11:54:08Z</time>
    
   </trkpt>
   <trkpt lat="40.0107360" lon="-105.6482700">
    <ele>3528.8</ele>
    <time>2026-09-13T11:54:14Z</time>
    
   </trkpt>
   <trkpt lat="40.0107320" lon="-105.6482660">
    <ele>3529.0</ele>
    <time>2026-09-13T11:54:15Z</time>
    
   </trkpt>
   <trkpt lat="40.0107260" lon="-105.6482630">
    <ele>3529.8</ele>
    <time>2026-09-13T11:54:19Z</time>
    
   </trkpt>
   <trkpt lat="40.0107290" lon="-105.6482730">
    <ele>3529.4</ele>
    <time>2026-09-13T11:54:25Z</time>
    
   </trkpt>
   <trkpt lat="40.0107290" lon="-105.6482730">
    <ele>3530.0</ele>
    <time>2026-09-13T11:54:27Z</time>
    
   </trkpt>
   <trkpt lat="40.0107290" lon="-105.6482740">
    <ele>3531.0</ele>
    <time>2026-09-13T11:54:30Z</time>
    
   </trkpt>
   <trkpt lat="40.0107270" lon="-105.6482740">
    <ele>3531.6</ele>
    <time>2026-09-13T11:54:35Z</time>
    
   </trkpt>
   <trkpt lat="40.0107270" lon="-105.6482720">
    <ele>3529.8</ele>
    <time>2026-09-13T11:54:39Z</time>
    
   </trkpt>
   <trkpt lat="40.0107260" lon="-105.6482730">
    <ele>3528.8</ele>
    <time>2026-09-13T11:54:41Z</time>
    
   </trkpt>
   <trkpt lat="40.0107270" lon="-105.6482730">
    <ele>3529.4</ele>
    <time>2026-09-13T11:54:44Z</time>
    
   </trkpt>
   <trkpt lat="40.0107260" lon="-105.6482740">
    <ele>3530.0</ele>
    <time>2026-09-13T11:54:46Z</time>
    
   </trkpt>
   <trkpt lat="40.0107260" lon="-105.6482720">
    <ele>3529.4</ele>
    <time>2026-09-13T11:54:50Z</time>
    
   </trkpt>
   <trkpt lat="40.0107260" lon="-105.6482710">
    <ele>3528.8</ele>
    <time>2026-09-13T11:54:51Z</time>
    
   </trkpt>
   <trkpt lat="40.0107250" lon="-105.6482690">
    <ele>3528.2</ele>
    <time>2026-09-13T11:54:53Z</time>
    
   </trkpt>
   <trkpt lat="40.0107260" lon="-105.6482710">
    <ele>3528.0</ele>
    <time>2026-09-13T11:54:56Z</time>
    
   </trkpt>
   <trkpt lat="40.0107240" lon="-105.6482730">
    <ele>3528.0</ele>
    <time>2026-09-13T11:54:57Z</time>
    
   </trkpt>
   <trkpt lat="40.0107250" lon="-105.6482750">
    <ele>3528.8</ele>
    <time>2026-09-13T11:55:02Z</time>
    
   </trkpt>
   <trkpt lat="40.0107250" lon="-105.6482770">
    <ele>3528.8</ele>
    <time>2026-09-13T11:55:08Z</time>
    
   </trkpt>
   <trkpt lat="40.0107270" lon="-105.6482730">
    <ele>3529.2</ele>
    <time>2026-09-13T11:55:11Z</time>
    
   </trkpt>
   <trkpt lat="40.0107270" lon="-105.6482720">
    <ele>3529.2</ele>
    <time>2026-09-13T11:55:12Z</time>
    
   </trkpt>
   <trkpt lat="40.0107160" lon="-105.6482590">
    <ele>3529.4</ele>
    <time>2026-09-13T11:55:15Z</time>
    
   </trkpt>
   <trkpt lat="40.0106930" lon="-105.6482360">
    <ele>3530.0</ele>
    <time>2026-09-13T11:55:19Z</time>
    
   </trkpt>
   <trkpt lat="40.0106820" lon="-105.6482190">
    <ele>3530.4</ele>
    <time>2026-09-13T11:55:21Z</time>
    
   </trkpt>
   <trkpt lat="40.0106560" lon="-105.6481830">
    <ele>3531.2</ele>
    <time>2026-09-13T11:55:26Z</time>
    
   </trkpt>
   <trkpt lat="40.0106370" lon="-105.6481520">
    <ele>3532.2</ele>
    <time>2026-09-13T11:55:30Z</time>
    
   </trkpt>
   <trkpt lat="40.0106320" lon="-105.6481420">
    <ele>3532.4</ele>
    <time>2026-09-13T11:55:31Z</time>
    
   </trkpt>
   <trkpt lat="40.0106290" lon="-105.6481350">
    <ele>3532.4</ele>
    <time>2026-09-13T11:55:32Z</time>
    
   </trkpt>
   <trkpt lat="40.0105830" lon="-105.6480320">
    <ele>3533.2</ele>
    <time>2026-09-13T11:55:42Z</time>
    
   </trkpt>
   <trkpt lat="40.0105670" lon="-105.6479760">
    <ele>3533.4</ele>
    <time>2026-09-13T11:55:47Z</time>
    
   </trkpt>
   <trkpt lat="40.0105470" lon="-105.6479410">
    <ele>3534.6</ele>
    <time>2026-09-13T11:55:51Z</time>
    
   </trkpt>
   <trkpt lat="40.0105440" lon="-105.6479340">
    <ele>3535.2</ele>
    <time>2026-09-13T11:55:52Z</time>
    
   </trkpt>
   <trkpt lat="40.0105340" lon="-105.6479130">
    <ele>3535.8</ele>
    <time>2026-09-13T11:55:54Z</time>
    
   </trkpt>
   <trkpt lat="40.0105120" lon="-105.6478590">
    <ele>3536.4</ele>
    <time>2026-09-13T11:56:00Z</time>
    
   </trkpt>
   <trkpt lat="40.0105000" lon="-105.6478240">
    <ele>3536.4</ele>
    <time>2026-09-13T11:56:04Z</time>
    
   </trkpt>
   <trkpt lat="40.0104990" lon="-105.6478170">
    <ele>3536.6</ele>
    <time>2026-09-13T11:56:05Z</time>
    
   </trkpt>
   <trkpt lat="40.0104760" lon="-105.6477730">
    <ele>3536.8</ele>
    <time>2026-09-13T11:56:11Z</time>
    
   </trkpt>
   <trkpt lat="40.0104710" lon="-105.6477660">
    <ele>3537.0</ele>
    <time>2026-09-13T11:56:12Z</time>
    
   </trkpt>
   <trkpt lat="40.0104640" lon="-105.6477340">
    <ele>3538.2</ele>
    <time>2026-09-13T11:56:15Z</time>
    
   </trkpt>
   <trkpt lat="40.0104500" lon="-105.6477010">
    <ele>3538.8</ele>
    <time>2026-09-13T11:56:19Z</time>
    
   </trkpt>
   <trkpt lat="40.0104460" lon="-105.6476840">
    <ele>3539.2</ele>
    <time>2026-09-13T11:56:21Z</time>
    
   </trkpt>
   <trkpt lat="40.0104260" lon="-105.6476250">
    <ele>3540.2</ele>
    <time>2026-09-13T11:56:27Z</time>
    
   </trkpt>
   <trkpt lat="40.0104120" lon="-105.6475910">
    <ele>3541.0</ele>
    <time>2026-09-13T11:56:31Z</time>
    
   </trkpt>
   <trkpt lat="40.0104060" lon="-105.6475650">
    <ele>3541.4</ele>
    <time>2026-09-13T11:56:34Z</time>
    
   </trkpt>
   <trkpt lat="40.0104040" lon="-105.6475620">
    <ele>3541.6</ele>
    <time>2026-09-13T11:56:35Z</time>
    
   </trkpt>
   <trkpt lat="40.0103980" lon="-105.6475420">
    <ele>3541.8</ele>
    <time>2026-09-13T11:56:37Z</time>
    
   </trkpt>
   <trkpt lat="40.0103880" lon="-105.6475150">
    <ele>3542.6</ele>
    <time>2026-09-13T11:56:40Z</time>
    
   </trkpt>
   <trkpt lat="40.0103800" lon="-105.6475020">
    <ele>3542.8</ele>
    <time>2026-09-13T11:56:42Z</time>
    
   </trkpt>
   <trkpt lat="40.0103720" lon="-105.6474850">
    <ele>3543.4</ele>
    <time>2026-09-13T11:56:44Z</time>
    
   </trkpt>
   <trkpt lat="40.0103690" lon="-105.6474760">
    <ele>3543.6</ele>
    <time>2026-09-13T11:56:45Z</time>
    
   </trkpt>
   <trkpt lat="40.0103500" lon="-105.6474080">
    <ele>3543.4</ele>
    <time>2026-09-13T11:56:52Z</time>
    
   </trkpt>
   <trkpt lat="40.0103400" lon="-105.6473940">
    <ele>3543.8</ele>
    <time>2026-09-13T11:56:54Z</time>
    
   </trkpt>
   <trkpt lat="40.0103330" lon="-105.6473770">
    <ele>3545.0</ele>
    <time>2026-09-13T11:56:56Z</time>
    
   </trkpt>
   <trkpt lat="40.0103160" lon="-105.6473480">
    <ele>3545.2</ele>
    <time>2026-09-13T11:57:00Z</time>
    
   </trkpt>
   <trkpt lat="40.0103080" lon="-105.6473070">
    <ele>3545.6</ele>
    <time>2026-09-13T11:57:05Z</time>
    
   </trkpt>
   <trkpt lat="40.0103090" lon="-105.6472900">
    <ele>3546.2</ele>
    <time>2026-09-13T11:57:07Z</time>
    
   </trkpt>
   <trkpt lat="40.0103040" lon="-105.6472710">
    <ele>3546.6</ele>
    <time>2026-09-13T11:57:09Z</time>
    
   </trkpt>
   <trkpt lat="40.0103010" lon="-105.6472570">
    <ele>3546.6</ele>
    <time>2026-09-13T11:57:11Z</time>
    
   </trkpt>
   <trkpt lat="40.0102850" lon="-105.6472220">
    <ele>3546.8</ele>
    <time>2026-09-13T11:57:15Z</time>
    
   </trkpt>
   <trkpt lat="40.0102570" lon="-105.6471510">
    <ele>3547.0</ele>
    <time>2026-09-13T11:57:24Z</time>
    
   </trkpt>
   <trkpt lat="40.0102540" lon="-105.6471450">
    <ele>3547.2</ele>
    <time>2026-09-13T11:57:25Z</time>
    
   </trkpt>
   <trkpt lat="40.0102340" lon="-105.6471130">
    <ele>3548.4</ele>
    <time>2026-09-13T11:57:29Z</time>
    
   </trkpt>
   <trkpt lat="40.0102190" lon="-105.6470920">
    <ele>3549.8</ele>
    <time>2026-09-13T11:57:32Z</time>
    
   </trkpt>
   <trkpt lat="40.0102130" lon="-105.6470840">
    <ele>3550.2</ele>
    <time>2026-09-13T11:57:33Z</time>
    
   </trkpt>
   <trkpt lat="40.0102050" lon="-105.6470670">
    <ele>3551.0</ele>
    <time>2026-09-13T11:57:35Z</time>
    
   </trkpt>
   <trkpt lat="40.0101960" lon="-105.6470410">
    <ele>3551.6</ele>
    <time>2026-09-13T11:57:38Z</time>
    
   </trkpt>
   <trkpt lat="40.0101960" lon="-105.6470300">
    <ele>3552.0</ele>
    <time>2026-09-13T11:57:39Z</time>
    
   </trkpt>
   <trkpt lat="40.0101930" lon="-105.6470200">
    <ele>3552.2</ele>
    <time>2026-09-13T11:57:40Z</time>
    
   </trkpt>
   <trkpt lat="40.0101860" lon="-105.6470040">
    <ele>3552.6</ele>
    <time>2026-09-13T11:57:42Z</time>
    
   </trkpt>
   <trkpt lat="40.0101790" lon="-105.6469870">
    <ele>3552.8</ele>
    <time>2026-09-13T11:57:44Z</time>
    
   </trkpt>
   <trkpt lat="40.0101690" lon="-105.6469720">
    <ele>3553.0</ele>
    <time>2026-09-13T11:57:46Z</time>
    
   </trkpt>
   <trkpt lat="40.0101530" lon="-105.6469380">
    <ele>3554.2</ele>
    <time>2026-09-13T11:57:51Z</time>
    
   </trkpt>
   <trkpt lat="40.0101440" lon="-105.6469030">
    <ele>3555.0</ele>
    <time>2026-09-13T11:57:55Z</time>
    
   </trkpt>
   <trkpt lat="40.0101410" lon="-105.6468930">
    <ele>3555.2</ele>
    <time>2026-09-13T11:57:56Z</time>
    
   </trkpt>
   <trkpt lat="40.0101330" lon="-105.6468580">
    <ele>3556.6</ele>
    <time>2026-09-13T11:57:59Z</time>
    
   </trkpt>
   <trkpt lat="40.0101260" lon="-105.6468380">
    <ele>3557.0</ele>
    <time>2026-09-13T11:58:01Z</time>
    
   </trkpt>
   <trkpt lat="40.0101020" lon="-105.6468020">
    <ele>3557.2</ele>
    <time>2026-09-13T11:58:06Z</time>
    
   </trkpt>
   <trkpt lat="40.0101030" lon="-105.6467970">
    <ele>3557.2</ele>
    <time>2026-09-13T11:58:07Z</time>
    
   </trkpt>
   <trkpt lat="40.0101040" lon="-105.6467840">
    <ele>3557.8</ele>
    <time>2026-09-13T11:58:11Z</time>
    
   </trkpt>
   <trkpt lat="40.0100870" lon="-105.6467480">
    <ele>3558.6</ele>
    <time>2026-09-13T11:58:15Z</time>
    
   </trkpt>
   <trkpt lat="40.0100810" lon="-105.6467380">
    <ele>3559.0</ele>
    <time>2026-09-13T11:58:16Z</time>
    
   </trkpt>
   <trkpt lat="40.0100590" lon="-105.6466960">
    <ele>3560.0</ele>
    <time>2026-09-13T11:58:20Z</time>
    
   </trkpt>
   <trkpt lat="40.0100410" lon="-105.6466500">
    <ele>3560.8</ele>
    <time>2026-09-13T11:58:24Z</time>
    
   </trkpt>
   <trkpt lat="40.0100360" lon="-105.6466360">
    <ele>3561.0</ele>
    <time>2026-09-13T11:58:25Z</time>
    
   </trkpt>
   <trkpt lat="40.0100320" lon="-105.6466210">
    <ele>3561.2</ele>
    <time>2026-09-13T11:58:26Z</time>
    
   </trkpt>
   <trkpt lat="40.0100290" lon="-105.6466100">
    <ele>3561.6</ele>
    <time>2026-09-13T11:58:27Z</time>
    
   </trkpt>
   <trkpt lat="40.0100230" lon="-105.6465680">
    <ele>3562.0</ele>
    <time>2026-09-13T11:58:30Z</time>
    
   </trkpt>
   <trkpt lat="40.0100210" lon="-105.6465590">
    <ele>3562.6</ele>
    <time>2026-09-13T11:58:31Z</time>
    
   </trkpt>
   <trkpt lat="40.0100140" lon="-105.6465350">
    <ele>3563.2</ele>
    <time>2026-09-13T11:58:33Z</time>
    
   </trkpt>
   <trkpt lat="40.0100060" lon="-105.6465120">
    <ele>3563.4</ele>
    <time>2026-09-13T11:58:35Z</time>
    
   </trkpt>
   <trkpt lat="40.0100000" lon="-105.6464990">
    <ele>3563.4</ele>
    <time>2026-09-13T11:58:36Z</time>
    
   </trkpt>
   <trkpt lat="40.0099940" lon="-105.6464880">
    <ele>3563.6</ele>
    <time>2026-09-13T11:58:37Z</time>
    
   </trkpt>
   <trkpt lat="40.0099750" lon="-105.6464500">
    <ele>3565.0</ele>
    <time>2026-09-13T11:58:40Z</time>
    
   </trkpt>
   <trkpt lat="40.0099530" lon="-105.6463870">
    <ele>3565.8</ele>
    <time>2026-09-13T11:58:44Z</time>
    
   </trkpt>
   <trkpt lat="40.0099420" lon="-105.6463550">
    <ele>3564.8</ele>
    <time>2026-09-13T11:58:46Z</time>
    
   </trkpt>
   <trkpt lat="40.0099350" lon="-105.6463010">
    <ele>3564.8</ele>
    <time>2026-09-13T11:58:50Z</time>
    
   </trkpt>
   <trkpt lat="40.0099350" lon="-105.6462580">
    <ele>3566.4</ele>
    <time>2026-09-13T11:58:53Z</time>
    
   </trkpt>
   <trkpt lat="40.0099300" lon="-105.6462320">
    <ele>3567.6</ele>
    <time>2026-09-13T11:58:55Z</time>
    
   </trkpt>
   <trkpt lat="40.0099270" lon="-105.6461820">
    <ele>3568.8</ele>
    <time>2026-09-13T11:59:00Z</time>
    
   </trkpt>
   <trkpt lat="40.0099280" lon="-105.6461780">
    <ele>3569.0</ele>
    <time>2026-09-13T11:59:01Z</time>
    
   </trkpt>
   <trkpt lat="40.0099260" lon="-105.6461740">
    <ele>3569.2</ele>
    <time>2026-09-13T11:59:04Z</time>
    
   </trkpt>
   <trkpt lat="40.0099300" lon="-105.6461800">
    <ele>3567.8</ele>
    <time>2026-09-13T11:59:12Z</time>
    
   </trkpt>
   <trkpt lat="40.0099320" lon="-105.6461820">
    <ele>3567.4</ele>
    <time>2026-09-13T11:59:16Z</time>
    
   </trkpt>
   <trkpt lat="40.0099420" lon="-105.6461820">
    <ele>3565.8</ele>
    <time>2026-09-13T11:59:18Z</time>
    
   </trkpt>
   <trkpt lat="40.0099380" lon="-105.6461790">
    <ele>3564.2</ele>
    <time>2026-09-13T11:59:23Z</time>
    
   </trkpt>
   <trkpt lat="40.0099430" lon="-105.6461810">
    <ele>3565.6</ele>
    <time>2026-09-13T11:59:29Z</time>
    
   </trkpt>
   <trkpt lat="40.0099430" lon="-105.6461800">
    <ele>3566.6</ele>
    <time>2026-09-13T11:59:31Z</time>
    
   </trkpt>
   <trkpt lat="40.0099420" lon="-105.6461750">
    <ele>3565.4</ele>
    <time>2026-09-13T11:59:34Z</time>
    
   </trkpt>
   <trkpt lat="40.0099410" lon="-105.6461730">
    <ele>3565.0</ele>
    <time>2026-09-13T11:59:37Z</time>
    
   </trkpt>
   <trkpt lat="40.0099450" lon="-105.6461670">
    <ele>3566.0</ele>
    <time>2026-09-13T11:59:48Z</time>
    
   </trkpt>
   <trkpt lat="40.0099460" lon="-105.6461720">
    <ele>3566.2</ele>
    <time>2026-09-13T11:59:49Z</time>
    
   </trkpt>
   <trkpt lat="40.0099520" lon="-105.6461740">
    <ele>3566.2</ele>
    <time>2026-09-13T11:59:53Z</time>
    
   </trkpt>
   <trkpt lat="40.0099540" lon="-105.6461750">
    <ele>3566.0</ele>
    <time>2026-09-13T11:59:54Z</time>
    
   </trkpt>
   <trkpt lat="40.0099560" lon="-105.6461810">
    <ele>3565.6</ele>
    <time>2026-09-13T11:59:59Z</time>
    
   </trkpt>
   <trkpt lat="40.0099560" lon="-105.6461830">
    <ele>3565.8</ele>
    <time>2026-09-13T12:00:01Z</time>
    
   </trkpt>
   <trkpt lat="40.0099570" lon="-105.6461840">
    <ele>3566.2</ele>
    <time>2026-09-13T12:00:02Z</time>
    
   </trkpt>
   <trkpt lat="40.0099560" lon="-105.6461840">
    <ele>3566.4</ele>
    <time>2026-09-13T12:00:04Z</time>
    
   </trkpt>
   <trkpt lat="40.0099570" lon="-105.6461840">
    <ele>3566.6</ele>
    <time>2026-09-13T12:00:05Z</time>
    
   </trkpt>
   <trkpt lat="40.0099630" lon="-105.6461770">
    <ele>3566.8</ele>
    <time>2026-09-13T12:00:08Z</time>
    
   </trkpt>
   <trkpt lat="40.0099620" lon="-105.6461640">
    <ele>3566.8</ele>
    <time>2026-09-13T12:00:12Z</time>
    
   </trkpt>
   <trkpt lat="40.0099600" lon="-105.6461640">
    <ele>3566.6</ele>
    <time>2026-09-13T12:00:14Z</time>
    
   </trkpt>
   <trkpt lat="40.0099620" lon="-105.6461640">
    <ele>3566.8</ele>
    <time>2026-09-13T12:00:22Z</time>
    
   </trkpt>
   <trkpt lat="40.0099550" lon="-105.6461650">
    <ele>3567.6</ele>
    <time>2026-09-13T12:00:29Z</time>
    
   </trkpt>
   <trkpt lat="40.0099550" lon="-105.6461650">
    <ele>3567.6</ele>
    <time>2026-09-13T12:00:30Z</time>
    
   </trkpt>
   <trkpt lat="40.0099610" lon="-105.6461710">
    <ele>3568.8</ele>
    <time>2026-09-13T12:00:33Z</time>
    
   </trkpt>
   <trkpt lat="40.0099550" lon="-105.6461750">
    <ele>3569.2</ele>
    <time>2026-09-13T12:00:34Z</time>
    
   </trkpt>
   <trkpt lat="40.0099540" lon="-105.6461750">
    <ele>3570.0</ele>
    <time>2026-09-13T12:00:36Z</time>
    
   </trkpt>
   <trkpt lat="40.0099500" lon="-105.6461700">
    <ele>3568.6</ele>
    <time>2026-09-13T12:00:42Z</time>
    
   </trkpt>
   <trkpt lat="40.0099490" lon="-105.6461700">
    <ele>3568.0</ele>
    <time>2026-09-13T12:00:44Z</time>
    
   </trkpt>
   <trkpt lat="40.0099490" lon="-105.6461670">
    <ele>3567.4</ele>
    <time>2026-09-13T12:00:45Z</time>
    
   </trkpt>
   <trkpt lat="40.0099470" lon="-105.6461740">
    <ele>3567.6</ele>
    <time>2026-09-13T12:00:54Z</time>
    
   </trkpt>
   <trkpt lat="40.0099460" lon="-105.6461670">
    <ele>3568.6</ele>
    <time>2026-09-13T12:01:01Z</time>
    
   </trkpt>
   <trkpt lat="40.0099480" lon="-105.6461650">
    <ele>3569.8</ele>
    <time>2026-09-13T12:01:04Z</time>
    
   </trkpt>
   <trkpt lat="40.0099480" lon="-105.6461650">
    <ele>3570.4</ele>
    <time>2026-09-13T12:01:09Z</time>
    
   </trkpt>
   <trkpt lat="40.0099480" lon="-105.6461650">
    <ele>3570.0</ele>
    <time>2026-09-13T12:01:15Z</time>
    
   </trkpt>
   <trkpt lat="40.0099490" lon="-105.6461650">
    <ele>3570.0</ele>
    <time>2026-09-13T12:01:20Z</time>
    
   </trkpt>
   <trkpt lat="40.0099490" lon="-105.6461690">
    <ele>3570.6</ele>
    <time>2026-09-13T12:01:29Z</time>
    
   </trkpt>
   <trkpt lat="40.0099490" lon="-105.6461690">
    <ele>3571.0</ele>
    <time>2026-09-13T12:01:30Z</time>
    
   </trkpt>
   <trkpt lat="40.0099490" lon="-105.6461680">
    <ele>3571.4</ele>
    <time>2026-09-13T12:01:32Z</time>
    
   </trkpt>
   <trkpt lat="40.0099500" lon="-105.6461670">
    <ele>3569.8</ele>
    <time>2026-09-13T12:01:36Z</time>
    
   </trkpt>
   <trkpt lat="40.0099500" lon="-105.6461670">
    <ele>3568.4</ele>
    <time>2026-09-13T12:01:39Z</time>
    
   </trkpt>
   <trkpt lat="40.0099540" lon="-105.6461480">
    <ele>3567.6</ele>
    <time>2026-09-13T12:01:44Z</time>
    
   </trkpt>
   <trkpt lat="40.0099500" lon="-105.6461570">
    <ele>3568.8</ele>
    <time>2026-09-13T12:01:56Z</time>
    
   </trkpt>
   <trkpt lat="40.0099490" lon="-105.6461570">
    <ele>3568.4</ele>
    <time>2026-09-13T12:01:58Z</time>
    
   </trkpt>
   <trkpt lat="40.0099490" lon="-105.6461540">
    <ele>3568.2</ele>
    <time>2026-09-13T12:02:00Z</time>
    
   </trkpt>
   <trkpt lat="40.0099510" lon="-105.6461530">
    <ele>3567.0</ele>
    <time>2026-09-13T12:02:04Z</time>
    
   </trkpt>
   <trkpt lat="40.0099500" lon="-105.6461540">
    <ele>3566.2</ele>
    <time>2026-09-13T12:02:07Z</time>
    
   </trkpt>
   <trkpt lat="40.0099480" lon="-105.6461540">
    <ele>3566.2</ele>
    <time>2026-09-13T12:02:09Z</time>
    
   </trkpt>
   <trkpt lat="40.0099460" lon="-105.6461550">
    <ele>3566.0</ele>
    <time>2026-09-13T12:02:11Z</time>
    
   </trkpt>
   <trkpt lat="40.0099440" lon="-105.6461550">
    <ele>3566.0</ele>
    <time>2026-09-13T12:02:13Z</time>
    
   </trkpt>
   <trkpt lat="40.0099440" lon="-105.6461550">
    <ele>3566.2</ele>
    <time>2026-09-13T12:02:15Z</time>
    
   </trkpt>
   <trkpt lat="40.0099410" lon="-105.6461630">
    <ele>3567.2</ele>
    <time>2026-09-13T12:02:24Z</time>
    
   </trkpt>
   <trkpt lat="40.0099480" lon="-105.6461650">
    <ele>3567.4</ele>
    <time>2026-09-13T12:02:26Z</time>
    
   </trkpt>
   <trkpt lat="40.0099480" lon="-105.6461580">
    <ele>3567.0</ele>
    <time>2026-09-13T12:02:34Z</time>
    
   </trkpt>
   <trkpt lat="40.0099470" lon="-105.6461570">
    <ele>3567.0</ele>
    <time>2026-09-13T12:02:35Z</time>
    
   </trkpt>
   <trkpt lat="40.0099470" lon="-105.6461560">
    <ele>3566.0</ele>
    <time>2026-09-13T12:02:42Z</time>
    
   </trkpt>
   <trkpt lat="40.0099440" lon="-105.6461570">
    <ele>3565.6</ele>
    <time>2026-09-13T12:02:46Z</time>
    
   </trkpt>
   <trkpt lat="40.0099280" lon="-105.6462050">
    <ele>3566.0</ele>
    <time>2026-09-13T12:02:55Z</time>
    
   </trkpt>
   <trkpt lat="40.0099470" lon="-105.6462540">
    <ele>3565.0</ele>
    <time>2026-09-13T12:03:00Z</time>
    
   </trkpt>
   <trkpt lat="40.0099470" lon="-105.6462630">
    <ele>3565.4</ele>
    <time>2026-09-13T12:03:03Z</time>
    
   </trkpt>
   <trkpt lat="40.0099470" lon="-105.6462640">
    <ele>3565.0</ele>
    <time>2026-09-13T12:03:17Z</time>
    
   </trkpt>
   <trkpt lat="40.0099470" lon="-105.6462640">
    <ele>3564.8</ele>
    <time>2026-09-13T12:03:22Z</time>
    
   </trkpt>
   <trkpt lat="40.0099470" lon="-105.6462640">
    <ele>3564.0</ele>
    <time>2026-09-13T12:03:28Z</time>
    
   </trkpt>
   <trkpt lat="40.0099480" lon="-105.6462530">
    <ele>3564.2</ele>
    <time>2026-09-13T12:03:33Z</time>
    
   </trkpt>
   <trkpt lat="40.0099430" lon="-105.6462300">
    <ele>3564.4</ele>
    <time>2026-09-13T12:03:35Z</time>
    
   </trkpt>
   <trkpt lat="40.0099410" lon="-105.6462050">
    <ele>3565.0</ele>
    <time>2026-09-13T12:03:38Z</time>
    
   </trkpt>
   <trkpt lat="40.0099370" lon="-105.6462060">
    <ele>3565.2</ele>
    <time>2026-09-13T12:03:42Z</time>
    
   </trkpt>
   <trkpt lat="40.0099370" lon="-105.6462070">
    <ele>3565.4</ele>
    <time>2026-09-13T12:03:43Z</time>
    
   </trkpt>
   <trkpt lat="40.0099370" lon="-105.6462070">
    <ele>3566.0</ele>
    <time>2026-09-13T12:03:45Z</time>
    
   </trkpt>
   <trkpt lat="40.0099320" lon="-105.6461960">
    <ele>3567.2</ele>
    <time>2026-09-13T12:03:48Z</time>
    
   </trkpt>
   <trkpt lat="40.0099300" lon="-105.6461790">
    <ele>3565.4</ele>
    <time>2026-09-13T12:03:50Z</time>
    
   </trkpt>
   <trkpt lat="40.0099300" lon="-105.6461730">
    <ele>3563.4</ele>
    <time>2026-09-13T12:03:51Z</time>
    
   </trkpt>
   <trkpt lat="40.0099300" lon="-105.6461700">
    <ele>3562.0</ele>
    <time>2026-09-13T12:03:52Z</time>
    
   </trkpt>
   <trkpt lat="40.0099300" lon="-105.6461640">
    <ele>3563.0</ele>
    <time>2026-09-13T12:03:55Z</time>
    
   </trkpt>
   <trkpt lat="40.0099310" lon="-105.6461650">
    <ele>3562.8</ele>
    <time>2026-09-13T12:04:02Z</time>
    
   </trkpt>
   <trkpt lat="40.0099430" lon="-105.6461730">
    <ele>3562.6</ele>
    <time>2026-09-13T12:04:05Z</time>
    
   </trkpt>
   <trkpt lat="40.0099610" lon="-105.6461700">
    <ele>3563.0</ele>
    <time>2026-09-13T12:04:10Z</time>
    
   </trkpt>
   <trkpt lat="40.0099660" lon="-105.6461690">
    <ele>3562.0</ele>
    <time>2026-09-13T12:04:13Z</time>
    
   </trkpt>
   <trkpt lat="40.0099650" lon="-105.6461790">
    <ele>3561.8</ele>
    <time>2026-09-13T12:04:15Z</time>
    
   </trkpt>
   <trkpt lat="40.0099660" lon="-105.6461910">
    <ele>3565.0</ele>
    <time>2026-09-13T12:04:18Z</time>
    
   </trkpt>
   <trkpt lat="40.0099670" lon="-105.6461930">
    <ele>3565.0</ele>
    <time>2026-09-13T12:04:19Z</time>
    
   </trkpt>
   <trkpt lat="40.0099700" lon="-105.6461920">
    <ele>3565.0</ele>
    <time>2026-09-13T12:04:21Z</time>
    
   </trkpt>
   <trkpt lat="40.0099920" lon="-105.6461920">
    <ele>3565.0</ele>
    <time>2026-09-13T12:04:24Z</time>
    
   </trkpt>
   <trkpt lat="40.0100690" lon="-105.6462180">
    <ele>3564.8</ele>
    <time>2026-09-13T12:04:33Z</time>
    
   </trkpt>
   <trkpt lat="40.0100820" lon="-105.6462160">
    <ele>3563.2</ele>
    <time>2026-09-13T12:04:35Z</time>
    
   </trkpt>
   <trkpt lat="40.0100900" lon="-105.6462160">
    <ele>3562.2</ele>
    <time>2026-09-13T12:04:36Z</time>
    
   </trkpt>
   <trkpt lat="40.0101170" lon="-105.6462170">
    <ele>3563.0</ele>
    <time>2026-09-13T12:04:39Z</time>
    
   </trkpt>
   <trkpt lat="40.0101240" lon="-105.6462170">
    <ele>3563.4</ele>
    <time>2026-09-13T12:04:40Z</time>
    
   </trkpt>
   <trkpt lat="40.0101430" lon="-105.6462160">
    <ele>3564.8</ele>
    <time>2026-09-13T12:04:42Z</time>
    
   </trkpt>
   <trkpt lat="40.0101560" lon="-105.6462300">
    <ele>3566.0</ele>
    <time>2026-09-13T12:04:44Z</time>
    
   </trkpt>
   <trkpt lat="40.0101650" lon="-105.6462360">
    <ele>3566.4</ele>
    <time>2026-09-13T12:04:45Z</time>
    
   </trkpt>
   <trkpt lat="40.0101730" lon="-105.6462410">
    <ele>3566.2</ele>
    <time>2026-09-13T12:04:46Z</time>
    
   </trkpt>
   <trkpt lat="40.0101840" lon="-105.6462480">
    <ele>3566.6</ele>
    <time>2026-09-13T12:04:47Z</time>
    
   </trkpt>
   <trkpt lat="40.0101920" lon="-105.6462520">
    <ele>3567.4</ele>
    <time>2026-09-13T12:04:48Z</time>
    
   </trkpt>
   <trkpt lat="40.0102190" lon="-105.6462690">
    <ele>3568.6</ele>
    <time>2026-09-13T12:04:51Z</time>
    
   </trkpt>
   <trkpt lat="40.0102710" lon="-105.6462650">
    <ele>3567.8</ele>
    <time>2026-09-13T12:04:56Z</time>
    
   </trkpt>
   <trkpt lat="40.0102800" lon="-105.6462640">
    <ele>3567.6</ele>
    <time>2026-09-13T12:04:57Z</time>
    
   </trkpt>
   <trkpt lat="40.0103170" lon="-105.6462570">
    <ele>3568.0</ele>
    <time>2026-09-13T12:05:01Z</time>
    
   </trkpt>
   <trkpt lat="40.0103350" lon="-105.6462480">
    <ele>3569.0</ele>
    <time>2026-09-13T12:05:03Z</time>
    
   </trkpt>
   <trkpt lat="40.0103560" lon="-105.6462430">
    <ele>3570.0</ele>
    <time>2026-09-13T12:05:06Z</time>
    
   </trkpt>
   <trkpt lat="40.0103750" lon="-105.6462430">
    <ele>3569.6</ele>
    <time>2026-09-13T12:05:08Z</time>
    
   </trkpt>
   <trkpt lat="40.0103960" lon="-105.6462480">
    <ele>3568.4</ele>
    <time>2026-09-13T12:05:10Z</time>
    
   </trkpt>
   <trkpt lat="40.0104060" lon="-105.6462490">
    <ele>3567.8</ele>
    <time>2026-09-13T12:05:11Z</time>
    
   </trkpt>
   <trkpt lat="40.0104250" lon="-105.6462590">
    <ele>3566.6</ele>
    <time>2026-09-13T12:05:13Z</time>
    
   </trkpt>
   <trkpt lat="40.0104460" lon="-105.6462670">
    <ele>3566.0</ele>
    <time>2026-09-13T12:05:15Z</time>
    
   </trkpt>
   <trkpt lat="40.0104620" lon="-105.6462620">
    <ele>3566.0</ele>
    <time>2026-09-13T12:05:17Z</time>
    
   </trkpt>
   <trkpt lat="40.0104660" lon="-105.6462600">
    <ele>3565.8</ele>
    <time>2026-09-13T12:05:18Z</time>
    
   </trkpt>
   <trkpt lat="40.0104870" lon="-105.6462650">
    <ele>3566.6</ele>
    <time>2026-09-13T12:05:21Z</time>
    
   </trkpt>
   <trkpt lat="40.0104950" lon="-105.6462660">
    <ele>3566.6</ele>
    <time>2026-09-13T12:05:22Z</time>
    
   </trkpt>
   <trkpt lat="40.0105100" lon="-105.6462680">
    <ele>3567.0</ele>
    <time>2026-09-13T12:05:24Z</time>
    
   </trkpt>
   <trkpt lat="40.0105280" lon="-105.6462720">
    <ele>3567.6</ele>
    <time>2026-09-13T12:05:27Z</time>
    
   </trkpt>
   <trkpt lat="40.0105290" lon="-105.6462740">
    <ele>3569.0</ele>
    <time>2026-09-13T12:05:28Z</time>
    
   </trkpt>
   <trkpt lat="40.0105310" lon="-105.6462750">
    <ele>3571.0</ele>
    <time>2026-09-13T12:05:29Z</time>
    
   </trkpt>
   <trkpt lat="40.0105320" lon="-105.6462790">
    <ele>3572.2</ele>
    <time>2026-09-13T12:05:30Z</time>
    
   </trkpt>
   <trkpt lat="40.0105350" lon="-105.6462850">
    <ele>3573.2</ele>
    <time>2026-09-13T12:05:32Z</time>
    
   </trkpt>
   <trkpt lat="40.0105380" lon="-105.6462950">
    <ele>3572.2</ele>
    <time>2026-09-13T12:05:44Z</time>
    
   </trkpt>
   <trkpt lat="40.0105490" lon="-105.6462960">
    <ele>3572.0</ele>
    <time>2026-09-13T12:05:45Z</time>
    
   </trkpt>
   <trkpt lat="40.0105780" lon="-105.6463020">
    <ele>3570.8</ele>
    <time>2026-09-13T12:05:48Z</time>
    
   </trkpt>
   <trkpt lat="40.0106170" lon="-105.6463140">
    <ele>3571.0</ele>
    <time>2026-09-13T12:05:52Z</time>
    
   </trkpt>
   <trkpt lat="40.0106300" lon="-105.6463130">
    <ele>3571.2</ele>
    <time>2026-09-13T12:05:53Z</time>
    
   </trkpt>
   <trkpt lat="40.0106660" lon="-105.6463160">
    <ele>3572.2</ele>
    <time>2026-09-13T12:05:56Z</time>
    
   </trkpt>
   <trkpt lat="40.0106920" lon="-105.6463200">
    <ele>3573.2</ele>
    <time>2026-09-13T12:05:58Z</time>
    
   </trkpt>
   <trkpt lat="40.0107180" lon="-105.6463190">
    <ele>3574.4</ele>
    <time>2026-09-13T12:06:00Z</time>
    
   </trkpt>
   <trkpt lat="40.0107540" lon="-105.6463250">
    <ele>3575.6</ele>
    <time>2026-09-13T12:06:03Z</time>
    
   </trkpt>
   <trkpt lat="40.0107860" lon="-105.6463300">
    <ele>3576.6</ele>
    <time>2026-09-13T12:06:06Z</time>
    
   </trkpt>
   <trkpt lat="40.0108500" lon="-105.6463320">
    <ele>3577.4</ele>
    <time>2026-09-13T12:06:12Z</time>
    
   </trkpt>
   <trkpt lat="40.0109010" lon="-105.6463670">
    <ele>3576.8</ele>
    <time>2026-09-13T12:06:17Z</time>
    
   </trkpt>
   <trkpt lat="40.0109290" lon="-105.6463780">
    <ele>3575.6</ele>
    <time>2026-09-13T12:06:20Z</time>
    
   </trkpt>
   <trkpt lat="40.0109600" lon="-105.6463900">
    <ele>3575.4</ele>
    <time>2026-09-13T12:06:23Z</time>
    
   </trkpt>
   <trkpt lat="40.0109950" lon="-105.6464040">
    <ele>3576.2</ele>
    <time>2026-09-13T12:06:27Z</time>
    
   </trkpt>
   <trkpt lat="40.0110050" lon="-105.6464100">
    <ele>3577.0</ele>
    <time>2026-09-13T12:06:28Z</time>
    
   </trkpt>
   <trkpt lat="40.0110370" lon="-105.6464210">
    <ele>3578.0</ele>
    <time>2026-09-13T12:06:32Z</time>
    
   </trkpt>
   <trkpt lat="40.0110440" lon="-105.6464190">
    <ele>3578.4</ele>
    <time>2026-09-13T12:06:33Z</time>
    
   </trkpt>
   <trkpt lat="40.0110470" lon="-105.6464180">
    <ele>3578.8</ele>
    <time>2026-09-13T12:06:34Z</time>
    
   </trkpt>
   <trkpt lat="40.0110480" lon="-105.6464180">
    <ele>3579.4</ele>
    <time>2026-09-13T12:06:35Z</time>
    
   </trkpt>
   <trkpt lat="40.0110470" lon="-105.6464180">
    <ele>3580.2</ele>
    <time>2026-09-13T12:06:38Z</time>
    
   </trkpt>
   <trkpt lat="40.0110460" lon="-105.6464190">
    <ele>3580.4</ele>
    <time>2026-09-13T12:06:39Z</time>
    
   </trkpt>
   <trkpt lat="40.0110590" lon="-105.6464360">
    <ele>3580.4</ele>
    <time>2026-09-13T12:06:43Z</time>
    
   </trkpt>
   <trkpt lat="40.0110760" lon="-105.6464460">
    <ele>3578.6</ele>
    <time>2026-09-13T12:06:45Z</time>
    
   </trkpt>
   <trkpt lat="40.0111240" lon="-105.6464450">
    <ele>3579.6</ele>
    <time>2026-09-13T12:06:52Z</time>
    
   </trkpt>
   <trkpt lat="40.0111310" lon="-105.6464470">
    <ele>3580.0</ele>
    <time>2026-09-13T12:06:53Z</time>
    
   </trkpt>
   <trkpt lat="40.0111540" lon="-105.6464470">
    <ele>3581.0</ele>
    <time>2026-09-13T12:06:56Z</time>
    
   </trkpt>
   <trkpt lat="40.0111610" lon="-105.6464420">
    <ele>3581.6</ele>
    <time>2026-09-13T12:06:57Z</time>
    
   </trkpt>
   <trkpt lat="40.0111690" lon="-105.6464400">
    <ele>3582.0</ele>
    <time>2026-09-13T12:06:58Z</time>
    
   </trkpt>
   <trkpt lat="40.0112220" lon="-105.6464450">
    <ele>3582.6</ele>
    <time>2026-09-13T12:07:04Z</time>
    
   </trkpt>
   <trkpt lat="40.0112390" lon="-105.6464460">
    <ele>3582.8</ele>
    <time>2026-09-13T12:07:06Z</time>
    
   </trkpt>
   <trkpt lat="40.0112560" lon="-105.6464440">
    <ele>3583.2</ele>
    <time>2026-09-13T12:07:08Z</time>
    
   </trkpt>
   <trkpt lat="40.0112960" lon="-105.6464350">
    <ele>3583.4</ele>
    <time>2026-09-13T12:07:15Z</time>
    
   </trkpt>
   <trkpt lat="40.0113000" lon="-105.6464350">
    <ele>3583.8</ele>
    <time>2026-09-13T12:07:16Z</time>
    
   </trkpt>
   <trkpt lat="40.0113140" lon="-105.6464320">
    <ele>3584.4</ele>
    <time>2026-09-13T12:07:18Z</time>
    
   </trkpt>
   <trkpt lat="40.0113200" lon="-105.6464300">
    <ele>3585.6</ele>
    <time>2026-09-13T12:07:19Z</time>
    
   </trkpt>
   <trkpt lat="40.0113250" lon="-105.6464290">
    <ele>3586.6</ele>
    <time>2026-09-13T12:07:20Z</time>
    
   </trkpt>
   <trkpt lat="40.0113300" lon="-105.6464270">
    <ele>3587.8</ele>
    <time>2026-09-13T12:07:21Z</time>
    
   </trkpt>
   <trkpt lat="40.0113700" lon="-105.6464240">
    <ele>3587.6</ele>
    <time>2026-09-13T12:07:27Z</time>
    
   </trkpt>
   <trkpt lat="40.0114070" lon="-105.6463940">
    <ele>3588.6</ele>
    <time>2026-09-13T12:07:33Z</time>
    
   </trkpt>
   <trkpt lat="40.0114100" lon="-105.6463920">
    <ele>3589.2</ele>
    <time>2026-09-13T12:07:35Z</time>
    
   </trkpt>
   <trkpt lat="40.0114120" lon="-105.6463920">
    <ele>3589.2</ele>
    <time>2026-09-13T12:07:36Z</time>
    
   </trkpt>
   <trkpt lat="40.0114090" lon="-105.6463890">
    <ele>3590.4</ele>
    <time>2026-09-13T12:07:39Z</time>
    
   </trkpt>
   <trkpt lat="40.0114100" lon="-105.6463870">
    <ele>3591.6</ele>
    <time>2026-09-13T12:07:42Z</time>
    
   </trkpt>
   <trkpt lat="40.0114090" lon="-105.6463870">
    <ele>3591.2</ele>
    <time>2026-09-13T12:07:49Z</time>
    
   </trkpt>
   <trkpt lat="40.0114120" lon="-105.6463850">
    <ele>3590.4</ele>
    <time>2026-09-13T12:07:55Z</time>
    
   </trkpt>
   <trkpt lat="40.0114050" lon="-105.6463850">
    <ele>3589.4</ele>
    <time>2026-09-13T12:08:00Z</time>
    
   </trkpt>
   <trkpt lat="40.0114020" lon="-105.6463910">
    <ele>3589.0</ele>
    <time>2026-09-13T12:08:09Z</time>
    
   </trkpt>
   <trkpt lat="40.0114040" lon="-105.6463900">
    <ele>3588.8</ele>
    <time>2026-09-13T12:08:18Z</time>
    
   </trkpt>
   <trkpt lat="40.0114040" lon="-105.6463890">
    <ele>3588.8</ele>
    <time>2026-09-13T12:08:23Z</time>
    
   </trkpt>
   <trkpt lat="40.0114040" lon="-105.6463920">
    <ele>3588.8</ele>
    <time>2026-09-13T12:08:24Z</time>
    
   </trkpt>
   <trkpt lat="40.0113920" lon="-105.6463980">
    <ele>3591.0</ele>
    <time>2026-09-13T12:08:31Z</time>
    
   </trkpt>
   <trkpt lat="40.0113940" lon="-105.6464010">
    <ele>3592.6</ele>
    <time>2026-09-13T12:08:32Z</time>
    
   </trkpt>
   <trkpt lat="40.0113950" lon="-105.6463990">
    <ele>3594.2</ele>
    <time>2026-09-13T12:08:33Z</time>
    
   </trkpt>
   <trkpt lat="40.0113990" lon="-105.6463990">
    <ele>3595.4</ele>
    <time>2026-09-13T12:08:35Z</time>
    
   </trkpt>
   <trkpt lat="40.0114010" lon="-105.6464010">
    <ele>3594.2</ele>
    <time>2026-09-13T12:08:37Z</time>
    
   </trkpt>
   <trkpt lat="40.0114000" lon="-105.6464000">
    <ele>3593.2</ele>
    <time>2026-09-13T12:08:38Z</time>
    
   </trkpt>
   <trkpt lat="40.0114050" lon="-105.6463980">
    <ele>3591.8</ele>
    <time>2026-09-13T12:08:39Z</time>
    
   </trkpt>
   <trkpt lat="40.0114140" lon="-105.6463950">
    <ele>3590.0</ele>
    <time>2026-09-13T12:08:40Z</time>
    
   </trkpt>
   <trkpt lat="40.0114210" lon="-105.6463900">
    <ele>3588.2</ele>
    <time>2026-09-13T12:08:41Z</time>
    
   </trkpt>
   <trkpt lat="40.0114330" lon="-105.6463880">
    <ele>3586.8</ele>
    <time>2026-09-13T12:08:42Z</time>
    
   </trkpt>
   <trkpt lat="40.0114570" lon="-105.6463820">
    <ele>3585.6</ele>
    <time>2026-09-13T12:08:44Z</time>
    
   </trkpt>
   <trkpt lat="40.0114680" lon="-105.6463760">
    <ele>3585.6</ele>
    <time>2026-09-13T12:08:45Z</time>
    
   </trkpt>
   <trkpt lat="40.0114960" lon="-105.6463540">
    <ele>3587.0</ele>
    <time>2026-09-13T12:08:48Z</time>
    
   </trkpt>
   <trkpt lat="40.0115280" lon="-105.6463260">
    <ele>3588.4</ele>
    <time>2026-09-13T12:08:51Z</time>
    
   </trkpt>
   <trkpt lat="40.0115750" lon="-105.6462860">
    <ele>3589.8</ele>
    <time>2026-09-13T12:08:56Z</time>
    
   </trkpt>
   <trkpt lat="40.0116090" lon="-105.6462400">
    <ele>3591.4</ele>
    <time>2026-09-13T12:09:01Z</time>
    
   </trkpt>
   <trkpt lat="40.0116650" lon="-105.6461930">
    <ele>3592.2</ele>
    <time>2026-09-13T12:09:08Z</time>
    
   </trkpt>
   <trkpt lat="40.0116740" lon="-105.6461890">
    <ele>3592.6</ele>
    <time>2026-09-13T12:09:09Z</time>
    
   </trkpt>
   <trkpt lat="40.0116980" lon="-105.6461590">
    <ele>3594.0</ele>
    <time>2026-09-13T12:09:13Z</time>
    
   </trkpt>
   <trkpt lat="40.0117270" lon="-105.6461120">
    <ele>3595.0</ele>
    <time>2026-09-13T12:09:19Z</time>
    
   </trkpt>
   <trkpt lat="40.0117330" lon="-105.6460970">
    <ele>3595.2</ele>
    <time>2026-09-13T12:09:21Z</time>
    
   </trkpt>
   <trkpt lat="40.0117430" lon="-105.6460730">
    <ele>3596.2</ele>
    <time>2026-09-13T12:09:24Z</time>
    
   </trkpt>
   <trkpt lat="40.0117530" lon="-105.6460240">
    <ele>3597.6</ele>
    <time>2026-09-13T12:09:28Z</time>
    
   </trkpt>
   <trkpt lat="40.0117600" lon="-105.6460010">
    <ele>3598.6</ele>
    <time>2026-09-13T12:09:30Z</time>
    
   </trkpt>
   <trkpt lat="40.0117770" lon="-105.6459130">
    <ele>3598.0</ele>
    <time>2026-09-13T12:09:36Z</time>
    
   </trkpt>
   <trkpt lat="40.0117830" lon="-105.6458890">
    <ele>3598.0</ele>
    <time>2026-09-13T12:09:38Z</time>
    
   </trkpt>
   <trkpt lat="40.0118060" lon="-105.6458400">
    <ele>3598.4</ele>
    <time>2026-09-13T12:09:42Z</time>
    
   </trkpt>
   <trkpt lat="40.0118290" lon="-105.6457830">
    <ele>3598.8</ele>
    <time>2026-09-13T12:09:47Z</time>
    
   </trkpt>
   <trkpt lat="40.0118420" lon="-105.6457400">
    <ele>3599.6</ele>
    <time>2026-09-13T12:09:51Z</time>
    
   </trkpt>
   <trkpt lat="40.0118570" lon="-105.6457080">
    <ele>3600.6</ele>
    <time>2026-09-13T12:09:54Z</time>
    
   </trkpt>
   <trkpt lat="40.0118540" lon="-105.6456960">
    <ele>3600.8</ele>
    <time>2026-09-13T12:09:55Z</time>
    
   </trkpt>
   <trkpt lat="40.0118560" lon="-105.6456630">
    <ele>3601.4</ele>
    <time>2026-09-13T12:09:58Z</time>
    
   </trkpt>
   <trkpt lat="40.0118620" lon="-105.6456390">
    <ele>3602.0</ele>
    <time>2026-09-13T12:10:00Z</time>
    
   </trkpt>
   <trkpt lat="40.0118680" lon="-105.6456130">
    <ele>3602.6</ele>
    <time>2026-09-13T12:10:02Z</time>
    
   </trkpt>
   <trkpt lat="40.0118730" lon="-105.6456000">
    <ele>3602.8</ele>
    <time>2026-09-13T12:10:03Z</time>
    
   </trkpt>
   <trkpt lat="40.0118800" lon="-105.6455870">
    <ele>3602.8</ele>
    <time>2026-09-13T12:10:04Z</time>
    
   </trkpt>
   <trkpt lat="40.0119450" lon="-105.6455200">
    <ele>3602.8</ele>
    <time>2026-09-13T12:10:13Z</time>
    
   </trkpt>
   <trkpt lat="40.0119630" lon="-105.6454980">
    <ele>3603.2</ele>
    <time>2026-09-13T12:10:16Z</time>
    
   </trkpt>
   <trkpt lat="40.0119830" lon="-105.6454630">
    <ele>3604.4</ele>
    <time>2026-09-13T12:10:21Z</time>
    
   </trkpt>
   <trkpt lat="40.0119900" lon="-105.6454560">
    <ele>3605.4</ele>
    <time>2026-09-13T12:10:22Z</time>
    
   </trkpt>
   <trkpt lat="40.0119970" lon="-105.6454480">
    <ele>3606.4</ele>
    <time>2026-09-13T12:10:23Z</time>
    
   </trkpt>
   <trkpt lat="40.0120030" lon="-105.6454390">
    <ele>3607.2</ele>
    <time>2026-09-13T12:10:24Z</time>
    
   </trkpt>
   <trkpt lat="40.0120080" lon="-105.6454280">
    <ele>3607.6</ele>
    <time>2026-09-13T12:10:25Z</time>
    
   </trkpt>
   <trkpt lat="40.0120610" lon="-105.6453660">
    <ele>3606.0</ele>
    <time>2026-09-13T12:10:33Z</time>
    
   </trkpt>
   <trkpt lat="40.0120780" lon="-105.6453380">
    <ele>3605.6</ele>
    <time>2026-09-13T12:10:36Z</time>
    
   </trkpt>
   <trkpt lat="40.0121410" lon="-105.6452830">
    <ele>3605.8</ele>
    <time>2026-09-13T12:10:45Z</time>
    
   </trkpt>
   <trkpt lat="40.0121680" lon="-105.6452670">
    <ele>3605.8</ele>
    <time>2026-09-13T12:10:48Z</time>
    
   </trkpt>
   <trkpt lat="40.0121850" lon="-105.6452550">
    <ele>3607.2</ele>
    <time>2026-09-13T12:10:50Z</time>
    
   </trkpt>
   <trkpt lat="40.0122070" lon="-105.6452350">
    <ele>3608.2</ele>
    <time>2026-09-13T12:10:53Z</time>
    
   </trkpt>
   <trkpt lat="40.0122230" lon="-105.6452090">
    <ele>3608.8</ele>
    <time>2026-09-13T12:10:57Z</time>
    
   </trkpt>
   <trkpt lat="40.0122400" lon="-105.6451980">
    <ele>3609.0</ele>
    <time>2026-09-13T12:10:59Z</time>
    
   </trkpt>
   <trkpt lat="40.0122470" lon="-105.6451940">
    <ele>3609.2</ele>
    <time>2026-09-13T12:11:00Z</time>
    
   </trkpt>
   <trkpt lat="40.0122550" lon="-105.6451880">
    <ele>3609.2</ele>
    <time>2026-09-13T12:11:01Z</time>
    
   </trkpt>
   <trkpt lat="40.0122640" lon="-105.6451570">
    <ele>3609.8</ele>
    <time>2026-09-13T12:11:04Z</time>
    
   </trkpt>
   <trkpt lat="40.0122720" lon="-105.6451270">
    <ele>3610.4</ele>
    <time>2026-09-13T12:11:07Z</time>
    
   </trkpt>
   <trkpt lat="40.0122810" lon="-105.6451100">
    <ele>3610.6</ele>
    <time>2026-09-13T12:11:09Z</time>
    
   </trkpt>
   <trkpt lat="40.0122980" lon="-105.6450940">
    <ele>3610.2</ele>
    <time>2026-09-13T12:11:12Z</time>
    
   </trkpt>
   <trkpt lat="40.0123240" lon="-105.6450740">
    <ele>3610.8</ele>
    <time>2026-09-13T12:11:16Z</time>
    
   </trkpt>
   <trkpt lat="40.0123310" lon="-105.6450530">
    <ele>3611.8</ele>
    <time>2026-09-13T12:11:18Z</time>
    
   </trkpt>
   <trkpt lat="40.0123440" lon="-105.6450320">
    <ele>3612.2</ele>
    <time>2026-09-13T12:11:20Z</time>
    
   </trkpt>
   <trkpt lat="40.0123710" lon="-105.6449820">
    <ele>3612.8</ele>
    <time>2026-09-13T12:11:26Z</time>
    
   </trkpt>
   <trkpt lat="40.0123850" lon="-105.6449710">
    <ele>3612.8</ele>
    <time>2026-09-13T12:11:28Z</time>
    
   </trkpt>
   <trkpt lat="40.0123990" lon="-105.6449610">
    <ele>3613.0</ele>
    <time>2026-09-13T12:11:30Z</time>
    
   </trkpt>
   <trkpt lat="40.0124220" lon="-105.6449250">
    <ele>3614.2</ele>
    <time>2026-09-13T12:11:35Z</time>
    
   </trkpt>
   <trkpt lat="40.0124310" lon="-105.6448780">
    <ele>3615.2</ele>
    <time>2026-09-13T12:11:39Z</time>
    
   </trkpt>
   <trkpt lat="40.0124350" lon="-105.6448570">
    <ele>3615.6</ele>
    <time>2026-09-13T12:11:41Z</time>
    
   </trkpt>
   <trkpt lat="40.0124830" lon="-105.6448090">
    <ele>3616.4</ele>
    <time>2026-09-13T12:11:50Z</time>
    
   </trkpt>
   <trkpt lat="40.0124870" lon="-105.6448000">
    <ele>3617.2</ele>
    <time>2026-09-13T12:11:51Z</time>
    
   </trkpt>
   <trkpt lat="40.0124900" lon="-105.6447860">
    <ele>3617.8</ele>
    <time>2026-09-13T12:11:52Z</time>
    
   </trkpt>
   <trkpt lat="40.0124940" lon="-105.6447750">
    <ele>3618.0</ele>
    <time>2026-09-13T12:11:53Z</time>
    
   </trkpt>
   <trkpt lat="40.0125410" lon="-105.6447160">
    <ele>3617.2</ele>
    <time>2026-09-13T12:12:01Z</time>
    
   </trkpt>
   <trkpt lat="40.0125630" lon="-105.6446910">
    <ele>3619.0</ele>
    <time>2026-09-13T12:12:05Z</time>
    
   </trkpt>
   <trkpt lat="40.0125960" lon="-105.6446530">
    <ele>3619.8</ele>
    <time>2026-09-13T12:12:10Z</time>
    
   </trkpt>
   <trkpt lat="40.0126060" lon="-105.6446360">
    <ele>3620.2</ele>
    <time>2026-09-13T12:12:12Z</time>
    
   </trkpt>
   <trkpt lat="40.0126170" lon="-105.6446040">
    <ele>3620.4</ele>
    <time>2026-09-13T12:12:15Z</time>
    
   </trkpt>
   <trkpt lat="40.0126300" lon="-105.6445710">
    <ele>3620.6</ele>
    <time>2026-09-13T12:12:18Z</time>
    
   </trkpt>
   <trkpt lat="40.0126410" lon="-105.6445380">
    <ele>3621.2</ele>
    <time>2026-09-13T12:12:21Z</time>
    
   </trkpt>
   <trkpt lat="40.0126720" lon="-105.6445010">
    <ele>3621.8</ele>
    <time>2026-09-13T12:12:25Z</time>
    
   </trkpt>
   <trkpt lat="40.0127200" lon="-105.6444410">
    <ele>3622.2</ele>
    <time>2026-09-13T12:12:31Z</time>
    
   </trkpt>
   <trkpt lat="40.0127410" lon="-105.6443940">
    <ele>3623.4</ele>
    <time>2026-09-13T12:12:35Z</time>
    
   </trkpt>
   <trkpt lat="40.0127490" lon="-105.6443700">
    <ele>3623.6</ele>
    <time>2026-09-13T12:12:37Z</time>
    
   </trkpt>
   <trkpt lat="40.0127610" lon="-105.6442680">
    <ele>3624.6</ele>
    <time>2026-09-13T12:12:45Z</time>
    
   </trkpt>
   <trkpt lat="40.0127730" lon="-105.6442340">
    <ele>3624.8</ele>
    <time>2026-09-13T12:12:48Z</time>
    
   </trkpt>
   <trkpt lat="40.0127900" lon="-105.6441490">
    <ele>3625.6</ele>
    <time>2026-09-13T12:12:54Z</time>
    
   </trkpt>
   <trkpt lat="40.0127940" lon="-105.6441260">
    <ele>3626.2</ele>
    <time>2026-09-13T12:12:56Z</time>
    
   </trkpt>
   <trkpt lat="40.0128060" lon="-105.6440950">
    <ele>3626.8</ele>
    <time>2026-09-13T12:12:59Z</time>
    
   </trkpt>
   <trkpt lat="40.0128150" lon="-105.6440770">
    <ele>3627.0</ele>
    <time>2026-09-13T12:13:01Z</time>
    
   </trkpt>
   <trkpt lat="40.0128340" lon="-105.6440510">
    <ele>3627.2</ele>
    <time>2026-09-13T12:13:04Z</time>
    
   </trkpt>
   <trkpt lat="40.0128520" lon="-105.6440310">
    <ele>3627.0</ele>
    <time>2026-09-13T12:13:07Z</time>
    
   </trkpt>
   <trkpt lat="40.0128590" lon="-105.6440240">
    <ele>3627.2</ele>
    <time>2026-09-13T12:13:08Z</time>
    
   </trkpt>
   <trkpt lat="40.0128660" lon="-105.6440160">
    <ele>3627.2</ele>
    <time>2026-09-13T12:13:09Z</time>
    
   </trkpt>
   <trkpt lat="40.0128710" lon="-105.6440060">
    <ele>3627.4</ele>
    <time>2026-09-13T12:13:10Z</time>
    
   </trkpt>
   <trkpt lat="40.0128810" lon="-105.6439890">
    <ele>3627.6</ele>
    <time>2026-09-13T12:13:12Z</time>
    
   </trkpt>
   <trkpt lat="40.0128860" lon="-105.6439800">
    <ele>3627.8</ele>
    <time>2026-09-13T12:13:13Z</time>
    
   </trkpt>
   <trkpt lat="40.0129120" lon="-105.6439640">
    <ele>3628.0</ele>
    <time>2026-09-13T12:13:17Z</time>
    
   </trkpt>
   <trkpt lat="40.0129510" lon="-105.6439490">
    <ele>3628.6</ele>
    <time>2026-09-13T12:13:22Z</time>
    
   </trkpt>
   <trkpt lat="40.0129570" lon="-105.6439420">
    <ele>3629.0</ele>
    <time>2026-09-13T12:13:23Z</time>
    
   </trkpt>
   <trkpt lat="40.0129850" lon="-105.6439100">
    <ele>3629.4</ele>
    <time>2026-09-13T12:13:28Z</time>
    
   </trkpt>
   <trkpt lat="40.0129920" lon="-105.6438910">
    <ele>3630.2</ele>
    <time>2026-09-13T12:13:30Z</time>
    
   </trkpt>
   <trkpt lat="40.0130020" lon="-105.6438720">
    <ele>3630.8</ele>
    <time>2026-09-13T12:13:32Z</time>
    
   </trkpt>
   <trkpt lat="40.0130090" lon="-105.6438460">
    <ele>3631.2</ele>
    <time>2026-09-13T12:13:35Z</time>
    
   </trkpt>
   <trkpt lat="40.0130170" lon="-105.6438040">
    <ele>3632.4</ele>
    <time>2026-09-13T12:13:39Z</time>
    
   </trkpt>
   <trkpt lat="40.0130190" lon="-105.6437910">
    <ele>3632.8</ele>
    <time>2026-09-13T12:13:40Z</time>
    
   </trkpt>
   <trkpt lat="40.0130210" lon="-105.6437670">
    <ele>3633.6</ele>
    <time>2026-09-13T12:13:42Z</time>
    
   </trkpt>
   <trkpt lat="40.0130240" lon="-105.6437420">
    <ele>3634.2</ele>
    <time>2026-09-13T12:13:44Z</time>
    
   </trkpt>
   <trkpt lat="40.0130290" lon="-105.6436150">
    <ele>3634.4</ele>
    <time>2026-09-13T12:13:54Z</time>
    
   </trkpt>
   <trkpt lat="40.0130280" lon="-105.6436120">
    <ele>3634.4</ele>
    <time>2026-09-13T12:13:55Z</time>
    
   </trkpt>
   <trkpt lat="40.0130300" lon="-105.6436090">
    <ele>3634.4</ele>
    <time>2026-09-13T12:13:56Z</time>
    
   </trkpt>
   <trkpt lat="40.0130400" lon="-105.6435740">
    <ele>3634.8</ele>
    <time>2026-09-13T12:14:01Z</time>
    
   </trkpt>
   <trkpt lat="40.0130510" lon="-105.6435550">
    <ele>3635.2</ele>
    <time>2026-09-13T12:14:03Z</time>
    
   </trkpt>
   <trkpt lat="40.0130630" lon="-105.6435100">
    <ele>3635.4</ele>
    <time>2026-09-13T12:14:07Z</time>
    
   </trkpt>
   <trkpt lat="40.0130620" lon="-105.6434840">
    <ele>3636.0</ele>
    <time>2026-09-13T12:14:09Z</time>
    
   </trkpt>
   <trkpt lat="40.0130610" lon="-105.6434610">
    <ele>3637.0</ele>
    <time>2026-09-13T12:14:11Z</time>
    
   </trkpt>
   <trkpt lat="40.0130620" lon="-105.6434370">
    <ele>3638.2</ele>
    <time>2026-09-13T12:14:13Z</time>
    
   </trkpt>
   <trkpt lat="40.0130750" lon="-105.6433800">
    <ele>3638.8</ele>
    <time>2026-09-13T12:14:18Z</time>
    
   </trkpt>
   <trkpt lat="40.0130780" lon="-105.6433560">
    <ele>3639.0</ele>
    <time>2026-09-13T12:14:20Z</time>
    
   </trkpt>
   <trkpt lat="40.0130770" lon="-105.6433430">
    <ele>3639.2</ele>
    <time>2026-09-13T12:14:21Z</time>
    
   </trkpt>
   <trkpt lat="40.0130740" lon="-105.6432800">
    <ele>3639.6</ele>
    <time>2026-09-13T12:14:27Z</time>
    
   </trkpt>
   <trkpt lat="40.0130730" lon="-105.6432760">
    <ele>3639.6</ele>
    <time>2026-09-13T12:14:30Z</time>
    
   </trkpt>
   <trkpt lat="40.0130720" lon="-105.6432780">
    <ele>3640.6</ele>
    <time>2026-09-13T12:14:38Z</time>
    
   </trkpt>
   <trkpt lat="40.0130720" lon="-105.6432760">
    <ele>3641.0</ele>
    <time>2026-09-13T12:14:40Z</time>
    
   </trkpt>
   <trkpt lat="40.0130610" lon="-105.6432760">
    <ele>3639.8</ele>
    <time>2026-09-13T12:14:46Z</time>
    
   </trkpt>
   <trkpt lat="40.0130580" lon="-105.6432740">
    <ele>3639.4</ele>
    <time>2026-09-13T12:14:49Z</time>
    
   </trkpt>
   <trkpt lat="40.0130570" lon="-105.6432730">
    <ele>3639.4</ele>
    <time>2026-09-13T12:14:51Z</time>
    
   </trkpt>
   <trkpt lat="40.0130480" lon="-105.6432780">
    <ele>3639.6</ele>
    <time>2026-09-13T12:14:55Z</time>
    
   </trkpt>
   <trkpt lat="40.0130470" lon="-105.6432780">
    <ele>3639.6</ele>
    <time>2026-09-13T12:14:56Z</time>
    
   </trkpt>
   <trkpt lat="40.0130630" lon="-105.6432590">
    <ele>3639.6</ele>
    <time>2026-09-13T12:15:02Z</time>
    
   </trkpt>
   <trkpt lat="40.0130700" lon="-105.6432410">
    <ele>3639.8</ele>
    <time>2026-09-13T12:15:04Z</time>
    
   </trkpt>
   <trkpt lat="40.0130730" lon="-105.6431940">
    <ele>3639.8</ele>
    <time>2026-09-13T12:15:08Z</time>
    
   </trkpt>
   <trkpt lat="40.0130740" lon="-105.6431670">
    <ele>3639.8</ele>
    <time>2026-09-13T12:15:10Z</time>
    
   </trkpt>
   <trkpt lat="40.0130770" lon="-105.6431370">
    <ele>3639.8</ele>
    <time>2026-09-13T12:15:12Z</time>
    
   </trkpt>
   <trkpt lat="40.0130800" lon="-105.6431110">
    <ele>3639.8</ele>
    <time>2026-09-13T12:15:14Z</time>
    
   </trkpt>
   <trkpt lat="40.0130860" lon="-105.6430410">
    <ele>3640.6</ele>
    <time>2026-09-13T12:15:19Z</time>
    
   </trkpt>
   <trkpt lat="40.0130830" lon="-105.6429970">
    <ele>3641.6</ele>
    <time>2026-09-13T12:15:22Z</time>
    
   </trkpt>
   <trkpt lat="40.0130820" lon="-105.6429400">
    <ele>3641.8</ele>
    <time>2026-09-13T12:15:26Z</time>
    
   </trkpt>
   <trkpt lat="40.0130630" lon="-105.6428580">
    <ele>3642.6</ele>
    <time>2026-09-13T12:15:32Z</time>
    
   </trkpt>
   <trkpt lat="40.0130620" lon="-105.6428480">
    <ele>3642.8</ele>
    <time>2026-09-13T12:15:33Z</time>
    
   </trkpt>
   <trkpt lat="40.0130600" lon="-105.6428240">
    <ele>3643.2</ele>
    <time>2026-09-13T12:15:35Z</time>
    
   </trkpt>
   <trkpt lat="40.0130540" lon="-105.6427890">
    <ele>3644.0</ele>
    <time>2026-09-13T12:15:38Z</time>
    
   </trkpt>
   <trkpt lat="40.0130510" lon="-105.6427250">
    <ele>3644.6</ele>
    <time>2026-09-13T12:15:43Z</time>
    
   </trkpt>
   <trkpt lat="40.0130530" lon="-105.6427050">
    <ele>3644.8</ele>
    <time>2026-09-13T12:15:45Z</time>
    
   </trkpt>
   <trkpt lat="40.0130510" lon="-105.6426930">
    <ele>3645.2</ele>
    <time>2026-09-13T12:15:46Z</time>
    
   </trkpt>
   <trkpt lat="40.0130500" lon="-105.6426810">
    <ele>3645.8</ele>
    <time>2026-09-13T12:15:47Z</time>
    
   </trkpt>
   <trkpt lat="40.0130520" lon="-105.6426570">
    <ele>3646.4</ele>
    <time>2026-09-13T12:15:49Z</time>
    
   </trkpt>
   <trkpt lat="40.0130500" lon="-105.6426440">
    <ele>3646.2</ele>
    <time>2026-09-13T12:15:50Z</time>
    
   </trkpt>
   <trkpt lat="40.0130480" lon="-105.6426310">
    <ele>3646.2</ele>
    <time>2026-09-13T12:15:51Z</time>
    
   </trkpt>
   <trkpt lat="40.0130480" lon="-105.6426040">
    <ele>3646.4</ele>
    <time>2026-09-13T12:15:53Z</time>
    
   </trkpt>
   <trkpt lat="40.0130480" lon="-105.6425900">
    <ele>3646.4</ele>
    <time>2026-09-13T12:15:54Z</time>
    
   </trkpt>
   <trkpt lat="40.0130420" lon="-105.6425520">
    <ele>3647.0</ele>
    <time>2026-09-13T12:15:57Z</time>
    
   </trkpt>
   <trkpt lat="40.0130380" lon="-105.6425180">
    <ele>3647.6</ele>
    <time>2026-09-13T12:16:00Z</time>
    
   </trkpt>
   <trkpt lat="40.0130280" lon="-105.6424610">
    <ele>3648.6</ele>
    <time>2026-09-13T12:16:05Z</time>
    
   </trkpt>
   <trkpt lat="40.0130270" lon="-105.6424510">
    <ele>3648.6</ele>
    <time>2026-09-13T12:16:06Z</time>
    
   </trkpt>
   <trkpt lat="40.0130190" lon="-105.6424280">
    <ele>3649.0</ele>
    <time>2026-09-13T12:16:08Z</time>
    
   </trkpt>
   <trkpt lat="40.0130160" lon="-105.6424030">
    <ele>3650.2</ele>
    <time>2026-09-13T12:16:10Z</time>
    
   </trkpt>
   <trkpt lat="40.0130220" lon="-105.6423490">
    <ele>3651.2</ele>
    <time>2026-09-13T12:16:14Z</time>
    
   </trkpt>
   <trkpt lat="40.0130200" lon="-105.6423290">
    <ele>3651.4</ele>
    <time>2026-09-13T12:16:16Z</time>
    
   </trkpt>
   <trkpt lat="40.0130160" lon="-105.6423170">
    <ele>3651.8</ele>
    <time>2026-09-13T12:16:17Z</time>
    
   </trkpt>
   <trkpt lat="40.0130120" lon="-105.6422940">
    <ele>3652.6</ele>
    <time>2026-09-13T12:16:19Z</time>
    
   </trkpt>
   <trkpt lat="40.0130060" lon="-105.6422380">
    <ele>3653.0</ele>
    <time>2026-09-13T12:16:24Z</time>
    
   </trkpt>
   <trkpt lat="40.0129980" lon="-105.6422000">
    <ele>3653.0</ele>
    <time>2026-09-13T12:16:27Z</time>
    
   </trkpt>
   <trkpt lat="40.0129910" lon="-105.6421660">
    <ele>3653.0</ele>
    <time>2026-09-13T12:16:30Z</time>
    
   </trkpt>
   <trkpt lat="40.0129840" lon="-105.6421410">
    <ele>3653.0</ele>
    <time>2026-09-13T12:16:32Z</time>
    
   </trkpt>
   <trkpt lat="40.0129820" lon="-105.6421150">
    <ele>3652.8</ele>
    <time>2026-09-13T12:16:34Z</time>
    
   </trkpt>
   <trkpt lat="40.0129730" lon="-105.6420870">
    <ele>3652.8</ele>
    <time>2026-09-13T12:16:36Z</time>
    
   </trkpt>
   <trkpt lat="40.0129570" lon="-105.6420410">
    <ele>3653.6</ele>
    <time>2026-09-13T12:16:40Z</time>
    
   </trkpt>
   <trkpt lat="40.0129480" lon="-105.6419980">
    <ele>3654.8</ele>
    <time>2026-09-13T12:16:44Z</time>
    
   </trkpt>
   <trkpt lat="40.0129400" lon="-105.6419700">
    <ele>3655.2</ele>
    <time>2026-09-13T12:16:46Z</time>
    
   </trkpt>
   <trkpt lat="40.0129420" lon="-105.6419260">
    <ele>3656.0</ele>
    <time>2026-09-13T12:16:50Z</time>
    
   </trkpt>
   <trkpt lat="40.0129420" lon="-105.6418820">
    <ele>3657.2</ele>
    <time>2026-09-13T12:16:54Z</time>
    
   </trkpt>
   <trkpt lat="40.0129430" lon="-105.6418720">
    <ele>3657.4</ele>
    <time>2026-09-13T12:16:55Z</time>
    
   </trkpt>
   <trkpt lat="40.0129560" lon="-105.6418640">
    <ele>3657.4</ele>
    <time>2026-09-13T12:16:57Z</time>
    
   </trkpt>
   <trkpt lat="40.0129800" lon="-105.6418730">
    <ele>3657.6</ele>
    <time>2026-09-13T12:17:00Z</time>
    
   </trkpt>
   <trkpt lat="40.0130130" lon="-105.6418950">
    <ele>3657.4</ele>
    <time>2026-09-13T12:17:05Z</time>
    
   </trkpt>
   <trkpt lat="40.0130390" lon="-105.6419070">
    <ele>3657.4</ele>
    <time>2026-09-13T12:17:08Z</time>
    
   </trkpt>
   <trkpt lat="40.0130670" lon="-105.6419260">
    <ele>3657.8</ele>
    <time>2026-09-13T12:17:11Z</time>
    
   </trkpt>
   <trkpt lat="40.0130920" lon="-105.6419490">
    <ele>3658.2</ele>
    <time>2026-09-13T12:17:14Z</time>
    
   </trkpt>
   <trkpt lat="40.0131180" lon="-105.6419730">
    <ele>3658.0</ele>
    <time>2026-09-13T12:17:17Z</time>
    
   </trkpt>
   <trkpt lat="40.0131610" lon="-105.6420080">
    <ele>3657.8</ele>
    <time>2026-09-13T12:17:23Z</time>
    
   </trkpt>
   <trkpt lat="40.0132230" lon="-105.6420140">
    <ele>3659.2</ele>
    <time>2026-09-13T12:17:31Z</time>
    
   </trkpt>
   <trkpt lat="40.0132270" lon="-105.6420150">
    <ele>3659.4</ele>
    <time>2026-09-13T12:17:32Z</time>
    
   </trkpt>
   <trkpt lat="40.0132490" lon="-105.6420230">
    <ele>3660.6</ele>
    <time>2026-09-13T12:17:35Z</time>
    
   </trkpt>
   <trkpt lat="40.0132750" lon="-105.6420360">
    <ele>3661.6</ele>
    <time>2026-09-13T12:17:39Z</time>
    
   </trkpt>
   <trkpt lat="40.0132990" lon="-105.6420650">
    <ele>3662.2</ele>
    <time>2026-09-13T12:17:43Z</time>
    
   </trkpt>
   <trkpt lat="40.0133260" lon="-105.6420920">
    <ele>3662.8</ele>
    <time>2026-09-13T12:17:46Z</time>
    
   </trkpt>
   <trkpt lat="40.0133690" lon="-105.6421230">
    <ele>3661.8</ele>
    <time>2026-09-13T12:17:51Z</time>
    
   </trkpt>
   <trkpt lat="40.0133850" lon="-105.6421390">
    <ele>3661.4</ele>
    <time>2026-09-13T12:17:54Z</time>
    
   </trkpt>
   <trkpt lat="40.0134070" lon="-105.6421710">
    <ele>3663.0</ele>
    <time>2026-09-13T12:17:58Z</time>
    
   </trkpt>
   <trkpt lat="40.0134280" lon="-105.6421980">
    <ele>3664.2</ele>
    <time>2026-09-13T12:18:01Z</time>
    
   </trkpt>
   <trkpt lat="40.0134450" lon="-105.6422150">
    <ele>3665.4</ele>
    <time>2026-09-13T12:18:03Z</time>
    
   </trkpt>
   <trkpt lat="40.0134720" lon="-105.6422310">
    <ele>3665.4</ele>
    <time>2026-09-13T12:18:06Z</time>
    
   </trkpt>
   <trkpt lat="40.0134980" lon="-105.6422420">
    <ele>3665.2</ele>
    <time>2026-09-13T12:18:09Z</time>
    
   </trkpt>
   <trkpt lat="40.0135420" lon="-105.6422540">
    <ele>3666.6</ele>
    <time>2026-09-13T12:18:15Z</time>
    
   </trkpt>
   <trkpt lat="40.0135680" lon="-105.6422590">
    <ele>3667.2</ele>
    <time>2026-09-13T12:18:18Z</time>
    
   </trkpt>
   <trkpt lat="40.0135830" lon="-105.6422680">
    <ele>3667.4</ele>
    <time>2026-09-13T12:18:21Z</time>
    
   </trkpt>
   <trkpt lat="40.0135950" lon="-105.6422770">
    <ele>3667.6</ele>
    <time>2026-09-13T12:18:23Z</time>
    
   </trkpt>
   <trkpt lat="40.0136190" lon="-105.6422690">
    <ele>3668.4</ele>
    <time>2026-09-13T12:18:27Z</time>
    
   </trkpt>
   <trkpt lat="40.0136330" lon="-105.6422700">
    <ele>3668.8</ele>
    <time>2026-09-13T12:18:29Z</time>
    
   </trkpt>
   <trkpt lat="40.0136930" lon="-105.6422940">
    <ele>3670.0</ele>
    <time>2026-09-13T12:18:38Z</time>
    
   </trkpt>
   <trkpt lat="40.0137000" lon="-105.6423010">
    <ele>3670.2</ele>
    <time>2026-09-13T12:18:39Z</time>
    
   </trkpt>
   <trkpt lat="40.0137530" lon="-105.6423390">
    <ele>3670.4</ele>
    <time>2026-09-13T12:18:47Z</time>
    
   </trkpt>
   <trkpt lat="40.0137840" lon="-105.6423490">
    <ele>3669.8</ele>
    <time>2026-09-13T12:18:51Z</time>
    
   </trkpt>
   <trkpt lat="40.0138490" lon="-105.6423690">
    <ele>3671.2</ele>
    <time>2026-09-13T12:18:59Z</time>
    
   </trkpt>
   <trkpt lat="40.0138660" lon="-105.6423750">
    <ele>3671.8</ele>
    <time>2026-09-13T12:19:01Z</time>
    
   </trkpt>
   <trkpt lat="40.0138820" lon="-105.6423830">
    <ele>3671.4</ele>
    <time>2026-09-13T12:19:03Z</time>
    
   </trkpt>
   <trkpt lat="40.0139380" lon="-105.6424090">
    <ele>3672.4</ele>
    <time>2026-09-13T12:19:10Z</time>
    
   </trkpt>
   <trkpt lat="40.0139640" lon="-105.6424260">
    <ele>3673.0</ele>
    <time>2026-09-13T12:19:13Z</time>
    
   </trkpt>
   <trkpt lat="40.0139710" lon="-105.6424270">
    <ele>3673.4</ele>
    <time>2026-09-13T12:19:14Z</time>
    
   </trkpt>
   <trkpt lat="40.0139790" lon="-105.6424300">
    <ele>3673.8</ele>
    <time>2026-09-13T12:19:15Z</time>
    
   </trkpt>
   <trkpt lat="40.0139930" lon="-105.6424380">
    <ele>3674.6</ele>
    <time>2026-09-13T12:19:17Z</time>
    
   </trkpt>
   <trkpt lat="40.0140280" lon="-105.6424470">
    <ele>3675.8</ele>
    <time>2026-09-13T12:19:22Z</time>
    
   </trkpt>
   <trkpt lat="40.0140630" lon="-105.6424580">
    <ele>3676.8</ele>
    <time>2026-09-13T12:19:26Z</time>
    
   </trkpt>
   <trkpt lat="40.0140770" lon="-105.6424580">
    <ele>3678.0</ele>
    <time>2026-09-13T12:19:28Z</time>
    
   </trkpt>
   <trkpt lat="40.0140840" lon="-105.6424590">
    <ele>3678.4</ele>
    <time>2026-09-13T12:19:29Z</time>
    
   </trkpt>
   <trkpt lat="40.0140960" lon="-105.6424620">
    <ele>3679.0</ele>
    <time>2026-09-13T12:19:31Z</time>
    
   </trkpt>
   <trkpt lat="40.0141090" lon="-105.6424680">
    <ele>3679.6</ele>
    <time>2026-09-13T12:19:34Z</time>
    
   </trkpt>
   <trkpt lat="40.0141140" lon="-105.6424720">
    <ele>3679.8</ele>
    <time>2026-09-13T12:19:36Z</time>
    
   </trkpt>
   <trkpt lat="40.0141180" lon="-105.6424740">
    <ele>3679.8</ele>
    <time>2026-09-13T12:19:40Z</time>
    
   </trkpt>
   <trkpt lat="40.0141220" lon="-105.6424740">
    <ele>3679.8</ele>
    <time>2026-09-13T12:19:46Z</time>
    
   </trkpt>
   <trkpt lat="40.0141230" lon="-105.6424730">
    <ele>3680.2</ele>
    <time>2026-09-13T12:19:48Z</time>
    
   </trkpt>
   <trkpt lat="40.0141240" lon="-105.6424740">
    <ele>3680.6</ele>
    <time>2026-09-13T12:19:51Z</time>
    
   </trkpt>
   <trkpt lat="40.0141240" lon="-105.6424730">
    <ele>3680.6</ele>
    <time>2026-09-13T12:19:53Z</time>
    
   </trkpt>
   <trkpt lat="40.0141380" lon="-105.6424990">
    <ele>3680.2</ele>
    <time>2026-09-13T12:19:57Z</time>
    
   </trkpt>
   <trkpt lat="40.0141480" lon="-105.6425160">
    <ele>3679.2</ele>
    <time>2026-09-13T12:19:59Z</time>
    
   </trkpt>
   <trkpt lat="40.0141810" lon="-105.6425420">
    <ele>3678.6</ele>
    <time>2026-09-13T12:20:03Z</time>
    
   </trkpt>
   <trkpt lat="40.0141980" lon="-105.6425540">
    <ele>3679.2</ele>
    <time>2026-09-13T12:20:05Z</time>
    
   </trkpt>
   <trkpt lat="40.0142050" lon="-105.6425590">
    <ele>3679.2</ele>
    <time>2026-09-13T12:20:06Z</time>
    
   </trkpt>
   <trkpt lat="40.0142360" lon="-105.6425770">
    <ele>3679.8</ele>
    <time>2026-09-13T12:20:11Z</time>
    
   </trkpt>
   <trkpt lat="40.0142570" lon="-105.6425910">
    <ele>3680.2</ele>
    <time>2026-09-13T12:20:14Z</time>
    
   </trkpt>
   <trkpt lat="40.0142760" lon="-105.6426120">
    <ele>3680.8</ele>
    <time>2026-09-13T12:20:17Z</time>
    
   </trkpt>
   <trkpt lat="40.0142930" lon="-105.6426300">
    <ele>3681.4</ele>
    <time>2026-09-13T12:20:19Z</time>
    
   </trkpt>
   <trkpt lat="40.0143160" lon="-105.6426510">
    <ele>3682.6</ele>
    <time>2026-09-13T12:20:22Z</time>
    
   </trkpt>
   <trkpt lat="40.0143610" lon="-105.6426900">
    <ele>3683.0</ele>
    <time>2026-09-13T12:20:27Z</time>
    
   </trkpt>
   <trkpt lat="40.0143700" lon="-105.6426930">
    <ele>3683.0</ele>
    <time>2026-09-13T12:20:28Z</time>
    
   </trkpt>
   <trkpt lat="40.0144020" lon="-105.6427070">
    <ele>3683.6</ele>
    <time>2026-09-13T12:20:31Z</time>
    
   </trkpt>
   <trkpt lat="40.0144100" lon="-105.6427130">
    <ele>3684.0</ele>
    <time>2026-09-13T12:20:32Z</time>
    
   </trkpt>
   <trkpt lat="40.0144490" lon="-105.6427380">
    <ele>3685.0</ele>
    <time>2026-09-13T12:20:36Z</time>
    
   </trkpt>
   <trkpt lat="40.0144740" lon="-105.6427630">
    <ele>3685.8</ele>
    <time>2026-09-13T12:20:39Z</time>
    
   </trkpt>
   <trkpt lat="40.0145120" lon="-105.6427730">
    <ele>3686.0</ele>
    <time>2026-09-13T12:20:43Z</time>
    
   </trkpt>
   <trkpt lat="40.0145470" lon="-105.6427890">
    <ele>3686.0</ele>
    <time>2026-09-13T12:20:48Z</time>
    
   </trkpt>
   <trkpt lat="40.0146230" lon="-105.6428730">
    <ele>3687.2</ele>
    <time>2026-09-13T12:20:58Z</time>
    
   </trkpt>
   <trkpt lat="40.0146680" lon="-105.6428930">
    <ele>3687.2</ele>
    <time>2026-09-13T12:21:04Z</time>
    
   </trkpt>
   <trkpt lat="40.0146850" lon="-105.6428970">
    <ele>3687.0</ele>
    <time>2026-09-13T12:21:06Z</time>
    
   </trkpt>
   <trkpt lat="40.0146920" lon="-105.6429010">
    <ele>3686.8</ele>
    <time>2026-09-13T12:21:07Z</time>
    
   </trkpt>
   <trkpt lat="40.0147510" lon="-105.6429370">
    <ele>3688.6</ele>
    <time>2026-09-13T12:21:14Z</time>
    
   </trkpt>
   <trkpt lat="40.0147870" lon="-105.6429590">
    <ele>3690.0</ele>
    <time>2026-09-13T12:21:18Z</time>
    
   </trkpt>
   <trkpt lat="40.0148110" lon="-105.6429720">
    <ele>3690.6</ele>
    <time>2026-09-13T12:21:21Z</time>
    
   </trkpt>
   <trkpt lat="40.0148420" lon="-105.6429980">
    <ele>3691.2</ele>
    <time>2026-09-13T12:21:25Z</time>
    
   </trkpt>
   <trkpt lat="40.0148700" lon="-105.6430200">
    <ele>3692.2</ele>
    <time>2026-09-13T12:21:28Z</time>
    
   </trkpt>
   <trkpt lat="40.0149140" lon="-105.6430740">
    <ele>3692.2</ele>
    <time>2026-09-13T12:21:34Z</time>
    
   </trkpt>
   <trkpt lat="40.0149610" lon="-105.6431230">
    <ele>3693.4</ele>
    <time>2026-09-13T12:21:40Z</time>
    
   </trkpt>
   <trkpt lat="40.0149770" lon="-105.6431350">
    <ele>3694.6</ele>
    <time>2026-09-13T12:21:42Z</time>
    
   </trkpt>
   <trkpt lat="40.0150170" lon="-105.6431490">
    <ele>3694.6</ele>
    <time>2026-09-13T12:21:47Z</time>
    
   </trkpt>
   <trkpt lat="40.0150460" lon="-105.6431600">
    <ele>3695.8</ele>
    <time>2026-09-13T12:21:51Z</time>
    
   </trkpt>
   <trkpt lat="40.0150570" lon="-105.6431720">
    <ele>3696.2</ele>
    <time>2026-09-13T12:21:53Z</time>
    
   </trkpt>
   <trkpt lat="40.0150740" lon="-105.6431980">
    <ele>3696.2</ele>
    <time>2026-09-13T12:21:57Z</time>
    
   </trkpt>
   <trkpt lat="40.0150800" lon="-105.6432050">
    <ele>3695.8</ele>
    <time>2026-09-13T12:21:58Z</time>
    
   </trkpt>
   <trkpt lat="40.0150960" lon="-105.6432270">
    <ele>3695.4</ele>
    <time>2026-09-13T12:22:01Z</time>
    
   </trkpt>
   <trkpt lat="40.0151330" lon="-105.6432670">
    <ele>3697.2</ele>
    <time>2026-09-13T12:22:06Z</time>
    
   </trkpt>
   <trkpt lat="40.0151750" lon="-105.6432980">
    <ele>3697.6</ele>
    <time>2026-09-13T12:22:11Z</time>
    
   </trkpt>
   <trkpt lat="40.0152780" lon="-105.6433900">
    <ele>3697.8</ele>
    <time>2026-09-13T12:22:25Z</time>
    
   </trkpt>
   <trkpt lat="40.0152930" lon="-105.6434100">
    <ele>3698.2</ele>
    <time>2026-09-13T12:22:27Z</time>
    
   </trkpt>
   <trkpt lat="40.0152990" lon="-105.6434190">
    <ele>3698.4</ele>
    <time>2026-09-13T12:22:28Z</time>
    
   </trkpt>
   <trkpt lat="40.0153070" lon="-105.6434270">
    <ele>3698.8</ele>
    <time>2026-09-13T12:22:29Z</time>
    
   </trkpt>
   <trkpt lat="40.0153160" lon="-105.6434410">
    <ele>3699.4</ele>
    <time>2026-09-13T12:22:31Z</time>
    
   </trkpt>
   <trkpt lat="40.0153490" lon="-105.6434810">
    <ele>3699.8</ele>
    <time>2026-09-13T12:22:36Z</time>
    
   </trkpt>
   <trkpt lat="40.0153630" lon="-105.6434970">
    <ele>3700.0</ele>
    <time>2026-09-13T12:22:38Z</time>
    
   </trkpt>
   <trkpt lat="40.0153690" lon="-105.6435050">
    <ele>3700.0</ele>
    <time>2026-09-13T12:22:39Z</time>
    
   </trkpt>
   <trkpt lat="40.0153740" lon="-105.6435120">
    <ele>3700.2</ele>
    <time>2026-09-13T12:22:40Z</time>
    
   </trkpt>
   <trkpt lat="40.0153800" lon="-105.6435210">
    <ele>3700.4</ele>
    <time>2026-09-13T12:22:41Z</time>
    
   </trkpt>
   <trkpt lat="40.0154080" lon="-105.6435620">
    <ele>3701.8</ele>
    <time>2026-09-13T12:22:45Z</time>
    
   </trkpt>
   <trkpt lat="40.0154290" lon="-105.6435850">
    <ele>3702.0</ele>
    <time>2026-09-13T12:22:48Z</time>
    
   </trkpt>
   <trkpt lat="40.0154590" lon="-105.6436170">
    <ele>3702.2</ele>
    <time>2026-09-13T12:22:52Z</time>
    
   </trkpt>
   <trkpt lat="40.0154720" lon="-105.6436350">
    <ele>3703.2</ele>
    <time>2026-09-13T12:22:54Z</time>
    
   </trkpt>
   <trkpt lat="40.0154930" lon="-105.6436600">
    <ele>3704.2</ele>
    <time>2026-09-13T12:22:57Z</time>
    
   </trkpt>
   <trkpt lat="40.0155160" lon="-105.6436880">
    <ele>3703.2</ele>
    <time>2026-09-13T12:23:00Z</time>
    
   </trkpt>
   <trkpt lat="40.0155740" lon="-105.6437490">
    <ele>3703.8</ele>
    <time>2026-09-13T12:23:07Z</time>
    
   </trkpt>
   <trkpt lat="40.0155820" lon="-105.6437580">
    <ele>3703.4</ele>
    <time>2026-09-13T12:23:08Z</time>
    
   </trkpt>
   <trkpt lat="40.0155910" lon="-105.6437670">
    <ele>3703.6</ele>
    <time>2026-09-13T12:23:09Z</time>
    
   </trkpt>
   <trkpt lat="40.0155990" lon="-105.6437730">
    <ele>3704.2</ele>
    <time>2026-09-13T12:23:10Z</time>
    
   </trkpt>
   <trkpt lat="40.0156250" lon="-105.6437930">
    <ele>3705.4</ele>
    <time>2026-09-13T12:23:13Z</time>
    
   </trkpt>
   <trkpt lat="40.0156430" lon="-105.6438090">
    <ele>3706.6</ele>
    <time>2026-09-13T12:23:15Z</time>
    
   </trkpt>
   <trkpt lat="40.0156620" lon="-105.6438210">
    <ele>3708.0</ele>
    <time>2026-09-13T12:23:17Z</time>
    
   </trkpt>
   <trkpt lat="40.0156820" lon="-105.6438270">
    <ele>3709.0</ele>
    <time>2026-09-13T12:23:19Z</time>
    
   </trkpt>
   <trkpt lat="40.0156910" lon="-105.6438310">
    <ele>3709.6</ele>
    <time>2026-09-13T12:23:20Z</time>
    
   </trkpt>
   <trkpt lat="40.0156990" lon="-105.6438340">
    <ele>3710.2</ele>
    <time>2026-09-13T12:23:21Z</time>
    
   </trkpt>
   <trkpt lat="40.0157220" lon="-105.6438500">
    <ele>3711.0</ele>
    <time>2026-09-13T12:23:24Z</time>
    
   </trkpt>
   <trkpt lat="40.0157560" lon="-105.6438690">
    <ele>3710.8</ele>
    <time>2026-09-13T12:23:28Z</time>
    
   </trkpt>
   <trkpt lat="40.0157930" lon="-105.6438820">
    <ele>3711.0</ele>
    <time>2026-09-13T12:23:33Z</time>
    
   </trkpt>
   <trkpt lat="40.0157930" lon="-105.6438810">
    <ele>3711.4</ele>
    <time>2026-09-13T12:23:34Z</time>
    
   </trkpt>
   <trkpt lat="40.0158030" lon="-105.6439020">
    <ele>3711.4</ele>
    <time>2026-09-13T12:23:42Z</time>
    
   </trkpt>
   <trkpt lat="40.0158230" lon="-105.6439430">
    <ele>3710.2</ele>
    <time>2026-09-13T12:23:47Z</time>
    
   </trkpt>
   <trkpt lat="40.0158350" lon="-105.6439640">
    <ele>3709.0</ele>
    <time>2026-09-13T12:23:49Z</time>
    
   </trkpt>
   <trkpt lat="40.0158390" lon="-105.6439740">
    <ele>3708.8</ele>
    <time>2026-09-13T12:23:50Z</time>
    
   </trkpt>
   <trkpt lat="40.0158530" lon="-105.6440020">
    <ele>3708.6</ele>
    <time>2026-09-13T12:23:53Z</time>
    
   </trkpt>
   <trkpt lat="40.0158770" lon="-105.6440610">
    <ele>3710.0</ele>
    <time>2026-09-13T12:23:59Z</time>
    
   </trkpt>
   <trkpt lat="40.0158810" lon="-105.6440940">
    <ele>3711.2</ele>
    <time>2026-09-13T12:24:02Z</time>
    
   </trkpt>
   <trkpt lat="40.0158800" lon="-105.6441170">
    <ele>3711.6</ele>
    <time>2026-09-13T12:24:04Z</time>
    
   </trkpt>
   <trkpt lat="40.0158790" lon="-105.6441310">
    <ele>3711.6</ele>
    <time>2026-09-13T12:24:05Z</time>
    
   </trkpt>
   <trkpt lat="40.0158780" lon="-105.6441530">
    <ele>3712.2</ele>
    <time>2026-09-13T12:24:07Z</time>
    
   </trkpt>
   <trkpt lat="40.0158900" lon="-105.6441610">
    <ele>3713.0</ele>
    <time>2026-09-13T12:24:09Z</time>
    
   </trkpt>
   <trkpt lat="40.0159020" lon="-105.6441650">
    <ele>3714.0</ele>
    <time>2026-09-13T12:24:11Z</time>
    
   </trkpt>
   <trkpt lat="40.0159090" lon="-105.6441670">
    <ele>3715.2</ele>
    <time>2026-09-13T12:24:13Z</time>
    
   </trkpt>
   <trkpt lat="40.0159040" lon="-105.6441880">
    <ele>3714.8</ele>
    <time>2026-09-13T12:24:19Z</time>
    
   </trkpt>
   <trkpt lat="40.0159080" lon="-105.6442010">
    <ele>3714.8</ele>
    <time>2026-09-13T12:24:25Z</time>
    
   </trkpt>
   <trkpt lat="40.0159100" lon="-105.6442030">
    <ele>3714.8</ele>
    <time>2026-09-13T12:24:26Z</time>
    
   </trkpt>
   <trkpt lat="40.0159110" lon="-105.6442090">
    <ele>3714.8</ele>
    <time>2026-09-13T12:24:28Z</time>
    
   </trkpt>
   <trkpt lat="40.0159150" lon="-105.6442250">
    <ele>3716.2</ele>
    <time>2026-09-13T12:24:35Z</time>
    
   </trkpt>
   <trkpt lat="40.0159130" lon="-105.6442180">
    <ele>3717.0</ele>
    <time>2026-09-13T12:24:39Z</time>
    
   </trkpt>
   <trkpt lat="40.0159080" lon="-105.6442130">
    <ele>3717.2</ele>
    <time>2026-09-13T12:24:43Z</time>
    
   </trkpt>
   <trkpt lat="40.0159080" lon="-105.6442120">
    <ele>3717.2</ele>
    <time>2026-09-13T12:24:44Z</time>
    
   </trkpt>
   <trkpt lat="40.0159050" lon="-105.6442150">
    <ele>3718.6</ele>
    <time>2026-09-13T12:24:48Z</time>
    
   </trkpt>
   <trkpt lat="40.0159110" lon="-105.6442300">
    <ele>3718.4</ele>
    <time>2026-09-13T12:24:53Z</time>
    
   </trkpt>
   <trkpt lat="40.0159090" lon="-105.6442320">
    <ele>3718.4</ele>
    <time>2026-09-13T12:24:56Z</time>
    
   </trkpt>
   <trkpt lat="40.0159100" lon="-105.6442350">
    <ele>3718.4</ele>
    <time>2026-09-13T12:24:57Z</time>
    
   </trkpt>
   <trkpt lat="40.0159070" lon="-105.6442300">
    <ele>3718.4</ele>
    <time>2026-09-13T12:24:59Z</time>
    
   </trkpt>
   <trkpt lat="40.0159030" lon="-105.6442240">
    <ele>3718.4</ele>
    <time>2026-09-13T12:25:00Z</time>
    
   </trkpt>
   <trkpt lat="40.0158960" lon="-105.6442160">
    <ele>3717.2</ele>
    <time>2026-09-13T12:25:03Z</time>
    
   </trkpt>
   <trkpt lat="40.0159040" lon="-105.6442050">
    <ele>3716.4</ele>
    <time>2026-09-13T12:25:11Z</time>
    
   </trkpt>
   <trkpt lat="40.0159050" lon="-105.6442000">
    <ele>3716.2</ele>
    <time>2026-09-13T12:25:15Z</time>
    
   </trkpt>
   <trkpt lat="40.0159050" lon="-105.6441980">
    <ele>3716.0</ele>
    <time>2026-09-13T12:25:16Z</time>
    
   </trkpt>
   <trkpt lat="40.0158890" lon="-105.6441910">
    <ele>3715.0</ele>
    <time>2026-09-13T12:25:24Z</time>
    
   </trkpt>
   <trkpt lat="40.0158820" lon="-105.6441700">
    <ele>3715.0</ele>
    <time>2026-09-13T12:25:26Z</time>
    
   </trkpt>
   <trkpt lat="40.0158830" lon="-105.6441760">
    <ele>3715.6</ele>
    <time>2026-09-13T12:25:30Z</time>
    
   </trkpt>
   <trkpt lat="40.0158840" lon="-105.6441840">
    <ele>3716.2</ele>
    <time>2026-09-13T12:25:33Z</time>
    
   </trkpt>
   <trkpt lat="40.0158850" lon="-105.6441930">
    <ele>3716.0</ele>
    <time>2026-09-13T12:25:35Z</time>
    
   </trkpt>
   <trkpt lat="40.0158850" lon="-105.6441970">
    <ele>3716.0</ele>
    <time>2026-09-13T12:25:37Z</time>
    
   </trkpt>
   <trkpt lat="40.0158840" lon="-105.6441940">
    <ele>3717.4</ele>
    <time>2026-09-13T12:25:40Z</time>
    
   </trkpt>
   <trkpt lat="40.0158810" lon="-105.6441990">
    <ele>3717.4</ele>
    <time>2026-09-13T12:25:48Z</time>
    
   </trkpt>
   <trkpt lat="40.0158790" lon="-105.6442040">
    <ele>3717.4</ele>
    <time>2026-09-13T12:25:55Z</time>
    
   </trkpt>
   <trkpt lat="40.0158820" lon="-105.6442080">
    <ele>3717.4</ele>
    <time>2026-09-13T12:25:58Z</time>
    
   </trkpt>
   <trkpt lat="40.0158850" lon="-105.6442120">
    <ele>3717.4</ele>
    <time>2026-09-13T12:26:06Z</time>
    
   </trkpt>
   <trkpt lat="40.0158880" lon="-105.6442110">
    <ele>3717.4</ele>
    <time>2026-09-13T12:26:09Z</time>
    
   </trkpt>
   <trkpt lat="40.0158880" lon="-105.6442110">
    <ele>3717.4</ele>
    <time>2026-09-13T12:26:10Z</time>
    
   </trkpt>
   <trkpt lat="40.0158970" lon="-105.6442280">
    <ele>3717.4</ele>
    <time>2026-09-13T12:26:19Z</time>
    
   </trkpt>
   <trkpt lat="40.0159030" lon="-105.6442260">
    <ele>3717.4</ele>
    <time>2026-09-13T12:26:31Z</time>
    
   </trkpt>
   <trkpt lat="40.0159030" lon="-105.6442260">
    <ele>3717.4</ele>
    <time>2026-09-13T12:26:35Z</time>
    
   </trkpt>
   <trkpt lat="40.0158970" lon="-105.6442080">
    <ele>3717.4</ele>
    <time>2026-09-13T12:26:39Z</time>
    
   </trkpt>
   <trkpt lat="40.0158980" lon="-105.6442070">
    <ele>3714.8</ele>
    <time>2026-09-13T12:26:41Z</time>
    
   </trkpt>
   <trkpt lat="40.0158980" lon="-105.6442070">
    <ele>3715.4</ele>
    <time>2026-09-13T12:26:43Z</time>
    
   </trkpt>
   <trkpt lat="40.0159020" lon="-105.6442120">
    <ele>3714.4</ele>
    <time>2026-09-13T12:26:49Z</time>
    
   </trkpt>
   <trkpt lat="40.0159040" lon="-105.6442160">
    <ele>3713.6</ele>
    <time>2026-09-13T12:26:53Z</time>
    
   </trkpt>
   <trkpt lat="40.0159100" lon="-105.6442190">
    <ele>3713.2</ele>
    <time>2026-09-13T12:26:57Z</time>
    
   </trkpt>
   <trkpt lat="40.0159110" lon="-105.6442210">
    <ele>3713.0</ele>
    <time>2026-09-13T12:27:01Z</time>
    
   </trkpt>
   <trkpt lat="40.0159110" lon="-105.6442210">
    <ele>3713.0</ele>
    <time>2026-09-13T12:27:02Z</time>
    
   </trkpt>
   <trkpt lat="40.0159150" lon="-105.6442310">
    <ele>3713.2</ele>
    <time>2026-09-13T12:27:05Z</time>
    
   </trkpt>
   <trkpt lat="40.0159180" lon="-105.6442470">
    <ele>3713.2</ele>
    <time>2026-09-13T12:27:08Z</time>
    
   </trkpt>
   <trkpt lat="40.0159080" lon="-105.6442260">
    <ele>3713.2</ele>
    <time>2026-09-13T12:27:11Z</time>
    
   </trkpt>
   <trkpt lat="40.0159080" lon="-105.6442260">
    <ele>3712.6</ele>
    <time>2026-09-13T12:27:15Z</time>
    
   </trkpt>
   <trkpt lat="40.0159140" lon="-105.6442200">
    <ele>3711.4</ele>
    <time>2026-09-13T12:27:21Z</time>
    
   </trkpt>
   <trkpt lat="40.0159210" lon="-105.6442290">
    <ele>3711.6</ele>
    <time>2026-09-13T12:27:24Z</time>
    
   </trkpt>
   <trkpt lat="40.0159210" lon="-105.6442300">
    <ele>3712.0</ele>
    <time>2026-09-13T12:27:25Z</time>
    
   </trkpt>
   <trkpt lat="40.0159210" lon="-105.6442300">
    <ele>3712.6</ele>
    <time>2026-09-13T12:27:26Z</time>
    
   </trkpt>
   <trkpt lat="40.0159210" lon="-105.6442300">
    <ele>3714.0</ele>
    <time>2026-09-13T12:27:28Z</time>
    
   </trkpt>
   <trkpt lat="40.0159200" lon="-105.6442300">
    <ele>3714.8</ele>
    <time>2026-09-13T12:27:30Z</time>
    
   </trkpt>
   <trkpt lat="40.0159180" lon="-105.6442280">
    <ele>3715.0</ele>
    <time>2026-09-13T12:27:31Z</time>
    
   </trkpt>
   <trkpt lat="40.0159180" lon="-105.6442270">
    <ele>3715.6</ele>
    <time>2026-09-13T12:27:35Z</time>
    
   </trkpt>
   <trkpt lat="40.0159240" lon="-105.6442310">
    <ele>3715.0</ele>
    <time>2026-09-13T12:27:38Z</time>
    
   </trkpt>
   <trkpt lat="40.0159250" lon="-105.6442330">
    <ele>3715.0</ele>
    <time>2026-09-13T12:27:42Z</time>
    
   </trkpt>
   <trkpt lat="40.0159150" lon="-105.6442480">
    <ele>3715.2</ele>
    <time>2026-09-13T12:27:54Z</time>
    
   </trkpt>
   <trkpt lat="40.0159150" lon="-105.6442480">
    <ele>3716.0</ele>
    <time>2026-09-13T12:27:57Z</time>
    
   </trkpt>
   <trkpt lat="40.0159170" lon="-105.6442460">
    <ele>3716.0</ele>
    <time>2026-09-13T12:27:58Z</time>
    
   </trkpt>
   <trkpt lat="40.0159160" lon="-105.6442450">
    <ele>3716.2</ele>
    <time>2026-09-13T12:28:01Z</time>
    
   </trkpt>
   <trkpt lat="40.0159220" lon="-105.6442450">
    <ele>3715.8</ele>
    <time>2026-09-13T12:28:04Z</time>
    
   </trkpt>
   <trkpt lat="40.0159260" lon="-105.6442500">
    <ele>3716.0</ele>
    <time>2026-09-13T12:28:05Z</time>
    
   </trkpt>
   <trkpt lat="40.0159130" lon="-105.6442310">
    <ele>3716.0</ele>
    <time>2026-09-13T12:28:14Z</time>
    
   </trkpt>
   <trkpt lat="40.0159110" lon="-105.6442320">
    <ele>3716.0</ele>
    <time>2026-09-13T12:28:15Z</time>
    
   </trkpt>
   <trkpt lat="40.0159190" lon="-105.6442480">
    <ele>3714.8</ele>
    <time>2026-09-13T12:28:21Z</time>
    
   </trkpt>
   <trkpt lat="40.0159290" lon="-105.6442620">
    <ele>3715.6</ele>
    <time>2026-09-13T12:28:26Z</time>
    
   </trkpt>
   <trkpt lat="40.0159320" lon="-105.6442650">
    <ele>3716.2</ele>
    <time>2026-09-13T12:28:28Z</time>
    
   </trkpt>
   <trkpt lat="40.0159620" lon="-105.6443080">
    <ele>3716.0</ele>
    <time>2026-09-13T12:28:43Z</time>
    
   </trkpt>
   <trkpt lat="40.0159600" lon="-105.6443030">
    <ele>3715.0</ele>
    <time>2026-09-13T12:28:48Z</time>
    
   </trkpt>
   <trkpt lat="40.0159470" lon="-105.6442910">
    <ele>3714.0</ele>
    <time>2026-09-13T12:28:55Z</time>
    
   </trkpt>
   <trkpt lat="40.0159480" lon="-105.6442900">
    <ele>3713.6</ele>
    <time>2026-09-13T12:28:56Z</time>
    
   </trkpt>
   <trkpt lat="40.0159500" lon="-105.6442930">
    <ele>3713.2</ele>
    <time>2026-09-13T12:28:57Z</time>
    
   </trkpt>
   <trkpt lat="40.0159490" lon="-105.6442930">
    <ele>3713.0</ele>
    <time>2026-09-13T12:28:58Z</time>
    
   </trkpt>
   <trkpt lat="40.0159520" lon="-105.6442840">
    <ele>3712.4</ele>
    <time>2026-09-13T12:29:02Z</time>
    
   </trkpt>
   <trkpt lat="40.0159520" lon="-105.6442840">
    <ele>3714.6</ele>
    <time>2026-09-13T12:29:08Z</time>
    
   </trkpt>
   <trkpt lat="40.0159610" lon="-105.6442710">
    <ele>3715.8</ele>
    <time>2026-09-13T12:29:10Z</time>
    
   </trkpt>
   <trkpt lat="40.0159590" lon="-105.6442710">
    <ele>3716.4</ele>
    <time>2026-09-13T12:29:12Z</time>
    
   </trkpt>
   <trkpt lat="40.0159380" lon="-105.6442490">
    <ele>3716.6</ele>
    <time>2026-09-13T12:29:14Z</time>
    
   </trkpt>
   <trkpt lat="40.0158730" lon="-105.6441630">
    <ele>3714.6</ele>
    <time>2026-09-13T12:29:21Z</time>
    
   </trkpt>
   <trkpt lat="40.0158650" lon="-105.6441500">
    <ele>3714.4</ele>
    <time>2026-09-13T12:29:22Z</time>
    
   </trkpt>
   <trkpt lat="40.0158740" lon="-105.6441590">
    <ele>3713.4</ele>
    <time>2026-09-13T12:29:27Z</time>
    
   </trkpt>
   <trkpt lat="40.0158730" lon="-105.6441600">
    <ele>3713.2</ele>
    <time>2026-09-13T12:29:28Z</time>
    
   </trkpt>
   <trkpt lat="40.0158640" lon="-105.6441480">
    <ele>3715.6</ele>
    <time>2026-09-13T12:29:44Z</time>
    
   </trkpt>
   <trkpt lat="40.0158640" lon="-105.6441490">
    <ele>3715.6</ele>
    <time>2026-09-13T12:29:45Z</time>
    
   </trkpt>
   <trkpt lat="40.0158680" lon="-105.6441600">
    <ele>3715.6</ele>
    <time>2026-09-13T12:29:50Z</time>
    
   </trkpt>
   <trkpt lat="40.0158690" lon="-105.6441710">
    <ele>3715.6</ele>
    <time>2026-09-13T12:29:55Z</time>
    
   </trkpt>
   <trkpt lat="40.0158770" lon="-105.6441820">
    <ele>3715.6</ele>
    <time>2026-09-13T12:30:00Z</time>
    
   </trkpt>
   <trkpt lat="40.0158790" lon="-105.6441850">
    <ele>3715.6</ele>
    <time>2026-09-13T12:30:01Z</time>
    
   </trkpt>
   <trkpt lat="40.0158890" lon="-105.6441980">
    <ele>3715.6</ele>
    <time>2026-09-13T12:30:16Z</time>
    
   </trkpt>
   <trkpt lat="40.0158890" lon="-105.6442010">
    <ele>3715.6</ele>
    <time>2026-09-13T12:30:22Z</time>
    
   </trkpt>
   <trkpt lat="40.0158890" lon="-105.6442000">
    <ele>3715.6</ele>
    <time>2026-09-13T12:30:25Z</time>
    
   </trkpt>
   <trkpt lat="40.0158870" lon="-105.6441900">
    <ele>3715.6</ele>
    <time>2026-09-13T12:30:33Z</time>
    
   </trkpt>
   <trkpt lat="40.0158880" lon="-105.6441840">
    <ele>3715.6</ele>
    <time>2026-09-13T12:30:40Z</time>
    
   </trkpt>
   <trkpt lat="40.0158890" lon="-105.6441780">
    <ele>3715.6</ele>
    <time>2026-09-13T12:30:49Z</time>
    
   </trkpt>
   <trkpt lat="40.0158990" lon="-105.6441920">
    <ele>3715.6</ele>
    <time>2026-09-13T12:31:03Z</time>
    
   </trkpt>
   <trkpt lat="40.0159000" lon="-105.6441940">
    <ele>3715.6</ele>
    <time>2026-09-13T12:31:05Z</time>
    
   </trkpt>
   <trkpt lat="40.0159010" lon="-105.6441950">
    <ele>3715.6</ele>
    <time>2026-09-13T12:31:06Z</time>
    
   </trkpt>
   <trkpt lat="40.0159010" lon="-105.6441950">
    <ele>3715.6</ele>
    <time>2026-09-13T12:31:09Z</time>
    
   </trkpt>
   <trkpt lat="40.0159010" lon="-105.6441950">
    <ele>3715.6</ele>
    <time>2026-09-13T12:31:12Z</time>
    
   </trkpt>
   <trkpt lat="40.0159010" lon="-105.6441950">
    <ele>3715.6</ele>
    <time>2026-09-13T12:31:23Z</time>
    
   </trkpt>
   <trkpt lat="40.0159070" lon="-105.6441940">
    <ele>3715.6</ele>
    <time>2026-09-13T12:31:25Z</time>
    
   </trkpt>
   <trkpt lat="40.0159060" lon="-105.6442000">
    <ele>3715.6</ele>
    <time>2026-09-13T12:31:27Z</time>
    
   </trkpt>
   <trkpt lat="40.0159140" lon="-105.6441970">
    <ele>3715.6</ele>
    <time>2026-09-13T12:31:31Z</time>
    
   </trkpt>
   <trkpt lat="40.0159150" lon="-105.6441950">
    <ele>3715.6</ele>
    <time>2026-09-13T12:31:32Z</time>
    
   </trkpt>
   <trkpt lat="40.0159290" lon="-105.6442020">
    <ele>3715.6</ele>
    <time>2026-09-13T12:31:36Z</time>
    
   </trkpt>
   <trkpt lat="40.0159460" lon="-105.6442260">
    <ele>3715.6</ele>
    <time>2026-09-13T12:31:39Z</time>
    
   </trkpt>
   <trkpt lat="40.0159610" lon="-105.6442500">
    <ele>3715.6</ele>
    <time>2026-09-13T12:31:42Z</time>
    
   </trkpt>
   <trkpt lat="40.0159520" lon="-105.6442450">
    <ele>3712.8</ele>
    <time>2026-09-13T12:31:46Z</time>
    
   </trkpt>
   <trkpt lat="40.0159480" lon="-105.6442410">
    <ele>3713.8</ele>
    <time>2026-09-13T12:31:48Z</time>
    
   </trkpt>
   <trkpt lat="40.0159470" lon="-105.6442460">
    <ele>3712.8</ele>
    <time>2026-09-13T12:31:50Z</time>
    
   </trkpt>
   <trkpt lat="40.0159420" lon="-105.6442360">
    <ele>3712.2</ele>
    <time>2026-09-13T12:31:51Z</time>
    
   </trkpt>
   <trkpt lat="40.0159220" lon="-105.6442130">
    <ele>3712.8</ele>
    <time>2026-09-13T12:31:53Z</time>
    
   </trkpt>
   <trkpt lat="40.0159220" lon="-105.6442380">
    <ele>3712.4</ele>
    <time>2026-09-13T12:32:03Z</time>
    
   </trkpt>
   <trkpt lat="40.0159220" lon="-105.6442400">
    <ele>3712.0</ele>
    <time>2026-09-13T12:32:05Z</time>
    
   </trkpt>
   <trkpt lat="40.0159230" lon="-105.6442410">
    <ele>3711.2</ele>
    <time>2026-09-13T12:32:09Z</time>
    
   </trkpt>
   <trkpt lat="40.0159270" lon="-105.6442400">
    <ele>3711.2</ele>
    <time>2026-09-13T12:32:12Z</time>
    
   </trkpt>
   <trkpt lat="40.0159250" lon="-105.6442440">
    <ele>3711.8</ele>
    <time>2026-09-13T12:32:15Z</time>
    
   </trkpt>
   <trkpt lat="40.0159340" lon="-105.6442530">
    <ele>3712.2</ele>
    <time>2026-09-13T12:32:17Z</time>
    
   </trkpt>
   <trkpt lat="40.0159380" lon="-105.6442570">
    <ele>3712.2</ele>
    <time>2026-09-13T12:32:18Z</time>
    
   </trkpt>
   <trkpt lat="40.0159260" lon="-105.6442250">
    <ele>3711.8</ele>
    <time>2026-09-13T12:32:23Z</time>
    
   </trkpt>
   <trkpt lat="40.0159250" lon="-105.6442210">
    <ele>3711.4</ele>
    <time>2026-09-13T12:32:25Z</time>
    
   </trkpt>
   <trkpt lat="40.0159310" lon="-105.6442330">
    <ele>3712.4</ele>
    <time>2026-09-13T12:32:33Z</time>
    
   </trkpt>
   <trkpt lat="40.0159320" lon="-105.6442350">
    <ele>3711.8</ele>
    <time>2026-09-13T12:32:36Z</time>
    
   </trkpt>
   <trkpt lat="40.0159310" lon="-105.6442380">
    <ele>3711.2</ele>
    <time>2026-09-13T12:32:39Z</time>
    
   </trkpt>
   <trkpt lat="40.0159360" lon="-105.6442520">
    <ele>3711.2</ele>
    <time>2026-09-13T12:32:44Z</time>
    
   </trkpt>
   <trkpt lat="40.0159190" lon="-105.6442250">
    <ele>3711.2</ele>
    <time>2026-09-13T12:32:47Z</time>
    
   </trkpt>
   <trkpt lat="40.0159130" lon="-105.6442080">
    <ele>3711.6</ele>
    <time>2026-09-13T12:32:51Z</time>
    
   </trkpt>
   <trkpt lat="40.0159120" lon="-105.6442070">
    <ele>3711.6</ele>
    <time>2026-09-13T12:32:52Z</time>
    
   </trkpt>
   <trkpt lat="40.0159120" lon="-105.6442120">
    <ele>3711.2</ele>
    <time>2026-09-13T12:32:58Z</time>
    
   </trkpt>
   <trkpt lat="40.0159080" lon="-105.6442130">
    <ele>3711.4</ele>
    <time>2026-09-13T12:33:03Z</time>
    
   </trkpt>
   <trkpt lat="40.0158940" lon="-105.6441890">
    <ele>3712.0</ele>
    <time>2026-09-13T12:33:08Z</time>
    
   </trkpt>
   <trkpt lat="40.0158890" lon="-105.6441830">
    <ele>3712.2</ele>
    <time>2026-09-13T12:33:09Z</time>
    
   </trkpt>
   <trkpt lat="40.0158880" lon="-105.6441890">
    <ele>3713.4</ele>
    <time>2026-09-13T12:33:13Z</time>
    
   </trkpt>
   <trkpt lat="40.0158840" lon="-105.6441870">
    <ele>3713.4</ele>
    <time>2026-09-13T12:33:20Z</time>
    
   </trkpt>
   <trkpt lat="40.0158760" lon="-105.6441830">
    <ele>3712.2</ele>
    <time>2026-09-13T12:33:25Z</time>
    
   </trkpt>
   <trkpt lat="40.0158710" lon="-105.6441740">
    <ele>3711.8</ele>
    <time>2026-09-13T12:33:29Z</time>
    
   </trkpt>
   <trkpt lat="40.0158680" lon="-105.6441680">
    <ele>3711.0</ele>
    <time>2026-09-13T12:33:32Z</time>
    
   </trkpt>
   <trkpt lat="40.0158650" lon="-105.6441620">
    <ele>3710.6</ele>
    <time>2026-09-13T12:33:35Z</time>
    
   </trkpt>
   <trkpt lat="40.0158610" lon="-105.6441450">
    <ele>3710.6</ele>
    <time>2026-09-13T12:33:40Z</time>
    
   </trkpt>
   <trkpt lat="40.0158570" lon="-105.6441380">
    <ele>3710.8</ele>
    <time>2026-09-13T12:33:42Z</time>
    
   </trkpt>
   <trkpt lat="40.0158570" lon="-105.6441380">
    <ele>3711.6</ele>
    <time>2026-09-13T12:33:45Z</time>
    
   </trkpt>
   <trkpt lat="40.0158570" lon="-105.6441380">
    <ele>3711.8</ele>
    <time>2026-09-13T12:33:46Z</time>
    
   </trkpt>
   <trkpt lat="40.0158570" lon="-105.6441380">
    <ele>3711.6</ele>
    <time>2026-09-13T12:33:50Z</time>
    
   </trkpt>
   <trkpt lat="40.0158490" lon="-105.6441140">
    <ele>3711.6</ele>
    <time>2026-09-13T12:33:59Z</time>
    
   </trkpt>
   <trkpt lat="40.0158640" lon="-105.6441390">
    <ele>3711.6</ele>
    <time>2026-09-13T12:34:03Z</time>
    
   </trkpt>
   <trkpt lat="40.0158670" lon="-105.6441470">
    <ele>3711.6</ele>
    <time>2026-09-13T12:34:07Z</time>
    
   </trkpt>
   <trkpt lat="40.0158720" lon="-105.6441570">
    <ele>3711.6</ele>
    <time>2026-09-13T12:34:08Z</time>
    
   </trkpt>
   <trkpt lat="40.0158910" lon="-105.6441890">
    <ele>3711.6</ele>
    <time>2026-09-13T12:34:10Z</time>
    
   </trkpt>
   <trkpt lat="40.0159050" lon="-105.6442010">
    <ele>3711.6</ele>
    <time>2026-09-13T12:34:15Z</time>
    
   </trkpt>
   <trkpt lat="40.0159050" lon="-105.6442010">
    <ele>3711.6</ele>
    <time>2026-09-13T12:34:20Z</time>
    
   </trkpt>
   <trkpt lat="40.0159050" lon="-105.6442010">
    <ele>3711.6</ele>
    <time>2026-09-13T12:34:32Z</time>
    
   </trkpt>
   <trkpt lat="40.0159050" lon="-105.6442010">
    <ele>3711.6</ele>
    <time>2026-09-13T12:34:38Z</time>
    
   </trkpt>
   <trkpt lat="40.0159490" lon="-105.6442510">
    <ele>3711.6</ele>
    <time>2026-09-13T12:34:44Z</time>
    
   </trkpt>
   <trkpt lat="40.0159540" lon="-105.6442570">
    <ele>3711.6</ele>
    <time>2026-09-13T12:34:47Z</time>
    
   </trkpt>
   <trkpt lat="40.0159320" lon="-105.6442160">
    <ele>3711.6</ele>
    <time>2026-09-13T12:34:50Z</time>
    
   </trkpt>
   <trkpt lat="40.0159340" lon="-105.6442190">
    <ele>3711.6</ele>
    <time>2026-09-13T12:34:51Z</time>
    
   </trkpt>
   <trkpt lat="40.0159370" lon="-105.6442210">
    <ele>3711.6</ele>
    <time>2026-09-13T12:34:54Z</time>
    
   </trkpt>
   <trkpt lat="40.0159320" lon="-105.6442170">
    <ele>3711.6</ele>
    <time>2026-09-13T12:34:57Z</time>
    
   </trkpt>
   <trkpt lat="40.0159320" lon="-105.6442220">
    <ele>3711.6</ele>
    <time>2026-09-13T12:35:00Z</time>
    
   </trkpt>
   <trkpt lat="40.0159360" lon="-105.6442290">
    <ele>3711.6</ele>
    <time>2026-09-13T12:35:03Z</time>
    
   </trkpt>
   <trkpt lat="40.0159190" lon="-105.6442130">
    <ele>3711.6</ele>
    <time>2026-09-13T12:35:08Z</time>
    
   </trkpt>
   <trkpt lat="40.0159170" lon="-105.6442120">
    <ele>3711.6</ele>
    <time>2026-09-13T12:35:09Z</time>
    
   </trkpt>
   <trkpt lat="40.0159330" lon="-105.6442270">
    <ele>3711.6</ele>
    <time>2026-09-13T12:35:18Z</time>
    
   </trkpt>
   <trkpt lat="40.0159390" lon="-105.6442350">
    <ele>3711.6</ele>
    <time>2026-09-13T12:35:20Z</time>
    
   </trkpt>
   <trkpt lat="40.0159440" lon="-105.6442340">
    <ele>3711.6</ele>
    <time>2026-09-13T12:35:24Z</time>
    
   </trkpt>
   <trkpt lat="40.0159470" lon="-105.6442380">
    <ele>3711.6</ele>
    <time>2026-09-13T12:35:26Z</time>
    
   </trkpt>
   <trkpt lat="40.0159480" lon="-105.6442400">
    <ele>3711.6</ele>
    <time>2026-09-13T12:35:28Z</time>
    
   </trkpt>
   <trkpt lat="40.0159450" lon="-105.6442430">
    <ele>3711.6</ele>
    <time>2026-09-13T12:35:30Z</time>
    
   </trkpt>
   <trkpt lat="40.0159570" lon="-105.6442610">
    <ele>3711.6</ele>
    <time>2026-09-13T12:35:36Z</time>
    
   </trkpt>
   <trkpt lat="40.0159530" lon="-105.6442580">
    <ele>3711.6</ele>
    <time>2026-09-13T12:35:37Z</time>
    
   </trkpt>
   <trkpt lat="40.0159460" lon="-105.6442510">
    <ele>3711.6</ele>
    <time>2026-09-13T12:35:38Z</time>
    
   </trkpt>
   <trkpt lat="40.0159350" lon="-105.6442450">
    <ele>3711.6</ele>
    <time>2026-09-13T12:35:41Z</time>
    
   </trkpt>
   <trkpt lat="40.0159190" lon="-105.6442390">
    <ele>3711.6</ele>
    <time>2026-09-13T12:35:49Z</time>
    
   </trkpt>
   <trkpt lat="40.0159100" lon="-105.6442270">
    <ele>3711.6</ele>
    <time>2026-09-13T12:35:56Z</time>
    
   </trkpt>
   <trkpt lat="40.0159050" lon="-105.6442310">
    <ele>3711.6</ele>
    <time>2026-09-13T12:35:59Z</time>
    
   </trkpt>
   <trkpt lat="40.0159080" lon="-105.6442390">
    <ele>3711.6</ele>
    <time>2026-09-13T12:36:00Z</time>
    
   </trkpt>
   <trkpt lat="40.0159170" lon="-105.6442590">
    <ele>3711.6</ele>
    <time>2026-09-13T12:36:03Z</time>
    
   </trkpt>
   <trkpt lat="40.0159220" lon="-105.6442660">
    <ele>3711.6</ele>
    <time>2026-09-13T12:36:07Z</time>
    
   </trkpt>
   <trkpt lat="40.0159550" lon="-105.6442790">
    <ele>3711.6</ele>
    <time>2026-09-13T12:36:17Z</time>
    
   </trkpt>
   <trkpt lat="40.0159700" lon="-105.6442920">
    <ele>3711.6</ele>
    <time>2026-09-13T12:36:27Z</time>
    
   </trkpt>
   <trkpt lat="40.0159710" lon="-105.6442930">
    <ele>3711.6</ele>
    <time>2026-09-13T12:36:29Z</time>
    
   </trkpt>
   <trkpt lat="40.0159740" lon="-105.6442960">
    <ele>3711.6</ele>
    <time>2026-09-13T12:36:31Z</time>
    
   </trkpt>
   <trkpt lat="40.0159750" lon="-105.6442990">
    <ele>3711.6</ele>
    <time>2026-09-13T12:36:32Z</time>
    
   </trkpt>
   <trkpt lat="40.0159820" lon="-105.6443100">
    <ele>3711.6</ele>
    <time>2026-09-13T12:36:38Z</time>
    
   </trkpt>
   <trkpt lat="40.0159800" lon="-105.6443030">
    <ele>3711.6</ele>
    <time>2026-09-13T12:36:46Z</time>
    
   </trkpt>
   <trkpt lat="40.0159760" lon="-105.6442980">
    <ele>3711.6</ele>
    <time>2026-09-13T12:36:48Z</time>
    
   </trkpt>
   <trkpt lat="40.0159640" lon="-105.6442810">
    <ele>3708.4</ele>
    <time>2026-09-13T12:36:51Z</time>
    
   </trkpt>
   <trkpt lat="40.0159600" lon="-105.6442780">
    <ele>3709.4</ele>
    <time>2026-09-13T12:36:54Z</time>
    
   </trkpt>
   <trkpt lat="40.0159490" lon="-105.6442690">
    <ele>3709.2</ele>
    <time>2026-09-13T12:36:56Z</time>
    
   </trkpt>
   <trkpt lat="40.0159520" lon="-105.6442730">
    <ele>3709.4</ele>
    <time>2026-09-13T12:37:00Z</time>
    
   </trkpt>
   <trkpt lat="40.0159510" lon="-105.6442710">
    <ele>3709.2</ele>
    <time>2026-09-13T12:37:02Z</time>
    
   </trkpt>
   <trkpt lat="40.0159400" lon="-105.6442570">
    <ele>3709.0</ele>
    <time>2026-09-13T12:37:03Z</time>
    
   </trkpt>
   <trkpt lat="40.0159380" lon="-105.6442550">
    <ele>3708.8</ele>
    <time>2026-09-13T12:37:04Z</time>
    
   </trkpt>
   <trkpt lat="40.0159380" lon="-105.6442560">
    <ele>3708.4</ele>
    <time>2026-09-13T12:37:05Z</time>
    
   </trkpt>
   <trkpt lat="40.0159340" lon="-105.6442660">
    <ele>3707.6</ele>
    <time>2026-09-13T12:37:12Z</time>
    
   </trkpt>
   <trkpt lat="40.0159340" lon="-105.6442630">
    <ele>3707.6</ele>
    <time>2026-09-13T12:37:13Z</time>
    
   </trkpt>
   <trkpt lat="40.0159370" lon="-105.6442610">
    <ele>3707.4</ele>
    <time>2026-09-13T12:37:14Z</time>
    
   </trkpt>
   <trkpt lat="40.0159370" lon="-105.6442600">
    <ele>3707.4</ele>
    <time>2026-09-13T12:37:15Z</time>
    
   </trkpt>
   <trkpt lat="40.0159400" lon="-105.6442590">
    <ele>3707.2</ele>
    <time>2026-09-13T12:37:16Z</time>
    
   </trkpt>
   <trkpt lat="40.0159420" lon="-105.6442490">
    <ele>3707.2</ele>
    <time>2026-09-13T12:37:20Z</time>
    
   </trkpt>
   <trkpt lat="40.0159410" lon="-105.6442470">
    <ele>3707.2</ele>
    <time>2026-09-13T12:37:21Z</time>
    
   </trkpt>
   <trkpt lat="40.0159390" lon="-105.6442460">
    <ele>3707.2</ele>
    <time>2026-09-13T12:37:23Z</time>
    
   </trkpt>
   <trkpt lat="40.0159400" lon="-105.6442530">
    <ele>3707.2</ele>
    <time>2026-09-13T12:37:26Z</time>
    
   </trkpt>
   <trkpt lat="40.0159480" lon="-105.6442720">
    <ele>3708.2</ele>
    <time>2026-09-13T12:37:33Z</time>
    
   </trkpt>
   <trkpt lat="40.0159510" lon="-105.6442720">
    <ele>3708.4</ele>
    <time>2026-09-13T12:37:34Z</time>
    
   </trkpt>
   <trkpt lat="40.0159540" lon="-105.6442690">
    <ele>3709.4</ele>
    <time>2026-09-13T12:37:37Z</time>
    
   </trkpt>
   <trkpt lat="40.0159540" lon="-105.6442690">
    <ele>3709.6</ele>
    <time>2026-09-13T12:37:38Z</time>
    
   </trkpt>
   <trkpt lat="40.0159620" lon="-105.6442700">
    <ele>3710.2</ele>
    <time>2026-09-13T12:37:42Z</time>
    
   </trkpt>
   <trkpt lat="40.0159650" lon="-105.6442720">
    <ele>3710.4</ele>
    <time>2026-09-13T12:37:44Z</time>
    
   </trkpt>
   <trkpt lat="40.0159610" lon="-105.6442710">
    <ele>3710.4</ele>
    <time>2026-09-13T12:37:47Z</time>
    
   </trkpt>
   <trkpt lat="40.0159610" lon="-105.6442710">
    <ele>3710.6</ele>
    <time>2026-09-13T12:37:48Z</time>
    
   </trkpt>
   <trkpt lat="40.0159630" lon="-105.6442690">
    <ele>3711.0</ele>
    <time>2026-09-13T12:37:51Z</time>
    
   </trkpt>
   <trkpt lat="40.0159870" lon="-105.6443280">
    <ele>3710.6</ele>
    <time>2026-09-13T12:37:56Z</time>
    
   </trkpt>
   <trkpt lat="40.0159930" lon="-105.6443410">
    <ele>3710.4</ele>
    <time>2026-09-13T12:37:58Z</time>
    
   </trkpt>
   <trkpt lat="40.0159860" lon="-105.6443550">
    <ele>3709.6</ele>
    <time>2026-09-13T12:38:03Z</time>
    
   </trkpt>
   <trkpt lat="40.0159800" lon="-105.6443510">
    <ele>3709.6</ele>
    <time>2026-09-13T12:38:12Z</time>
    
   </trkpt>
   <trkpt lat="40.0159680" lon="-105.6443270">
    <ele>3709.8</ele>
    <time>2026-09-13T12:38:13Z</time>
    
   </trkpt>
   <trkpt lat="40.0159510" lon="-105.6442820">
    <ele>3710.4</ele>
    <time>2026-09-13T12:38:16Z</time>
    
   </trkpt>
   <trkpt lat="40.0159450" lon="-105.6442740">
    <ele>3710.8</ele>
    <time>2026-09-13T12:38:18Z</time>
    
   </trkpt>
   <trkpt lat="40.0159440" lon="-105.6442730">
    <ele>3711.4</ele>
    <time>2026-09-13T12:38:20Z</time>
    
   </trkpt>
   <trkpt lat="40.0159380" lon="-105.6442630">
    <ele>3712.0</ele>
    <time>2026-09-13T12:38:22Z</time>
    
   </trkpt>
   <trkpt lat="40.0159310" lon="-105.6442490">
    <ele>3712.6</ele>
    <time>2026-09-13T12:38:27Z</time>
    
   </trkpt>
   <trkpt lat="40.0159290" lon="-105.6442420">
    <ele>3712.0</ele>
    <time>2026-09-13T12:38:37Z</time>
    
   </trkpt>
   <trkpt lat="40.0159290" lon="-105.6442470">
    <ele>3710.8</ele>
    <time>2026-09-13T12:38:43Z</time>
    
   </trkpt>
   <trkpt lat="40.0159290" lon="-105.6442420">
    <ele>3710.4</ele>
    <time>2026-09-13T12:38:45Z</time>
    
   </trkpt>
   <trkpt lat="40.0159310" lon="-105.6442410">
    <ele>3710.4</ele>
    <time>2026-09-13T12:38:46Z</time>
    
   </trkpt>
   <trkpt lat="40.0159220" lon="-105.6442250">
    <ele>3711.0</ele>
    <time>2026-09-13T12:38:49Z</time>
    
   </trkpt>
   <trkpt lat="40.0159050" lon="-105.6442050">
    <ele>3710.4</ele>
    <time>2026-09-13T12:38:55Z</time>
    
   </trkpt>
   <trkpt lat="40.0158980" lon="-105.6442000">
    <ele>3710.4</ele>
    <time>2026-09-13T12:38:58Z</time>
    
   </trkpt>
   <trkpt lat="40.0159090" lon="-105.6441890">
    <ele>3710.4</ele>
    <time>2026-09-13T12:39:05Z</time>
    
   </trkpt>
   <trkpt lat="40.0159090" lon="-105.6441880">
    <ele>3710.4</ele>
    <time>2026-09-13T12:39:06Z</time>
    
   </trkpt>
   <trkpt lat="40.0159190" lon="-105.6441790">
    <ele>3710.4</ele>
    <time>2026-09-13T12:39:10Z</time>
    
   </trkpt>
   <trkpt lat="40.0159200" lon="-105.6441670">
    <ele>3710.4</ele>
    <time>2026-09-13T12:39:16Z</time>
    
   </trkpt>
   <trkpt lat="40.0159210" lon="-105.6441700">
    <ele>3710.4</ele>
    <time>2026-09-13T12:39:17Z</time>
    
   </trkpt>
   <trkpt lat="40.0159170" lon="-105.6441680">
    <ele>3710.4</ele>
    <time>2026-09-13T12:39:20Z</time>
    
   </trkpt>
   <trkpt lat="40.0159010" lon="-105.6441690">
    <ele>3710.4</ele>
    <time>2026-09-13T12:39:29Z</time>
    
   </trkpt>
   <trkpt lat="40.0158930" lon="-105.6442160">
    <ele>3710.4</ele>
    <time>2026-09-13T12:39:38Z</time>
    
   </trkpt>
   <trkpt lat="40.0158930" lon="-105.6442250">
    <ele>3710.4</ele>
    <time>2026-09-13T12:39:39Z</time>
    
   </trkpt>
   <trkpt lat="40.0159100" lon="-105.6442570">
    <ele>3708.8</ele>
    <time>2026-09-13T12:39:43Z</time>
    
   </trkpt>
   <trkpt lat="40.0159130" lon="-105.6442620">
    <ele>3707.8</ele>
    <time>2026-09-13T12:39:44Z</time>
    
   </trkpt>
   <trkpt lat="40.0159140" lon="-105.6442680">
    <ele>3707.2</ele>
    <time>2026-09-13T12:39:45Z</time>
    
   </trkpt>
   <trkpt lat="40.0159160" lon="-105.6442740">
    <ele>3706.8</ele>
    <time>2026-09-13T12:39:46Z</time>
    
   </trkpt>
   <trkpt lat="40.0159160" lon="-105.6442830">
    <ele>3706.8</ele>
    <time>2026-09-13T12:39:47Z</time>
    
   </trkpt>
   <trkpt lat="40.0159180" lon="-105.6442930">
    <ele>3706.8</ele>
    <time>2026-09-13T12:39:48Z</time>
    
   </trkpt>
   <trkpt lat="40.0159220" lon="-105.6443180">
    <ele>3707.4</ele>
    <time>2026-09-13T12:39:50Z</time>
    
   </trkpt>
   <trkpt lat="40.0159260" lon="-105.6443460">
    <ele>3708.2</ele>
    <time>2026-09-13T12:39:53Z</time>
    
   </trkpt>
   <trkpt lat="40.0159300" lon="-105.6443780">
    <ele>3708.8</ele>
    <time>2026-09-13T12:39:57Z</time>
    
   </trkpt>
   <trkpt lat="40.0159330" lon="-105.6443910">
    <ele>3708.4</ele>
    <time>2026-09-13T12:39:59Z</time>
    
   </trkpt>
   <trkpt lat="40.0159360" lon="-105.6443960">
    <ele>3708.4</ele>
    <time>2026-09-13T12:40:00Z</time>
    
   </trkpt>
   <trkpt lat="40.0159510" lon="-105.6444300">
    <ele>3708.6</ele>
    <time>2026-09-13T12:40:05Z</time>
    
   </trkpt>
   <trkpt lat="40.0159540" lon="-105.6444380">
    <ele>3709.6</ele>
    <time>2026-09-13T12:40:06Z</time>
    
   </trkpt>
   <trkpt lat="40.0159540" lon="-105.6444470">
    <ele>3709.2</ele>
    <time>2026-09-13T12:40:07Z</time>
    
   </trkpt>
   <trkpt lat="40.0159600" lon="-105.6444640">
    <ele>3710.0</ele>
    <time>2026-09-13T12:40:09Z</time>
    
   </trkpt>
   <trkpt lat="40.0159610" lon="-105.6444740">
    <ele>3710.6</ele>
    <time>2026-09-13T12:40:10Z</time>
    
   </trkpt>
   <trkpt lat="40.0159600" lon="-105.6444950">
    <ele>3712.4</ele>
    <time>2026-09-13T12:40:12Z</time>
    
   </trkpt>
   <trkpt lat="40.0159580" lon="-105.6445060">
    <ele>3713.0</ele>
    <time>2026-09-13T12:40:13Z</time>
    
   </trkpt>
   <trkpt lat="40.0159570" lon="-105.6445210">
    <ele>3713.4</ele>
    <time>2026-09-13T12:40:14Z</time>
    
   </trkpt>
   <trkpt lat="40.0159580" lon="-105.6445330">
    <ele>3713.6</ele>
    <time>2026-09-13T12:40:15Z</time>
    
   </trkpt>
   <trkpt lat="40.0159640" lon="-105.6446300">
    <ele>3713.4</ele>
    <time>2026-09-13T12:40:23Z</time>
    
   </trkpt>
   <trkpt lat="40.0159660" lon="-105.6446370">
    <ele>3713.4</ele>
    <time>2026-09-13T12:40:24Z</time>
    
   </trkpt>
   <trkpt lat="40.0159610" lon="-105.6447770">
    <ele>3713.8</ele>
    <time>2026-09-13T12:40:35Z</time>
    
   </trkpt>
   <trkpt lat="40.0159610" lon="-105.6448410">
    <ele>3713.6</ele>
    <time>2026-09-13T12:40:40Z</time>
    
   </trkpt>
   <trkpt lat="40.0159640" lon="-105.6448670">
    <ele>3713.6</ele>
    <time>2026-09-13T12:40:42Z</time>
    
   </trkpt>
   <trkpt lat="40.0159650" lon="-105.6449360">
    <ele>3714.0</ele>
    <time>2026-09-13T12:40:48Z</time>
    
   </trkpt>
   <trkpt lat="40.0159640" lon="-105.6449470">
    <ele>3714.0</ele>
    <time>2026-09-13T12:40:49Z</time>
    
   </trkpt>
   <trkpt lat="40.0159660" lon="-105.6449580">
    <ele>3714.0</ele>
    <time>2026-09-13T12:40:50Z</time>
    
   </trkpt>
   <trkpt lat="40.0159890" lon="-105.6450030">
    <ele>3714.4</ele>
    <time>2026-09-13T12:40:55Z</time>
    
   </trkpt>
   <trkpt lat="40.0159990" lon="-105.6450360">
    <ele>3715.6</ele>
    <time>2026-09-13T12:40:58Z</time>
    
   </trkpt>
   <trkpt lat="40.0159960" lon="-105.6450620">
    <ele>3716.0</ele>
    <time>2026-09-13T12:41:00Z</time>
    
   </trkpt>
   <trkpt lat="40.0160040" lon="-105.6451830">
    <ele>3716.6</ele>
    <time>2026-09-13T12:41:09Z</time>
    
   </trkpt>
   <trkpt lat="40.0160050" lon="-105.6451870">
    <ele>3716.6</ele>
    <time>2026-09-13T12:41:10Z</time>
    
   </trkpt>
   <trkpt lat="40.0160000" lon="-105.6451860">
    <ele>3716.8</ele>
    <time>2026-09-13T12:41:11Z</time>
    
   </trkpt>
   <trkpt lat="40.0160070" lon="-105.6452360">
    <ele>3717.2</ele>
    <time>2026-09-13T12:41:21Z</time>
    
   </trkpt>
   <trkpt lat="40.0160150" lon="-105.6452710">
    <ele>3717.8</ele>
    <time>2026-09-13T12:41:24Z</time>
    
   </trkpt>
   <trkpt lat="40.0160250" lon="-105.6452940">
    <ele>3718.4</ele>
    <time>2026-09-13T12:41:26Z</time>
    
   </trkpt>
   <trkpt lat="40.0160310" lon="-105.6453040">
    <ele>3718.4</ele>
    <time>2026-09-13T12:41:27Z</time>
    
   </trkpt>
   <trkpt lat="40.0160550" lon="-105.6453410">
    <ele>3716.8</ele>
    <time>2026-09-13T12:41:31Z</time>
    
   </trkpt>
   <trkpt lat="40.0160630" lon="-105.6453490">
    <ele>3716.4</ele>
    <time>2026-09-13T12:41:32Z</time>
    
   </trkpt>
   <trkpt lat="40.0160880" lon="-105.6453810">
    <ele>3717.6</ele>
    <time>2026-09-13T12:41:36Z</time>
    
   </trkpt>
   <trkpt lat="40.0161000" lon="-105.6454050">
    <ele>3718.8</ele>
    <time>2026-09-13T12:41:39Z</time>
    
   </trkpt>
   <trkpt lat="40.0161090" lon="-105.6454310">
    <ele>3719.0</ele>
    <time>2026-09-13T12:41:42Z</time>
    
   </trkpt>
   <trkpt lat="40.0161160" lon="-105.6454430">
    <ele>3719.4</ele>
    <time>2026-09-13T12:41:44Z</time>
    
   </trkpt>
   <trkpt lat="40.0161190" lon="-105.6454490">
    <ele>3719.4</ele>
    <time>2026-09-13T12:41:45Z</time>
    
   </trkpt>
   <trkpt lat="40.0161230" lon="-105.6454660">
    <ele>3719.8</ele>
    <time>2026-09-13T12:41:47Z</time>
    
   </trkpt>
   <trkpt lat="40.0161250" lon="-105.6454740">
    <ele>3720.0</ele>
    <time>2026-09-13T12:41:48Z</time>
    
   </trkpt>
   <trkpt lat="40.0161240" lon="-105.6454900">
    <ele>3721.0</ele>
    <time>2026-09-13T12:41:50Z</time>
    
   </trkpt>
   <trkpt lat="40.0161320" lon="-105.6455080">
    <ele>3722.2</ele>
    <time>2026-09-13T12:41:53Z</time>
    
   </trkpt>
   <trkpt lat="40.0161450" lon="-105.6455310">
    <ele>3722.8</ele>
    <time>2026-09-13T12:41:57Z</time>
    
   </trkpt>
   <trkpt lat="40.0161490" lon="-105.6455400">
    <ele>3723.4</ele>
    <time>2026-09-13T12:41:59Z</time>
    
   </trkpt>
   <trkpt lat="40.0161610" lon="-105.6455840">
    <ele>3724.0</ele>
    <time>2026-09-13T12:42:04Z</time>
    
   </trkpt>
   <trkpt lat="40.0161730" lon="-105.6455910">
    <ele>3724.8</ele>
    <time>2026-09-13T12:42:06Z</time>
    
   </trkpt>
   <trkpt lat="40.0161840" lon="-105.6455980">
    <ele>3725.6</ele>
    <time>2026-09-13T12:42:08Z</time>
    
   </trkpt>
   <trkpt lat="40.0161890" lon="-105.6455990">
    <ele>3726.0</ele>
    <time>2026-09-13T12:42:09Z</time>
    
   </trkpt>
   <trkpt lat="40.0162300" lon="-105.6456420">
    <ele>3727.4</ele>
    <time>2026-09-13T12:42:18Z</time>
    
   </trkpt>
   <trkpt lat="40.0162320" lon="-105.6456770">
    <ele>3728.8</ele>
    <time>2026-09-13T12:42:22Z</time>
    
   </trkpt>
   <trkpt lat="40.0162740" lon="-105.6457320">
    <ele>3730.0</ele>
    <time>2026-09-13T12:42:33Z</time>
    
   </trkpt>
   <trkpt lat="40.0162780" lon="-105.6457300">
    <ele>3731.2</ele>
    <time>2026-09-13T12:42:35Z</time>
    
   </trkpt>
   <trkpt lat="40.0162750" lon="-105.6457220">
    <ele>3730.8</ele>
    <time>2026-09-13T12:42:41Z</time>
    
   </trkpt>
   <trkpt lat="40.0162750" lon="-105.6457140">
    <ele>3730.8</ele>
    <time>2026-09-13T12:42:44Z</time>
    
   </trkpt>
   <trkpt lat="40.0162730" lon="-105.6457120">
    <ele>3730.4</ele>
    <time>2026-09-13T12:42:46Z</time>
    
   </trkpt>
   <trkpt lat="40.0162750" lon="-105.6457120">
    <ele>3730.2</ele>
    <time>2026-09-13T12:42:49Z</time>
    
   </trkpt>
   <trkpt lat="40.0162770" lon="-105.6457200">
    <ele>3729.6</ele>
    <time>2026-09-13T12:42:54Z</time>
    
   </trkpt>
   <trkpt lat="40.0162760" lon="-105.6457240">
    <ele>3729.0</ele>
    <time>2026-09-13T12:42:58Z</time>
    
   </trkpt>
   <trkpt lat="40.0162780" lon="-105.6457270">
    <ele>3728.4</ele>
    <time>2026-09-13T12:43:00Z</time>
    
   </trkpt>
   <trkpt lat="40.0162900" lon="-105.6457530">
    <ele>3727.8</ele>
    <time>2026-09-13T12:43:04Z</time>
    
   </trkpt>
   <trkpt lat="40.0162990" lon="-105.6457540">
    <ele>3729.2</ele>
    <time>2026-09-13T12:43:09Z</time>
    
   </trkpt>
   <trkpt lat="40.0162950" lon="-105.6457410">
    <ele>3730.4</ele>
    <time>2026-09-13T12:43:12Z</time>
    
   </trkpt>
   <trkpt lat="40.0162870" lon="-105.6457300">
    <ele>3731.6</ele>
    <time>2026-09-13T12:43:17Z</time>
    
   </trkpt>
   <trkpt lat="40.0162850" lon="-105.6457290">
    <ele>3731.6</ele>
    <time>2026-09-13T12:43:18Z</time>
    
   </trkpt>
   <trkpt lat="40.0162780" lon="-105.6457220">
    <ele>3731.6</ele>
    <time>2026-09-13T12:43:22Z</time>
    
   </trkpt>
   <trkpt lat="40.0162770" lon="-105.6457320">
    <ele>3730.4</ele>
    <time>2026-09-13T12:43:29Z</time>
    
   </trkpt>
   <trkpt lat="40.0162790" lon="-105.6457490">
    <ele>3729.2</ele>
    <time>2026-09-13T12:43:31Z</time>
    
   </trkpt>
   <trkpt lat="40.0162830" lon="-105.6457710">
    <ele>3729.2</ele>
    <time>2026-09-13T12:43:33Z</time>
    
   </trkpt>
   <trkpt lat="40.0162970" lon="-105.6458120">
    <ele>3731.4</ele>
    <time>2026-09-13T12:43:37Z</time>
    
   </trkpt>
   <trkpt lat="40.0163150" lon="-105.6458480">
    <ele>3730.2</ele>
    <time>2026-09-13T12:43:41Z</time>
    
   </trkpt>
   <trkpt lat="40.0163210" lon="-105.6458860">
    <ele>3730.2</ele>
    <time>2026-09-13T12:43:44Z</time>
    
   </trkpt>
   <trkpt lat="40.0163380" lon="-105.6459940">
    <ele>3730.0</ele>
    <time>2026-09-13T12:43:55Z</time>
    
   </trkpt>
   <trkpt lat="40.0163550" lon="-105.6460430">
    <ele>3731.2</ele>
    <time>2026-09-13T12:44:00Z</time>
    
   </trkpt>
   <trkpt lat="40.0163620" lon="-105.6460580">
    <ele>3732.4</ele>
    <time>2026-09-13T12:44:02Z</time>
    
   </trkpt>
   <trkpt lat="40.0163740" lon="-105.6461240">
    <ele>3733.4</ele>
    <time>2026-09-13T12:44:07Z</time>
    
   </trkpt>
   <trkpt lat="40.0163920" lon="-105.6461610">
    <ele>3732.4</ele>
    <time>2026-09-13T12:44:11Z</time>
    
   </trkpt>
   <trkpt lat="40.0164280" lon="-105.6462080">
    <ele>3733.4</ele>
    <time>2026-09-13T12:44:18Z</time>
    
   </trkpt>
   <trkpt lat="40.0164290" lon="-105.6462150">
    <ele>3734.0</ele>
    <time>2026-09-13T12:44:19Z</time>
    
   </trkpt>
   <trkpt lat="40.0164450" lon="-105.6462550">
    <ele>3734.6</ele>
    <time>2026-09-13T12:44:24Z</time>
    
   </trkpt>
   <trkpt lat="40.0164510" lon="-105.6462680">
    <ele>3734.6</ele>
    <time>2026-09-13T12:44:26Z</time>
    
   </trkpt>
   <trkpt lat="40.0164600" lon="-105.6462800">
    <ele>3735.0</ele>
    <time>2026-09-13T12:44:28Z</time>
    
   </trkpt>
   <trkpt lat="40.0164680" lon="-105.6462950">
    <ele>3736.2</ele>
    <time>2026-09-13T12:44:30Z</time>
    
   </trkpt>
   <trkpt lat="40.0164720" lon="-105.6463020">
    <ele>3737.2</ele>
    <time>2026-09-13T12:44:31Z</time>
    
   </trkpt>
   <trkpt lat="40.0164750" lon="-105.6463070">
    <ele>3737.6</ele>
    <time>2026-09-13T12:44:32Z</time>
    
   </trkpt>
   <trkpt lat="40.0164770" lon="-105.6463300">
    <ele>3738.2</ele>
    <time>2026-09-13T12:44:36Z</time>
    
   </trkpt>
   <trkpt lat="40.0164850" lon="-105.6463590">
    <ele>3738.4</ele>
    <time>2026-09-13T12:44:40Z</time>
    
   </trkpt>
   <trkpt lat="40.0164870" lon="-105.6463690">
    <ele>3738.4</ele>
    <time>2026-09-13T12:44:41Z</time>
    
   </trkpt>
   <trkpt lat="40.0164870" lon="-105.6463740">
    <ele>3738.8</ele>
    <time>2026-09-13T12:44:42Z</time>
    
   </trkpt>
   <trkpt lat="40.0164890" lon="-105.6463790">
    <ele>3739.2</ele>
    <time>2026-09-13T12:44:43Z</time>
    
   </trkpt>
   <trkpt lat="40.0164970" lon="-105.6463840">
    <ele>3739.6</ele>
    <time>2026-09-13T12:44:45Z</time>
    
   </trkpt>
   <trkpt lat="40.0165020" lon="-105.6463870">
    <ele>3739.8</ele>
    <time>2026-09-13T12:44:46Z</time>
    
   </trkpt>
   <trkpt lat="40.0165090" lon="-105.6463960">
    <ele>3740.8</ele>
    <time>2026-09-13T12:44:48Z</time>
    
   </trkpt>
   <trkpt lat="40.0165250" lon="-105.6464440">
    <ele>3740.0</ele>
    <time>2026-09-13T12:44:55Z</time>
    
   </trkpt>
   <trkpt lat="40.0165490" lon="-105.6464670">
    <ele>3741.8</ele>
    <time>2026-09-13T12:45:00Z</time>
    
   </trkpt>
   <trkpt lat="40.0165650" lon="-105.6464920">
    <ele>3742.6</ele>
    <time>2026-09-13T12:45:04Z</time>
    
   </trkpt>
   <trkpt lat="40.0165650" lon="-105.6465100">
    <ele>3743.0</ele>
    <time>2026-09-13T12:45:06Z</time>
    
   </trkpt>
   <trkpt lat="40.0165730" lon="-105.6465370">
    <ele>3744.0</ele>
    <time>2026-09-13T12:45:11Z</time>
    
   </trkpt>
   <trkpt lat="40.0165730" lon="-105.6465380">
    <ele>3745.4</ele>
    <time>2026-09-13T12:45:14Z</time>
    
   </trkpt>
   <trkpt lat="40.0165580" lon="-105.6465400">
    <ele>3746.4</ele>
    <time>2026-09-13T12:45:26Z</time>
    
   </trkpt>
   <trkpt lat="40.0165590" lon="-105.6465430">
    <ele>3746.4</ele>
    <time>2026-09-13T12:45:28Z</time>
    
   </trkpt>
   <trkpt lat="40.0165580" lon="-105.6465430">
    <ele>3746.4</ele>
    <time>2026-09-13T12:45:29Z</time>
    
   </trkpt>
   <trkpt lat="40.0165580" lon="-105.6465470">
    <ele>3746.2</ele>
    <time>2026-09-13T12:45:38Z</time>
    
   </trkpt>
   <trkpt lat="40.0165560" lon="-105.6465480">
    <ele>3745.6</ele>
    <time>2026-09-13T12:45:45Z</time>
    
   </trkpt>
   <trkpt lat="40.0165670" lon="-105.6465550">
    <ele>3746.0</ele>
    <time>2026-09-13T12:45:54Z</time>
    
   </trkpt>
   <trkpt lat="40.0165740" lon="-105.6465630">
    <ele>3745.4</ele>
    <time>2026-09-13T12:45:57Z</time>
    
   </trkpt>
   <trkpt lat="40.0165740" lon="-105.6465620">
    <ele>3745.0</ele>
    <time>2026-09-13T12:46:00Z</time>
    
   </trkpt>
   <trkpt lat="40.0165730" lon="-105.6465620">
    <ele>3745.4</ele>
    <time>2026-09-13T12:46:03Z</time>
    
   </trkpt>
   <trkpt lat="40.0165730" lon="-105.6465610">
    <ele>3745.4</ele>
    <time>2026-09-13T12:46:04Z</time>
    
   </trkpt>
   <trkpt lat="40.0165720" lon="-105.6465610">
    <ele>3745.4</ele>
    <time>2026-09-13T12:46:05Z</time>
    
   </trkpt>
   <trkpt lat="40.0165670" lon="-105.6465560">
    <ele>3745.2</ele>
    <time>2026-09-13T12:46:09Z</time>
    
   </trkpt>
   <trkpt lat="40.0165610" lon="-105.6465510">
    <ele>3745.8</ele>
    <time>2026-09-13T12:46:13Z</time>
    
   </trkpt>
   <trkpt lat="40.0165620" lon="-105.6465500">
    <ele>3745.6</ele>
    <time>2026-09-13T12:46:15Z</time>
    
   </trkpt>
   <trkpt lat="40.0165620" lon="-105.6465500">
    <ele>3745.8</ele>
    <time>2026-09-13T12:46:16Z</time>
    
   </trkpt>
   <trkpt lat="40.0165620" lon="-105.6465510">
    <ele>3746.0</ele>
    <time>2026-09-13T12:46:23Z</time>
    
   </trkpt>
   <trkpt lat="40.0165620" lon="-105.6465500">
    <ele>3745.6</ele>
    <time>2026-09-13T12:46:28Z</time>
    
   </trkpt>
   <trkpt lat="40.0165630" lon="-105.6465500">
    <ele>3745.6</ele>
    <time>2026-09-13T12:46:29Z</time>
    
   </trkpt>
   <trkpt lat="40.0165630" lon="-105.6465460">
    <ele>3744.2</ele>
    <time>2026-09-13T12:46:34Z</time>
    
   </trkpt>
   <trkpt lat="40.0165610" lon="-105.6465450">
    <ele>3744.0</ele>
    <time>2026-09-13T12:46:36Z</time>
    
   </trkpt>
   <trkpt lat="40.0165660" lon="-105.6465520">
    <ele>3745.2</ele>
    <time>2026-09-13T12:46:41Z</time>
    
   </trkpt>
   <trkpt lat="40.0165640" lon="-105.6465500">
    <ele>3745.4</ele>
    <time>2026-09-13T12:46:44Z</time>
    
   </trkpt>
   <trkpt lat="40.0165610" lon="-105.6465480">
    <ele>3745.4</ele>
    <time>2026-09-13T12:46:51Z</time>
    
   </trkpt>
   <trkpt lat="40.0165610" lon="-105.6465480">
    <ele>3745.2</ele>
    <time>2026-09-13T12:46:52Z</time>
    
   </trkpt>
   <trkpt lat="40.0165600" lon="-105.6465480">
    <ele>3745.0</ele>
    <time>2026-09-13T12:46:53Z</time>
    
   </trkpt>
   <trkpt lat="40.0165890" lon="-105.6465380">
    <ele>3746.2</ele>
    <time>2026-09-13T12:47:02Z</time>
    
   </trkpt>
   <trkpt lat="40.0165930" lon="-105.6465380">
    <ele>3746.6</ele>
    <time>2026-09-13T12:47:03Z</time>
    
   </trkpt>
   <trkpt lat="40.0166120" lon="-105.6465430">
    <ele>3747.6</ele>
    <time>2026-09-13T12:47:08Z</time>
    
   </trkpt>
   <trkpt lat="40.0166250" lon="-105.6465580">
    <ele>3748.8</ele>
    <time>2026-09-13T12:47:12Z</time>
    
   </trkpt>
   <trkpt lat="40.0166320" lon="-105.6465630">
    <ele>3749.4</ele>
    <time>2026-09-13T12:47:14Z</time>
    
   </trkpt>
   <trkpt lat="40.0166490" lon="-105.6465820">
    <ele>3750.2</ele>
    <time>2026-09-13T12:47:18Z</time>
    
   </trkpt>
   <trkpt lat="40.0166560" lon="-105.6465990">
    <ele>3751.0</ele>
    <time>2026-09-13T12:47:22Z</time>
    
   </trkpt>
   <trkpt lat="40.0166560" lon="-105.6466090">
    <ele>3751.0</ele>
    <time>2026-09-13T12:47:24Z</time>
    
   </trkpt>
   <trkpt lat="40.0166830" lon="-105.6466640">
    <ele>3751.2</ele>
    <time>2026-09-13T12:47:31Z</time>
    
   </trkpt>
   <trkpt lat="40.0166880" lon="-105.6466660">
    <ele>3751.8</ele>
    <time>2026-09-13T12:47:32Z</time>
    
   </trkpt>
   <trkpt lat="40.0166930" lon="-105.6466660">
    <ele>3752.6</ele>
    <time>2026-09-13T12:47:33Z</time>
    
   </trkpt>
   <trkpt lat="40.0166950" lon="-105.6466680">
    <ele>3753.6</ele>
    <time>2026-09-13T12:47:35Z</time>
    
   </trkpt>
   <trkpt lat="40.0167140" lon="-105.6466690">
    <ele>3754.8</ele>
    <time>2026-09-13T12:47:40Z</time>
    
   </trkpt>
   <trkpt lat="40.0167170" lon="-105.6466640">
    <ele>3754.8</ele>
    <time>2026-09-13T12:47:41Z</time>
    
   </trkpt>
   <trkpt lat="40.0167400" lon="-105.6466640">
    <ele>3755.4</ele>
    <time>2026-09-13T12:47:48Z</time>
    
   </trkpt>
   <trkpt lat="40.0167500" lon="-105.6466760">
    <ele>3755.4</ele>
    <time>2026-09-13T12:47:51Z</time>
    
   </trkpt>
   <trkpt lat="40.0167520" lon="-105.6466810">
    <ele>3755.8</ele>
    <time>2026-09-13T12:47:52Z</time>
    
   </trkpt>
   <trkpt lat="40.0167530" lon="-105.6466830">
    <ele>3756.2</ele>
    <time>2026-09-13T12:47:53Z</time>
    
   </trkpt>
   <trkpt lat="40.0167550" lon="-105.6466900">
    <ele>3757.2</ele>
    <time>2026-09-13T12:47:56Z</time>
    
   </trkpt>
   <trkpt lat="40.0167600" lon="-105.6467110">
    <ele>3758.6</ele>
    <time>2026-09-13T12:48:00Z</time>
    
   </trkpt>
   <trkpt lat="40.0167660" lon="-105.6467250">
    <ele>3759.2</ele>
    <time>2026-09-13T12:48:02Z</time>
    
   </trkpt>
   <trkpt lat="40.0167730" lon="-105.6467470">
    <ele>3759.4</ele>
    <time>2026-09-13T12:48:05Z</time>
    
   </trkpt>
   <trkpt lat="40.0167910" lon="-105.6467680">
    <ele>3759.6</ele>
    <time>2026-09-13T12:48:09Z</time>
    
   </trkpt>
   <trkpt lat="40.0167970" lon="-105.6467750">
    <ele>3760.4</ele>
    <time>2026-09-13T12:48:12Z</time>
    
   </trkpt>
   <trkpt lat="40.0168010" lon="-105.6467770">
    <ele>3761.0</ele>
    <time>2026-09-13T12:48:13Z</time>
    
   </trkpt>
   <trkpt lat="40.0168300" lon="-105.6467740">
    <ele>3761.0</ele>
    <time>2026-09-13T12:48:23Z</time>
    
   </trkpt>
   <trkpt lat="40.0168390" lon="-105.6467600">
    <ele>3762.0</ele>
    <time>2026-09-13T12:48:28Z</time>
    
   </trkpt>
   <trkpt lat="40.0168390" lon="-105.6467560">
    <ele>3762.0</ele>
    <time>2026-09-13T12:48:29Z</time>
    
   </trkpt>
   <trkpt lat="40.0168470" lon="-105.6467410">
    <ele>3763.2</ele>
    <time>2026-09-13T12:48:33Z</time>
    
   </trkpt>
   <trkpt lat="40.0168510" lon="-105.6467370">
    <ele>3763.4</ele>
    <time>2026-09-13T12:48:34Z</time>
    
   </trkpt>
   <trkpt lat="40.0168580" lon="-105.6467230">
    <ele>3764.4</ele>
    <time>2026-09-13T12:48:37Z</time>
    
   </trkpt>
   <trkpt lat="40.0168700" lon="-105.6467060">
    <ele>3765.2</ele>
    <time>2026-09-13T12:48:44Z</time>
    
   </trkpt>
   <trkpt lat="40.0168730" lon="-105.6467060">
    <ele>3765.4</ele>
    <time>2026-09-13T12:48:45Z</time>
    
   </trkpt>
   <trkpt lat="40.0168760" lon="-105.6467100">
    <ele>3766.0</ele>
    <time>2026-09-13T12:48:48Z</time>
    
   </trkpt>
   <trkpt lat="40.0168790" lon="-105.6466980">
    <ele>3766.6</ele>
    <time>2026-09-13T12:48:55Z</time>
    
   </trkpt>
   <trkpt lat="40.0168760" lon="-105.6466780">
    <ele>3766.6</ele>
    <time>2026-09-13T12:48:57Z</time>
    
   </trkpt>
   <trkpt lat="40.0168770" lon="-105.6466620">
    <ele>3767.0</ele>
    <time>2026-09-13T12:49:00Z</time>
    
   </trkpt>
   <trkpt lat="40.0168870" lon="-105.6466540">
    <ele>3767.2</ele>
    <time>2026-09-13T12:49:03Z</time>
    
   </trkpt>
   <trkpt lat="40.0168890" lon="-105.6466510">
    <ele>3767.8</ele>
    <time>2026-09-13T12:49:04Z</time>
    
   </trkpt>
   <trkpt lat="40.0168980" lon="-105.6466520">
    <ele>3768.6</ele>
    <time>2026-09-13T12:49:06Z</time>
    
   </trkpt>
   <trkpt lat="40.0169030" lon="-105.6466490">
    <ele>3768.6</ele>
    <time>2026-09-13T12:49:08Z</time>
    
   </trkpt>
   <trkpt lat="40.0169260" lon="-105.6466360">
    <ele>3768.6</ele>
    <time>2026-09-13T12:49:14Z</time>
    
   </trkpt>
   <trkpt lat="40.0169310" lon="-105.6466350">
    <ele>3768.8</ele>
    <time>2026-09-13T12:49:15Z</time>
    
   </trkpt>
   <trkpt lat="40.0169470" lon="-105.6466470">
    <ele>3769.2</ele>
    <time>2026-09-13T12:49:18Z</time>
    
   </trkpt>
   <trkpt lat="40.0169520" lon="-105.6466550">
    <ele>3769.4</ele>
    <time>2026-09-13T12:49:19Z</time>
    
   </trkpt>
   <trkpt lat="40.0169600" lon="-105.6466640">
    <ele>3769.8</ele>
    <time>2026-09-13T12:49:21Z</time>
    
   </trkpt>
   <trkpt lat="40.0169630" lon="-105.6466800">
    <ele>3771.0</ele>
    <time>2026-09-13T12:49:25Z</time>
    
   </trkpt>
   <trkpt lat="40.0169600" lon="-105.6467180">
    <ele>3771.4</ele>
    <time>2026-09-13T12:49:30Z</time>
    
   </trkpt>
   <trkpt lat="40.0169610" lon="-105.6467330">
    <ele>3772.2</ele>
    <time>2026-09-13T12:49:33Z</time>
    
   </trkpt>
   <trkpt lat="40.0169660" lon="-105.6467960">
    <ele>3772.4</ele>
    <time>2026-09-13T12:49:42Z</time>
    
   </trkpt>
   <trkpt lat="40.0169720" lon="-105.6468060">
    <ele>3773.2</ele>
    <time>2026-09-13T12:49:44Z</time>
    
   </trkpt>
   <trkpt lat="40.0169800" lon="-105.6468120">
    <ele>3774.6</ele>
    <time>2026-09-13T12:49:47Z</time>
    
   </trkpt>
   <trkpt lat="40.0169880" lon="-105.6468080">
    <ele>3776.0</ele>
    <time>2026-09-13T12:49:50Z</time>
    
   </trkpt>
   <trkpt lat="40.0169880" lon="-105.6468050">
    <ele>3776.6</ele>
    <time>2026-09-13T12:49:52Z</time>
    
   </trkpt>
   <trkpt lat="40.0169950" lon="-105.6468080">
    <ele>3777.0</ele>
    <time>2026-09-13T12:49:55Z</time>
    
   </trkpt>
   <trkpt lat="40.0170060" lon="-105.6468080">
    <ele>3777.6</ele>
    <time>2026-09-13T12:49:58Z</time>
    
   </trkpt>
   <trkpt lat="40.0170130" lon="-105.6468030">
    <ele>3777.8</ele>
    <time>2026-09-13T12:50:01Z</time>
    
   </trkpt>
   <trkpt lat="40.0170210" lon="-105.6468010">
    <ele>3777.8</ele>
    <time>2026-09-13T12:50:03Z</time>
    
   </trkpt>
   <trkpt lat="40.0170230" lon="-105.6468000">
    <ele>3778.0</ele>
    <time>2026-09-13T12:50:04Z</time>
    
   </trkpt>
   <trkpt lat="40.0170280" lon="-105.6467990">
    <ele>3779.2</ele>
    <time>2026-09-13T12:50:07Z</time>
    
   </trkpt>
   <trkpt lat="40.0170330" lon="-105.6467980">
    <ele>3779.2</ele>
    <time>2026-09-13T12:50:11Z</time>
    
   </trkpt>
   <trkpt lat="40.0170380" lon="-105.6467990">
    <ele>3779.0</ele>
    <time>2026-09-13T12:50:12Z</time>
    
   </trkpt>
   <trkpt lat="40.0170420" lon="-105.6467990">
    <ele>3779.0</ele>
    <time>2026-09-13T12:50:13Z</time>
    
   </trkpt>
   <trkpt lat="40.0170570" lon="-105.6468100">
    <ele>3779.6</ele>
    <time>2026-09-13T12:50:17Z</time>
    
   </trkpt>
   <trkpt lat="40.0170580" lon="-105.6468120">
    <ele>3780.0</ele>
    <time>2026-09-13T12:50:18Z</time>
    
   </trkpt>
   <trkpt lat="40.0170620" lon="-105.6468170">
    <ele>3780.6</ele>
    <time>2026-09-13T12:50:19Z</time>
    
   </trkpt>
   <trkpt lat="40.0170690" lon="-105.6468180">
    <ele>3782.0</ele>
    <time>2026-09-13T12:50:21Z</time>
    
   </trkpt>
   <trkpt lat="40.0170720" lon="-105.6468180">
    <ele>3782.4</ele>
    <time>2026-09-13T12:50:23Z</time>
    
   </trkpt>
   <trkpt lat="40.0170750" lon="-105.6468170">
    <ele>3782.6</ele>
    <time>2026-09-13T12:50:24Z</time>
    
   </trkpt>
   <trkpt lat="40.0170880" lon="-105.6468220">
    <ele>3782.4</ele>
    <time>2026-09-13T12:50:28Z</time>
    
   </trkpt>
   <trkpt lat="40.0170940" lon="-105.6468420">
    <ele>3783.0</ele>
    <time>2026-09-13T12:50:33Z</time>
    
   </trkpt>
   <trkpt lat="40.0170980" lon="-105.6468570">
    <ele>3783.8</ele>
    <time>2026-09-13T12:50:35Z</time>
    
   </trkpt>
   <trkpt lat="40.0171000" lon="-105.6468670">
    <ele>3784.2</ele>
    <time>2026-09-13T12:50:36Z</time>
    
   </trkpt>
   <trkpt lat="40.0171030" lon="-105.6468930">
    <ele>3785.0</ele>
    <time>2026-09-13T12:50:41Z</time>
    
   </trkpt>
   <trkpt lat="40.0171170" lon="-105.6469340">
    <ele>3783.6</ele>
    <time>2026-09-13T12:50:51Z</time>
    
   </trkpt>
   <trkpt lat="40.0171350" lon="-105.6469880">
    <ele>3783.4</ele>
    <time>2026-09-13T12:51:01Z</time>
    
   </trkpt>
   <trkpt lat="40.0171500" lon="-105.6470060">
    <ele>3785.2</ele>
    <time>2026-09-13T12:51:07Z</time>
    
   </trkpt>
   <trkpt lat="40.0171530" lon="-105.6470190">
    <ele>3785.2</ele>
    <time>2026-09-13T12:51:10Z</time>
    
   </trkpt>
   <trkpt lat="40.0171520" lon="-105.6470240">
    <ele>3785.2</ele>
    <time>2026-09-13T12:51:12Z</time>
    
   </trkpt>
   <trkpt lat="40.0171770" lon="-105.6470510">
    <ele>3786.6</ele>
    <time>2026-09-13T12:51:19Z</time>
    
   </trkpt>
   <trkpt lat="40.0171950" lon="-105.6470700">
    <ele>3787.6</ele>
    <time>2026-09-13T12:51:23Z</time>
    
   </trkpt>
   <trkpt lat="40.0172110" lon="-105.6471080">
    <ele>3788.4</ele>
    <time>2026-09-13T12:51:28Z</time>
    
   </trkpt>
   <trkpt lat="40.0172200" lon="-105.6471250">
    <ele>3788.2</ele>
    <time>2026-09-13T12:51:30Z</time>
    
   </trkpt>
   <trkpt lat="40.0172360" lon="-105.6471520">
    <ele>3787.2</ele>
    <time>2026-09-13T12:51:35Z</time>
    
   </trkpt>
   <trkpt lat="40.0172430" lon="-105.6471640">
    <ele>3787.0</ele>
    <time>2026-09-13T12:51:37Z</time>
    
   </trkpt>
   <trkpt lat="40.0172480" lon="-105.6471790">
    <ele>3787.2</ele>
    <time>2026-09-13T12:51:39Z</time>
    
   </trkpt>
   <trkpt lat="40.0172610" lon="-105.6472060">
    <ele>3787.4</ele>
    <time>2026-09-13T12:51:43Z</time>
    
   </trkpt>
   <trkpt lat="40.0172740" lon="-105.6472300">
    <ele>3788.4</ele>
    <time>2026-09-13T12:51:47Z</time>
    
   </trkpt>
   <trkpt lat="40.0172760" lon="-105.6472370">
    <ele>3788.8</ele>
    <time>2026-09-13T12:51:48Z</time>
    
   </trkpt>
   <trkpt lat="40.0172820" lon="-105.6472470">
    <ele>3789.8</ele>
    <time>2026-09-13T12:51:50Z</time>
    
   </trkpt>
   <trkpt lat="40.0172940" lon="-105.6472810">
    <ele>3790.2</ele>
    <time>2026-09-13T12:51:56Z</time>
    
   </trkpt>
   <trkpt lat="40.0173330" lon="-105.6473370">
    <ele>3790.8</ele>
    <time>2026-09-13T12:52:07Z</time>
    
   </trkpt>
   <trkpt lat="40.0173380" lon="-105.6473420">
    <ele>3791.4</ele>
    <time>2026-09-13T12:52:08Z</time>
    
   </trkpt>
   <trkpt lat="40.0173410" lon="-105.6473470">
    <ele>3792.0</ele>
    <time>2026-09-13T12:52:09Z</time>
    
   </trkpt>
   <trkpt lat="40.0173460" lon="-105.6473610">
    <ele>3793.4</ele>
    <time>2026-09-13T12:52:11Z</time>
    
   </trkpt>
   <trkpt lat="40.0173830" lon="-105.6473770">
    <ele>3793.8</ele>
    <time>2026-09-13T12:52:19Z</time>
    
   </trkpt>
   <trkpt lat="40.0173880" lon="-105.6473770">
    <ele>3793.6</ele>
    <time>2026-09-13T12:52:22Z</time>
    
   </trkpt>
   <trkpt lat="40.0173910" lon="-105.6473930">
    <ele>3794.6</ele>
    <time>2026-09-13T12:52:26Z</time>
    
   </trkpt>
   <trkpt lat="40.0174010" lon="-105.6474050">
    <ele>3795.6</ele>
    <time>2026-09-13T12:52:29Z</time>
    
   </trkpt>
   <trkpt lat="40.0174050" lon="-105.6474060">
    <ele>3795.6</ele>
    <time>2026-09-13T12:52:30Z</time>
    
   </trkpt>
   <trkpt lat="40.0174180" lon="-105.6474260">
    <ele>3796.8</ele>
    <time>2026-09-13T12:52:35Z</time>
    
   </trkpt>
   <trkpt lat="40.0174210" lon="-105.6474300">
    <ele>3797.4</ele>
    <time>2026-09-13T12:52:37Z</time>
    
   </trkpt>
   <trkpt lat="40.0174230" lon="-105.6474350">
    <ele>3797.6</ele>
    <time>2026-09-13T12:52:38Z</time>
    
   </trkpt>
   <trkpt lat="40.0174280" lon="-105.6474380">
    <ele>3797.6</ele>
    <time>2026-09-13T12:52:39Z</time>
    
   </trkpt>
   <trkpt lat="40.0174310" lon="-105.6474390">
    <ele>3797.8</ele>
    <time>2026-09-13T12:52:40Z</time>
    
   </trkpt>
   <trkpt lat="40.0174500" lon="-105.6474580">
    <ele>3799.0</ele>
    <time>2026-09-13T12:52:46Z</time>
    
   </trkpt>
   <trkpt lat="40.0174630" lon="-105.6474570">
    <ele>3799.8</ele>
    <time>2026-09-13T12:52:49Z</time>
    
   </trkpt>
   <trkpt lat="40.0174660" lon="-105.6474540">
    <ele>3800.2</ele>
    <time>2026-09-13T12:52:50Z</time>
    
   </trkpt>
   <trkpt lat="40.0174670" lon="-105.6474530">
    <ele>3801.0</ele>
    <time>2026-09-13T12:52:54Z</time>
    
   </trkpt>
   <trkpt lat="40.0174770" lon="-105.6474560">
    <ele>3801.0</ele>
    <time>2026-09-13T12:52:58Z</time>
    
   </trkpt>
   <trkpt lat="40.0174930" lon="-105.6474680">
    <ele>3801.2</ele>
    <time>2026-09-13T12:53:02Z</time>
    
   </trkpt>
   <trkpt lat="40.0175030" lon="-105.6474590">
    <ele>3802.2</ele>
    <time>2026-09-13T12:53:05Z</time>
    
   </trkpt>
   <trkpt lat="40.0175060" lon="-105.6474560">
    <ele>3802.6</ele>
    <time>2026-09-13T12:53:06Z</time>
    
   </trkpt>
   <trkpt lat="40.0175100" lon="-105.6474480">
    <ele>3803.0</ele>
    <time>2026-09-13T12:53:08Z</time>
    
   </trkpt>
   <trkpt lat="40.0175160" lon="-105.6474400">
    <ele>3803.4</ele>
    <time>2026-09-13T12:53:11Z</time>
    
   </trkpt>
   <trkpt lat="40.0175160" lon="-105.6474420">
    <ele>3803.6</ele>
    <time>2026-09-13T12:53:13Z</time>
    
   </trkpt>
   <trkpt lat="40.0175260" lon="-105.6474370">
    <ele>3804.8</ele>
    <time>2026-09-13T12:53:18Z</time>
    
   </trkpt>
   <trkpt lat="40.0175270" lon="-105.6474370">
    <ele>3805.2</ele>
    <time>2026-09-13T12:53:19Z</time>
    
   </trkpt>
   <trkpt lat="40.0175330" lon="-105.6474320">
    <ele>3805.8</ele>
    <time>2026-09-13T12:53:24Z</time>
    
   </trkpt>
   <trkpt lat="40.0175470" lon="-105.6474380">
    <ele>3805.8</ele>
    <time>2026-09-13T12:53:26Z</time>
    
   </trkpt>
   <trkpt lat="40.0175540" lon="-105.6474400">
    <ele>3805.6</ele>
    <time>2026-09-13T12:53:27Z</time>
    
   </trkpt>
   <trkpt lat="40.0175700" lon="-105.6474430">
    <ele>3805.8</ele>
    <time>2026-09-13T12:53:32Z</time>
    
   </trkpt>
   <trkpt lat="40.0175750" lon="-105.6474470">
    <ele>3806.2</ele>
    <time>2026-09-13T12:53:35Z</time>
    
   </trkpt>
   <trkpt lat="40.0175790" lon="-105.6474460">
    <ele>3806.6</ele>
    <time>2026-09-13T12:53:38Z</time>
    
   </trkpt>
   <trkpt lat="40.0175790" lon="-105.6474500">
    <ele>3806.8</ele>
    <time>2026-09-13T12:53:42Z</time>
    
   </trkpt>
   <trkpt lat="40.0175850" lon="-105.6474560">
    <ele>3806.8</ele>
    <time>2026-09-13T12:53:51Z</time>
    
   </trkpt>
   <trkpt lat="40.0175850" lon="-105.6474550">
    <ele>3806.8</ele>
    <time>2026-09-13T12:53:54Z</time>
    
   </trkpt>
   <trkpt lat="40.0175860" lon="-105.6474530">
    <ele>3806.0</ele>
    <time>2026-09-13T12:54:05Z</time>
    
   </trkpt>
   <trkpt lat="40.0175890" lon="-105.6474560">
    <ele>3806.6</ele>
    <time>2026-09-13T12:54:08Z</time>
    
   </trkpt>
   <trkpt lat="40.0175890" lon="-105.6474570">
    <ele>3807.0</ele>
    <time>2026-09-13T12:54:09Z</time>
    
   </trkpt>
   <trkpt lat="40.0175880" lon="-105.6474600">
    <ele>3808.2</ele>
    <time>2026-09-13T12:54:13Z</time>
    
   </trkpt>
   <trkpt lat="40.0175880" lon="-105.6474610">
    <ele>3808.4</ele>
    <time>2026-09-13T12:54:20Z</time>
    
   </trkpt>
   <trkpt lat="40.0175860" lon="-105.6474580">
    <ele>3808.8</ele>
    <time>2026-09-13T12:54:25Z</time>
    
   </trkpt>
   <trkpt lat="40.0175880" lon="-105.6474540">
    <ele>3809.4</ele>
    <time>2026-09-13T12:54:30Z</time>
    
   </trkpt>
   <trkpt lat="40.0175880" lon="-105.6474550">
    <ele>3809.0</ele>
    <time>2026-09-13T12:54:32Z</time>
    
   </trkpt>
   <trkpt lat="40.0175870" lon="-105.6474590">
    <ele>3808.2</ele>
    <time>2026-09-13T12:54:49Z</time>
    
   </trkpt>
   <trkpt lat="40.0175880" lon="-105.6474590">
    <ele>3807.8</ele>
    <time>2026-09-13T12:54:53Z</time>
    
   </trkpt>
   <trkpt lat="40.0175880" lon="-105.6474590">
    <ele>3808.0</ele>
    <time>2026-09-13T12:55:15Z</time>
    
   </trkpt>
   <trkpt lat="40.0175880" lon="-105.6474590">
    <ele>3808.0</ele>
    <time>2026-09-13T12:55:20Z</time>
    
   </trkpt>
   <trkpt lat="40.0175880" lon="-105.6474610">
    <ele>3809.4</ele>
    <time>2026-09-13T12:55:30Z</time>
    
   </trkpt>
   <trkpt lat="40.0175880" lon="-105.6474610">
    <ele>3809.0</ele>
    <time>2026-09-13T12:55:33Z</time>
    
   </trkpt>
   <trkpt lat="40.0175880" lon="-105.6474630">
    <ele>3808.8</ele>
    <time>2026-09-13T12:55:48Z</time>
    
   </trkpt>
   <trkpt lat="40.0175880" lon="-105.6474630">
    <ele>3808.4</ele>
    <time>2026-09-13T12:55:50Z</time>
    
   </trkpt>
   <trkpt lat="40.0175880" lon="-105.6474630">
    <ele>3808.0</ele>
    <time>2026-09-13T12:55:52Z</time>
    
   </trkpt>
   <trkpt lat="40.0175880" lon="-105.6474630">
    <ele>3807.2</ele>
    <time>2026-09-13T12:55:56Z</time>
    
   </trkpt>
   <trkpt lat="40.0175880" lon="-105.6474630">
    <ele>3807.8</ele>
    <time>2026-09-13T12:56:10Z</time>
    
   </trkpt>
   <trkpt lat="40.0175880" lon="-105.6474630">
    <ele>3807.8</ele>
    <time>2026-09-13T12:56:12Z</time>
    
   </trkpt>
   <trkpt lat="40.0175960" lon="-105.6474570">
    <ele>3807.8</ele>
    <time>2026-09-13T12:56:15Z</time>
    
   </trkpt>
   <trkpt lat="40.0176100" lon="-105.6474680">
    <ele>3808.2</ele>
    <time>2026-09-13T12:56:18Z</time>
    
   </trkpt>
   <trkpt lat="40.0176210" lon="-105.6475100">
    <ele>3809.0</ele>
    <time>2026-09-13T12:56:23Z</time>
    
   </trkpt>
   <trkpt lat="40.0176360" lon="-105.6475320">
    <ele>3809.4</ele>
    <time>2026-09-13T12:56:26Z</time>
    
   </trkpt>
   <trkpt lat="40.0176500" lon="-105.6475430">
    <ele>3810.4</ele>
    <time>2026-09-13T12:56:29Z</time>
    
   </trkpt>
   <trkpt lat="40.0176550" lon="-105.6475440">
    <ele>3810.4</ele>
    <time>2026-09-13T12:56:30Z</time>
    
   </trkpt>
   <trkpt lat="40.0176600" lon="-105.6475440">
    <ele>3810.8</ele>
    <time>2026-09-13T12:56:31Z</time>
    
   </trkpt>
   <trkpt lat="40.0176660" lon="-105.6475410">
    <ele>3811.6</ele>
    <time>2026-09-13T12:56:33Z</time>
    
   </trkpt>
   <trkpt lat="40.0176790" lon="-105.6475460">
    <ele>3813.0</ele>
    <time>2026-09-13T12:56:36Z</time>
    
   </trkpt>
   <trkpt lat="40.0177080" lon="-105.6475360">
    <ele>3814.2</ele>
    <time>2026-09-13T12:56:41Z</time>
    
   </trkpt>
   <trkpt lat="40.0177180" lon="-105.6475270">
    <ele>3814.6</ele>
    <time>2026-09-13T12:56:43Z</time>
    
   </trkpt>
   <trkpt lat="40.0177200" lon="-105.6475240">
    <ele>3814.8</ele>
    <time>2026-09-13T12:56:44Z</time>
    
   </trkpt>
   <trkpt lat="40.0177230" lon="-105.6475150">
    <ele>3815.0</ele>
    <time>2026-09-13T12:56:45Z</time>
    
   </trkpt>
   <trkpt lat="40.0177280" lon="-105.6475040">
    <ele>3815.2</ele>
    <time>2026-09-13T12:56:47Z</time>
    
   </trkpt>
   <trkpt lat="40.0177290" lon="-105.6474970">
    <ele>3815.2</ele>
    <time>2026-09-13T12:56:48Z</time>
    
   </trkpt>
   <trkpt lat="40.0177320" lon="-105.6474930">
    <ele>3815.4</ele>
    <time>2026-09-13T12:56:49Z</time>
    
   </trkpt>
   <trkpt lat="40.0177570" lon="-105.6474990">
    <ele>3816.2</ele>
    <time>2026-09-13T12:56:59Z</time>
    
   </trkpt>
   <trkpt lat="40.0177580" lon="-105.6475010">
    <ele>3816.4</ele>
    <time>2026-09-13T12:57:00Z</time>
    
   </trkpt>
   <trkpt lat="40.0177670" lon="-105.6475070">
    <ele>3817.0</ele>
    <time>2026-09-13T12:57:03Z</time>
    
   </trkpt>
   <trkpt lat="40.0177760" lon="-105.6475270">
    <ele>3817.4</ele>
    <time>2026-09-13T12:57:05Z</time>
    
   </trkpt>
   <trkpt lat="40.0177870" lon="-105.6475440">
    <ele>3817.8</ele>
    <time>2026-09-13T12:57:08Z</time>
    
   </trkpt>
   <trkpt lat="40.0177900" lon="-105.6475520">
    <ele>3818.0</ele>
    <time>2026-09-13T12:57:09Z</time>
    
   </trkpt>
   <trkpt lat="40.0178120" lon="-105.6475570">
    <ele>3818.2</ele>
    <time>2026-09-13T12:57:15Z</time>
    
   </trkpt>
   <trkpt lat="40.0178220" lon="-105.6475600">
    <ele>3818.4</ele>
    <time>2026-09-13T12:57:17Z</time>
    
   </trkpt>
   <trkpt lat="40.0178350" lon="-105.6475730">
    <ele>3819.6</ele>
    <time>2026-09-13T12:57:20Z</time>
    
   </trkpt>
   <trkpt lat="40.0178420" lon="-105.6475870">
    <ele>3820.6</ele>
    <time>2026-09-13T12:57:23Z</time>
    
   </trkpt>
   <trkpt lat="40.0178570" lon="-105.6476090">
    <ele>3821.4</ele>
    <time>2026-09-13T12:57:27Z</time>
    
   </trkpt>
   <trkpt lat="40.0178690" lon="-105.6476210">
    <ele>3821.8</ele>
    <time>2026-09-13T12:57:30Z</time>
    
   </trkpt>
   <trkpt lat="40.0178730" lon="-105.6476330">
    <ele>3822.2</ele>
    <time>2026-09-13T12:57:32Z</time>
    
   </trkpt>
   <trkpt lat="40.0178790" lon="-105.6476440">
    <ele>3822.4</ele>
    <time>2026-09-13T12:57:34Z</time>
    
   </trkpt>
   <trkpt lat="40.0178860" lon="-105.6476510">
    <ele>3823.0</ele>
    <time>2026-09-13T12:57:37Z</time>
    
   </trkpt>
   <trkpt lat="40.0178880" lon="-105.6476530">
    <ele>3823.4</ele>
    <time>2026-09-13T12:57:39Z</time>
    
   </trkpt>
   <trkpt lat="40.0178970" lon="-105.6476640">
    <ele>3824.0</ele>
    <time>2026-09-13T12:57:43Z</time>
    
   </trkpt>
   <trkpt lat="40.0179070" lon="-105.6476900">
    <ele>3824.6</ele>
    <time>2026-09-13T12:57:48Z</time>
    
   </trkpt>
   <trkpt lat="40.0179120" lon="-105.6476970">
    <ele>3825.0</ele>
    <time>2026-09-13T12:57:50Z</time>
    
   </trkpt>
   <trkpt lat="40.0179160" lon="-105.6476990">
    <ele>3825.6</ele>
    <time>2026-09-13T12:57:51Z</time>
    
   </trkpt>
   <trkpt lat="40.0179260" lon="-105.6477040">
    <ele>3826.6</ele>
    <time>2026-09-13T12:57:54Z</time>
    
   </trkpt>
   <trkpt lat="40.0179310" lon="-105.6476960">
    <ele>3826.8</ele>
    <time>2026-09-13T12:57:55Z</time>
    
   </trkpt>
   <trkpt lat="40.0179350" lon="-105.6476940">
    <ele>3826.8</ele>
    <time>2026-09-13T12:57:56Z</time>
    
   </trkpt>
   <trkpt lat="40.0179430" lon="-105.6477000">
    <ele>3826.8</ele>
    <time>2026-09-13T12:57:59Z</time>
    
   </trkpt>
   <trkpt lat="40.0179590" lon="-105.6477190">
    <ele>3827.6</ele>
    <time>2026-09-13T12:58:05Z</time>
    
   </trkpt>
   <trkpt lat="40.0179650" lon="-105.6477280">
    <ele>3827.8</ele>
    <time>2026-09-13T12:58:07Z</time>
    
   </trkpt>
   <trkpt lat="40.0179680" lon="-105.6477380">
    <ele>3828.4</ele>
    <time>2026-09-13T12:58:09Z</time>
    
   </trkpt>
   <trkpt lat="40.0179750" lon="-105.6477460">
    <ele>3829.2</ele>
    <time>2026-09-13T12:58:11Z</time>
    
   </trkpt>
   <trkpt lat="40.0179840" lon="-105.6477640">
    <ele>3830.6</ele>
    <time>2026-09-13T12:58:15Z</time>
    
   </trkpt>
   <trkpt lat="40.0179920" lon="-105.6477670">
    <ele>3831.6</ele>
    <time>2026-09-13T12:58:17Z</time>
    
   </trkpt>
   <trkpt lat="40.0180150" lon="-105.6477870">
    <ele>3831.4</ele>
    <time>2026-09-13T12:58:22Z</time>
    
   </trkpt>
   <trkpt lat="40.0180210" lon="-105.6478010">
    <ele>3831.0</ele>
    <time>2026-09-13T12:58:24Z</time>
    
   </trkpt>
   <trkpt lat="40.0180500" lon="-105.6478420">
    <ele>3831.8</ele>
    <time>2026-09-13T12:58:34Z</time>
    
   </trkpt>
   <trkpt lat="40.0180560" lon="-105.6478460">
    <ele>3833.0</ele>
    <time>2026-09-13T12:58:36Z</time>
    
   </trkpt>
   <trkpt lat="40.0180570" lon="-105.6478500">
    <ele>3833.0</ele>
    <time>2026-09-13T12:58:37Z</time>
    
   </trkpt>
   <trkpt lat="40.0180810" lon="-105.6478790">
    <ele>3834.0</ele>
    <time>2026-09-13T12:58:47Z</time>
    
   </trkpt>
   <trkpt lat="40.0180840" lon="-105.6478810">
    <ele>3834.0</ele>
    <time>2026-09-13T12:58:49Z</time>
    
   </trkpt>
   <trkpt lat="40.0181030" lon="-105.6478980">
    <ele>3835.0</ele>
    <time>2026-09-13T12:58:54Z</time>
    
   </trkpt>
   <trkpt lat="40.0181050" lon="-105.6479030">
    <ele>3835.2</ele>
    <time>2026-09-13T12:58:55Z</time>
    
   </trkpt>
   <trkpt lat="40.0181120" lon="-105.6479120">
    <ele>3836.2</ele>
    <time>2026-09-13T12:58:58Z</time>
    
   </trkpt>
   <trkpt lat="40.0181250" lon="-105.6479340">
    <ele>3837.0</ele>
    <time>2026-09-13T12:59:03Z</time>
    
   </trkpt>
   <trkpt lat="40.0181300" lon="-105.6479390">
    <ele>3837.6</ele>
    <time>2026-09-13T12:59:05Z</time>
    
   </trkpt>
   <trkpt lat="40.0181340" lon="-105.6479420">
    <ele>3838.2</ele>
    <time>2026-09-13T12:59:08Z</time>
    
   </trkpt>
   <trkpt lat="40.0181360" lon="-105.6479490">
    <ele>3838.8</ele>
    <time>2026-09-13T12:59:10Z</time>
    
   </trkpt>
   <trkpt lat="40.0181390" lon="-105.6479510">
    <ele>3839.0</ele>
    <time>2026-09-13T12:59:11Z</time>
    
   </trkpt>
   <trkpt lat="40.0181570" lon="-105.6479500">
    <ele>3840.0</ele>
    <time>2026-09-13T12:59:17Z</time>
    
   </trkpt>
   <trkpt lat="40.0181620" lon="-105.6479440">
    <ele>3840.2</ele>
    <time>2026-09-13T12:59:20Z</time>
    
   </trkpt>
   <trkpt lat="40.0181830" lon="-105.6479140">
    <ele>3841.0</ele>
    <time>2026-09-13T12:59:28Z</time>
    
   </trkpt>
   <trkpt lat="40.0181940" lon="-105.6479050">
    <ele>3841.6</ele>
    <time>2026-09-13T12:59:31Z</time>
    
   </trkpt>
   <trkpt lat="40.0182010" lon="-105.6479140">
    <ele>3842.0</ele>
    <time>2026-09-13T12:59:37Z</time>
    
   </trkpt>
   <trkpt lat="40.0182010" lon="-105.6479170">
    <ele>3842.8</ele>
    <time>2026-09-13T12:59:41Z</time>
    
   </trkpt>
   <trkpt lat="40.0182020" lon="-105.6479180">
    <ele>3843.0</ele>
    <time>2026-09-13T12:59:42Z</time>
    
   </trkpt>
   <trkpt lat="40.0182280" lon="-105.6479120">
    <ele>3843.8</ele>
    <time>2026-09-13T12:59:51Z</time>
    
   </trkpt>
   <trkpt lat="40.0182320" lon="-105.6479090">
    <ele>3844.2</ele>
    <time>2026-09-13T12:59:53Z</time>
    
   </trkpt>
   <trkpt lat="40.0182350" lon="-105.6479070">
    <ele>3845.4</ele>
    <time>2026-09-13T12:59:56Z</time>
    
   </trkpt>
   <trkpt lat="40.0182370" lon="-105.6479070">
    <ele>3845.8</ele>
    <time>2026-09-13T12:59:58Z</time>
    
   </trkpt>
   <trkpt lat="40.0182480" lon="-105.6479120">
    <ele>3845.8</ele>
    <time>2026-09-13T13:00:01Z</time>
    
   </trkpt>
   <trkpt lat="40.0182640" lon="-105.6479200">
    <ele>3846.2</ele>
    <time>2026-09-13T13:00:07Z</time>
    
   </trkpt>
   <trkpt lat="40.0182650" lon="-105.6479200">
    <ele>3846.6</ele>
    <time>2026-09-13T13:00:08Z</time>
    
   </trkpt>
   <trkpt lat="40.0182750" lon="-105.6479240">
    <ele>3847.8</ele>
    <time>2026-09-13T13:00:11Z</time>
    
   </trkpt>
   <trkpt lat="40.0182830" lon="-105.6479270">
    <ele>3848.4</ele>
    <time>2026-09-13T13:00:13Z</time>
    
   </trkpt>
   <trkpt lat="40.0183120" lon="-105.6479460">
    <ele>3849.0</ele>
    <time>2026-09-13T13:00:19Z</time>
    
   </trkpt>
   <trkpt lat="40.0183290" lon="-105.6479690">
    <ele>3849.8</ele>
    <time>2026-09-13T13:00:25Z</time>
    
   </trkpt>
   <trkpt lat="40.0183310" lon="-105.6479720">
    <ele>3850.2</ele>
    <time>2026-09-13T13:00:26Z</time>
    
   </trkpt>
   <trkpt lat="40.0183440" lon="-105.6479870">
    <ele>3851.2</ele>
    <time>2026-09-13T13:00:30Z</time>
    
   </trkpt>
   <trkpt lat="40.0183520" lon="-105.6480000">
    <ele>3851.6</ele>
    <time>2026-09-13T13:00:34Z</time>
    
   </trkpt>
   <trkpt lat="40.0183550" lon="-105.6480060">
    <ele>3852.0</ele>
    <time>2026-09-13T13:00:35Z</time>
    
   </trkpt>
   <trkpt lat="40.0183610" lon="-105.6480190">
    <ele>3852.4</ele>
    <time>2026-09-13T13:00:37Z</time>
    
   </trkpt>
   <trkpt lat="40.0183660" lon="-105.6480440">
    <ele>3853.6</ele>
    <time>2026-09-13T13:00:40Z</time>
    
   </trkpt>
   <trkpt lat="40.0183810" lon="-105.6480710">
    <ele>3853.2</ele>
    <time>2026-09-13T13:00:46Z</time>
    
   </trkpt>
   <trkpt lat="40.0183980" lon="-105.6480750">
    <ele>3854.8</ele>
    <time>2026-09-13T13:00:51Z</time>
    
   </trkpt>
   <trkpt lat="40.0184150" lon="-105.6480530">
    <ele>3855.8</ele>
    <time>2026-09-13T13:00:57Z</time>
    
   </trkpt>
   <trkpt lat="40.0184180" lon="-105.6480520">
    <ele>3855.8</ele>
    <time>2026-09-13T13:00:58Z</time>
    
   </trkpt>
   <trkpt lat="40.0184330" lon="-105.6480300">
    <ele>3856.8</ele>
    <time>2026-09-13T13:01:05Z</time>
    
   </trkpt>
   <trkpt lat="40.0184360" lon="-105.6480290">
    <ele>3857.2</ele>
    <time>2026-09-13T13:01:06Z</time>
    
   </trkpt>
   <trkpt lat="40.0184350" lon="-105.6480330">
    <ele>3857.6</ele>
    <time>2026-09-13T13:01:08Z</time>
    
   </trkpt>
   <trkpt lat="40.0184470" lon="-105.6480360">
    <ele>3858.4</ele>
    <time>2026-09-13T13:01:12Z</time>
    
   </trkpt>
   <trkpt lat="40.0184520" lon="-105.6480290">
    <ele>3858.8</ele>
    <time>2026-09-13T13:01:16Z</time>
    
   </trkpt>
   <trkpt lat="40.0184480" lon="-105.6480280">
    <ele>3858.8</ele>
    <time>2026-09-13T13:01:20Z</time>
    
   </trkpt>
   <trkpt lat="40.0184570" lon="-105.6480350">
    <ele>3859.2</ele>
    <time>2026-09-13T13:01:23Z</time>
    
   </trkpt>
   <trkpt lat="40.0184610" lon="-105.6480390">
    <ele>3859.4</ele>
    <time>2026-09-13T13:01:24Z</time>
    
   </trkpt>
   <trkpt lat="40.0184770" lon="-105.6480480">
    <ele>3859.8</ele>
    <time>2026-09-13T13:01:27Z</time>
    
   </trkpt>
   <trkpt lat="40.0184840" lon="-105.6480460">
    <ele>3860.2</ele>
    <time>2026-09-13T13:01:28Z</time>
    
   </trkpt>
   <trkpt lat="40.0184880" lon="-105.6480440">
    <ele>3860.6</ele>
    <time>2026-09-13T13:01:30Z</time>
    
   </trkpt>
   <trkpt lat="40.0184960" lon="-105.6480500">
    <ele>3861.6</ele>
    <time>2026-09-13T13:01:34Z</time>
    
   </trkpt>
   <trkpt lat="40.0184980" lon="-105.6480500">
    <ele>3861.6</ele>
    <time>2026-09-13T13:01:35Z</time>
    
   </trkpt>
   <trkpt lat="40.0185240" lon="-105.6480540">
    <ele>3862.8</ele>
    <time>2026-09-13T13:01:44Z</time>
    
   </trkpt>
   <trkpt lat="40.0185190" lon="-105.6480550">
    <ele>3863.2</ele>
    <time>2026-09-13T13:01:46Z</time>
    
   </trkpt>
   <trkpt lat="40.0185180" lon="-105.6480630">
    <ele>3863.8</ele>
    <time>2026-09-13T13:01:50Z</time>
    
   </trkpt>
   <trkpt lat="40.0185250" lon="-105.6480770">
    <ele>3864.6</ele>
    <time>2026-09-13T13:01:55Z</time>
    
   </trkpt>
   <trkpt lat="40.0185260" lon="-105.6480830">
    <ele>3865.0</ele>
    <time>2026-09-13T13:01:57Z</time>
    
   </trkpt>
   <trkpt lat="40.0185260" lon="-105.6480900">
    <ele>3865.2</ele>
    <time>2026-09-13T13:01:58Z</time>
    
   </trkpt>
   <trkpt lat="40.0185270" lon="-105.6480970">
    <ele>3866.6</ele>
    <time>2026-09-13T13:02:00Z</time>
    
   </trkpt>
   <trkpt lat="40.0185360" lon="-105.6480930">
    <ele>3867.6</ele>
    <time>2026-09-13T13:02:04Z</time>
    
   </trkpt>
   <trkpt lat="40.0185550" lon="-105.6480830">
    <ele>3867.6</ele>
    <time>2026-09-13T13:02:08Z</time>
    
   </trkpt>
   <trkpt lat="40.0185810" lon="-105.6480630">
    <ele>3869.2</ele>
    <time>2026-09-13T13:02:17Z</time>
    
   </trkpt>
   <trkpt lat="40.0185870" lon="-105.6480550">
    <ele>3870.4</ele>
    <time>2026-09-13T13:02:19Z</time>
    
   </trkpt>
   <trkpt lat="40.0186120" lon="-105.6480440">
    <ele>3870.2</ele>
    <time>2026-09-13T13:02:28Z</time>
    
   </trkpt>
   <trkpt lat="40.0186270" lon="-105.6480590">
    <ele>3871.6</ele>
    <time>2026-09-13T13:02:33Z</time>
    
   </trkpt>
   <trkpt lat="40.0186300" lon="-105.6480610">
    <ele>3872.0</ele>
    <time>2026-09-13T13:02:34Z</time>
    
   </trkpt>
   <trkpt lat="40.0186430" lon="-105.6480680">
    <ele>3872.4</ele>
    <time>2026-09-13T13:02:37Z</time>
    
   </trkpt>
   <trkpt lat="40.0186590" lon="-105.6480750">
    <ele>3872.8</ele>
    <time>2026-09-13T13:02:41Z</time>
    
   </trkpt>
   <trkpt lat="40.0186750" lon="-105.6480780">
    <ele>3873.0</ele>
    <time>2026-09-13T13:02:48Z</time>
    
   </trkpt>
   <trkpt lat="40.0186920" lon="-105.6480840">
    <ele>3874.0</ele>
    <time>2026-09-13T13:02:53Z</time>
    
   </trkpt>
   <trkpt lat="40.0186960" lon="-105.6480870">
    <ele>3874.2</ele>
    <time>2026-09-13T13:02:54Z</time>
    
   </trkpt>
   <trkpt lat="40.0187030" lon="-105.6480950">
    <ele>3874.6</ele>
    <time>2026-09-13T13:02:56Z</time>
    
   </trkpt>
   <trkpt lat="40.0187180" lon="-105.6481090">
    <ele>3875.0</ele>
    <time>2026-09-13T13:03:00Z</time>
    
   </trkpt>
   <trkpt lat="40.0187270" lon="-105.6481200">
    <ele>3876.4</ele>
    <time>2026-09-13T13:03:03Z</time>
    
   </trkpt>
   <trkpt lat="40.0187520" lon="-105.6481160">
    <ele>3877.6</ele>
    <time>2026-09-13T13:03:10Z</time>
    
   </trkpt>
   <trkpt lat="40.0187560" lon="-105.6481170">
    <ele>3877.8</ele>
    <time>2026-09-13T13:03:11Z</time>
    
   </trkpt>
   <trkpt lat="40.0187630" lon="-105.6481210">
    <ele>3878.6</ele>
    <time>2026-09-13T13:03:14Z</time>
    
   </trkpt>
   <trkpt lat="40.0187720" lon="-105.6481320">
    <ele>3880.2</ele>
    <time>2026-09-13T13:03:19Z</time>
    
   </trkpt>
   <trkpt lat="40.0187740" lon="-105.6481370">
    <ele>3881.6</ele>
    <time>2026-09-13T13:03:22Z</time>
    
   </trkpt>
   <trkpt lat="40.0187780" lon="-105.6481380">
    <ele>3882.0</ele>
    <time>2026-09-13T13:03:23Z</time>
    
   </trkpt>
   <trkpt lat="40.0188000" lon="-105.6481370">
    <ele>3880.0</ele>
    <time>2026-09-13T13:03:28Z</time>
    
   </trkpt>
   <trkpt lat="40.0188010" lon="-105.6481420">
    <ele>3879.6</ele>
    <time>2026-09-13T13:03:33Z</time>
    
   </trkpt>
   <trkpt lat="40.0188280" lon="-105.6481940">
    <ele>3880.2</ele>
    <time>2026-09-13T13:03:45Z</time>
    
   </trkpt>
   <trkpt lat="40.0188470" lon="-105.6482030">
    <ele>3881.2</ele>
    <time>2026-09-13T13:03:51Z</time>
    
   </trkpt>
   <trkpt lat="40.0188590" lon="-105.6482000">
    <ele>3881.8</ele>
    <time>2026-09-13T13:03:54Z</time>
    
   </trkpt>
   <trkpt lat="40.0188700" lon="-105.6481960">
    <ele>3882.2</ele>
    <time>2026-09-13T13:03:57Z</time>
    
   </trkpt>
   <trkpt lat="40.0188690" lon="-105.6481950">
    <ele>3882.4</ele>
    <time>2026-09-13T13:03:58Z</time>
    
   </trkpt>
   <trkpt lat="40.0188750" lon="-105.6481940">
    <ele>3883.6</ele>
    <time>2026-09-13T13:04:02Z</time>
    
   </trkpt>
   <trkpt lat="40.0188800" lon="-105.6482020">
    <ele>3883.4</ele>
    <time>2026-09-13T13:04:07Z</time>
    
   </trkpt>
   <trkpt lat="40.0188820" lon="-105.6482050">
    <ele>3883.4</ele>
    <time>2026-09-13T13:04:08Z</time>
    
   </trkpt>
   <trkpt lat="40.0188970" lon="-105.6482240">
    <ele>3884.6</ele>
    <time>2026-09-13T13:04:15Z</time>
    
   </trkpt>
   <trkpt lat="40.0188960" lon="-105.6482300">
    <ele>3884.8</ele>
    <time>2026-09-13T13:04:16Z</time>
    
   </trkpt>
   <trkpt lat="40.0189080" lon="-105.6482380">
    <ele>3885.0</ele>
    <time>2026-09-13T13:04:20Z</time>
    
   </trkpt>
   <trkpt lat="40.0189270" lon="-105.6482410">
    <ele>3885.6</ele>
    <time>2026-09-13T13:04:26Z</time>
    
   </trkpt>
   <trkpt lat="40.0189550" lon="-105.6483030">
    <ele>3886.0</ele>
    <time>2026-09-13T13:04:35Z</time>
    
   </trkpt>
   <trkpt lat="40.0189580" lon="-105.6483100">
    <ele>3886.4</ele>
    <time>2026-09-13T13:04:36Z</time>
    
   </trkpt>
   <trkpt lat="40.0189620" lon="-105.6483320">
    <ele>3886.4</ele>
    <time>2026-09-13T13:04:39Z</time>
    
   </trkpt>
   <trkpt lat="40.0189680" lon="-105.6483530">
    <ele>3885.6</ele>
    <time>2026-09-13T13:04:42Z</time>
    
   </trkpt>
   <trkpt lat="40.0189820" lon="-105.6483690">
    <ele>3885.8</ele>
    <time>2026-09-13T13:04:47Z</time>
    
   </trkpt>
   <trkpt lat="40.0190000" lon="-105.6483730">
    <ele>3887.0</ele>
    <time>2026-09-13T13:04:56Z</time>
    
   </trkpt>
   <trkpt lat="40.0190000" lon="-105.6483780">
    <ele>3887.0</ele>
    <time>2026-09-13T13:04:57Z</time>
    
   </trkpt>
   <trkpt lat="40.0190210" lon="-105.6484260">
    <ele>3888.2</ele>
    <time>2026-09-13T13:05:07Z</time>
    
   </trkpt>
   <trkpt lat="40.0190230" lon="-105.6484420">
    <ele>3888.6</ele>
    <time>2026-09-13T13:05:16Z</time>
    
   </trkpt>
   <trkpt lat="40.0190330" lon="-105.6484660">
    <ele>3889.2</ele>
    <time>2026-09-13T13:05:23Z</time>
    
   </trkpt>
   <trkpt lat="40.0190370" lon="-105.6484670">
    <ele>3890.4</ele>
    <time>2026-09-13T13:05:25Z</time>
    
   </trkpt>
   <trkpt lat="40.0190380" lon="-105.6484700">
    <ele>3890.8</ele>
    <time>2026-09-13T13:05:26Z</time>
    
   </trkpt>
   <trkpt lat="40.0190390" lon="-105.6484730">
    <ele>3891.8</ele>
    <time>2026-09-13T13:05:28Z</time>
    
   </trkpt>
   <trkpt lat="40.0190380" lon="-105.6484780">
    <ele>3890.6</ele>
    <time>2026-09-13T13:05:32Z</time>
    
   </trkpt>
   <trkpt lat="40.0190330" lon="-105.6484810">
    <ele>3889.6</ele>
    <time>2026-09-13T13:05:35Z</time>
    
   </trkpt>
   <trkpt lat="40.0190300" lon="-105.6484830">
    <ele>3890.0</ele>
    <time>2026-09-13T13:05:37Z</time>
    
   </trkpt>
   <trkpt lat="40.0190280" lon="-105.6484810">
    <ele>3890.8</ele>
    <time>2026-09-13T13:05:38Z</time>
    
   </trkpt>
   <trkpt lat="40.0190260" lon="-105.6484770">
    <ele>3892.0</ele>
    <time>2026-09-13T13:05:41Z</time>
    
   </trkpt>
   <trkpt lat="40.0190270" lon="-105.6484830">
    <ele>3892.2</ele>
    <time>2026-09-13T13:05:43Z</time>
    
   </trkpt>
   <trkpt lat="40.0190300" lon="-105.6485120">
    <ele>3893.0</ele>
    <time>2026-09-13T13:05:48Z</time>
    
   </trkpt>
   <trkpt lat="40.0190350" lon="-105.6485300">
    <ele>3893.4</ele>
    <time>2026-09-13T13:05:52Z</time>
    
   </trkpt>
   <trkpt lat="40.0190360" lon="-105.6485440">
    <ele>3893.4</ele>
    <time>2026-09-13T13:05:54Z</time>
    
   </trkpt>
   <trkpt lat="40.0190230" lon="-105.6485740">
    <ele>3892.0</ele>
    <time>2026-09-13T13:06:02Z</time>
    
   </trkpt>
   <trkpt lat="40.0190260" lon="-105.6485770">
    <ele>3891.6</ele>
    <time>2026-09-13T13:06:03Z</time>
    
   </trkpt>
   <trkpt lat="40.0190280" lon="-105.6485810">
    <ele>3891.2</ele>
    <time>2026-09-13T13:06:04Z</time>
    
   </trkpt>
   <trkpt lat="40.0190280" lon="-105.6485860">
    <ele>3890.6</ele>
    <time>2026-09-13T13:06:05Z</time>
    
   </trkpt>
   <trkpt lat="40.0190280" lon="-105.6486010">
    <ele>3889.6</ele>
    <time>2026-09-13T13:06:08Z</time>
    
   </trkpt>
   <trkpt lat="40.0190260" lon="-105.6486240">
    <ele>3889.2</ele>
    <time>2026-09-13T13:06:11Z</time>
    
   </trkpt>
   <trkpt lat="40.0190310" lon="-105.6486380">
    <ele>3889.2</ele>
    <time>2026-09-13T13:06:13Z</time>
    
   </trkpt>
   <trkpt lat="40.0190510" lon="-105.6486620">
    <ele>3889.2</ele>
    <time>2026-09-13T13:06:17Z</time>
    
   </trkpt>
   <trkpt lat="40.0190600" lon="-105.6486900">
    <ele>3889.2</ele>
    <time>2026-09-13T13:06:22Z</time>
    
   </trkpt>
   <trkpt lat="40.0190480" lon="-105.6487370">
    <ele>3889.2</ele>
    <time>2026-09-13T13:06:29Z</time>
    
   </trkpt>
   <trkpt lat="40.0190800" lon="-105.6488060">
    <ele>3889.2</ele>
    <time>2026-09-13T13:06:38Z</time>
    
   </trkpt>
   <trkpt lat="40.0191390" lon="-105.6489020">
    <ele>3887.6</ele>
    <time>2026-09-13T13:06:48Z</time>
    
   </trkpt>
   <trkpt lat="40.0191460" lon="-105.6489100">
    <ele>3886.2</ele>
    <time>2026-09-13T13:06:49Z</time>
    
   </trkpt>
   <trkpt lat="40.0191680" lon="-105.6489310">
    <ele>3885.2</ele>
    <time>2026-09-13T13:06:52Z</time>
    
   </trkpt>
   <trkpt lat="40.0192170" lon="-105.6489740">
    <ele>3884.4</ele>
    <time>2026-09-13T13:06:59Z</time>
    
   </trkpt>
   <trkpt lat="40.0192240" lon="-105.6489810">
    <ele>3884.2</ele>
    <time>2026-09-13T13:07:00Z</time>
    
   </trkpt>
   <trkpt lat="40.0192310" lon="-105.6489870">
    <ele>3884.2</ele>
    <time>2026-09-13T13:07:01Z</time>
    
   </trkpt>
   <trkpt lat="40.0192570" lon="-105.6490010">
    <ele>3885.2</ele>
    <time>2026-09-13T13:07:05Z</time>
    
   </trkpt>
   <trkpt lat="40.0192610" lon="-105.6490050">
    <ele>3885.6</ele>
    <time>2026-09-13T13:07:06Z</time>
    
   </trkpt>
   <trkpt lat="40.0192870" lon="-105.6490320">
    <ele>3885.6</ele>
    <time>2026-09-13T13:07:10Z</time>
    
   </trkpt>
   <trkpt lat="40.0193050" lon="-105.6490540">
    <ele>3885.4</ele>
    <time>2026-09-13T13:07:13Z</time>
    
   </trkpt>
   <trkpt lat="40.0193150" lon="-105.6490740">
    <ele>3886.0</ele>
    <time>2026-09-13T13:07:15Z</time>
    
   </trkpt>
   <trkpt lat="40.0193260" lon="-105.6490930">
    <ele>3886.8</ele>
    <time>2026-09-13T13:07:17Z</time>
    
   </trkpt>
   <trkpt lat="40.0193310" lon="-105.6490990">
    <ele>3887.4</ele>
    <time>2026-09-13T13:07:18Z</time>
    
   </trkpt>
   <trkpt lat="40.0193370" lon="-105.6491030">
    <ele>3888.0</ele>
    <time>2026-09-13T13:07:19Z</time>
    
   </trkpt>
   <trkpt lat="40.0193460" lon="-105.6491090">
    <ele>3888.2</ele>
    <time>2026-09-13T13:07:21Z</time>
    
   </trkpt>
   <trkpt lat="40.0193500" lon="-105.6491100">
    <ele>3888.6</ele>
    <time>2026-09-13T13:07:22Z</time>
    
   </trkpt>
   <trkpt lat="40.0193640" lon="-105.6491240">
    <ele>3889.0</ele>
    <time>2026-09-13T13:07:26Z</time>
    
   </trkpt>
   <trkpt lat="40.0193710" lon="-105.6491430">
    <ele>3890.0</ele>
    <time>2026-09-13T13:07:30Z</time>
    
   </trkpt>
   <trkpt lat="40.0193770" lon="-105.6491450">
    <ele>3890.4</ele>
    <time>2026-09-13T13:07:32Z</time>
    
   </trkpt>
   <trkpt lat="40.0193950" lon="-105.6491550">
    <ele>3891.2</ele>
    <time>2026-09-13T13:07:39Z</time>
    
   </trkpt>
   <trkpt lat="40.0193980" lon="-105.6491730">
    <ele>3891.4</ele>
    <time>2026-09-13T13:07:41Z</time>
    
   </trkpt>
   <trkpt lat="40.0194050" lon="-105.6491950">
    <ele>3892.4</ele>
    <time>2026-09-13T13:07:43Z</time>
    
   </trkpt>
   <trkpt lat="40.0194110" lon="-105.6492070">
    <ele>3893.4</ele>
    <time>2026-09-13T13:07:45Z</time>
    
   </trkpt>
   <trkpt lat="40.0194200" lon="-105.6492210">
    <ele>3893.8</ele>
    <time>2026-09-13T13:07:49Z</time>
    
   </trkpt>
   <trkpt lat="40.0194240" lon="-105.6492890">
    <ele>3893.4</ele>
    <time>2026-09-13T13:07:58Z</time>
    
   </trkpt>
   <trkpt lat="40.0194520" lon="-105.6493210">
    <ele>3894.6</ele>
    <time>2026-09-13T13:08:09Z</time>
    
   </trkpt>
   <trkpt lat="40.0194660" lon="-105.6493250">
    <ele>3895.6</ele>
    <time>2026-09-13T13:08:20Z</time>
    
   </trkpt>
   <trkpt lat="40.0194740" lon="-105.6493330">
    <ele>3896.8</ele>
    <time>2026-09-13T13:08:23Z</time>
    
   </trkpt>
   <trkpt lat="40.0194810" lon="-105.6493410">
    <ele>3897.0</ele>
    <time>2026-09-13T13:08:24Z</time>
    
   </trkpt>
   <trkpt lat="40.0194910" lon="-105.6493470">
    <ele>3897.6</ele>
    <time>2026-09-13T13:08:26Z</time>
    
   </trkpt>
   <trkpt lat="40.0194970" lon="-105.6493510">
    <ele>3897.8</ele>
    <time>2026-09-13T13:08:27Z</time>
    
   </trkpt>
   <trkpt lat="40.0194930" lon="-105.6493680">
    <ele>3898.2</ele>
    <time>2026-09-13T13:08:30Z</time>
    
   </trkpt>
   <trkpt lat="40.0195320" lon="-105.6494120">
    <ele>3899.2</ele>
    <time>2026-09-13T13:08:41Z</time>
    
   </trkpt>
   <trkpt lat="40.0195420" lon="-105.6494200">
    <ele>3900.2</ele>
    <time>2026-09-13T13:08:44Z</time>
    
   </trkpt>
   <trkpt lat="40.0195480" lon="-105.6494240">
    <ele>3900.6</ele>
    <time>2026-09-13T13:08:47Z</time>
    
   </trkpt>
   <trkpt lat="40.0195680" lon="-105.6494450">
    <ele>3900.8</ele>
    <time>2026-09-13T13:08:52Z</time>
    
   </trkpt>
   <trkpt lat="40.0195870" lon="-105.6494660">
    <ele>3900.8</ele>
    <time>2026-09-13T13:08:57Z</time>
    
   </trkpt>
   <trkpt lat="40.0195930" lon="-105.6494770">
    <ele>3901.4</ele>
    <time>2026-09-13T13:08:59Z</time>
    
   </trkpt>
   <trkpt lat="40.0195960" lon="-105.6494830">
    <ele>3902.0</ele>
    <time>2026-09-13T13:09:01Z</time>
    
   </trkpt>
   <trkpt lat="40.0196000" lon="-105.6494870">
    <ele>3902.6</ele>
    <time>2026-09-13T13:09:03Z</time>
    
   </trkpt>
   <trkpt lat="40.0196020" lon="-105.6494900">
    <ele>3902.8</ele>
    <time>2026-09-13T13:09:04Z</time>
    
   </trkpt>
   <trkpt lat="40.0196120" lon="-105.6495020">
    <ele>3903.4</ele>
    <time>2026-09-13T13:09:06Z</time>
    
   </trkpt>
   <trkpt lat="40.0196170" lon="-105.6495060">
    <ele>3903.6</ele>
    <time>2026-09-13T13:09:07Z</time>
    
   </trkpt>
   <trkpt lat="40.0196390" lon="-105.6495610">
    <ele>3904.8</ele>
    <time>2026-09-13T13:09:15Z</time>
    
   </trkpt>
   <trkpt lat="40.0196420" lon="-105.6495730">
    <ele>3905.2</ele>
    <time>2026-09-13T13:09:16Z</time>
    
   </trkpt>
   <trkpt lat="40.0196470" lon="-105.6495960">
    <ele>3905.8</ele>
    <time>2026-09-13T13:09:19Z</time>
    
   </trkpt>
   <trkpt lat="40.0196480" lon="-105.6496240">
    <ele>3906.8</ele>
    <time>2026-09-13T13:09:22Z</time>
    
   </trkpt>
   <trkpt lat="40.0196470" lon="-105.6496530">
    <ele>3908.0</ele>
    <time>2026-09-13T13:09:26Z</time>
    
   </trkpt>
   <trkpt lat="40.0196470" lon="-105.6496610">
    <ele>3908.0</ele>
    <time>2026-09-13T13:09:27Z</time>
    
   </trkpt>
   <trkpt lat="40.0196470" lon="-105.6496670">
    <ele>3908.0</ele>
    <time>2026-09-13T13:09:28Z</time>
    
   </trkpt>
   <trkpt lat="40.0196600" lon="-105.6496710">
    <ele>3908.6</ele>
    <time>2026-09-13T13:09:33Z</time>
    
   </trkpt>
   <trkpt lat="40.0196610" lon="-105.6496720">
    <ele>3909.2</ele>
    <time>2026-09-13T13:09:34Z</time>
    
   </trkpt>
   <trkpt lat="40.0196620" lon="-105.6496740">
    <ele>3909.6</ele>
    <time>2026-09-13T13:09:35Z</time>
    
   </trkpt>
   <trkpt lat="40.0196620" lon="-105.6496770">
    <ele>3908.0</ele>
    <time>2026-09-13T13:09:42Z</time>
    
   </trkpt>
   <trkpt lat="40.0196620" lon="-105.6496770">
    <ele>3908.6</ele>
    <time>2026-09-13T13:09:47Z</time>
    
   </trkpt>
   <trkpt lat="40.0196620" lon="-105.6496800">
    <ele>3909.2</ele>
    <time>2026-09-13T13:09:50Z</time>
    
   </trkpt>
   <trkpt lat="40.0196690" lon="-105.6497030">
    <ele>3909.8</ele>
    <time>2026-09-13T13:09:56Z</time>
    
   </trkpt>
   <trkpt lat="40.0196690" lon="-105.6497030">
    <ele>3910.4</ele>
    <time>2026-09-13T13:09:57Z</time>
    
   </trkpt>
   <trkpt lat="40.0196700" lon="-105.6497030">
    <ele>3911.0</ele>
    <time>2026-09-13T13:09:58Z</time>
    
   </trkpt>
   <trkpt lat="40.0196700" lon="-105.6497020">
    <ele>3911.0</ele>
    <time>2026-09-13T13:10:02Z</time>
    
   </trkpt>
   <trkpt lat="40.0196710" lon="-105.6497020">
    <ele>3910.4</ele>
    <time>2026-09-13T13:10:04Z</time>
    
   </trkpt>
   <trkpt lat="40.0196700" lon="-105.6497030">
    <ele>3911.0</ele>
    <time>2026-09-13T13:10:12Z</time>
    
   </trkpt>
   <trkpt lat="40.0196730" lon="-105.6497000">
    <ele>3910.0</ele>
    <time>2026-09-13T13:10:25Z</time>
    
   </trkpt>
   <trkpt lat="40.0196730" lon="-105.6497000">
    <ele>3910.0</ele>
    <time>2026-09-13T13:10:26Z</time>
    
   </trkpt>
   <trkpt lat="40.0196730" lon="-105.6497000">
    <ele>3910.4</ele>
    <time>2026-09-13T13:10:28Z</time>
    
   </trkpt>
   <trkpt lat="40.0196730" lon="-105.6497000">
    <ele>3911.6</ele>
    <time>2026-09-13T13:10:30Z</time>
    
   </trkpt>
   <trkpt lat="40.0196730" lon="-105.6497000">
    <ele>3912.2</ele>
    <time>2026-09-13T13:10:32Z</time>
    
   </trkpt>
   <trkpt lat="40.0196730" lon="-105.6497010">
    <ele>3910.0</ele>
    <time>2026-09-13T13:10:38Z</time>
    
   </trkpt>
   <trkpt lat="40.0196770" lon="-105.6497010">
    <ele>3910.6</ele>
    <time>2026-09-13T13:10:44Z</time>
    
   </trkpt>
   <trkpt lat="40.0196810" lon="-105.6497030">
    <ele>3911.4</ele>
    <time>2026-09-13T13:10:47Z</time>
    
   </trkpt>
   <trkpt lat="40.0196810" lon="-105.6497090">
    <ele>3910.0</ele>
    <time>2026-09-13T13:10:54Z</time>
    
   </trkpt>
   <trkpt lat="40.0196800" lon="-105.6497100">
    <ele>3909.2</ele>
    <time>2026-09-13T13:10:57Z</time>
    
   </trkpt>
   <trkpt lat="40.0196980" lon="-105.6497180">
    <ele>3909.6</ele>
    <time>2026-09-13T13:11:09Z</time>
    
   </trkpt>
   <trkpt lat="40.0196950" lon="-105.6497340">
    <ele>3911.0</ele>
    <time>2026-09-13T13:11:12Z</time>
    
   </trkpt>
   <trkpt lat="40.0196930" lon="-105.6497580">
    <ele>3911.0</ele>
    <time>2026-09-13T13:11:15Z</time>
    
   </trkpt>
   <trkpt lat="40.0196910" lon="-105.6497710">
    <ele>3910.8</ele>
    <time>2026-09-13T13:11:17Z</time>
    
   </trkpt>
   <trkpt lat="40.0196830" lon="-105.6497990">
    <ele>3909.8</ele>
    <time>2026-09-13T13:11:22Z</time>
    
   </trkpt>
   <trkpt lat="40.0196810" lon="-105.6498000">
    <ele>3908.8</ele>
    <time>2026-09-13T13:11:24Z</time>
    
   </trkpt>
   <trkpt lat="40.0196780" lon="-105.6497990">
    <ele>3908.0</ele>
    <time>2026-09-13T13:11:27Z</time>
    
   </trkpt>
   <trkpt lat="40.0196780" lon="-105.6497990">
    <ele>3908.0</ele>
    <time>2026-09-13T13:11:28Z</time>
    
   </trkpt>
   <trkpt lat="40.0196870" lon="-105.6497940">
    <ele>3911.0</ele>
    <time>2026-09-13T13:11:36Z</time>
    
   </trkpt>
   <trkpt lat="40.0196880" lon="-105.6497930">
    <ele>3912.4</ele>
    <time>2026-09-13T13:11:37Z</time>
    
   </trkpt>
   <trkpt lat="40.0196900" lon="-105.6497910">
    <ele>3913.4</ele>
    <time>2026-09-13T13:11:38Z</time>
    
   </trkpt>
   <trkpt lat="40.0196920" lon="-105.6497910">
    <ele>3913.8</ele>
    <time>2026-09-13T13:11:39Z</time>
    
   </trkpt>
   <trkpt lat="40.0196870" lon="-105.6497950">
    <ele>3912.0</ele>
    <time>2026-09-13T13:11:44Z</time>
    
   </trkpt>
   <trkpt lat="40.0196850" lon="-105.6497940">
    <ele>3909.6</ele>
    <time>2026-09-13T13:11:45Z</time>
    
   </trkpt>
   <trkpt lat="40.0196840" lon="-105.6497940">
    <ele>3907.4</ele>
    <time>2026-09-13T13:11:46Z</time>
    
   </trkpt>
   <trkpt lat="40.0196820" lon="-105.6497940">
    <ele>3906.2</ele>
    <time>2026-09-13T13:11:47Z</time>
    
   </trkpt>
   <trkpt lat="40.0196810" lon="-105.6497930">
    <ele>3904.8</ele>
    <time>2026-09-13T13:11:49Z</time>
    
   </trkpt>
   <trkpt lat="40.0196840" lon="-105.6497800">
    <ele>3908.0</ele>
    <time>2026-09-13T13:11:54Z</time>
    
   </trkpt>
   <trkpt lat="40.0196830" lon="-105.6497770">
    <ele>3909.0</ele>
    <time>2026-09-13T13:11:55Z</time>
    
   </trkpt>
   <trkpt lat="40.0196780" lon="-105.6497730">
    <ele>3910.4</ele>
    <time>2026-09-13T13:11:57Z</time>
    
   </trkpt>
   <trkpt lat="40.0196790" lon="-105.6497780">
    <ele>3910.0</ele>
    <time>2026-09-13T13:11:58Z</time>
    
   </trkpt>
   <trkpt lat="40.0196800" lon="-105.6497880">
    <ele>3909.2</ele>
    <time>2026-09-13T13:11:59Z</time>
    
   </trkpt>
   <trkpt lat="40.0196840" lon="-105.6498060">
    <ele>3907.4</ele>
    <time>2026-09-13T13:12:01Z</time>
    
   </trkpt>
   <trkpt lat="40.0196980" lon="-105.6498470">
    <ele>3907.0</ele>
    <time>2026-09-13T13:12:06Z</time>
    
   </trkpt>
   <trkpt lat="40.0197000" lon="-105.6498580">
    <ele>3907.2</ele>
    <time>2026-09-13T13:12:07Z</time>
    
   </trkpt>
   <trkpt lat="40.0197040" lon="-105.6498700">
    <ele>3907.4</ele>
    <time>2026-09-13T13:12:08Z</time>
    
   </trkpt>
   <trkpt lat="40.0197030" lon="-105.6498810">
    <ele>3907.8</ele>
    <time>2026-09-13T13:12:09Z</time>
    
   </trkpt>
   <trkpt lat="40.0197030" lon="-105.6499040">
    <ele>3908.4</ele>
    <time>2026-09-13T13:12:11Z</time>
    
   </trkpt>
   <trkpt lat="40.0197030" lon="-105.6499130">
    <ele>3908.6</ele>
    <time>2026-09-13T13:12:12Z</time>
    
   </trkpt>
   <trkpt lat="40.0197050" lon="-105.6499210">
    <ele>3908.2</ele>
    <time>2026-09-13T13:12:13Z</time>
    
   </trkpt>
   <trkpt lat="40.0197100" lon="-105.6499280">
    <ele>3906.8</ele>
    <time>2026-09-13T13:12:14Z</time>
    
   </trkpt>
   <trkpt lat="40.0197130" lon="-105.6499370">
    <ele>3905.2</ele>
    <time>2026-09-13T13:12:15Z</time>
    
   </trkpt>
   <trkpt lat="40.0197170" lon="-105.6499500">
    <ele>3903.8</ele>
    <time>2026-09-13T13:12:17Z</time>
    
   </trkpt>
   <trkpt lat="40.0197300" lon="-105.6499670">
    <ele>3905.0</ele>
    <time>2026-09-13T13:12:20Z</time>
    
   </trkpt>
   <trkpt lat="40.0197390" lon="-105.6499730">
    <ele>3906.2</ele>
    <time>2026-09-13T13:12:23Z</time>
    
   </trkpt>
   <trkpt lat="40.0197400" lon="-105.6499980">
    <ele>3906.6</ele>
    <time>2026-09-13T13:12:26Z</time>
    
   </trkpt>
   <trkpt lat="40.0197470" lon="-105.6500140">
    <ele>3906.0</ele>
    <time>2026-09-13T13:12:28Z</time>
    
   </trkpt>
   <trkpt lat="40.0197510" lon="-105.6500180">
    <ele>3905.0</ele>
    <time>2026-09-13T13:12:29Z</time>
    
   </trkpt>
   <trkpt lat="40.0197580" lon="-105.6500290">
    <ele>3904.0</ele>
    <time>2026-09-13T13:12:31Z</time>
    
   </trkpt>
   <trkpt lat="40.0197550" lon="-105.6500490">
    <ele>3903.8</ele>
    <time>2026-09-13T13:12:33Z</time>
    
   </trkpt>
   <trkpt lat="40.0197620" lon="-105.6500610">
    <ele>3904.0</ele>
    <time>2026-09-13T13:12:35Z</time>
    
   </trkpt>
   <trkpt lat="40.0197710" lon="-105.6500760">
    <ele>3904.2</ele>
    <time>2026-09-13T13:12:38Z</time>
    
   </trkpt>
   <trkpt lat="40.0197850" lon="-105.6501280">
    <ele>3904.2</ele>
    <time>2026-09-13T13:12:44Z</time>
    
   </trkpt>
   <trkpt lat="40.0197920" lon="-105.6501550">
    <ele>3902.2</ele>
    <time>2026-09-13T13:12:47Z</time>
    
   </trkpt>
   <trkpt lat="40.0197960" lon="-105.6501610">
    <ele>3901.0</ele>
    <time>2026-09-13T13:12:48Z</time>
    
   </trkpt>
   <trkpt lat="40.0198010" lon="-105.6501790">
    <ele>3899.4</ele>
    <time>2026-09-13T13:12:50Z</time>
    
   </trkpt>
   <trkpt lat="40.0198070" lon="-105.6502050">
    <ele>3898.8</ele>
    <time>2026-09-13T13:12:53Z</time>
    
   </trkpt>
   <trkpt lat="40.0198190" lon="-105.6502460">
    <ele>3898.0</ele>
    <time>2026-09-13T13:12:57Z</time>
    
   </trkpt>
   <trkpt lat="40.0198300" lon="-105.6502670">
    <ele>3896.4</ele>
    <time>2026-09-13T13:12:59Z</time>
    
   </trkpt>
   <trkpt lat="40.0198640" lon="-105.6503170">
    <ele>3895.4</ele>
    <time>2026-09-13T13:13:04Z</time>
    
   </trkpt>
   <trkpt lat="40.0198710" lon="-105.6503270">
    <ele>3895.2</ele>
    <time>2026-09-13T13:13:05Z</time>
    
   </trkpt>
   <trkpt lat="40.0199100" lon="-105.6504060">
    <ele>3896.4</ele>
    <time>2026-09-13T13:13:13Z</time>
    
   </trkpt>
   <trkpt lat="40.0199130" lon="-105.6504190">
    <ele>3896.6</ele>
    <time>2026-09-13T13:13:14Z</time>
    
   </trkpt>
   <trkpt lat="40.0199320" lon="-105.6504560">
    <ele>3896.4</ele>
    <time>2026-09-13T13:13:18Z</time>
    
   </trkpt>
   <trkpt lat="40.0199550" lon="-105.6504850">
    <ele>3895.4</ele>
    <time>2026-09-13T13:13:22Z</time>
    
   </trkpt>
   <trkpt lat="40.0199660" lon="-105.6504930">
    <ele>3895.6</ele>
    <time>2026-09-13T13:13:24Z</time>
    
   </trkpt>
   <trkpt lat="40.0199720" lon="-105.6505020">
    <ele>3895.4</ele>
    <time>2026-09-13T13:13:26Z</time>
    
   </trkpt>
   <trkpt lat="40.0199810" lon="-105.6505260">
    <ele>3895.2</ele>
    <time>2026-09-13T13:13:29Z</time>
    
   </trkpt>
   <trkpt lat="40.0199840" lon="-105.6505350">
    <ele>3895.0</ele>
    <time>2026-09-13T13:13:30Z</time>
    
   </trkpt>
   <trkpt lat="40.0199900" lon="-105.6505540">
    <ele>3894.8</ele>
    <time>2026-09-13T13:13:32Z</time>
    
   </trkpt>
   <trkpt lat="40.0200000" lon="-105.6505820">
    <ele>3894.0</ele>
    <time>2026-09-13T13:13:37Z</time>
    
   </trkpt>
   <trkpt lat="40.0200100" lon="-105.6505970">
    <ele>3892.8</ele>
    <time>2026-09-13T13:13:39Z</time>
    
   </trkpt>
   <trkpt lat="40.0200150" lon="-105.6506020">
    <ele>3892.2</ele>
    <time>2026-09-13T13:13:40Z</time>
    
   </trkpt>
   <trkpt lat="40.0200190" lon="-105.6506080">
    <ele>3891.6</ele>
    <time>2026-09-13T13:13:41Z</time>
    
   </trkpt>
   <trkpt lat="40.0200490" lon="-105.6506580">
    <ele>3890.4</ele>
    <time>2026-09-13T13:13:47Z</time>
    
   </trkpt>
   <trkpt lat="40.0200710" lon="-105.6506880">
    <ele>3890.4</ele>
    <time>2026-09-13T13:13:51Z</time>
    
   </trkpt>
   <trkpt lat="40.0201330" lon="-105.6507950">
    <ele>3891.0</ele>
    <time>2026-09-13T13:14:01Z</time>
    
   </trkpt>
   <trkpt lat="40.0201370" lon="-105.6508010">
    <ele>3891.2</ele>
    <time>2026-09-13T13:14:02Z</time>
    
   </trkpt>
   <trkpt lat="40.0201420" lon="-105.6508060">
    <ele>3891.4</ele>
    <time>2026-09-13T13:14:03Z</time>
    
   </trkpt>
   <trkpt lat="40.0201530" lon="-105.6508190">
    <ele>3891.6</ele>
    <time>2026-09-13T13:14:05Z</time>
    
   </trkpt>
   <trkpt lat="40.0201650" lon="-105.6508350">
    <ele>3890.6</ele>
    <time>2026-09-13T13:14:07Z</time>
    
   </trkpt>
   <trkpt lat="40.0201720" lon="-105.6508420">
    <ele>3890.2</ele>
    <time>2026-09-13T13:14:08Z</time>
    
   </trkpt>
   <trkpt lat="40.0201980" lon="-105.6508720">
    <ele>3890.4</ele>
    <time>2026-09-13T13:14:12Z</time>
    
   </trkpt>
   <trkpt lat="40.0202020" lon="-105.6508810">
    <ele>3890.6</ele>
    <time>2026-09-13T13:14:13Z</time>
    
   </trkpt>
   <trkpt lat="40.0202060" lon="-105.6509070">
    <ele>3891.0</ele>
    <time>2026-09-13T13:14:15Z</time>
    
   </trkpt>
   <trkpt lat="40.0202200" lon="-105.6509480">
    <ele>3890.8</ele>
    <time>2026-09-13T13:14:19Z</time>
    
   </trkpt>
   <trkpt lat="40.0202220" lon="-105.6509540">
    <ele>3890.8</ele>
    <time>2026-09-13T13:14:20Z</time>
    
   </trkpt>
   <trkpt lat="40.0202290" lon="-105.6509660">
    <ele>3890.6</ele>
    <time>2026-09-13T13:14:22Z</time>
    
   </trkpt>
   <trkpt lat="40.0202360" lon="-105.6509940">
    <ele>3891.2</ele>
    <time>2026-09-13T13:14:25Z</time>
    
   </trkpt>
   <trkpt lat="40.0202460" lon="-105.6510250">
    <ele>3891.8</ele>
    <time>2026-09-13T13:14:28Z</time>
    
   </trkpt>
   <trkpt lat="40.0202680" lon="-105.6510450">
    <ele>3892.4</ele>
    <time>2026-09-13T13:14:32Z</time>
    
   </trkpt>
   <trkpt lat="40.0202920" lon="-105.6510610">
    <ele>3893.6</ele>
    <time>2026-09-13T13:14:36Z</time>
    
   </trkpt>
   <trkpt lat="40.0203170" lon="-105.6510660">
    <ele>3894.6</ele>
    <time>2026-09-13T13:14:41Z</time>
    
   </trkpt>
   <trkpt lat="40.0203400" lon="-105.6510730">
    <ele>3895.2</ele>
    <time>2026-09-13T13:14:47Z</time>
    
   </trkpt>
   <trkpt lat="40.0203500" lon="-105.6511000">
    <ele>3895.4</ele>
    <time>2026-09-13T13:14:52Z</time>
    
   </trkpt>
   <trkpt lat="40.0203540" lon="-105.6511510">
    <ele>3894.4</ele>
    <time>2026-09-13T13:15:02Z</time>
    
   </trkpt>
   <trkpt lat="40.0203550" lon="-105.6511760">
    <ele>3893.6</ele>
    <time>2026-09-13T13:15:06Z</time>
    
   </trkpt>
   <trkpt lat="40.0203620" lon="-105.6512050">
    <ele>3892.8</ele>
    <time>2026-09-13T13:15:10Z</time>
    
   </trkpt>
   <trkpt lat="40.0203640" lon="-105.6512140">
    <ele>3892.4</ele>
    <time>2026-09-13T13:15:11Z</time>
    
   </trkpt>
   <trkpt lat="40.0203840" lon="-105.6512490">
    <ele>3891.4</ele>
    <time>2026-09-13T13:15:17Z</time>
    
   </trkpt>
   <trkpt lat="40.0204070" lon="-105.6512620">
    <ele>3891.2</ele>
    <time>2026-09-13T13:15:21Z</time>
    
   </trkpt>
   <trkpt lat="40.0204420" lon="-105.6513150">
    <ele>3892.2</ele>
    <time>2026-09-13T13:15:32Z</time>
    
   </trkpt>
   <trkpt lat="40.0204560" lon="-105.6513100">
    <ele>3892.4</ele>
    <time>2026-09-13T13:15:38Z</time>
    
   </trkpt>
   <trkpt lat="40.0204640" lon="-105.6512960">
    <ele>3893.2</ele>
    <time>2026-09-13T13:15:41Z</time>
    
   </trkpt>
   <trkpt lat="40.0204660" lon="-105.6512950">
    <ele>3893.4</ele>
    <time>2026-09-13T13:15:42Z</time>
    
   </trkpt>
   <trkpt lat="40.0204770" lon="-105.6512790">
    <ele>3894.8</ele>
    <time>2026-09-13T13:15:46Z</time>
    
   </trkpt>
   <trkpt lat="40.0204980" lon="-105.6512810">
    <ele>3895.8</ele>
    <time>2026-09-13T13:15:49Z</time>
    
   </trkpt>
   <trkpt lat="40.0205020" lon="-105.6512800">
    <ele>3896.2</ele>
    <time>2026-09-13T13:15:50Z</time>
    
   </trkpt>
   <trkpt lat="40.0205250" lon="-105.6513010">
    <ele>3896.8</ele>
    <time>2026-09-13T13:15:59Z</time>
    
   </trkpt>
   <trkpt lat="40.0205320" lon="-105.6513110">
    <ele>3897.2</ele>
    <time>2026-09-13T13:16:01Z</time>
    
   </trkpt>
   <trkpt lat="40.0205630" lon="-105.6513670">
    <ele>3896.8</ele>
    <time>2026-09-13T13:16:10Z</time>
    
   </trkpt>
   <trkpt lat="40.0205760" lon="-105.6513670">
    <ele>3897.6</ele>
    <time>2026-09-13T13:16:13Z</time>
    
   </trkpt>
   <trkpt lat="40.0205810" lon="-105.6513660">
    <ele>3898.4</ele>
    <time>2026-09-13T13:16:14Z</time>
    
   </trkpt>
   <trkpt lat="40.0205850" lon="-105.6513690">
    <ele>3899.0</ele>
    <time>2026-09-13T13:16:15Z</time>
    
   </trkpt>
   <trkpt lat="40.0206070" lon="-105.6513640">
    <ele>3899.0</ele>
    <time>2026-09-13T13:16:20Z</time>
    
   </trkpt>
   <trkpt lat="40.0206240" lon="-105.6513780">
    <ele>3898.8</ele>
    <time>2026-09-13T13:16:23Z</time>
    
   </trkpt>
   <trkpt lat="40.0206380" lon="-105.6513890">
    <ele>3899.6</ele>
    <time>2026-09-13T13:16:25Z</time>
    
   </trkpt>
   <trkpt lat="40.0206570" lon="-105.6514100">
    <ele>3900.8</ele>
    <time>2026-09-13T13:16:28Z</time>
    
   </trkpt>
   <trkpt lat="40.0206660" lon="-105.6514240">
    <ele>3901.2</ele>
    <time>2026-09-13T13:16:30Z</time>
    
   </trkpt>
   <trkpt lat="40.0206710" lon="-105.6514310">
    <ele>3901.2</ele>
    <time>2026-09-13T13:16:31Z</time>
    
   </trkpt>
   <trkpt lat="40.0207020" lon="-105.6514610">
    <ele>3899.4</ele>
    <time>2026-09-13T13:16:35Z</time>
    
   </trkpt>
   <trkpt lat="40.0207390" lon="-105.6514830">
    <ele>3900.6</ele>
    <time>2026-09-13T13:16:41Z</time>
    
   </trkpt>
   <trkpt lat="40.0207400" lon="-105.6514790">
    <ele>3901.4</ele>
    <time>2026-09-13T13:16:42Z</time>
    
   </trkpt>
   <trkpt lat="40.0207430" lon="-105.6514780">
    <ele>3901.6</ele>
    <time>2026-09-13T13:16:43Z</time>
    
   </trkpt>
   <trkpt lat="40.0207650" lon="-105.6514910">
    <ele>3901.4</ele>
    <time>2026-09-13T13:16:48Z</time>
    
   </trkpt>
   <trkpt lat="40.0207780" lon="-105.6515090">
    <ele>3901.4</ele>
    <time>2026-09-13T13:16:52Z</time>
    
   </trkpt>
   <trkpt lat="40.0207800" lon="-105.6515100">
    <ele>3901.8</ele>
    <time>2026-09-13T13:16:53Z</time>
    
   </trkpt>
   <trkpt lat="40.0207840" lon="-105.6515170">
    <ele>3902.6</ele>
    <time>2026-09-13T13:16:55Z</time>
    
   </trkpt>
   <trkpt lat="40.0207910" lon="-105.6515160">
    <ele>3903.2</ele>
    <time>2026-09-13T13:16:56Z</time>
    
   </trkpt>
   <trkpt lat="40.0207980" lon="-105.6515180">
    <ele>3904.4</ele>
    <time>2026-09-13T13:16:58Z</time>
    
   </trkpt>
   <trkpt lat="40.0208120" lon="-105.6515240">
    <ele>3904.6</ele>
    <time>2026-09-13T13:17:01Z</time>
    
   </trkpt>
   <trkpt lat="40.0208280" lon="-105.6515340">
    <ele>3904.8</ele>
    <time>2026-09-13T13:17:04Z</time>
    
   </trkpt>
   <trkpt lat="40.0208780" lon="-105.6515890">
    <ele>3905.2</ele>
    <time>2026-09-13T13:17:15Z</time>
    
   </trkpt>
   <trkpt lat="40.0208940" lon="-105.6516000">
    <ele>3905.4</ele>
    <time>2026-09-13T13:17:18Z</time>
    
   </trkpt>
   <trkpt lat="40.0209000" lon="-105.6516050">
    <ele>3904.6</ele>
    <time>2026-09-13T13:17:20Z</time>
    
   </trkpt>
   <trkpt lat="40.0209100" lon="-105.6516100">
    <ele>3903.4</ele>
    <time>2026-09-13T13:17:23Z</time>
    
   </trkpt>
   <trkpt lat="40.0209110" lon="-105.6516090">
    <ele>3903.2</ele>
    <time>2026-09-13T13:17:25Z</time>
    
   </trkpt>
   <trkpt lat="40.0209150" lon="-105.6516310">
    <ele>3904.4</ele>
    <time>2026-09-13T13:17:33Z</time>
    
   </trkpt>
   <trkpt lat="40.0209130" lon="-105.6516320">
    <ele>3904.2</ele>
    <time>2026-09-13T13:17:38Z</time>
    
   </trkpt>
   <trkpt lat="40.0209130" lon="-105.6516330">
    <ele>3904.2</ele>
    <time>2026-09-13T13:17:39Z</time>
    
   </trkpt>
   <trkpt lat="40.0209130" lon="-105.6516350">
    <ele>3904.2</ele>
    <time>2026-09-13T13:17:43Z</time>
    
   </trkpt>
   <trkpt lat="40.0209130" lon="-105.6516350">
    <ele>3904.4</ele>
    <time>2026-09-13T13:17:45Z</time>
    
   </trkpt>
   <trkpt lat="40.0209140" lon="-105.6516340">
    <ele>3904.8</ele>
    <time>2026-09-13T13:17:48Z</time>
    
   </trkpt>
   <trkpt lat="40.0209140" lon="-105.6516340">
    <ele>3904.6</ele>
    <time>2026-09-13T13:17:56Z</time>
    
   </trkpt>
   <trkpt lat="40.0209160" lon="-105.6516380">
    <ele>3905.6</ele>
    <time>2026-09-13T13:18:01Z</time>
    
   </trkpt>
   <trkpt lat="40.0209170" lon="-105.6516370">
    <ele>3905.4</ele>
    <time>2026-09-13T13:18:10Z</time>
    
   </trkpt>
   <trkpt lat="40.0209200" lon="-105.6516390">
    <ele>3905.8</ele>
    <time>2026-09-13T13:18:13Z</time>
    
   </trkpt>
   <trkpt lat="40.0209270" lon="-105.6516480">
    <ele>3905.8</ele>
    <time>2026-09-13T13:18:16Z</time>
    
   </trkpt>
   <trkpt lat="40.0209400" lon="-105.6516680">
    <ele>3904.6</ele>
    <time>2026-09-13T13:18:21Z</time>
    
   </trkpt>
   <trkpt lat="40.0209430" lon="-105.6516740">
    <ele>3904.2</ele>
    <time>2026-09-13T13:18:22Z</time>
    
   </trkpt>
   <trkpt lat="40.0209470" lon="-105.6516810">
    <ele>3903.8</ele>
    <time>2026-09-13T13:18:23Z</time>
    
   </trkpt>
   <trkpt lat="40.0209540" lon="-105.6516970">
    <ele>3903.0</ele>
    <time>2026-09-13T13:18:25Z</time>
    
   </trkpt>
   <trkpt lat="40.0209660" lon="-105.6517270">
    <ele>3901.8</ele>
    <time>2026-09-13T13:18:28Z</time>
    
   </trkpt>
   <trkpt lat="40.0209710" lon="-105.6517360">
    <ele>3901.4</ele>
    <time>2026-09-13T13:18:29Z</time>
    
   </trkpt>
   <trkpt lat="40.0209880" lon="-105.6517830">
    <ele>3901.0</ele>
    <time>2026-09-13T13:18:34Z</time>
    
   </trkpt>
   <trkpt lat="40.0210000" lon="-105.6518090">
    <ele>3900.8</ele>
    <time>2026-09-13T13:18:36Z</time>
    
   </trkpt>
   <trkpt lat="40.0210120" lon="-105.6518350">
    <ele>3900.0</ele>
    <time>2026-09-13T13:18:38Z</time>
    
   </trkpt>
   <trkpt lat="40.0210500" lon="-105.6519000">
    <ele>3900.2</ele>
    <time>2026-09-13T13:18:44Z</time>
    
   </trkpt>
   <trkpt lat="40.0210530" lon="-105.6519050">
    <ele>3900.2</ele>
    <time>2026-09-13T13:18:45Z</time>
    
   </trkpt>
   <trkpt lat="40.0210560" lon="-105.6519110">
    <ele>3900.0</ele>
    <time>2026-09-13T13:18:46Z</time>
    
   </trkpt>
   <trkpt lat="40.0210620" lon="-105.6519180">
    <ele>3899.8</ele>
    <time>2026-09-13T13:18:47Z</time>
    
   </trkpt>
   <trkpt lat="40.0210780" lon="-105.6519520">
    <ele>3898.6</ele>
    <time>2026-09-13T13:18:51Z</time>
    
   </trkpt>
   <trkpt lat="40.0210870" lon="-105.6519700">
    <ele>3898.4</ele>
    <time>2026-09-13T13:18:53Z</time>
    
   </trkpt>
   <trkpt lat="40.0210900" lon="-105.6519810">
    <ele>3898.2</ele>
    <time>2026-09-13T13:18:54Z</time>
    
   </trkpt>
   <trkpt lat="40.0211120" lon="-105.6520140">
    <ele>3897.8</ele>
    <time>2026-09-13T13:18:58Z</time>
    
   </trkpt>
   <trkpt lat="40.0211510" lon="-105.6520570">
    <ele>3898.2</ele>
    <time>2026-09-13T13:19:04Z</time>
    
   </trkpt>
   <trkpt lat="40.0211650" lon="-105.6520860">
    <ele>3898.2</ele>
    <time>2026-09-13T13:19:08Z</time>
    
   </trkpt>
   <trkpt lat="40.0211820" lon="-105.6521070">
    <ele>3898.2</ele>
    <time>2026-09-13T13:19:11Z</time>
    
   </trkpt>
   <trkpt lat="40.0212200" lon="-105.6521650">
    <ele>3897.6</ele>
    <time>2026-09-13T13:19:19Z</time>
    
   </trkpt>
   <trkpt lat="40.0212220" lon="-105.6521720">
    <ele>3897.4</ele>
    <time>2026-09-13T13:19:20Z</time>
    
   </trkpt>
   <trkpt lat="40.0212400" lon="-105.6521910">
    <ele>3897.0</ele>
    <time>2026-09-13T13:19:23Z</time>
    
   </trkpt>
   <trkpt lat="40.0212630" lon="-105.6522010">
    <ele>3897.0</ele>
    <time>2026-09-13T13:19:27Z</time>
    
   </trkpt>
   <trkpt lat="40.0213140" lon="-105.6522290">
    <ele>3897.0</ele>
    <time>2026-09-13T13:19:33Z</time>
    
   </trkpt>
   <trkpt lat="40.0213420" lon="-105.6522480">
    <ele>3897.0</ele>
    <time>2026-09-13T13:19:37Z</time>
    
   </trkpt>
   <trkpt lat="40.0213440" lon="-105.6522510">
    <ele>3897.0</ele>
    <time>2026-09-13T13:19:38Z</time>
    
   </trkpt>
   <trkpt lat="40.0213640" lon="-105.6522720">
    <ele>3896.2</ele>
    <time>2026-09-13T13:19:44Z</time>
    
   </trkpt>
   <trkpt lat="40.0213720" lon="-105.6522840">
    <ele>3895.8</ele>
    <time>2026-09-13T13:19:46Z</time>
    
   </trkpt>
   <trkpt lat="40.0213730" lon="-105.6522980">
    <ele>3895.2</ele>
    <time>2026-09-13T13:19:51Z</time>
    
   </trkpt>
   <trkpt lat="40.0213580" lon="-105.6523170">
    <ele>3895.2</ele>
    <time>2026-09-13T13:19:55Z</time>
    
   </trkpt>
   <trkpt lat="40.0213470" lon="-105.6523440">
    <ele>3893.8</ele>
    <time>2026-09-13T13:20:02Z</time>
    
   </trkpt>
   <trkpt lat="40.0213490" lon="-105.6523490">
    <ele>3893.4</ele>
    <time>2026-09-13T13:20:03Z</time>
    
   </trkpt>
   <trkpt lat="40.0213510" lon="-105.6523570">
    <ele>3892.8</ele>
    <time>2026-09-13T13:20:04Z</time>
    
   </trkpt>
   <trkpt lat="40.0213550" lon="-105.6523680">
    <ele>3891.6</ele>
    <time>2026-09-13T13:20:08Z</time>
    
   </trkpt>
   <trkpt lat="40.0213650" lon="-105.6523950">
    <ele>3890.8</ele>
    <time>2026-09-13T13:20:13Z</time>
    
   </trkpt>
   <trkpt lat="40.0213670" lon="-105.6524000">
    <ele>3890.6</ele>
    <time>2026-09-13T13:20:14Z</time>
    
   </trkpt>
   <trkpt lat="40.0213750" lon="-105.6524150">
    <ele>3889.6</ele>
    <time>2026-09-13T13:20:18Z</time>
    
   </trkpt>
   <trkpt lat="40.0213760" lon="-105.6524180">
    <ele>3889.2</ele>
    <time>2026-09-13T13:20:19Z</time>
    
   </trkpt>
   <trkpt lat="40.0213610" lon="-105.6524430">
    <ele>3888.2</ele>
    <time>2026-09-13T13:20:23Z</time>
    
   </trkpt>
   <trkpt lat="40.0213670" lon="-105.6524630">
    <ele>3887.2</ele>
    <time>2026-09-13T13:20:27Z</time>
    
   </trkpt>
   <trkpt lat="40.0213690" lon="-105.6524690">
    <ele>3886.8</ele>
    <time>2026-09-13T13:20:28Z</time>
    
   </trkpt>
   <trkpt lat="40.0213850" lon="-105.6524860">
    <ele>3886.2</ele>
    <time>2026-09-13T13:20:33Z</time>
    
   </trkpt>
   <trkpt lat="40.0214100" lon="-105.6524800">
    <ele>3886.2</ele>
    <time>2026-09-13T13:20:42Z</time>
    
   </trkpt>
   <trkpt lat="40.0214350" lon="-105.6524470">
    <ele>3887.8</ele>
    <time>2026-09-13T13:20:49Z</time>
    
   </trkpt>
   <trkpt lat="40.0214450" lon="-105.6524250">
    <ele>3888.0</ele>
    <time>2026-09-13T13:20:54Z</time>
    
   </trkpt>
   <trkpt lat="40.0214450" lon="-105.6524240">
    <ele>3888.2</ele>
    <time>2026-09-13T13:20:55Z</time>
    
   </trkpt>
   <trkpt lat="40.0214460" lon="-105.6524190">
    <ele>3887.8</ele>
    <time>2026-09-13T13:20:59Z</time>
    
   </trkpt>
   <trkpt lat="40.0214440" lon="-105.6524220">
    <ele>3887.2</ele>
    <time>2026-09-13T13:21:04Z</time>
    
   </trkpt>
   <trkpt lat="40.0214320" lon="-105.6524820">
    <ele>3886.2</ele>
    <time>2026-09-13T13:21:10Z</time>
    
   </trkpt>
   <trkpt lat="40.0214450" lon="-105.6524730">
    <ele>3888.2</ele>
    <time>2026-09-13T13:21:18Z</time>
    
   </trkpt>
   <trkpt lat="40.0214440" lon="-105.6524680">
    <ele>3888.2</ele>
    <time>2026-09-13T13:21:19Z</time>
    
   </trkpt>
   <trkpt lat="40.0214510" lon="-105.6524500">
    <ele>3888.6</ele>
    <time>2026-09-13T13:21:22Z</time>
    
   </trkpt>
   <trkpt lat="40.0214540" lon="-105.6524430">
    <ele>3889.2</ele>
    <time>2026-09-13T13:21:24Z</time>
    
   </trkpt>
   <trkpt lat="40.0214540" lon="-105.6524390">
    <ele>3889.8</ele>
    <time>2026-09-13T13:21:25Z</time>
    
   </trkpt>
   <trkpt lat="40.0214530" lon="-105.6524400">
    <ele>3890.8</ele>
    <time>2026-09-13T13:21:27Z</time>
    
   </trkpt>
   <trkpt lat="40.0214540" lon="-105.6524380">
    <ele>3891.0</ele>
    <time>2026-09-13T13:21:28Z</time>
    
   </trkpt>
   <trkpt lat="40.0214570" lon="-105.6524340">
    <ele>3891.4</ele>
    <time>2026-09-13T13:21:30Z</time>
    
   </trkpt>
   <trkpt lat="40.0214700" lon="-105.6524150">
    <ele>3892.2</ele>
    <time>2026-09-13T13:21:37Z</time>
    
   </trkpt>
   <trkpt lat="40.0214680" lon="-105.6523900">
    <ele>3893.6</ele>
    <time>2026-09-13T13:21:41Z</time>
    
   </trkpt>
   <trkpt lat="40.0214690" lon="-105.6523830">
    <ele>3894.0</ele>
    <time>2026-09-13T13:21:42Z</time>
    
   </trkpt>
   <trkpt lat="40.0214560" lon="-105.6523810">
    <ele>3894.8</ele>
    <time>2026-09-13T13:21:44Z</time>
    
   </trkpt>
   <trkpt lat="40.0214240" lon="-105.6523890">
    <ele>3894.6</ele>
    <time>2026-09-13T13:21:51Z</time>
    
   </trkpt>
   <trkpt lat="40.0214340" lon="-105.6524130">
    <ele>3896.0</ele>
    <time>2026-09-13T13:21:57Z</time>
    
   </trkpt>
   <trkpt lat="40.0214350" lon="-105.6524300">
    <ele>3896.8</ele>
    <time>2026-09-13T13:22:00Z</time>
    
   </trkpt>
   <trkpt lat="40.0214320" lon="-105.6524390">
    <ele>3897.0</ele>
    <time>2026-09-13T13:22:01Z</time>
    
   </trkpt>
   <trkpt lat="40.0214320" lon="-105.6524510">
    <ele>3896.6</ele>
    <time>2026-09-13T13:22:07Z</time>
    
   </trkpt>
   <trkpt lat="40.0214350" lon="-105.6524580">
    <ele>3896.4</ele>
    <time>2026-09-13T13:22:09Z</time>
    
   </trkpt>
   <trkpt lat="40.0214450" lon="-105.6524760">
    <ele>3896.4</ele>
    <time>2026-09-13T13:22:21Z</time>
    
   </trkpt>
   <trkpt lat="40.0214470" lon="-105.6524840">
    <ele>3897.2</ele>
    <time>2026-09-13T13:22:27Z</time>
    
   </trkpt>
   <trkpt lat="40.0214460" lon="-105.6524860">
    <ele>3897.4</ele>
    <time>2026-09-13T13:22:28Z</time>
    
   </trkpt>
   <trkpt lat="40.0214450" lon="-105.6524880">
    <ele>3898.6</ele>
    <time>2026-09-13T13:22:30Z</time>
    
   </trkpt>
   <trkpt lat="40.0214420" lon="-105.6524930">
    <ele>3899.2</ele>
    <time>2026-09-13T13:22:33Z</time>
    
   </trkpt>
   <trkpt lat="40.0214490" lon="-105.6525340">
    <ele>3898.4</ele>
    <time>2026-09-13T13:22:41Z</time>
    
   </trkpt>
   <trkpt lat="40.0214620" lon="-105.6525410">
    <ele>3898.2</ele>
    <time>2026-09-13T13:22:43Z</time>
    
   </trkpt>
   <trkpt lat="40.0214810" lon="-105.6525520">
    <ele>3898.6</ele>
    <time>2026-09-13T13:22:49Z</time>
    
   </trkpt>
   <trkpt lat="40.0214900" lon="-105.6525610">
    <ele>3899.2</ele>
    <time>2026-09-13T13:22:52Z</time>
    
   </trkpt>
   <trkpt lat="40.0214970" lon="-105.6525640">
    <ele>3898.4</ele>
    <time>2026-09-13T13:23:01Z</time>
    
   </trkpt>
   <trkpt lat="40.0215020" lon="-105.6525640">
    <ele>3899.8</ele>
    <time>2026-09-13T13:23:09Z</time>
    
   </trkpt>
   <trkpt lat="40.0215050" lon="-105.6525660">
    <ele>3901.0</ele>
    <time>2026-09-13T13:23:12Z</time>
    
   </trkpt>
   <trkpt lat="40.0215070" lon="-105.6525720">
    <ele>3899.4</ele>
    <time>2026-09-13T13:23:17Z</time>
    
   </trkpt>
   <trkpt lat="40.0215140" lon="-105.6525830">
    <ele>3898.0</ele>
    <time>2026-09-13T13:23:19Z</time>
    
   </trkpt>
   <trkpt lat="40.0215220" lon="-105.6525870">
    <ele>3897.2</ele>
    <time>2026-09-13T13:23:21Z</time>
    
   </trkpt>
   <trkpt lat="40.0215260" lon="-105.6525990">
    <ele>3897.0</ele>
    <time>2026-09-13T13:23:23Z</time>
    
   </trkpt>
   <trkpt lat="40.0215290" lon="-105.6526050">
    <ele>3897.0</ele>
    <time>2026-09-13T13:23:25Z</time>
    
   </trkpt>
   <trkpt lat="40.0215270" lon="-105.6526110">
    <ele>3896.8</ele>
    <time>2026-09-13T13:23:28Z</time>
    
   </trkpt>
   <trkpt lat="40.0215290" lon="-105.6526150">
    <ele>3896.8</ele>
    <time>2026-09-13T13:23:30Z</time>
    
   </trkpt>
   <trkpt lat="40.0215210" lon="-105.6526210">
    <ele>3898.2</ele>
    <time>2026-09-13T13:23:34Z</time>
    
   </trkpt>
   <trkpt lat="40.0215180" lon="-105.6526250">
    <ele>3898.2</ele>
    <time>2026-09-13T13:23:35Z</time>
    
   </trkpt>
   <trkpt lat="40.0215010" lon="-105.6526410">
    <ele>3898.2</ele>
    <time>2026-09-13T13:23:40Z</time>
    
   </trkpt>
   <trkpt lat="40.0214990" lon="-105.6526450">
    <ele>3898.0</ele>
    <time>2026-09-13T13:23:41Z</time>
    
   </trkpt>
   <trkpt lat="40.0214990" lon="-105.6526480">
    <ele>3897.8</ele>
    <time>2026-09-13T13:23:42Z</time>
    
   </trkpt>
   <trkpt lat="40.0214990" lon="-105.6526530">
    <ele>3896.8</ele>
    <time>2026-09-13T13:23:44Z</time>
    
   </trkpt>
   <trkpt lat="40.0214990" lon="-105.6526550">
    <ele>3896.4</ele>
    <time>2026-09-13T13:23:45Z</time>
    
   </trkpt>
   <trkpt lat="40.0215060" lon="-105.6526570">
    <ele>3896.0</ele>
    <time>2026-09-13T13:23:47Z</time>
    
   </trkpt>
   <trkpt lat="40.0215240" lon="-105.6526590">
    <ele>3895.8</ele>
    <time>2026-09-13T13:23:50Z</time>
    
   </trkpt>
   <trkpt lat="40.0215300" lon="-105.6526580">
    <ele>3895.6</ele>
    <time>2026-09-13T13:23:51Z</time>
    
   </trkpt>
   <trkpt lat="40.0215470" lon="-105.6526690">
    <ele>3895.2</ele>
    <time>2026-09-13T13:23:55Z</time>
    
   </trkpt>
   <trkpt lat="40.0215780" lon="-105.6527030">
    <ele>3894.6</ele>
    <time>2026-09-13T13:24:04Z</time>
    
   </trkpt>
   <trkpt lat="40.0215930" lon="-105.6527230">
    <ele>3894.2</ele>
    <time>2026-09-13T13:24:07Z</time>
    
   </trkpt>
   <trkpt lat="40.0216040" lon="-105.6527400">
    <ele>3895.6</ele>
    <time>2026-09-13T13:24:11Z</time>
    
   </trkpt>
   <trkpt lat="40.0216320" lon="-105.6527760">
    <ele>3895.4</ele>
    <time>2026-09-13T13:24:18Z</time>
    
   </trkpt>
   <trkpt lat="40.0216430" lon="-105.6527940">
    <ele>3895.8</ele>
    <time>2026-09-13T13:24:23Z</time>
    
   </trkpt>
   <trkpt lat="40.0216450" lon="-105.6527950">
    <ele>3896.0</ele>
    <time>2026-09-13T13:24:26Z</time>
    
   </trkpt>
   <trkpt lat="40.0216440" lon="-105.6527950">
    <ele>3896.0</ele>
    <time>2026-09-13T13:24:28Z</time>
    
   </trkpt>
   <trkpt lat="40.0216880" lon="-105.6528190">
    <ele>3895.8</ele>
    <time>2026-09-13T13:24:38Z</time>
    
   </trkpt>
   <trkpt lat="40.0217040" lon="-105.6528460">
    <ele>3894.6</ele>
    <time>2026-09-13T13:24:46Z</time>
    
   </trkpt>
   <trkpt lat="40.0217180" lon="-105.6528780">
    <ele>3893.4</ele>
    <time>2026-09-13T13:24:50Z</time>
    
   </trkpt>
   <trkpt lat="40.0217460" lon="-105.6529110">
    <ele>3892.8</ele>
    <time>2026-09-13T13:24:55Z</time>
    
   </trkpt>
   <trkpt lat="40.0217520" lon="-105.6529460">
    <ele>3892.6</ele>
    <time>2026-09-13T13:25:04Z</time>
    
   </trkpt>
   <trkpt lat="40.0217570" lon="-105.6529570">
    <ele>3892.6</ele>
    <time>2026-09-13T13:25:13Z</time>
    
   </trkpt>
   <trkpt lat="40.0217680" lon="-105.6529540">
    <ele>3892.4</ele>
    <time>2026-09-13T13:25:15Z</time>
    
   </trkpt>
   <trkpt lat="40.0217730" lon="-105.6529510">
    <ele>3892.4</ele>
    <time>2026-09-13T13:25:17Z</time>
    
   </trkpt>
   <trkpt lat="40.0217660" lon="-105.6528930">
    <ele>3892.0</ele>
    <time>2026-09-13T13:25:29Z</time>
    
   </trkpt>
   <trkpt lat="40.0217640" lon="-105.6528880">
    <ele>3892.0</ele>
    <time>2026-09-13T13:25:30Z</time>
    
   </trkpt>
   <trkpt lat="40.0217650" lon="-105.6528550">
    <ele>3892.6</ele>
    <time>2026-09-13T13:25:35Z</time>
    
   </trkpt>
   <trkpt lat="40.0217810" lon="-105.6528190">
    <ele>3892.4</ele>
    <time>2026-09-13T13:25:41Z</time>
    
   </trkpt>
   <trkpt lat="40.0217890" lon="-105.6528100">
    <ele>3891.8</ele>
    <time>2026-09-13T13:25:57Z</time>
    
   </trkpt>
   <trkpt lat="40.0217860" lon="-105.6528070">
    <ele>3892.0</ele>
    <time>2026-09-13T13:25:59Z</time>
    
   </trkpt>
   <trkpt lat="40.0217800" lon="-105.6527940">
    <ele>3892.2</ele>
    <time>2026-09-13T13:26:04Z</time>
    
   </trkpt>
   <trkpt lat="40.0217730" lon="-105.6527830">
    <ele>3891.8</ele>
    <time>2026-09-13T13:26:14Z</time>
    
   </trkpt>
   <trkpt lat="40.0217760" lon="-105.6527800">
    <ele>3891.8</ele>
    <time>2026-09-13T13:26:15Z</time>
    
   </trkpt>
   <trkpt lat="40.0217760" lon="-105.6528050">
    <ele>3892.2</ele>
    <time>2026-09-13T13:26:17Z</time>
    
   </trkpt>
   <trkpt lat="40.0217560" lon="-105.6528460">
    <ele>3892.2</ele>
    <time>2026-09-13T13:26:18Z</time>
    
   </trkpt>
   <trkpt lat="40.0217410" lon="-105.6528680">
    <ele>3892.2</ele>
    <time>2026-09-13T13:26:19Z</time>
    
   </trkpt>
   <trkpt lat="40.0217360" lon="-105.6528870">
    <ele>3892.2</ele>
    <time>2026-09-13T13:26:21Z</time>
    
   </trkpt>
   <trkpt lat="40.0217330" lon="-105.6528920">
    <ele>3892.2</ele>
    <time>2026-09-13T13:26:23Z</time>
    
   </trkpt>
   <trkpt lat="40.0217650" lon="-105.6529000">
    <ele>3892.6</ele>
    <time>2026-09-13T13:26:28Z</time>
    
   </trkpt>
   <trkpt lat="40.0217880" lon="-105.6529250">
    <ele>3893.2</ele>
    <time>2026-09-13T13:26:32Z</time>
    
   </trkpt>
   <trkpt lat="40.0217970" lon="-105.6529310">
    <ele>3893.4</ele>
    <time>2026-09-13T13:26:34Z</time>
    
   </trkpt>
   <trkpt lat="40.0217920" lon="-105.6529580">
    <ele>3893.8</ele>
    <time>2026-09-13T13:26:39Z</time>
    
   </trkpt>
   <trkpt lat="40.0217930" lon="-105.6529650">
    <ele>3893.8</ele>
    <time>2026-09-13T13:26:41Z</time>
    
   </trkpt>
   <trkpt lat="40.0217950" lon="-105.6529660">
    <ele>3894.0</ele>
    <time>2026-09-13T13:26:42Z</time>
    
   </trkpt>
   <trkpt lat="40.0217960" lon="-105.6529730">
    <ele>3894.8</ele>
    <time>2026-09-13T13:26:44Z</time>
    
   </trkpt>
   <trkpt lat="40.0217930" lon="-105.6529900">
    <ele>3896.0</ele>
    <time>2026-09-13T13:26:46Z</time>
    
   </trkpt>
   <trkpt lat="40.0218050" lon="-105.6530080">
    <ele>3895.2</ele>
    <time>2026-09-13T13:26:51Z</time>
    
   </trkpt>
   <trkpt lat="40.0218070" lon="-105.6530110">
    <ele>3894.8</ele>
    <time>2026-09-13T13:26:52Z</time>
    
   </trkpt>
   <trkpt lat="40.0218190" lon="-105.6530060">
    <ele>3895.0</ele>
    <time>2026-09-13T13:27:03Z</time>
    
   </trkpt>
   <trkpt lat="40.0218260" lon="-105.6530060">
    <ele>3895.8</ele>
    <time>2026-09-13T13:27:07Z</time>
    
   </trkpt>
   <trkpt lat="40.0218360" lon="-105.6530150">
    <ele>3896.4</ele>
    <time>2026-09-13T13:27:11Z</time>
    
   </trkpt>
   <trkpt lat="40.0218390" lon="-105.6530140">
    <ele>3896.8</ele>
    <time>2026-09-13T13:27:12Z</time>
    
   </trkpt>
   <trkpt lat="40.0218410" lon="-105.6530180">
    <ele>3897.4</ele>
    <time>2026-09-13T13:27:14Z</time>
    
   </trkpt>
   <trkpt lat="40.0218580" lon="-105.6530180">
    <ele>3896.6</ele>
    <time>2026-09-13T13:27:19Z</time>
    
   </trkpt>
   <trkpt lat="40.0218630" lon="-105.6530150">
    <ele>3896.4</ele>
    <time>2026-09-13T13:27:20Z</time>
    
   </trkpt>
   <trkpt lat="40.0218750" lon="-105.6530050">
    <ele>3895.4</ele>
    <time>2026-09-13T13:27:23Z</time>
    
   </trkpt>
   <trkpt lat="40.0218780" lon="-105.6530040">
    <ele>3894.2</ele>
    <time>2026-09-13T13:27:26Z</time>
    
   </trkpt>
   <trkpt lat="40.0218770" lon="-105.6530040">
    <ele>3893.2</ele>
    <time>2026-09-13T13:27:28Z</time>
    
   </trkpt>
   <trkpt lat="40.0218910" lon="-105.6529890">
    <ele>3894.6</ele>
    <time>2026-09-13T13:27:34Z</time>
    
   </trkpt>
   <trkpt lat="40.0219040" lon="-105.6529710">
    <ele>3895.6</ele>
    <time>2026-09-13T13:27:37Z</time>
    
   </trkpt>
   <trkpt lat="40.0219100" lon="-105.6529650">
    <ele>3896.0</ele>
    <time>2026-09-13T13:27:38Z</time>
    
   </trkpt>
   <trkpt lat="40.0219380" lon="-105.6529460">
    <ele>3894.6</ele>
    <time>2026-09-13T13:27:43Z</time>
    
   </trkpt>
   <trkpt lat="40.0219440" lon="-105.6529440">
    <ele>3893.2</ele>
    <time>2026-09-13T13:27:44Z</time>
    
   </trkpt>
   <trkpt lat="40.0219570" lon="-105.6529390">
    <ele>3892.2</ele>
    <time>2026-09-13T13:27:46Z</time>
    
   </trkpt>
   <trkpt lat="40.0219840" lon="-105.6529430">
    <ele>3891.8</ele>
    <time>2026-09-13T13:27:50Z</time>
    
   </trkpt>
   <trkpt lat="40.0220080" lon="-105.6529400">
    <ele>3890.8</ele>
    <time>2026-09-13T13:27:53Z</time>
    
   </trkpt>
   <trkpt lat="40.0220200" lon="-105.6529340">
    <ele>3890.8</ele>
    <time>2026-09-13T13:27:54Z</time>
    
   </trkpt>
   <trkpt lat="40.0220680" lon="-105.6528940">
    <ele>3890.8</ele>
    <time>2026-09-13T13:28:00Z</time>
    
   </trkpt>
   <trkpt lat="40.0220890" lon="-105.6528700">
    <ele>3892.4</ele>
    <time>2026-09-13T13:28:03Z</time>
    
   </trkpt>
   <trkpt lat="40.0220940" lon="-105.6528630">
    <ele>3893.6</ele>
    <time>2026-09-13T13:28:04Z</time>
    
   </trkpt>
   <trkpt lat="40.0221040" lon="-105.6528450">
    <ele>3894.6</ele>
    <time>2026-09-13T13:28:06Z</time>
    
   </trkpt>
   <trkpt lat="40.0221190" lon="-105.6528220">
    <ele>3893.4</ele>
    <time>2026-09-13T13:28:10Z</time>
    
   </trkpt>
   <trkpt lat="40.0221220" lon="-105.6528180">
    <ele>3892.8</ele>
    <time>2026-09-13T13:28:11Z</time>
    
   </trkpt>
   <trkpt lat="40.0221300" lon="-105.6528130">
    <ele>3892.2</ele>
    <time>2026-09-13T13:28:13Z</time>
    
   </trkpt>
   <trkpt lat="40.0221410" lon="-105.6527980">
    <ele>3892.2</ele>
    <time>2026-09-13T13:28:16Z</time>
    
   </trkpt>
   <trkpt lat="40.0221680" lon="-105.6527710">
    <ele>3891.2</ele>
    <time>2026-09-13T13:28:20Z</time>
    
   </trkpt>
   <trkpt lat="40.0222200" lon="-105.6527310">
    <ele>3890.2</ele>
    <time>2026-09-13T13:28:28Z</time>
    
   </trkpt>
   <trkpt lat="40.0222300" lon="-105.6527230">
    <ele>3891.0</ele>
    <time>2026-09-13T13:28:30Z</time>
    
   </trkpt>
   <trkpt lat="40.0222370" lon="-105.6527200">
    <ele>3891.2</ele>
    <time>2026-09-13T13:28:31Z</time>
    
   </trkpt>
   <trkpt lat="40.0222610" lon="-105.6527090">
    <ele>3891.4</ele>
    <time>2026-09-13T13:28:36Z</time>
    
   </trkpt>
   <trkpt lat="40.0222820" lon="-105.6527020">
    <ele>3891.4</ele>
    <time>2026-09-13T13:28:42Z</time>
    
   </trkpt>
   <trkpt lat="40.0222970" lon="-105.6527080">
    <ele>3890.2</ele>
    <time>2026-09-13T13:28:48Z</time>
    
   </trkpt>
   <trkpt lat="40.0222990" lon="-105.6527080">
    <ele>3889.4</ele>
    <time>2026-09-13T13:28:49Z</time>
    
   </trkpt>
   <trkpt lat="40.0223060" lon="-105.6527070">
    <ele>3888.4</ele>
    <time>2026-09-13T13:28:50Z</time>
    
   </trkpt>
   <trkpt lat="40.0223140" lon="-105.6527060">
    <ele>3888.0</ele>
    <time>2026-09-13T13:28:51Z</time>
    
   </trkpt>
   <trkpt lat="40.0223210" lon="-105.6527020">
    <ele>3887.6</ele>
    <time>2026-09-13T13:28:52Z</time>
    
   </trkpt>
   <trkpt lat="40.0223560" lon="-105.6526730">
    <ele>3889.2</ele>
    <time>2026-09-13T13:29:00Z</time>
    
   </trkpt>
   <trkpt lat="40.0223670" lon="-105.6526720">
    <ele>3889.8</ele>
    <time>2026-09-13T13:29:01Z</time>
    
   </trkpt>
   <trkpt lat="40.0223910" lon="-105.6526780">
    <ele>3889.0</ele>
    <time>2026-09-13T13:29:05Z</time>
    
   </trkpt>
   <trkpt lat="40.0223960" lon="-105.6526770">
    <ele>3888.8</ele>
    <time>2026-09-13T13:29:06Z</time>
    
   </trkpt>
   <trkpt lat="40.0224000" lon="-105.6526760">
    <ele>3888.4</ele>
    <time>2026-09-13T13:29:07Z</time>
    
   </trkpt>
   <trkpt lat="40.0224080" lon="-105.6526750">
    <ele>3887.6</ele>
    <time>2026-09-13T13:29:09Z</time>
    
   </trkpt>
   <trkpt lat="40.0224180" lon="-105.6526740">
    <ele>3887.0</ele>
    <time>2026-09-13T13:29:11Z</time>
    
   </trkpt>
   <trkpt lat="40.0224300" lon="-105.6526730">
    <ele>3885.6</ele>
    <time>2026-09-13T13:29:13Z</time>
    
   </trkpt>
   <trkpt lat="40.0224390" lon="-105.6526620">
    <ele>3884.6</ele>
    <time>2026-09-13T13:29:16Z</time>
    
   </trkpt>
   <trkpt lat="40.0224380" lon="-105.6526580">
    <ele>3884.2</ele>
    <time>2026-09-13T13:29:19Z</time>
    
   </trkpt>
   <trkpt lat="40.0224450" lon="-105.6526420">
    <ele>3884.6</ele>
    <time>2026-09-13T13:29:27Z</time>
    
   </trkpt>
   <trkpt lat="40.0224570" lon="-105.6526290">
    <ele>3884.8</ele>
    <time>2026-09-13T13:29:29Z</time>
    
   </trkpt>
   <trkpt lat="40.0224630" lon="-105.6526280">
    <ele>3884.8</ele>
    <time>2026-09-13T13:29:30Z</time>
    
   </trkpt>
   <trkpt lat="40.0224830" lon="-105.6526300">
    <ele>3884.8</ele>
    <time>2026-09-13T13:29:36Z</time>
    
   </trkpt>
   <trkpt lat="40.0224980" lon="-105.6526180">
    <ele>3884.2</ele>
    <time>2026-09-13T13:29:42Z</time>
    
   </trkpt>
   <trkpt lat="40.0225000" lon="-105.6526170">
    <ele>3884.2</ele>
    <time>2026-09-13T13:29:43Z</time>
    
   </trkpt>
   <trkpt lat="40.0225040" lon="-105.6526120">
    <ele>3884.4</ele>
    <time>2026-09-13T13:29:47Z</time>
    
   </trkpt>
   <trkpt lat="40.0225050" lon="-105.6526100">
    <ele>3884.2</ele>
    <time>2026-09-13T13:29:51Z</time>
    
   </trkpt>
   <trkpt lat="40.0225160" lon="-105.6526040">
    <ele>3885.0</ele>
    <time>2026-09-13T13:29:54Z</time>
    
   </trkpt>
   <trkpt lat="40.0225190" lon="-105.6526000">
    <ele>3885.6</ele>
    <time>2026-09-13T13:29:55Z</time>
    
   </trkpt>
   <trkpt lat="40.0225190" lon="-105.6525900">
    <ele>3886.6</ele>
    <time>2026-09-13T13:29:57Z</time>
    
   </trkpt>
   <trkpt lat="40.0225200" lon="-105.6525890">
    <ele>3887.0</ele>
    <time>2026-09-13T13:29:58Z</time>
    
   </trkpt>
   <trkpt lat="40.0225220" lon="-105.6525880">
    <ele>3887.6</ele>
    <time>2026-09-13T13:30:02Z</time>
    
   </trkpt>
   <trkpt lat="40.0225230" lon="-105.6525850">
    <ele>3888.2</ele>
    <time>2026-09-13T13:30:03Z</time>
    
   </trkpt>
   <trkpt lat="40.0225240" lon="-105.6525850">
    <ele>3889.2</ele>
    <time>2026-09-13T13:30:05Z</time>
    
   </trkpt>
   <trkpt lat="40.0225280" lon="-105.6525750">
    <ele>3891.0</ele>
    <time>2026-09-13T13:30:07Z</time>
    
   </trkpt>
   <trkpt lat="40.0225340" lon="-105.6525670">
    <ele>3892.4</ele>
    <time>2026-09-13T13:30:09Z</time>
    
   </trkpt>
   <trkpt lat="40.0225410" lon="-105.6525510">
    <ele>3893.6</ele>
    <time>2026-09-13T13:30:11Z</time>
    
   </trkpt>
   <trkpt lat="40.0225510" lon="-105.6525580">
    <ele>3895.0</ele>
    <time>2026-09-13T13:30:15Z</time>
    
   </trkpt>
   <trkpt lat="40.0225510" lon="-105.6525550">
    <ele>3895.6</ele>
    <time>2026-09-13T13:30:18Z</time>
    
   </trkpt>
   <trkpt lat="40.0225670" lon="-105.6525660">
    <ele>3895.8</ele>
    <time>2026-09-13T13:30:21Z</time>
    
   </trkpt>
   <trkpt lat="40.0225720" lon="-105.6525630">
    <ele>3896.0</ele>
    <time>2026-09-13T13:30:26Z</time>
    
   </trkpt>
   <trkpt lat="40.0225750" lon="-105.6525700">
    <ele>3896.2</ele>
    <time>2026-09-13T13:30:30Z</time>
    
   </trkpt>
   <trkpt lat="40.0225630" lon="-105.6525720">
    <ele>3895.0</ele>
    <time>2026-09-13T13:30:36Z</time>
    
   </trkpt>
   <trkpt lat="40.0225580" lon="-105.6525780">
    <ele>3894.8</ele>
    <time>2026-09-13T13:30:40Z</time>
    
   </trkpt>
   <trkpt lat="40.0225570" lon="-105.6525790">
    <ele>3894.8</ele>
    <time>2026-09-13T13:30:42Z</time>
    
   </trkpt>
   <trkpt lat="40.0225570" lon="-105.6525780">
    <ele>3894.8</ele>
    <time>2026-09-13T13:30:43Z</time>
    
   </trkpt>
   <trkpt lat="40.0225580" lon="-105.6525790">
    <ele>3895.8</ele>
    <time>2026-09-13T13:30:51Z</time>
    
   </trkpt>
   <trkpt lat="40.0225560" lon="-105.6525880">
    <ele>3895.8</ele>
    <time>2026-09-13T13:30:58Z</time>
    
   </trkpt>
   <trkpt lat="40.0225550" lon="-105.6525920">
    <ele>3895.8</ele>
    <time>2026-09-13T13:31:09Z</time>
    
   </trkpt>
   <trkpt lat="40.0225550" lon="-105.6525950">
    <ele>3895.8</ele>
    <time>2026-09-13T13:31:16Z</time>
    
   </trkpt>
   <trkpt lat="40.0225570" lon="-105.6525950">
    <ele>3895.4</ele>
    <time>2026-09-13T13:31:30Z</time>
    
   </trkpt>
   <trkpt lat="40.0225590" lon="-105.6525960">
    <ele>3895.6</ele>
    <time>2026-09-13T13:31:34Z</time>
    
   </trkpt>
   <trkpt lat="40.0225570" lon="-105.6525950">
    <ele>3895.6</ele>
    <time>2026-09-13T13:31:39Z</time>
    
   </trkpt>
   <trkpt lat="40.0225560" lon="-105.6525960">
    <ele>3895.4</ele>
    <time>2026-09-13T13:31:42Z</time>
    
   </trkpt>
   <trkpt lat="40.0225570" lon="-105.6525950">
    <ele>3895.4</ele>
    <time>2026-09-13T13:31:45Z</time>
    
   </trkpt>
   <trkpt lat="40.0225600" lon="-105.6525970">
    <ele>3895.4</ele>
    <time>2026-09-13T13:31:50Z</time>
    
   </trkpt>
   <trkpt lat="40.0225590" lon="-105.6525990">
    <ele>3895.2</ele>
    <time>2026-09-13T13:32:04Z</time>
    
   </trkpt>
   <trkpt lat="40.0225580" lon="-105.6525990">
    <ele>3895.0</ele>
    <time>2026-09-13T13:32:09Z</time>
    
   </trkpt>
   <trkpt lat="40.0225590" lon="-105.6525990">
    <ele>3894.8</ele>
    <time>2026-09-13T13:32:12Z</time>
    
   </trkpt>
   <trkpt lat="40.0225610" lon="-105.6526000">
    <ele>3895.2</ele>
    <time>2026-09-13T13:32:18Z</time>
    
   </trkpt>
   <trkpt lat="40.0225630" lon="-105.6526000">
    <ele>3895.2</ele>
    <time>2026-09-13T13:32:29Z</time>
    
   </trkpt>
   <trkpt lat="40.0225600" lon="-105.6526020">
    <ele>3895.8</ele>
    <time>2026-09-13T13:32:37Z</time>
    
   </trkpt>
   <trkpt lat="40.0225600" lon="-105.6526030">
    <ele>3896.0</ele>
    <time>2026-09-13T13:32:38Z</time>
    
   </trkpt>
   <trkpt lat="40.0225610" lon="-105.6526120">
    <ele>3896.0</ele>
    <time>2026-09-13T13:32:42Z</time>
    
   </trkpt>
   <trkpt lat="40.0225670" lon="-105.6526200">
    <ele>3896.0</ele>
    <time>2026-09-13T13:32:44Z</time>
    
   </trkpt>
   <trkpt lat="40.0225690" lon="-105.6526260">
    <ele>3896.0</ele>
    <time>2026-09-13T13:32:45Z</time>
    
   </trkpt>
   <trkpt lat="40.0225770" lon="-105.6526480">
    <ele>3897.2</ele>
    <time>2026-09-13T13:32:52Z</time>
    
   </trkpt>
   <trkpt lat="40.0225750" lon="-105.6526500">
    <ele>3897.4</ele>
    <time>2026-09-13T13:32:53Z</time>
    
   </trkpt>
   <trkpt lat="40.0225770" lon="-105.6526570">
    <ele>3897.8</ele>
    <time>2026-09-13T13:32:58Z</time>
    
   </trkpt>
   <trkpt lat="40.0225890" lon="-105.6526650">
    <ele>3898.0</ele>
    <time>2026-09-13T13:33:03Z</time>
    
   </trkpt>
   <trkpt lat="40.0225920" lon="-105.6526660">
    <ele>3898.2</ele>
    <time>2026-09-13T13:33:04Z</time>
    
   </trkpt>
   <trkpt lat="40.0225930" lon="-105.6526790">
    <ele>3898.2</ele>
    <time>2026-09-13T13:33:09Z</time>
    
   </trkpt>
   <trkpt lat="40.0225980" lon="-105.6526810">
    <ele>3897.6</ele>
    <time>2026-09-13T13:33:11Z</time>
    
   </trkpt>
   <trkpt lat="40.0226070" lon="-105.6526810">
    <ele>3897.6</ele>
    <time>2026-09-13T13:33:14Z</time>
    
   </trkpt>
   <trkpt lat="40.0226100" lon="-105.6526800">
    <ele>3897.6</ele>
    <time>2026-09-13T13:33:16Z</time>
    
   </trkpt>
   <trkpt lat="40.0226200" lon="-105.6526810">
    <ele>3897.2</ele>
    <time>2026-09-13T13:33:21Z</time>
    
   </trkpt>
   <trkpt lat="40.0226200" lon="-105.6526810">
    <ele>3896.8</ele>
    <time>2026-09-13T13:33:22Z</time>
    
   </trkpt>
   <trkpt lat="40.0226140" lon="-105.6526810">
    <ele>3896.4</ele>
    <time>2026-09-13T13:33:24Z</time>
    
   </trkpt>
   <trkpt lat="40.0226120" lon="-105.6526810">
    <ele>3896.2</ele>
    <time>2026-09-13T13:33:25Z</time>
    
   </trkpt>
   <trkpt lat="40.0226180" lon="-105.6526880">
    <ele>3895.8</ele>
    <time>2026-09-13T13:33:30Z</time>
    
   </trkpt>
   <trkpt lat="40.0226260" lon="-105.6526970">
    <ele>3895.0</ele>
    <time>2026-09-13T13:33:34Z</time>
    
   </trkpt>
   <trkpt lat="40.0226280" lon="-105.6526970">
    <ele>3895.0</ele>
    <time>2026-09-13T13:33:35Z</time>
    
   </trkpt>
   <trkpt lat="40.0226460" lon="-105.6526920">
    <ele>3894.0</ele>
    <time>2026-09-13T13:33:44Z</time>
    
   </trkpt>
   <trkpt lat="40.0226470" lon="-105.6526940">
    <ele>3893.6</ele>
    <time>2026-09-13T13:33:46Z</time>
    
   </trkpt>
   <trkpt lat="40.0226560" lon="-105.6526950">
    <ele>3893.6</ele>
    <time>2026-09-13T13:33:49Z</time>
    
   </trkpt>
   <trkpt lat="40.0226590" lon="-105.6526960">
    <ele>3893.6</ele>
    <time>2026-09-13T13:33:50Z</time>
    
   </trkpt>
   <trkpt lat="40.0226810" lon="-105.6527090">
    <ele>3893.2</ele>
    <time>2026-09-13T13:33:59Z</time>
    
   </trkpt>
   <trkpt lat="40.0226820" lon="-105.6527140">
    <ele>3893.4</ele>
    <time>2026-09-13T13:34:04Z</time>
    
   </trkpt>
   <trkpt lat="40.0226850" lon="-105.6527140">
    <ele>3893.4</ele>
    <time>2026-09-13T13:34:05Z</time>
    
   </trkpt>
   <trkpt lat="40.0226860" lon="-105.6527160">
    <ele>3893.6</ele>
    <time>2026-09-13T13:34:07Z</time>
    
   </trkpt>
   <trkpt lat="40.0226890" lon="-105.6527140">
    <ele>3893.6</ele>
    <time>2026-09-13T13:34:08Z</time>
    
   </trkpt>
   <trkpt lat="40.0227070" lon="-105.6527180">
    <ele>3892.8</ele>
    <time>2026-09-13T13:34:15Z</time>
    
   </trkpt>
   <trkpt lat="40.0227100" lon="-105.6527170">
    <ele>3892.4</ele>
    <time>2026-09-13T13:34:18Z</time>
    
   </trkpt>
   <trkpt lat="40.0227160" lon="-105.6527190">
    <ele>3891.4</ele>
    <time>2026-09-13T13:34:22Z</time>
    
   </trkpt>
   <trkpt lat="40.0227410" lon="-105.6527210">
    <ele>3891.4</ele>
    <time>2026-09-13T13:34:30Z</time>
    
   </trkpt>
   <trkpt lat="40.0227410" lon="-105.6527170">
    <ele>3890.4</ele>
    <time>2026-09-13T13:34:34Z</time>
    
   </trkpt>
   <trkpt lat="40.0227530" lon="-105.6527260">
    <ele>3889.8</ele>
    <time>2026-09-13T13:34:40Z</time>
    
   </trkpt>
   <trkpt lat="40.0227570" lon="-105.6527310">
    <ele>3889.6</ele>
    <time>2026-09-13T13:34:50Z</time>
    
   </trkpt>
   <trkpt lat="40.0227560" lon="-105.6527310">
    <ele>3889.8</ele>
    <time>2026-09-13T13:34:51Z</time>
    
   </trkpt>
   <trkpt lat="40.0227560" lon="-105.6527310">
    <ele>3889.8</ele>
    <time>2026-09-13T13:34:52Z</time>
    
   </trkpt>
   <trkpt lat="40.0227550" lon="-105.6527300">
    <ele>3889.8</ele>
    <time>2026-09-13T13:34:56Z</time>
    
   </trkpt>
   <trkpt lat="40.0227530" lon="-105.6527300">
    <ele>3889.8</ele>
    <time>2026-09-13T13:34:59Z</time>
    
   </trkpt>
   <trkpt lat="40.0227550" lon="-105.6527310">
    <ele>3890.4</ele>
    <time>2026-09-13T13:35:06Z</time>
    
   </trkpt>
   <trkpt lat="40.0227390" lon="-105.6527230">
    <ele>3890.4</ele>
    <time>2026-09-13T13:35:12Z</time>
    
   </trkpt>
   <trkpt lat="40.0227330" lon="-105.6527200">
    <ele>3890.2</ele>
    <time>2026-09-13T13:35:13Z</time>
    
   </trkpt>
   <trkpt lat="40.0227220" lon="-105.6527140">
    <ele>3889.4</ele>
    <time>2026-09-13T13:35:15Z</time>
    
   </trkpt>
   <trkpt lat="40.0227100" lon="-105.6526970">
    <ele>3889.6</ele>
    <time>2026-09-13T13:35:21Z</time>
    
   </trkpt>
   <trkpt lat="40.0227090" lon="-105.6526960">
    <ele>3889.8</ele>
    <time>2026-09-13T13:35:22Z</time>
    
   </trkpt>
   <trkpt lat="40.0227100" lon="-105.6526970">
    <ele>3889.8</ele>
    <time>2026-09-13T13:35:23Z</time>
    
   </trkpt>
   <trkpt lat="40.0227220" lon="-105.6527070">
    <ele>3890.0</ele>
    <time>2026-09-13T13:35:26Z</time>
    
   </trkpt>
   <trkpt lat="40.0227490" lon="-105.6527220">
    <ele>3890.0</ele>
    <time>2026-09-13T13:35:36Z</time>
    
   </trkpt>
   <trkpt lat="40.0227510" lon="-105.6527240">
    <ele>3889.6</ele>
    <time>2026-09-13T13:35:38Z</time>
    
   </trkpt>
   <trkpt lat="40.0227520" lon="-105.6527250">
    <ele>3889.6</ele>
    <time>2026-09-13T13:35:39Z</time>
    
   </trkpt>
   <trkpt lat="40.0227750" lon="-105.6527310">
    <ele>3889.0</ele>
    <time>2026-09-13T13:35:55Z</time>
    
   </trkpt>
   <trkpt lat="40.0227800" lon="-105.6527340">
    <ele>3888.2</ele>
    <time>2026-09-13T13:35:57Z</time>
    
   </trkpt>
   <trkpt lat="40.0227790" lon="-105.6527400">
    <ele>3888.2</ele>
    <time>2026-09-13T13:35:58Z</time>
    
   </trkpt>
   <trkpt lat="40.0227790" lon="-105.6527430">
    <ele>3888.8</ele>
    <time>2026-09-13T13:36:05Z</time>
    
   </trkpt>
   <trkpt lat="40.0227770" lon="-105.6527440">
    <ele>3888.8</ele>
    <time>2026-09-13T13:36:07Z</time>
    
   </trkpt>
   <trkpt lat="40.0227900" lon="-105.6527400">
    <ele>3887.0</ele>
    <time>2026-09-13T13:36:20Z</time>
    
   </trkpt>
   <trkpt lat="40.0227880" lon="-105.6527400">
    <ele>3886.8</ele>
    <time>2026-09-13T13:36:21Z</time>
    
   </trkpt>
   <trkpt lat="40.0227890" lon="-105.6527400">
    <ele>3886.4</ele>
    <time>2026-09-13T13:36:24Z</time>
    
   </trkpt>
   <trkpt lat="40.0227910" lon="-105.6527410">
    <ele>3886.4</ele>
    <time>2026-09-13T13:36:25Z</time>
    
   </trkpt>
   <trkpt lat="40.0227960" lon="-105.6527420">
    <ele>3886.0</ele>
    <time>2026-09-13T13:36:27Z</time>
    
   </trkpt>
   <trkpt lat="40.0227970" lon="-105.6527430">
    <ele>3885.8</ele>
    <time>2026-09-13T13:36:28Z</time>
    
   </trkpt>
   <trkpt lat="40.0228030" lon="-105.6527420">
    <ele>3885.6</ele>
    <time>2026-09-13T13:36:31Z</time>
    
   </trkpt>
   <trkpt lat="40.0228050" lon="-105.6527430">
    <ele>3885.8</ele>
    <time>2026-09-13T13:36:34Z</time>
    
   </trkpt>
   <trkpt lat="40.0228050" lon="-105.6527420">
    <ele>3886.0</ele>
    <time>2026-09-13T13:36:35Z</time>
    
   </trkpt>
   <trkpt lat="40.0228200" lon="-105.6527450">
    <ele>3885.8</ele>
    <time>2026-09-13T13:36:46Z</time>
    
   </trkpt>
   <trkpt lat="40.0228260" lon="-105.6527490">
    <ele>3885.8</ele>
    <time>2026-09-13T13:36:48Z</time>
    
   </trkpt>
   <trkpt lat="40.0228310" lon="-105.6527570">
    <ele>3886.0</ele>
    <time>2026-09-13T13:36:52Z</time>
    
   </trkpt>
   <trkpt lat="40.0228320" lon="-105.6527590">
    <ele>3885.4</ele>
    <time>2026-09-13T13:36:57Z</time>
    
   </trkpt>
   <trkpt lat="40.0228380" lon="-105.6527390">
    <ele>3885.6</ele>
    <time>2026-09-13T13:37:09Z</time>
    
   </trkpt>
   <trkpt lat="40.0228460" lon="-105.6527310">
    <ele>3884.4</ele>
    <time>2026-09-13T13:37:11Z</time>
    
   </trkpt>
   <trkpt lat="40.0228460" lon="-105.6527210">
    <ele>3883.4</ele>
    <time>2026-09-13T13:37:13Z</time>
    
   </trkpt>
   <trkpt lat="40.0228490" lon="-105.6527180">
    <ele>3883.2</ele>
    <time>2026-09-13T13:37:14Z</time>
    
   </trkpt>
   <trkpt lat="40.0228600" lon="-105.6527020">
    <ele>3882.2</ele>
    <time>2026-09-13T13:37:17Z</time>
    
   </trkpt>
   <trkpt lat="40.0228690" lon="-105.6526920">
    <ele>3881.6</ele>
    <time>2026-09-13T13:37:19Z</time>
    
   </trkpt>
   <trkpt lat="40.0228750" lon="-105.6526850">
    <ele>3881.6</ele>
    <time>2026-09-13T13:37:20Z</time>
    
   </trkpt>
   <trkpt lat="40.0228840" lon="-105.6526770">
    <ele>3882.0</ele>
    <time>2026-09-13T13:37:22Z</time>
    
   </trkpt>
   <trkpt lat="40.0229190" lon="-105.6526640">
    <ele>3882.4</ele>
    <time>2026-09-13T13:37:29Z</time>
    
   </trkpt>
   <trkpt lat="40.0229250" lon="-105.6526620">
    <ele>3882.0</ele>
    <time>2026-09-13T13:37:30Z</time>
    
   </trkpt>
   <trkpt lat="40.0229380" lon="-105.6526510">
    <ele>3882.0</ele>
    <time>2026-09-13T13:37:32Z</time>
    
   </trkpt>
   <trkpt lat="40.0229550" lon="-105.6526200">
    <ele>3882.0</ele>
    <time>2026-09-13T13:37:37Z</time>
    
   </trkpt>
   <trkpt lat="40.0229620" lon="-105.6526200">
    <ele>3882.0</ele>
    <time>2026-09-13T13:37:38Z</time>
    
   </trkpt>
   <trkpt lat="40.0229720" lon="-105.6526220">
    <ele>3881.8</ele>
    <time>2026-09-13T13:37:39Z</time>
    
   </trkpt>
   <trkpt lat="40.0230370" lon="-105.6526030">
    <ele>3882.0</ele>
    <time>2026-09-13T13:37:46Z</time>
    
   </trkpt>
   <trkpt lat="40.0230470" lon="-105.6525960">
    <ele>3882.0</ele>
    <time>2026-09-13T13:37:48Z</time>
    
   </trkpt>
   <trkpt lat="40.0230600" lon="-105.6525980">
    <ele>3882.0</ele>
    <time>2026-09-13T13:37:50Z</time>
    
   </trkpt>
   <trkpt lat="40.0230930" lon="-105.6525820">
    <ele>3882.2</ele>
    <time>2026-09-13T13:37:56Z</time>
    
   </trkpt>
   <trkpt lat="40.0230970" lon="-105.6525790">
    <ele>3881.6</ele>
    <time>2026-09-13T13:37:57Z</time>
    
   </trkpt>
   <trkpt lat="40.0231010" lon="-105.6525760">
    <ele>3881.2</ele>
    <time>2026-09-13T13:37:58Z</time>
    
   </trkpt>
   <trkpt lat="40.0231020" lon="-105.6525720">
    <ele>3881.2</ele>
    <time>2026-09-13T13:38:00Z</time>
    
   </trkpt>
   <trkpt lat="40.0231080" lon="-105.6525960">
    <ele>3880.4</ele>
    <time>2026-09-13T13:38:06Z</time>
    
   </trkpt>
   <trkpt lat="40.0231110" lon="-105.6525990">
    <ele>3880.0</ele>
    <time>2026-09-13T13:38:07Z</time>
    
   </trkpt>
   <trkpt lat="40.0231530" lon="-105.6526010">
    <ele>3879.4</ele>
    <time>2026-09-13T13:38:12Z</time>
    
   </trkpt>
   <trkpt lat="40.0231740" lon="-105.6525950">
    <ele>3879.4</ele>
    <time>2026-09-13T13:38:14Z</time>
    
   </trkpt>
   <trkpt lat="40.0232000" lon="-105.6525650">
    <ele>3880.2</ele>
    <time>2026-09-13T13:38:18Z</time>
    
   </trkpt>
   <trkpt lat="40.0232080" lon="-105.6525580">
    <ele>3880.6</ele>
    <time>2026-09-13T13:38:20Z</time>
    
   </trkpt>
   <trkpt lat="40.0232190" lon="-105.6525540">
    <ele>3879.2</ele>
    <time>2026-09-13T13:38:22Z</time>
    
   </trkpt>
   <trkpt lat="40.0232270" lon="-105.6525500">
    <ele>3878.6</ele>
    <time>2026-09-13T13:38:23Z</time>
    
   </trkpt>
   <trkpt lat="40.0232550" lon="-105.6525480">
    <ele>3878.8</ele>
    <time>2026-09-13T13:38:26Z</time>
    
   </trkpt>
   <trkpt lat="40.0232830" lon="-105.6525480">
    <ele>3879.8</ele>
    <time>2026-09-13T13:38:30Z</time>
    
   </trkpt>
   <trkpt lat="40.0233040" lon="-105.6525460">
    <ele>3878.8</ele>
    <time>2026-09-13T13:38:33Z</time>
    
   </trkpt>
   <trkpt lat="40.0233060" lon="-105.6525420">
    <ele>3878.0</ele>
    <time>2026-09-13T13:38:34Z</time>
    
   </trkpt>
   <trkpt lat="40.0233120" lon="-105.6525290">
    <ele>3876.8</ele>
    <time>2026-09-13T13:38:37Z</time>
    
   </trkpt>
   <trkpt lat="40.0233160" lon="-105.6525290">
    <ele>3876.2</ele>
    <time>2026-09-13T13:38:42Z</time>
    
   </trkpt>
   <trkpt lat="40.0233220" lon="-105.6525360">
    <ele>3875.2</ele>
    <time>2026-09-13T13:38:44Z</time>
    
   </trkpt>
   <trkpt lat="40.0233300" lon="-105.6525610">
    <ele>3874.0</ele>
    <time>2026-09-13T13:38:47Z</time>
    
   </trkpt>
   <trkpt lat="40.0233340" lon="-105.6525680">
    <ele>3877.0</ele>
    <time>2026-09-13T13:38:49Z</time>
    
   </trkpt>
   <trkpt lat="40.0233370" lon="-105.6525680">
    <ele>3878.8</ele>
    <time>2026-09-13T13:38:50Z</time>
    
   </trkpt>
   <trkpt lat="40.0233400" lon="-105.6525680">
    <ele>3880.0</ele>
    <time>2026-09-13T13:38:52Z</time>
    
   </trkpt>
   <trkpt lat="40.0233390" lon="-105.6525630">
    <ele>3879.0</ele>
    <time>2026-09-13T13:38:55Z</time>
    
   </trkpt>
   <trkpt lat="40.0233370" lon="-105.6525620">
    <ele>3879.0</ele>
    <time>2026-09-13T13:38:56Z</time>
    
   </trkpt>
   <trkpt lat="40.0233380" lon="-105.6525530">
    <ele>3880.0</ele>
    <time>2026-09-13T13:39:04Z</time>
    
   </trkpt>
   <trkpt lat="40.0233340" lon="-105.6525490">
    <ele>3880.4</ele>
    <time>2026-09-13T13:39:06Z</time>
    
   </trkpt>
   <trkpt lat="40.0233340" lon="-105.6525510">
    <ele>3879.0</ele>
    <time>2026-09-13T13:39:10Z</time>
    
   </trkpt>
   <trkpt lat="40.0233300" lon="-105.6525520">
    <ele>3878.6</ele>
    <time>2026-09-13T13:39:11Z</time>
    
   </trkpt>
   <trkpt lat="40.0233230" lon="-105.6525580">
    <ele>3878.2</ele>
    <time>2026-09-13T13:39:16Z</time>
    
   </trkpt>
   <trkpt lat="40.0233220" lon="-105.6525570">
    <ele>3878.2</ele>
    <time>2026-09-13T13:39:17Z</time>
    
   </trkpt>
   <trkpt lat="40.0233230" lon="-105.6525540">
    <ele>3878.2</ele>
    <time>2026-09-13T13:39:20Z</time>
    
   </trkpt>
   <trkpt lat="40.0233160" lon="-105.6525640">
    <ele>3877.6</ele>
    <time>2026-09-13T13:39:23Z</time>
    
   </trkpt>
   <trkpt lat="40.0233150" lon="-105.6525740">
    <ele>3878.4</ele>
    <time>2026-09-13T13:39:25Z</time>
    
   </trkpt>
   <trkpt lat="40.0233160" lon="-105.6525770">
    <ele>3879.0</ele>
    <time>2026-09-13T13:39:27Z</time>
    
   </trkpt>
   <trkpt lat="40.0233140" lon="-105.6525690">
    <ele>3878.6</ele>
    <time>2026-09-13T13:39:32Z</time>
    
   </trkpt>
   <trkpt lat="40.0233090" lon="-105.6525880">
    <ele>3880.0</ele>
    <time>2026-09-13T13:39:43Z</time>
    
   </trkpt>
   <trkpt lat="40.0233070" lon="-105.6525910">
    <ele>3880.8</ele>
    <time>2026-09-13T13:39:45Z</time>
    
   </trkpt>
   <trkpt lat="40.0233040" lon="-105.6525930">
    <ele>3881.2</ele>
    <time>2026-09-13T13:39:47Z</time>
    
   </trkpt>
   <trkpt lat="40.0233200" lon="-105.6525770">
    <ele>3880.6</ele>
    <time>2026-09-13T13:39:57Z</time>
    
   </trkpt>
   <trkpt lat="40.0233220" lon="-105.6525740">
    <ele>3880.0</ele>
    <time>2026-09-13T13:39:58Z</time>
    
   </trkpt>
   <trkpt lat="40.0233250" lon="-105.6525700">
    <ele>3878.8</ele>
    <time>2026-09-13T13:40:01Z</time>
    
   </trkpt>
   <trkpt lat="40.0233330" lon="-105.6525580">
    <ele>3879.2</ele>
    <time>2026-09-13T13:40:07Z</time>
    
   </trkpt>
   <trkpt lat="40.0233320" lon="-105.6525540">
    <ele>3880.0</ele>
    <time>2026-09-13T13:40:09Z</time>
    
   </trkpt>
   <trkpt lat="40.0233320" lon="-105.6525520">
    <ele>3880.0</ele>
    <time>2026-09-13T13:40:10Z</time>
    
   </trkpt>
   <trkpt lat="40.0233300" lon="-105.6525530">
    <ele>3878.6</ele>
    <time>2026-09-13T13:40:19Z</time>
    
   </trkpt>
   <trkpt lat="40.0233320" lon="-105.6525440">
    <ele>3879.6</ele>
    <time>2026-09-13T13:40:25Z</time>
    
   </trkpt>
   <trkpt lat="40.0233330" lon="-105.6525440">
    <ele>3879.6</ele>
    <time>2026-09-13T13:40:26Z</time>
    
   </trkpt>
   <trkpt lat="40.0233410" lon="-105.6525360">
    <ele>3878.2</ele>
    <time>2026-09-13T13:40:31Z</time>
    
   </trkpt>
   <trkpt lat="40.0233360" lon="-105.6525310">
    <ele>3877.6</ele>
    <time>2026-09-13T13:40:34Z</time>
    
   </trkpt>
   <trkpt lat="40.0233410" lon="-105.6525260">
    <ele>3878.0</ele>
    <time>2026-09-13T13:40:36Z</time>
    
   </trkpt>
   <trkpt lat="40.0233410" lon="-105.6525240">
    <ele>3878.6</ele>
    <time>2026-09-13T13:40:39Z</time>
    
   </trkpt>
   <trkpt lat="40.0233410" lon="-105.6525230">
    <ele>3878.4</ele>
    <time>2026-09-13T13:40:43Z</time>
    
   </trkpt>
   <trkpt lat="40.0233380" lon="-105.6525280">
    <ele>3878.4</ele>
    <time>2026-09-13T13:40:45Z</time>
    
   </trkpt>
   <trkpt lat="40.0233320" lon="-105.6525380">
    <ele>3878.2</ele>
    <time>2026-09-13T13:40:49Z</time>
    
   </trkpt>
   <trkpt lat="40.0233320" lon="-105.6525550">
    <ele>3879.0</ele>
    <time>2026-09-13T13:40:59Z</time>
    
   </trkpt>
   <trkpt lat="40.0233200" lon="-105.6525770">
    <ele>3876.8</ele>
    <time>2026-09-13T13:41:03Z</time>
    
   </trkpt>
   <trkpt lat="40.0233170" lon="-105.6525870">
    <ele>3875.6</ele>
    <time>2026-09-13T13:41:05Z</time>
    
   </trkpt>
   <trkpt lat="40.0233160" lon="-105.6525930">
    <ele>3874.8</ele>
    <time>2026-09-13T13:41:06Z</time>
    
   </trkpt>
   <trkpt lat="40.0233170" lon="-105.6525990">
    <ele>3874.6</ele>
    <time>2026-09-13T13:41:07Z</time>
    
   </trkpt>
   <trkpt lat="40.0233320" lon="-105.6526120">
    <ele>3875.8</ele>
    <time>2026-09-13T13:41:11Z</time>
    
   </trkpt>
   <trkpt lat="40.0233370" lon="-105.6526130">
    <ele>3876.4</ele>
    <time>2026-09-13T13:41:12Z</time>
    
   </trkpt>
   <trkpt lat="40.0233460" lon="-105.6526170">
    <ele>3876.8</ele>
    <time>2026-09-13T13:41:14Z</time>
    
   </trkpt>
   <trkpt lat="40.0233640" lon="-105.6526220">
    <ele>3875.8</ele>
    <time>2026-09-13T13:41:17Z</time>
    
   </trkpt>
   <trkpt lat="40.0233700" lon="-105.6526210">
    <ele>3875.6</ele>
    <time>2026-09-13T13:41:18Z</time>
    
   </trkpt>
   <trkpt lat="40.0233830" lon="-105.6526170">
    <ele>3874.4</ele>
    <time>2026-09-13T13:41:20Z</time>
    
   </trkpt>
   <trkpt lat="40.0233890" lon="-105.6526140">
    <ele>3873.8</ele>
    <time>2026-09-13T13:41:21Z</time>
    
   </trkpt>
   <trkpt lat="40.0233930" lon="-105.6526120">
    <ele>3873.8</ele>
    <time>2026-09-13T13:41:22Z</time>
    
   </trkpt>
   <trkpt lat="40.0233970" lon="-105.6526090">
    <ele>3874.0</ele>
    <time>2026-09-13T13:41:23Z</time>
    
   </trkpt>
   <trkpt lat="40.0234000" lon="-105.6526030">
    <ele>3874.6</ele>
    <time>2026-09-13T13:41:27Z</time>
    
   </trkpt>
   <trkpt lat="40.0234090" lon="-105.6525980">
    <ele>3874.6</ele>
    <time>2026-09-13T13:41:33Z</time>
    
   </trkpt>
   <trkpt lat="40.0234150" lon="-105.6525990">
    <ele>3874.4</ele>
    <time>2026-09-13T13:41:34Z</time>
    
   </trkpt>
   <trkpt lat="40.0234710" lon="-105.6526070">
    <ele>3873.2</ele>
    <time>2026-09-13T13:41:44Z</time>
    
   </trkpt>
   <trkpt lat="40.0234880" lon="-105.6526130">
    <ele>3872.0</ele>
    <time>2026-09-13T13:41:48Z</time>
    
   </trkpt>
   <trkpt lat="40.0235080" lon="-105.6526150">
    <ele>3870.6</ele>
    <time>2026-09-13T13:41:51Z</time>
    
   </trkpt>
   <trkpt lat="40.0235310" lon="-105.6526160">
    <ele>3869.2</ele>
    <time>2026-09-13T13:41:55Z</time>
    
   </trkpt>
   <trkpt lat="40.0235360" lon="-105.6526180">
    <ele>3868.4</ele>
    <time>2026-09-13T13:41:56Z</time>
    
   </trkpt>
   <trkpt lat="40.0235420" lon="-105.6526180">
    <ele>3868.0</ele>
    <time>2026-09-13T13:41:57Z</time>
    
   </trkpt>
   <trkpt lat="40.0235740" lon="-105.6526110">
    <ele>3867.2</ele>
    <time>2026-09-13T13:42:01Z</time>
    
   </trkpt>
   <trkpt lat="40.0236100" lon="-105.6526120">
    <ele>3867.4</ele>
    <time>2026-09-13T13:42:06Z</time>
    
   </trkpt>
   <trkpt lat="40.0236220" lon="-105.6526050">
    <ele>3867.6</ele>
    <time>2026-09-13T13:42:09Z</time>
    
   </trkpt>
   <trkpt lat="40.0236360" lon="-105.6525910">
    <ele>3866.8</ele>
    <time>2026-09-13T13:42:12Z</time>
    
   </trkpt>
   <trkpt lat="40.0236600" lon="-105.6525910">
    <ele>3866.8</ele>
    <time>2026-09-13T13:42:16Z</time>
    
   </trkpt>
   <trkpt lat="40.0236650" lon="-105.6525900">
    <ele>3867.4</ele>
    <time>2026-09-13T13:42:17Z</time>
    
   </trkpt>
   <trkpt lat="40.0236710" lon="-105.6525890">
    <ele>3868.0</ele>
    <time>2026-09-13T13:42:18Z</time>
    
   </trkpt>
   <trkpt lat="40.0236840" lon="-105.6525930">
    <ele>3869.0</ele>
    <time>2026-09-13T13:42:21Z</time>
    
   </trkpt>
   <trkpt lat="40.0237110" lon="-105.6525790">
    <ele>3868.2</ele>
    <time>2026-09-13T13:42:28Z</time>
    
   </trkpt>
   <trkpt lat="40.0237660" lon="-105.6525970">
    <ele>3868.6</ele>
    <time>2026-09-13T13:42:40Z</time>
    
   </trkpt>
   <trkpt lat="40.0237800" lon="-105.6526060">
    <ele>3869.2</ele>
    <time>2026-09-13T13:42:42Z</time>
    
   </trkpt>
   <trkpt lat="40.0237890" lon="-105.6526090">
    <ele>3870.0</ele>
    <time>2026-09-13T13:42:44Z</time>
    
   </trkpt>
   <trkpt lat="40.0237920" lon="-105.6526070">
    <ele>3870.2</ele>
    <time>2026-09-13T13:42:45Z</time>
    
   </trkpt>
   <trkpt lat="40.0238000" lon="-105.6526090">
    <ele>3871.0</ele>
    <time>2026-09-13T13:42:47Z</time>
    
   </trkpt>
   <trkpt lat="40.0238050" lon="-105.6526110">
    <ele>3871.4</ele>
    <time>2026-09-13T13:42:48Z</time>
    
   </trkpt>
   <trkpt lat="40.0238090" lon="-105.6526130">
    <ele>3871.4</ele>
    <time>2026-09-13T13:42:49Z</time>
    
   </trkpt>
   <trkpt lat="40.0238270" lon="-105.6526440">
    <ele>3872.4</ele>
    <time>2026-09-13T13:42:56Z</time>
    
   </trkpt>
   <trkpt lat="40.0238260" lon="-105.6526490">
    <ele>3872.4</ele>
    <time>2026-09-13T13:42:57Z</time>
    
   </trkpt>
   <trkpt lat="40.0238280" lon="-105.6526520">
    <ele>3872.6</ele>
    <time>2026-09-13T13:42:58Z</time>
    
   </trkpt>
   <trkpt lat="40.0238400" lon="-105.6526620">
    <ele>3872.6</ele>
    <time>2026-09-13T13:43:02Z</time>
    
   </trkpt>
   <trkpt lat="40.0238560" lon="-105.6526880">
    <ele>3873.0</ele>
    <time>2026-09-13T13:43:08Z</time>
    
   </trkpt>
   <trkpt lat="40.0238710" lon="-105.6527200">
    <ele>3872.0</ele>
    <time>2026-09-13T13:43:17Z</time>
    
   </trkpt>
   <trkpt lat="40.0238750" lon="-105.6527280">
    <ele>3871.6</ele>
    <time>2026-09-13T13:43:20Z</time>
    
   </trkpt>
   <trkpt lat="40.0238780" lon="-105.6527320">
    <ele>3871.4</ele>
    <time>2026-09-13T13:43:21Z</time>
    
   </trkpt>
   <trkpt lat="40.0238990" lon="-105.6527540">
    <ele>3872.6</ele>
    <time>2026-09-13T13:43:27Z</time>
    
   </trkpt>
   <trkpt lat="40.0239090" lon="-105.6527530">
    <ele>3873.2</ele>
    <time>2026-09-13T13:43:29Z</time>
    
   </trkpt>
   <trkpt lat="40.0239230" lon="-105.6527540">
    <ele>3873.8</ele>
    <time>2026-09-13T13:43:31Z</time>
    
   </trkpt>
   <trkpt lat="40.0239300" lon="-105.6527530">
    <ele>3875.2</ele>
    <time>2026-09-13T13:43:34Z</time>
    
   </trkpt>
   <trkpt lat="40.0239380" lon="-105.6527510">
    <ele>3875.6</ele>
    <time>2026-09-13T13:43:36Z</time>
    
   </trkpt>
   <trkpt lat="40.0239540" lon="-105.6527520">
    <ele>3875.6</ele>
    <time>2026-09-13T13:43:41Z</time>
    
   </trkpt>
   <trkpt lat="40.0239630" lon="-105.6527410">
    <ele>3876.4</ele>
    <time>2026-09-13T13:43:45Z</time>
    
   </trkpt>
   <trkpt lat="40.0239670" lon="-105.6527370">
    <ele>3877.4</ele>
    <time>2026-09-13T13:43:47Z</time>
    
   </trkpt>
   <trkpt lat="40.0239670" lon="-105.6527340">
    <ele>3877.8</ele>
    <time>2026-09-13T13:43:48Z</time>
    
   </trkpt>
   <trkpt lat="40.0239590" lon="-105.6527330">
    <ele>3878.8</ele>
    <time>2026-09-13T13:43:51Z</time>
    
   </trkpt>
   <trkpt lat="40.0239400" lon="-105.6527130">
    <ele>3879.2</ele>
    <time>2026-09-13T13:43:58Z</time>
    
   </trkpt>
   <trkpt lat="40.0239370" lon="-105.6526890">
    <ele>3879.4</ele>
    <time>2026-09-13T13:44:02Z</time>
    
   </trkpt>
   <trkpt lat="40.0239380" lon="-105.6526810">
    <ele>3880.0</ele>
    <time>2026-09-13T13:44:04Z</time>
    
   </trkpt>
   <trkpt lat="40.0239410" lon="-105.6526750">
    <ele>3880.6</ele>
    <time>2026-09-13T13:44:06Z</time>
    
   </trkpt>
   <trkpt lat="40.0239410" lon="-105.6526770">
    <ele>3881.0</ele>
    <time>2026-09-13T13:44:08Z</time>
    
   </trkpt>
   <trkpt lat="40.0239430" lon="-105.6526680">
    <ele>3881.4</ele>
    <time>2026-09-13T13:44:13Z</time>
    
   </trkpt>
   <trkpt lat="40.0239590" lon="-105.6526490">
    <ele>3882.0</ele>
    <time>2026-09-13T13:44:18Z</time>
    
   </trkpt>
   <trkpt lat="40.0239750" lon="-105.6526460">
    <ele>3882.0</ele>
    <time>2026-09-13T13:44:30Z</time>
    
   </trkpt>
   <trkpt lat="40.0239780" lon="-105.6526430">
    <ele>3883.2</ele>
    <time>2026-09-13T13:44:36Z</time>
    
   </trkpt>
   <trkpt lat="40.0239840" lon="-105.6526340">
    <ele>3883.4</ele>
    <time>2026-09-13T13:44:40Z</time>
    
   </trkpt>
   <trkpt lat="40.0239860" lon="-105.6526320">
    <ele>3884.4</ele>
    <time>2026-09-13T13:44:48Z</time>
    
   </trkpt>
   <trkpt lat="40.0239860" lon="-105.6526320">
    <ele>3884.2</ele>
    <time>2026-09-13T13:44:54Z</time>
    
   </trkpt>
   <trkpt lat="40.0239870" lon="-105.6526310">
    <ele>3884.2</ele>
    <time>2026-09-13T13:44:56Z</time>
    
   </trkpt>
   <trkpt lat="40.0239880" lon="-105.6526290">
    <ele>3883.0</ele>
    <time>2026-09-13T13:45:03Z</time>
    
   </trkpt>
   <trkpt lat="40.0239880" lon="-105.6526290">
    <ele>3883.2</ele>
    <time>2026-09-13T13:45:07Z</time>
    
   </trkpt>
   <trkpt lat="40.0239870" lon="-105.6526280">
    <ele>3884.0</ele>
    <time>2026-09-13T13:45:12Z</time>
    
   </trkpt>
   <trkpt lat="40.0239870" lon="-105.6526290">
    <ele>3884.2</ele>
    <time>2026-09-13T13:45:14Z</time>
    
   </trkpt>
   <trkpt lat="40.0239930" lon="-105.6526290">
    <ele>3884.2</ele>
    <time>2026-09-13T13:45:23Z</time>
    
   </trkpt>
   <trkpt lat="40.0239950" lon="-105.6526300">
    <ele>3883.2</ele>
    <time>2026-09-13T13:45:30Z</time>
    
   </trkpt>
   <trkpt lat="40.0239960" lon="-105.6526300">
    <ele>3882.8</ele>
    <time>2026-09-13T13:45:31Z</time>
    
   </trkpt>
   <trkpt lat="40.0240020" lon="-105.6526370">
    <ele>3883.2</ele>
    <time>2026-09-13T13:45:41Z</time>
    
   </trkpt>
   <trkpt lat="40.0240260" lon="-105.6526470">
    <ele>3881.4</ele>
    <time>2026-09-13T13:45:46Z</time>
    
   </trkpt>
   <trkpt lat="40.0240390" lon="-105.6526510">
    <ele>3880.4</ele>
    <time>2026-09-13T13:45:49Z</time>
    
   </trkpt>
   <trkpt lat="40.0240500" lon="-105.6526510">
    <ele>3879.4</ele>
    <time>2026-09-13T13:45:51Z</time>
    
   </trkpt>
   <trkpt lat="40.0240540" lon="-105.6526450">
    <ele>3879.2</ele>
    <time>2026-09-13T13:45:52Z</time>
    
   </trkpt>
   <trkpt lat="40.0240610" lon="-105.6526240">
    <ele>3880.8</ele>
    <time>2026-09-13T13:45:56Z</time>
    
   </trkpt>
   <trkpt lat="40.0240610" lon="-105.6526220">
    <ele>3882.0</ele>
    <time>2026-09-13T13:45:57Z</time>
    
   </trkpt>
   <trkpt lat="40.0240590" lon="-105.6526180">
    <ele>3882.8</ele>
    <time>2026-09-13T13:45:58Z</time>
    
   </trkpt>
   <trkpt lat="40.0240580" lon="-105.6526130">
    <ele>3883.2</ele>
    <time>2026-09-13T13:45:59Z</time>
    
   </trkpt>
   <trkpt lat="40.0240590" lon="-105.6526090">
    <ele>3883.4</ele>
    <time>2026-09-13T13:46:00Z</time>
    
   </trkpt>
   <trkpt lat="40.0240650" lon="-105.6525930">
    <ele>3882.0</ele>
    <time>2026-09-13T13:46:05Z</time>
    
   </trkpt>
   <trkpt lat="40.0240730" lon="-105.6525890">
    <ele>3881.0</ele>
    <time>2026-09-13T13:46:07Z</time>
    
   </trkpt>
   <trkpt lat="40.0240760" lon="-105.6525850">
    <ele>3881.0</ele>
    <time>2026-09-13T13:46:12Z</time>
    
   </trkpt>
   <trkpt lat="40.0240760" lon="-105.6525830">
    <ele>3881.0</ele>
    <time>2026-09-13T13:46:13Z</time>
    
   </trkpt>
   <trkpt lat="40.0240810" lon="-105.6525840">
    <ele>3879.6</ele>
    <time>2026-09-13T13:46:17Z</time>
    
   </trkpt>
   <trkpt lat="40.0240910" lon="-105.6525870">
    <ele>3878.2</ele>
    <time>2026-09-13T13:46:21Z</time>
    
   </trkpt>
   <trkpt lat="40.0240960" lon="-105.6525960">
    <ele>3877.2</ele>
    <time>2026-09-13T13:46:23Z</time>
    
   </trkpt>
   <trkpt lat="40.0241100" lon="-105.6525950">
    <ele>3876.0</ele>
    <time>2026-09-13T13:46:26Z</time>
    
   </trkpt>
   <trkpt lat="40.0241140" lon="-105.6525950">
    <ele>3875.6</ele>
    <time>2026-09-13T13:46:28Z</time>
    
   </trkpt>
   <trkpt lat="40.0241290" lon="-105.6525940">
    <ele>3874.6</ele>
    <time>2026-09-13T13:46:31Z</time>
    
   </trkpt>
   <trkpt lat="40.0241350" lon="-105.6525940">
    <ele>3874.4</ele>
    <time>2026-09-13T13:46:32Z</time>
    
   </trkpt>
   <trkpt lat="40.0241440" lon="-105.6525820">
    <ele>3874.2</ele>
    <time>2026-09-13T13:46:39Z</time>
    
   </trkpt>
   <trkpt lat="40.0241570" lon="-105.6525660">
    <ele>3875.0</ele>
    <time>2026-09-13T13:46:44Z</time>
    
   </trkpt>
   <trkpt lat="40.0241770" lon="-105.6525630">
    <ele>3874.2</ele>
    <time>2026-09-13T13:46:48Z</time>
    
   </trkpt>
   <trkpt lat="40.0241800" lon="-105.6525600">
    <ele>3874.0</ele>
    <time>2026-09-13T13:46:50Z</time>
    
   </trkpt>
   <trkpt lat="40.0242200" lon="-105.6525540">
    <ele>3875.2</ele>
    <time>2026-09-13T13:46:58Z</time>
    
   </trkpt>
   <trkpt lat="40.0242250" lon="-105.6525510">
    <ele>3875.8</ele>
    <time>2026-09-13T13:46:59Z</time>
    
   </trkpt>
   <trkpt lat="40.0242460" lon="-105.6525380">
    <ele>3877.0</ele>
    <time>2026-09-13T13:47:03Z</time>
    
   </trkpt>
   <trkpt lat="40.0242550" lon="-105.6525190">
    <ele>3878.4</ele>
    <time>2026-09-13T13:47:06Z</time>
    
   </trkpt>
   <trkpt lat="40.0242520" lon="-105.6525150">
    <ele>3879.4</ele>
    <time>2026-09-13T13:47:08Z</time>
    
   </trkpt>
   <trkpt lat="40.0242500" lon="-105.6525120">
    <ele>3880.2</ele>
    <time>2026-09-13T13:47:09Z</time>
    
   </trkpt>
   <trkpt lat="40.0242470" lon="-105.6525040">
    <ele>3881.6</ele>
    <time>2026-09-13T13:47:11Z</time>
    
   </trkpt>
   <trkpt lat="40.0242360" lon="-105.6524910">
    <ele>3882.8</ele>
    <time>2026-09-13T13:47:15Z</time>
    
   </trkpt>
   <trkpt lat="40.0242360" lon="-105.6524660">
    <ele>3882.8</ele>
    <time>2026-09-13T13:47:21Z</time>
    
   </trkpt>
   <trkpt lat="40.0242660" lon="-105.6524710">
    <ele>3882.8</ele>
    <time>2026-09-13T13:47:31Z</time>
    
   </trkpt>
   <trkpt lat="40.0243080" lon="-105.6524690">
    <ele>3882.4</ele>
    <time>2026-09-13T13:47:42Z</time>
    
   </trkpt>
   <trkpt lat="40.0243190" lon="-105.6524610">
    <ele>3881.6</ele>
    <time>2026-09-13T13:47:45Z</time>
    
   </trkpt>
   <trkpt lat="40.0243220" lon="-105.6524380">
    <ele>3882.6</ele>
    <time>2026-09-13T13:47:49Z</time>
    
   </trkpt>
   <trkpt lat="40.0243270" lon="-105.6524370">
    <ele>3884.4</ele>
    <time>2026-09-13T13:47:51Z</time>
    
   </trkpt>
   <trkpt lat="40.0243310" lon="-105.6524330">
    <ele>3885.6</ele>
    <time>2026-09-13T13:47:54Z</time>
    
   </trkpt>
   <trkpt lat="40.0243360" lon="-105.6524350">
    <ele>3884.4</ele>
    <time>2026-09-13T13:47:58Z</time>
    
   </trkpt>
   <trkpt lat="40.0243360" lon="-105.6524360">
    <ele>3883.0</ele>
    <time>2026-09-13T13:48:00Z</time>
    
   </trkpt>
   <trkpt lat="40.0243420" lon="-105.6524270">
    <ele>3883.4</ele>
    <time>2026-09-13T13:48:03Z</time>
    
   </trkpt>
   <trkpt lat="40.0243460" lon="-105.6524270">
    <ele>3884.2</ele>
    <time>2026-09-13T13:48:06Z</time>
    
   </trkpt>
   <trkpt lat="40.0243440" lon="-105.6524280">
    <ele>3884.4</ele>
    <time>2026-09-13T13:48:09Z</time>
    
   </trkpt>
   <trkpt lat="40.0243500" lon="-105.6524190">
    <ele>3883.4</ele>
    <time>2026-09-13T13:48:21Z</time>
    
   </trkpt>
   <trkpt lat="40.0243500" lon="-105.6524170">
    <ele>3883.4</ele>
    <time>2026-09-13T13:48:26Z</time>
    
   </trkpt>
   <trkpt lat="40.0243570" lon="-105.6524160">
    <ele>3883.8</ele>
    <time>2026-09-13T13:48:32Z</time>
    
   </trkpt>
   <trkpt lat="40.0243640" lon="-105.6524140">
    <ele>3883.6</ele>
    <time>2026-09-13T13:48:34Z</time>
    
   </trkpt>
   <trkpt lat="40.0243920" lon="-105.6523910">
    <ele>3885.4</ele>
    <time>2026-09-13T13:48:42Z</time>
    
   </trkpt>
   <trkpt lat="40.0243960" lon="-105.6523880">
    <ele>3885.8</ele>
    <time>2026-09-13T13:48:43Z</time>
    
   </trkpt>
   <trkpt lat="40.0244150" lon="-105.6523820">
    <ele>3884.8</ele>
    <time>2026-09-13T13:48:48Z</time>
    
   </trkpt>
   <trkpt lat="40.0244300" lon="-105.6523910">
    <ele>3884.4</ele>
    <time>2026-09-13T13:48:54Z</time>
    
   </trkpt>
   <trkpt lat="40.0244360" lon="-105.6523950">
    <ele>3884.0</ele>
    <time>2026-09-13T13:48:55Z</time>
    
   </trkpt>
   <trkpt lat="40.0244740" lon="-105.6523830">
    <ele>3883.8</ele>
    <time>2026-09-13T13:49:02Z</time>
    
   </trkpt>
   <trkpt lat="40.0244810" lon="-105.6523720">
    <ele>3884.0</ele>
    <time>2026-09-13T13:49:04Z</time>
    
   </trkpt>
   <trkpt lat="40.0244850" lon="-105.6523680">
    <ele>3884.0</ele>
    <time>2026-09-13T13:49:05Z</time>
    
   </trkpt>
   <trkpt lat="40.0245020" lon="-105.6523470">
    <ele>3884.0</ele>
    <time>2026-09-13T13:49:09Z</time>
    
   </trkpt>
   <trkpt lat="40.0245210" lon="-105.6523200">
    <ele>3884.4</ele>
    <time>2026-09-13T13:49:16Z</time>
    
   </trkpt>
   <trkpt lat="40.0245310" lon="-105.6522950">
    <ele>3883.8</ele>
    <time>2026-09-13T13:49:23Z</time>
    
   </trkpt>
   <trkpt lat="40.0245320" lon="-105.6522910">
    <ele>3883.8</ele>
    <time>2026-09-13T13:49:25Z</time>
    
   </trkpt>
   <trkpt lat="40.0245340" lon="-105.6522850">
    <ele>3883.8</ele>
    <time>2026-09-13T13:49:26Z</time>
    
   </trkpt>
   <trkpt lat="40.0245410" lon="-105.6522830">
    <ele>3883.0</ele>
    <time>2026-09-13T13:49:31Z</time>
    
   </trkpt>
   <trkpt lat="40.0245460" lon="-105.6522820">
    <ele>3883.0</ele>
    <time>2026-09-13T13:49:33Z</time>
    
   </trkpt>
   <trkpt lat="40.0245570" lon="-105.6522780">
    <ele>3882.0</ele>
    <time>2026-09-13T13:49:38Z</time>
    
   </trkpt>
   <trkpt lat="40.0245580" lon="-105.6522740">
    <ele>3881.4</ele>
    <time>2026-09-13T13:49:39Z</time>
    
   </trkpt>
   <trkpt lat="40.0245590" lon="-105.6522720">
    <ele>3880.8</ele>
    <time>2026-09-13T13:49:40Z</time>
    
   </trkpt>
   <trkpt lat="40.0245710" lon="-105.6522750">
    <ele>3881.4</ele>
    <time>2026-09-13T13:49:52Z</time>
    
   </trkpt>
   <trkpt lat="40.0245630" lon="-105.6522820">
    <ele>3880.6</ele>
    <time>2026-09-13T13:49:57Z</time>
    
   </trkpt>
   <trkpt lat="40.0245620" lon="-105.6522840">
    <ele>3880.4</ele>
    <time>2026-09-13T13:49:59Z</time>
    
   </trkpt>
   <trkpt lat="40.0245590" lon="-105.6522840">
    <ele>3880.4</ele>
    <time>2026-09-13T13:50:00Z</time>
    
   </trkpt>
   <trkpt lat="40.0245500" lon="-105.6522850">
    <ele>3881.0</ele>
    <time>2026-09-13T13:50:04Z</time>
    
   </trkpt>
   <trkpt lat="40.0245530" lon="-105.6523030">
    <ele>3879.8</ele>
    <time>2026-09-13T13:50:10Z</time>
    
   </trkpt>
   <trkpt lat="40.0245520" lon="-105.6523060">
    <ele>3878.8</ele>
    <time>2026-09-13T13:50:12Z</time>
    
   </trkpt>
   <trkpt lat="40.0245530" lon="-105.6523080">
    <ele>3878.6</ele>
    <time>2026-09-13T13:50:13Z</time>
    
   </trkpt>
   <trkpt lat="40.0245520" lon="-105.6523070">
    <ele>3878.4</ele>
    <time>2026-09-13T13:50:14Z</time>
    
   </trkpt>
   <trkpt lat="40.0245460" lon="-105.6523060">
    <ele>3879.0</ele>
    <time>2026-09-13T13:50:19Z</time>
    
   </trkpt>
   <trkpt lat="40.0245570" lon="-105.6523050">
    <ele>3879.4</ele>
    <time>2026-09-13T13:50:27Z</time>
    
   </trkpt>
   <trkpt lat="40.0245570" lon="-105.6523030">
    <ele>3879.4</ele>
    <time>2026-09-13T13:50:31Z</time>
    
   </trkpt>
   <trkpt lat="40.0245580" lon="-105.6523140">
    <ele>3878.8</ele>
    <time>2026-09-13T13:50:39Z</time>
    
   </trkpt>
   <trkpt lat="40.0245750" lon="-105.6523420">
    <ele>3878.6</ele>
    <time>2026-09-13T13:50:51Z</time>
    
   </trkpt>
   <trkpt lat="40.0245740" lon="-105.6523490">
    <ele>3877.6</ele>
    <time>2026-09-13T13:50:55Z</time>
    
   </trkpt>
   <trkpt lat="40.0245720" lon="-105.6523530">
    <ele>3876.4</ele>
    <time>2026-09-13T13:50:59Z</time>
    
   </trkpt>
   <trkpt lat="40.0245740" lon="-105.6523560">
    <ele>3876.4</ele>
    <time>2026-09-13T13:51:01Z</time>
    
   </trkpt>
   <trkpt lat="40.0245750" lon="-105.6523560">
    <ele>3876.4</ele>
    <time>2026-09-13T13:51:02Z</time>
    
   </trkpt>
   <trkpt lat="40.0245730" lon="-105.6523490">
    <ele>3875.2</ele>
    <time>2026-09-13T13:51:11Z</time>
    
   </trkpt>
   <trkpt lat="40.0245720" lon="-105.6523510">
    <ele>3875.0</ele>
    <time>2026-09-13T13:51:15Z</time>
    
   </trkpt>
   <trkpt lat="40.0245720" lon="-105.6523500">
    <ele>3876.2</ele>
    <time>2026-09-13T13:51:17Z</time>
    
   </trkpt>
   <trkpt lat="40.0245790" lon="-105.6523530">
    <ele>3874.8</ele>
    <time>2026-09-13T13:51:25Z</time>
    
   </trkpt>
   <trkpt lat="40.0245830" lon="-105.6523490">
    <ele>3873.6</ele>
    <time>2026-09-13T13:51:27Z</time>
    
   </trkpt>
   <trkpt lat="40.0245820" lon="-105.6523510">
    <ele>3873.2</ele>
    <time>2026-09-13T13:51:30Z</time>
    
   </trkpt>
   <trkpt lat="40.0245730" lon="-105.6523810">
    <ele>3874.4</ele>
    <time>2026-09-13T13:51:42Z</time>
    
   </trkpt>
   <trkpt lat="40.0245610" lon="-105.6523840">
    <ele>3874.4</ele>
    <time>2026-09-13T13:51:47Z</time>
    
   </trkpt>
   <trkpt lat="40.0245540" lon="-105.6523790">
    <ele>3874.0</ele>
    <time>2026-09-13T13:51:52Z</time>
    
   </trkpt>
   <trkpt lat="40.0245490" lon="-105.6523770">
    <ele>3872.8</ele>
    <time>2026-09-13T13:51:54Z</time>
    
   </trkpt>
   <trkpt lat="40.0245480" lon="-105.6523790">
    <ele>3872.6</ele>
    <time>2026-09-13T13:51:55Z</time>
    
   </trkpt>
   <trkpt lat="40.0245770" lon="-105.6524030">
    <ele>3872.0</ele>
    <time>2026-09-13T13:52:08Z</time>
    
   </trkpt>
   <trkpt lat="40.0245990" lon="-105.6524020">
    <ele>3871.4</ele>
    <time>2026-09-13T13:52:15Z</time>
    
   </trkpt>
   <trkpt lat="40.0245820" lon="-105.6523950">
    <ele>3870.6</ele>
    <time>2026-09-13T13:52:21Z</time>
    
   </trkpt>
   <trkpt lat="40.0245830" lon="-105.6523960">
    <ele>3870.2</ele>
    <time>2026-09-13T13:52:26Z</time>
    
   </trkpt>
   <trkpt lat="40.0245890" lon="-105.6523940">
    <ele>3869.6</ele>
    <time>2026-09-13T13:52:28Z</time>
    
   </trkpt>
   <trkpt lat="40.0245930" lon="-105.6523940">
    <ele>3869.2</ele>
    <time>2026-09-13T13:52:30Z</time>
    
   </trkpt>
   <trkpt lat="40.0245930" lon="-105.6523950">
    <ele>3869.0</ele>
    <time>2026-09-13T13:52:32Z</time>
    
   </trkpt>
   <trkpt lat="40.0245950" lon="-105.6523960">
    <ele>3869.0</ele>
    <time>2026-09-13T13:52:33Z</time>
    
   </trkpt>
   <trkpt lat="40.0245960" lon="-105.6523910">
    <ele>3869.6</ele>
    <time>2026-09-13T13:52:36Z</time>
    
   </trkpt>
   <trkpt lat="40.0245920" lon="-105.6523800">
    <ele>3869.6</ele>
    <time>2026-09-13T13:52:43Z</time>
    
   </trkpt>
   <trkpt lat="40.0245950" lon="-105.6523820">
    <ele>3869.8</ele>
    <time>2026-09-13T13:52:45Z</time>
    
   </trkpt>
   <trkpt lat="40.0245950" lon="-105.6523780">
    <ele>3870.0</ele>
    <time>2026-09-13T13:52:47Z</time>
    
   </trkpt>
   <trkpt lat="40.0246060" lon="-105.6523720">
    <ele>3870.0</ele>
    <time>2026-09-13T13:52:51Z</time>
    
   </trkpt>
   <trkpt lat="40.0246000" lon="-105.6523690">
    <ele>3868.0</ele>
    <time>2026-09-13T13:52:56Z</time>
    
   </trkpt>
   <trkpt lat="40.0245970" lon="-105.6523680">
    <ele>3867.2</ele>
    <time>2026-09-13T13:52:58Z</time>
    
   </trkpt>
   <trkpt lat="40.0245820" lon="-105.6523660">
    <ele>3867.0</ele>
    <time>2026-09-13T13:53:01Z</time>
    
   </trkpt>
   <trkpt lat="40.0245820" lon="-105.6523630">
    <ele>3867.2</ele>
    <time>2026-09-13T13:53:03Z</time>
    
   </trkpt>
   <trkpt lat="40.0245950" lon="-105.6523630">
    <ele>3866.2</ele>
    <time>2026-09-13T13:53:10Z</time>
    
   </trkpt>
   <trkpt lat="40.0246020" lon="-105.6523710">
    <ele>3866.2</ele>
    <time>2026-09-13T13:53:13Z</time>
    
   </trkpt>
   <trkpt lat="40.0246080" lon="-105.6524020">
    <ele>3865.6</ele>
    <time>2026-09-13T13:53:17Z</time>
    
   </trkpt>
   <trkpt lat="40.0246100" lon="-105.6524080">
    <ele>3865.2</ele>
    <time>2026-09-13T13:53:19Z</time>
    
   </trkpt>
   <trkpt lat="40.0246120" lon="-105.6524110">
    <ele>3864.8</ele>
    <time>2026-09-13T13:53:20Z</time>
    
   </trkpt>
   <trkpt lat="40.0246110" lon="-105.6524110">
    <ele>3864.6</ele>
    <time>2026-09-13T13:53:22Z</time>
    
   </trkpt>
   <trkpt lat="40.0246270" lon="-105.6524190">
    <ele>3863.6</ele>
    <time>2026-09-13T13:53:28Z</time>
    
   </trkpt>
   <trkpt lat="40.0246450" lon="-105.6523990">
    <ele>3862.6</ele>
    <time>2026-09-13T13:53:32Z</time>
    
   </trkpt>
   <trkpt lat="40.0246490" lon="-105.6523950">
    <ele>3862.0</ele>
    <time>2026-09-13T13:53:33Z</time>
    
   </trkpt>
   <trkpt lat="40.0246540" lon="-105.6523850">
    <ele>3861.0</ele>
    <time>2026-09-13T13:53:35Z</time>
    
   </trkpt>
   <trkpt lat="40.0246750" lon="-105.6523630">
    <ele>3860.6</ele>
    <time>2026-09-13T13:53:39Z</time>
    
   </trkpt>
   <trkpt lat="40.0246840" lon="-105.6523550">
    <ele>3860.4</ele>
    <time>2026-09-13T13:53:41Z</time>
    
   </trkpt>
   <trkpt lat="40.0246980" lon="-105.6523360">
    <ele>3860.4</ele>
    <time>2026-09-13T13:53:44Z</time>
    
   </trkpt>
   <trkpt lat="40.0247100" lon="-105.6523250">
    <ele>3860.0</ele>
    <time>2026-09-13T13:53:47Z</time>
    
   </trkpt>
   <trkpt lat="40.0247240" lon="-105.6523150">
    <ele>3859.0</ele>
    <time>2026-09-13T13:53:52Z</time>
    
   </trkpt>
   <trkpt lat="40.0247440" lon="-105.6522930">
    <ele>3858.8</ele>
    <time>2026-09-13T13:53:55Z</time>
    
   </trkpt>
   <trkpt lat="40.0247520" lon="-105.6522790">
    <ele>3860.2</ele>
    <time>2026-09-13T13:53:58Z</time>
    
   </trkpt>
   <trkpt lat="40.0247520" lon="-105.6522730">
    <ele>3860.6</ele>
    <time>2026-09-13T13:53:59Z</time>
    
   </trkpt>
   <trkpt lat="40.0247570" lon="-105.6522650">
    <ele>3861.0</ele>
    <time>2026-09-13T13:54:01Z</time>
    
   </trkpt>
   <trkpt lat="40.0247560" lon="-105.6522560">
    <ele>3860.4</ele>
    <time>2026-09-13T13:54:06Z</time>
    
   </trkpt>
   <trkpt lat="40.0247780" lon="-105.6522360">
    <ele>3859.2</ele>
    <time>2026-09-13T13:54:13Z</time>
    
   </trkpt>
   <trkpt lat="40.0247860" lon="-105.6522200">
    <ele>3859.4</ele>
    <time>2026-09-13T13:54:16Z</time>
    
   </trkpt>
   <trkpt lat="40.0248210" lon="-105.6521950">
    <ele>3860.2</ele>
    <time>2026-09-13T13:54:21Z</time>
    
   </trkpt>
   <trkpt lat="40.0248480" lon="-105.6521730">
    <ele>3860.8</ele>
    <time>2026-09-13T13:54:25Z</time>
    
   </trkpt>
   <trkpt lat="40.0248540" lon="-105.6521670">
    <ele>3861.2</ele>
    <time>2026-09-13T13:54:26Z</time>
    
   </trkpt>
   <trkpt lat="40.0248650" lon="-105.6521590">
    <ele>3861.6</ele>
    <time>2026-09-13T13:54:27Z</time>
    
   </trkpt>
   <trkpt lat="40.0248930" lon="-105.6521260">
    <ele>3862.2</ele>
    <time>2026-09-13T13:54:33Z</time>
    
   </trkpt>
   <trkpt lat="40.0248940" lon="-105.6521160">
    <ele>3862.6</ele>
    <time>2026-09-13T13:54:34Z</time>
    
   </trkpt>
   <trkpt lat="40.0249000" lon="-105.6521060">
    <ele>3863.6</ele>
    <time>2026-09-13T13:54:36Z</time>
    
   </trkpt>
   <trkpt lat="40.0249010" lon="-105.6521030">
    <ele>3864.0</ele>
    <time>2026-09-13T13:54:37Z</time>
    
   </trkpt>
   <trkpt lat="40.0249060" lon="-105.6521000">
    <ele>3864.4</ele>
    <time>2026-09-13T13:54:38Z</time>
    
   </trkpt>
   <trkpt lat="40.0249100" lon="-105.6520940">
    <ele>3865.0</ele>
    <time>2026-09-13T13:54:39Z</time>
    
   </trkpt>
   <trkpt lat="40.0249140" lon="-105.6520900">
    <ele>3866.0</ele>
    <time>2026-09-13T13:54:41Z</time>
    
   </trkpt>
   <trkpt lat="40.0249200" lon="-105.6520870">
    <ele>3867.6</ele>
    <time>2026-09-13T13:54:44Z</time>
    
   </trkpt>
   <trkpt lat="40.0249160" lon="-105.6520590">
    <ele>3868.4</ele>
    <time>2026-09-13T13:54:49Z</time>
    
   </trkpt>
   <trkpt lat="40.0249330" lon="-105.6520390">
    <ele>3868.8</ele>
    <time>2026-09-13T13:54:55Z</time>
    
   </trkpt>
   <trkpt lat="40.0249540" lon="-105.6520370">
    <ele>3869.4</ele>
    <time>2026-09-13T13:54:58Z</time>
    
   </trkpt>
   <trkpt lat="40.0249610" lon="-105.6520400">
    <ele>3869.6</ele>
    <time>2026-09-13T13:54:59Z</time>
    
   </trkpt>
   <trkpt lat="40.0249680" lon="-105.6520420">
    <ele>3870.2</ele>
    <time>2026-09-13T13:55:00Z</time>
    
   </trkpt>
   <trkpt lat="40.0249800" lon="-105.6520500">
    <ele>3871.2</ele>
    <time>2026-09-13T13:55:02Z</time>
    
   </trkpt>
   <trkpt lat="40.0249820" lon="-105.6520510">
    <ele>3871.4</ele>
    <time>2026-09-13T13:55:03Z</time>
    
   </trkpt>
   <trkpt lat="40.0250060" lon="-105.6520610">
    <ele>3872.2</ele>
    <time>2026-09-13T13:55:07Z</time>
    
   </trkpt>
   <trkpt lat="40.0250130" lon="-105.6520600">
    <ele>3872.2</ele>
    <time>2026-09-13T13:55:08Z</time>
    
   </trkpt>
   <trkpt lat="40.0250260" lon="-105.6520580">
    <ele>3872.6</ele>
    <time>2026-09-13T13:55:12Z</time>
    
   </trkpt>
   <trkpt lat="40.0250270" lon="-105.6520590">
    <ele>3873.4</ele>
    <time>2026-09-13T13:55:14Z</time>
    
   </trkpt>
   <trkpt lat="40.0250270" lon="-105.6520570">
    <ele>3873.8</ele>
    <time>2026-09-13T13:55:15Z</time>
    
   </trkpt>
   <trkpt lat="40.0250330" lon="-105.6520460">
    <ele>3874.2</ele>
    <time>2026-09-13T13:55:18Z</time>
    
   </trkpt>
   <trkpt lat="40.0250670" lon="-105.6520300">
    <ele>3874.4</ele>
    <time>2026-09-13T13:55:27Z</time>
    
   </trkpt>
   <trkpt lat="40.0250690" lon="-105.6520270">
    <ele>3874.8</ele>
    <time>2026-09-13T13:55:29Z</time>
    
   </trkpt>
   <trkpt lat="40.0250720" lon="-105.6520250">
    <ele>3875.6</ele>
    <time>2026-09-13T13:55:38Z</time>
    
   </trkpt>
   <trkpt lat="40.0250720" lon="-105.6520260">
    <ele>3875.8</ele>
    <time>2026-09-13T13:55:39Z</time>
    
   </trkpt>
   <trkpt lat="40.0250740" lon="-105.6520270">
    <ele>3876.0</ele>
    <time>2026-09-13T13:55:40Z</time>
    
   </trkpt>
   <trkpt lat="40.0250760" lon="-105.6520280">
    <ele>3876.0</ele>
    <time>2026-09-13T13:55:41Z</time>
    
   </trkpt>
   <trkpt lat="40.0250910" lon="-105.6520290">
    <ele>3877.0</ele>
    <time>2026-09-13T13:55:48Z</time>
    
   </trkpt>
   <trkpt lat="40.0250930" lon="-105.6520300">
    <ele>3877.6</ele>
    <time>2026-09-13T13:55:50Z</time>
    
   </trkpt>
   <trkpt lat="40.0250970" lon="-105.6520330">
    <ele>3878.0</ele>
    <time>2026-09-13T13:55:52Z</time>
    
   </trkpt>
   <trkpt lat="40.0251070" lon="-105.6520350">
    <ele>3878.0</ele>
    <time>2026-09-13T13:55:55Z</time>
    
   </trkpt>
   <trkpt lat="40.0251360" lon="-105.6520260">
    <ele>3878.4</ele>
    <time>2026-09-13T13:56:01Z</time>
    
   </trkpt>
   <trkpt lat="40.0251600" lon="-105.6520300">
    <ele>3877.4</ele>
    <time>2026-09-13T13:56:10Z</time>
    
   </trkpt>
   <trkpt lat="40.0251680" lon="-105.6520300">
    <ele>3878.0</ele>
    <time>2026-09-13T13:56:12Z</time>
    
   </trkpt>
   <trkpt lat="40.0251730" lon="-105.6520260">
    <ele>3878.2</ele>
    <time>2026-09-13T13:56:16Z</time>
    
   </trkpt>
   <trkpt lat="40.0251760" lon="-105.6520280">
    <ele>3879.0</ele>
    <time>2026-09-13T13:56:21Z</time>
    
   </trkpt>
   <trkpt lat="40.0251790" lon="-105.6520280">
    <ele>3878.6</ele>
    <time>2026-09-13T13:56:26Z</time>
    
   </trkpt>
   <trkpt lat="40.0251810" lon="-105.6520230">
    <ele>3878.6</ele>
    <time>2026-09-13T13:56:40Z</time>
    
   </trkpt>
   <trkpt lat="40.0251790" lon="-105.6520200">
    <ele>3878.4</ele>
    <time>2026-09-13T13:56:41Z</time>
    
   </trkpt>
   <trkpt lat="40.0251820" lon="-105.6520160">
    <ele>3880.6</ele>
    <time>2026-09-13T13:56:47Z</time>
    
   </trkpt>
   <trkpt lat="40.0251930" lon="-105.6520220">
    <ele>3880.0</ele>
    <time>2026-09-13T13:56:52Z</time>
    
   </trkpt>
   <trkpt lat="40.0251980" lon="-105.6520250">
    <ele>3879.2</ele>
    <time>2026-09-13T13:56:53Z</time>
    
   </trkpt>
   <trkpt lat="40.0252040" lon="-105.6520250">
    <ele>3878.2</ele>
    <time>2026-09-13T13:56:54Z</time>
    
   </trkpt>
   <trkpt lat="40.0252100" lon="-105.6520230">
    <ele>3877.4</ele>
    <time>2026-09-13T13:56:55Z</time>
    
   </trkpt>
   <trkpt lat="40.0252340" lon="-105.6520030">
    <ele>3878.2</ele>
    <time>2026-09-13T13:57:01Z</time>
    
   </trkpt>
   <trkpt lat="40.0252340" lon="-105.6519990">
    <ele>3878.4</ele>
    <time>2026-09-13T13:57:02Z</time>
    
   </trkpt>
   <trkpt lat="40.0252340" lon="-105.6519940">
    <ele>3878.4</ele>
    <time>2026-09-13T13:57:03Z</time>
    
   </trkpt>
   <trkpt lat="40.0252340" lon="-105.6519860">
    <ele>3878.4</ele>
    <time>2026-09-13T13:57:05Z</time>
    
   </trkpt>
   <trkpt lat="40.0252440" lon="-105.6519790">
    <ele>3878.4</ele>
    <time>2026-09-13T13:57:08Z</time>
    
   </trkpt>
   <trkpt lat="40.0252540" lon="-105.6519700">
    <ele>3878.2</ele>
    <time>2026-09-13T13:57:13Z</time>
    
   </trkpt>
   <trkpt lat="40.0252620" lon="-105.6519740">
    <ele>3877.6</ele>
    <time>2026-09-13T13:57:15Z</time>
    
   </trkpt>
   <trkpt lat="40.0252670" lon="-105.6519760">
    <ele>3877.2</ele>
    <time>2026-09-13T13:57:16Z</time>
    
   </trkpt>
   <trkpt lat="40.0252730" lon="-105.6519830">
    <ele>3876.0</ele>
    <time>2026-09-13T13:57:19Z</time>
    
   </trkpt>
   <trkpt lat="40.0252840" lon="-105.6519940">
    <ele>3875.2</ele>
    <time>2026-09-13T13:57:23Z</time>
    
   </trkpt>
   <trkpt lat="40.0252880" lon="-105.6519900">
    <ele>3875.2</ele>
    <time>2026-09-13T13:57:24Z</time>
    
   </trkpt>
   <trkpt lat="40.0253040" lon="-105.6519810">
    <ele>3875.2</ele>
    <time>2026-09-13T13:57:27Z</time>
    
   </trkpt>
   <trkpt lat="40.0253270" lon="-105.6519780">
    <ele>3875.0</ele>
    <time>2026-09-13T13:57:32Z</time>
    
   </trkpt>
   <trkpt lat="40.0253290" lon="-105.6519750">
    <ele>3875.0</ele>
    <time>2026-09-13T13:57:33Z</time>
    
   </trkpt>
   <trkpt lat="40.0253300" lon="-105.6519770">
    <ele>3874.8</ele>
    <time>2026-09-13T13:57:35Z</time>
    
   </trkpt>
   <trkpt lat="40.0253620" lon="-105.6519930">
    <ele>3876.0</ele>
    <time>2026-09-13T13:57:43Z</time>
    
   </trkpt>
   <trkpt lat="40.0253760" lon="-105.6519910">
    <ele>3877.0</ele>
    <time>2026-09-13T13:57:45Z</time>
    
   </trkpt>
   <trkpt lat="40.0253790" lon="-105.6519950">
    <ele>3877.4</ele>
    <time>2026-09-13T13:57:46Z</time>
    
   </trkpt>
   <trkpt lat="40.0253930" lon="-105.6520050">
    <ele>3877.6</ele>
    <time>2026-09-13T13:57:48Z</time>
    
   </trkpt>
   <trkpt lat="40.0253970" lon="-105.6520060">
    <ele>3877.6</ele>
    <time>2026-09-13T13:57:49Z</time>
    
   </trkpt>
   <trkpt lat="40.0254100" lon="-105.6520050">
    <ele>3877.8</ele>
    <time>2026-09-13T13:57:51Z</time>
    
   </trkpt>
   <trkpt lat="40.0254280" lon="-105.6520000">
    <ele>3878.0</ele>
    <time>2026-09-13T13:57:55Z</time>
    
   </trkpt>
   <trkpt lat="40.0254310" lon="-105.6519960">
    <ele>3878.6</ele>
    <time>2026-09-13T13:57:57Z</time>
    
   </trkpt>
   <trkpt lat="40.0254640" lon="-105.6520030">
    <ele>3879.2</ele>
    <time>2026-09-13T13:58:04Z</time>
    
   </trkpt>
   <trkpt lat="40.0254690" lon="-105.6520050">
    <ele>3880.2</ele>
    <time>2026-09-13T13:58:05Z</time>
    
   </trkpt>
   <trkpt lat="40.0254730" lon="-105.6520080">
    <ele>3879.6</ele>
    <time>2026-09-13T13:58:06Z</time>
    
   </trkpt>
   <trkpt lat="40.0254880" lon="-105.6520070">
    <ele>3881.0</ele>
    <time>2026-09-13T13:58:09Z</time>
    
   </trkpt>
   <trkpt lat="40.0254930" lon="-105.6520030">
    <ele>3882.0</ele>
    <time>2026-09-13T13:58:10Z</time>
    
   </trkpt>
   <trkpt lat="40.0254940" lon="-105.6520030">
    <ele>3883.0</ele>
    <time>2026-09-13T13:58:12Z</time>
    
   </trkpt>
   <trkpt lat="40.0254950" lon="-105.6520190">
    <ele>3883.0</ele>
    <time>2026-09-13T13:58:17Z</time>
    
   </trkpt>
   <trkpt lat="40.0255070" lon="-105.6520140">
    <ele>3882.6</ele>
    <time>2026-09-13T13:58:22Z</time>
    
   </trkpt>
   <trkpt lat="40.0255240" lon="-105.6519900">
    <ele>3884.2</ele>
    <time>2026-09-13T13:58:27Z</time>
    
   </trkpt>
   <trkpt lat="40.0255220" lon="-105.6519840">
    <ele>3885.0</ele>
    <time>2026-09-13T13:58:30Z</time>
    
   </trkpt>
   <trkpt lat="40.0255210" lon="-105.6519810">
    <ele>3885.2</ele>
    <time>2026-09-13T13:58:32Z</time>
    
   </trkpt>
   <trkpt lat="40.0255140" lon="-105.6519740">
    <ele>3885.6</ele>
    <time>2026-09-13T13:58:35Z</time>
    
   </trkpt>
   <trkpt lat="40.0255120" lon="-105.6519720">
    <ele>3886.2</ele>
    <time>2026-09-13T13:58:38Z</time>
    
   </trkpt>
   <trkpt lat="40.0255140" lon="-105.6519720">
    <ele>3886.2</ele>
    <time>2026-09-13T13:58:40Z</time>
    
   </trkpt>
   <trkpt lat="40.0255150" lon="-105.6519720">
    <ele>3886.4</ele>
    <time>2026-09-13T13:58:41Z</time>
    
   </trkpt>
   <trkpt lat="40.0255220" lon="-105.6519640">
    <ele>3886.2</ele>
    <time>2026-09-13T13:58:53Z</time>
    
   </trkpt>
   <trkpt lat="40.0255270" lon="-105.6519600">
    <ele>3887.6</ele>
    <time>2026-09-13T13:58:57Z</time>
    
   </trkpt>
   <trkpt lat="40.0255370" lon="-105.6519560">
    <ele>3888.4</ele>
    <time>2026-09-13T13:59:04Z</time>
    
   </trkpt>
   <trkpt lat="40.0255380" lon="-105.6519570">
    <ele>3888.4</ele>
    <time>2026-09-13T13:59:05Z</time>
    
   </trkpt>
   <trkpt lat="40.0255380" lon="-105.6519570">
    <ele>3888.8</ele>
    <time>2026-09-13T13:59:17Z</time>
    
   </trkpt>
   <trkpt lat="40.0255380" lon="-105.6519570">
    <ele>3890.0</ele>
    <time>2026-09-13T13:59:27Z</time>
    
   </trkpt>
   <trkpt lat="40.0255380" lon="-105.6519570">
    <ele>3890.6</ele>
    <time>2026-09-13T13:59:31Z</time>
    
   </trkpt>
   <trkpt lat="40.0255380" lon="-105.6519570">
    <ele>3891.0</ele>
    <time>2026-09-13T13:59:47Z</time>
    
   </trkpt>
   <trkpt lat="40.0255380" lon="-105.6519570">
    <ele>3891.0</ele>
    <time>2026-09-13T13:59:54Z</time>
    
   </trkpt>
   <trkpt lat="40.0255380" lon="-105.6519570">
    <ele>3891.2</ele>
    <time>2026-09-13T13:59:58Z</time>
    
   </trkpt>
   <trkpt lat="40.0255380" lon="-105.6519570">
    <ele>3891.2</ele>
    <time>2026-09-13T14:00:00Z</time>
    
   </trkpt>
   <trkpt lat="40.0255380" lon="-105.6519570">
    <ele>3891.0</ele>
    <time>2026-09-13T14:00:07Z</time>
    
   </trkpt>
   <trkpt lat="40.0255380" lon="-105.6519570">
    <ele>3891.0</ele>
    <time>2026-09-13T14:00:08Z</time>
    
   </trkpt>
   <trkpt lat="40.0255380" lon="-105.6519570">
    <ele>3892.0</ele>
    <time>2026-09-13T14:00:13Z</time>
    
   </trkpt>
   <trkpt lat="40.0255380" lon="-105.6519570">
    <ele>3892.2</ele>
    <time>2026-09-13T14:00:14Z</time>
    
   </trkpt>
   <trkpt lat="40.0255910" lon="-105.6517700">
    <ele>3893.4</ele>
    <time>2026-09-13T14:00:20Z</time>
    
   </trkpt>
   <trkpt lat="40.0255970" lon="-105.6517630">
    <ele>3894.4</ele>
    <time>2026-09-13T14:00:24Z</time>
    
   </trkpt>
   <trkpt lat="40.0255870" lon="-105.6517610">
    <ele>3894.6</ele>
    <time>2026-09-13T14:00:27Z</time>
    
   </trkpt>
   <trkpt lat="40.0255620" lon="-105.6517910">
    <ele>3895.4</ele>
    <time>2026-09-13T14:00:32Z</time>
    
   </trkpt>
   <trkpt lat="40.0255440" lon="-105.6518140">
    <ele>3896.0</ele>
    <time>2026-09-13T14:00:36Z</time>
    
   </trkpt>
   <trkpt lat="40.0255450" lon="-105.6518090">
    <ele>3896.6</ele>
    <time>2026-09-13T14:00:38Z</time>
    
   </trkpt>
   <trkpt lat="40.0255180" lon="-105.6518280">
    <ele>3897.6</ele>
    <time>2026-09-13T14:00:42Z</time>
    
   </trkpt>
   <trkpt lat="40.0255270" lon="-105.6518260">
    <ele>3898.2</ele>
    <time>2026-09-13T14:00:46Z</time>
    
   </trkpt>
   <trkpt lat="40.0255320" lon="-105.6518280">
    <ele>3897.6</ele>
    <time>2026-09-13T14:00:52Z</time>
    
   </trkpt>
   <trkpt lat="40.0255340" lon="-105.6518400">
    <ele>3898.0</ele>
    <time>2026-09-13T14:00:57Z</time>
    
   </trkpt>
   <trkpt lat="40.0255320" lon="-105.6518430">
    <ele>3898.2</ele>
    <time>2026-09-13T14:00:58Z</time>
    
   </trkpt>
   <trkpt lat="40.0255300" lon="-105.6518490">
    <ele>3898.8</ele>
    <time>2026-09-13T14:01:00Z</time>
    
   </trkpt>
   <trkpt lat="40.0255320" lon="-105.6518520">
    <ele>3899.0</ele>
    <time>2026-09-13T14:01:06Z</time>
    
   </trkpt>
   <trkpt lat="40.0255110" lon="-105.6518190">
    <ele>3899.2</ele>
    <time>2026-09-13T14:01:14Z</time>
    
   </trkpt>
   <trkpt lat="40.0255110" lon="-105.6518090">
    <ele>3899.4</ele>
    <time>2026-09-13T14:01:18Z</time>
    
   </trkpt>
   <trkpt lat="40.0255100" lon="-105.6518010">
    <ele>3899.6</ele>
    <time>2026-09-13T14:01:20Z</time>
    
   </trkpt>
   <trkpt lat="40.0255070" lon="-105.6517920">
    <ele>3899.8</ele>
    <time>2026-09-13T14:01:22Z</time>
    
   </trkpt>
   <trkpt lat="40.0255130" lon="-105.6517830">
    <ele>3900.2</ele>
    <time>2026-09-13T14:01:32Z</time>
    
   </trkpt>
   <trkpt lat="40.0255180" lon="-105.6517760">
    <ele>3900.8</ele>
    <time>2026-09-13T14:01:36Z</time>
    
   </trkpt>
   <trkpt lat="40.0255200" lon="-105.6517760">
    <ele>3900.8</ele>
    <time>2026-09-13T14:01:40Z</time>
    
   </trkpt>
   <trkpt lat="40.0255210" lon="-105.6517710">
    <ele>3900.8</ele>
    <time>2026-09-13T14:01:43Z</time>
    
   </trkpt>
   <trkpt lat="40.0255200" lon="-105.6517650">
    <ele>3901.0</ele>
    <time>2026-09-13T14:01:47Z</time>
    
   </trkpt>
   <trkpt lat="40.0255230" lon="-105.6517700">
    <ele>3901.2</ele>
    <time>2026-09-13T14:01:54Z</time>
    
   </trkpt>
   <trkpt lat="40.0255310" lon="-105.6517610">
    <ele>3901.6</ele>
    <time>2026-09-13T14:02:00Z</time>
    
   </trkpt>
   <trkpt lat="40.0255390" lon="-105.6517560">
    <ele>3901.8</ele>
    <time>2026-09-13T14:02:02Z</time>
    
   </trkpt>
   <trkpt lat="40.0255390" lon="-105.6517560">
    <ele>3903.0</ele>
    <time>2026-09-13T14:02:15Z</time>
    
   </trkpt>
   <trkpt lat="40.0255390" lon="-105.6517560">
    <ele>3904.0</ele>
    <time>2026-09-13T14:02:18Z</time>
    
   </trkpt>
   <trkpt lat="40.0255500" lon="-105.6518420">
    <ele>3904.4</ele>
    <time>2026-09-13T14:02:23Z</time>
    
   </trkpt>
   <trkpt lat="40.0255930" lon="-105.6518390">
    <ele>3905.0</ele>
    <time>2026-09-13T14:02:27Z</time>
    
   </trkpt>
   <trkpt lat="40.0256080" lon="-105.6518470">
    <ele>3906.4</ele>
    <time>2026-09-13T14:02:31Z</time>
    
   </trkpt>
   <trkpt lat="40.0256210" lon="-105.6518360">
    <ele>3906.8</ele>
    <time>2026-09-13T14:02:38Z</time>
    
   </trkpt>
   <trkpt lat="40.0256190" lon="-105.6518310">
    <ele>3906.6</ele>
    <time>2026-09-13T14:02:41Z</time>
    
   </trkpt>
   <trkpt lat="40.0256100" lon="-105.6518110">
    <ele>3906.2</ele>
    <time>2026-09-13T14:02:53Z</time>
    
   </trkpt>
   <trkpt lat="40.0256250" lon="-105.6518070">
    <ele>3905.6</ele>
    <time>2026-09-13T14:03:10Z</time>
    
   </trkpt>
   <trkpt lat="40.0256120" lon="-105.6517950">
    <ele>3905.8</ele>
    <time>2026-09-13T14:03:14Z</time>
    
   </trkpt>
   <trkpt lat="40.0256230" lon="-105.6518000">
    <ele>3905.4</ele>
    <time>2026-09-13T14:03:23Z</time>
    
   </trkpt>
   <trkpt lat="40.0256310" lon="-105.6518040">
    <ele>3905.4</ele>
    <time>2026-09-13T14:03:27Z</time>
    
   </trkpt>
   <trkpt lat="40.0256310" lon="-105.6518010">
    <ele>3905.4</ele>
    <time>2026-09-13T14:03:28Z</time>
    
   </trkpt>
   <trkpt lat="40.0256310" lon="-105.6517820">
    <ele>3905.4</ele>
    <time>2026-09-13T14:03:34Z</time>
    
   </trkpt>
   <trkpt lat="40.0256340" lon="-105.6517710">
    <ele>3905.4</ele>
    <time>2026-09-13T14:03:38Z</time>
    
   </trkpt>
   <trkpt lat="40.0256370" lon="-105.6517750">
    <ele>3905.8</ele>
    <time>2026-09-13T14:03:42Z</time>
    
   </trkpt>
   <trkpt lat="40.0256490" lon="-105.6517750">
    <ele>3906.2</ele>
    <time>2026-09-13T14:03:46Z</time>
    
   </trkpt>
   <trkpt lat="40.0256470" lon="-105.6517680">
    <ele>3907.2</ele>
    <time>2026-09-13T14:03:53Z</time>
    
   </trkpt>
   <trkpt lat="40.0256560" lon="-105.6517670">
    <ele>3907.4</ele>
    <time>2026-09-13T14:03:54Z</time>
    
   </trkpt>
   <trkpt lat="40.0256640" lon="-105.6517640">
    <ele>3907.6</ele>
    <time>2026-09-13T14:03:56Z</time>
    
   </trkpt>
   <trkpt lat="40.0256720" lon="-105.6517500">
    <ele>3908.4</ele>
    <time>2026-09-13T14:04:01Z</time>
    
   </trkpt>
   <trkpt lat="40.0256750" lon="-105.6517480">
    <ele>3908.6</ele>
    <time>2026-09-13T14:04:02Z</time>
    
   </trkpt>
   <trkpt lat="40.0256780" lon="-105.6517430">
    <ele>3908.8</ele>
    <time>2026-09-13T14:04:09Z</time>
    
   </trkpt>
   <trkpt lat="40.0256790" lon="-105.6517430">
    <ele>3908.6</ele>
    <time>2026-09-13T14:04:14Z</time>
    
   </trkpt>
   <trkpt lat="40.0256780" lon="-105.6517620">
    <ele>3909.6</ele>
    <time>2026-09-13T14:04:26Z</time>
    
   </trkpt>
   <trkpt lat="40.0256790" lon="-105.6517630">
    <ele>3909.6</ele>
    <time>2026-09-13T14:04:27Z</time>
    
   </trkpt>
   <trkpt lat="40.0256830" lon="-105.6517670">
    <ele>3909.6</ele>
    <time>2026-09-13T14:04:29Z</time>
    
   </trkpt>
   <trkpt lat="40.0257250" lon="-105.6517700">
    <ele>3909.2</ele>
    <time>2026-09-13T14:04:37Z</time>
    
   </trkpt>
   <trkpt lat="40.0257320" lon="-105.6517710">
    <ele>3909.0</ele>
    <time>2026-09-13T14:04:38Z</time>
    
   </trkpt>
   <trkpt lat="40.0257720" lon="-105.6517690">
    <ele>3909.2</ele>
    <time>2026-09-13T14:04:42Z</time>
    
   </trkpt>
   <trkpt lat="40.0257990" lon="-105.6517540">
    <ele>3908.8</ele>
    <time>2026-09-13T14:04:46Z</time>
    
   </trkpt>
   <trkpt lat="40.0258170" lon="-105.6517360">
    <ele>3908.6</ele>
    <time>2026-09-13T14:04:49Z</time>
    
   </trkpt>
   <trkpt lat="40.0258480" lon="-105.6517060">
    <ele>3908.4</ele>
    <time>2026-09-13T14:04:55Z</time>
    
   </trkpt>
   <trkpt lat="40.0258630" lon="-105.6516920">
    <ele>3909.0</ele>
    <time>2026-09-13T14:04:58Z</time>
    
   </trkpt>
   <trkpt lat="40.0258670" lon="-105.6516850">
    <ele>3909.4</ele>
    <time>2026-09-13T14:04:59Z</time>
    
   </trkpt>
   <trkpt lat="40.0258730" lon="-105.6516750">
    <ele>3909.8</ele>
    <time>2026-09-13T14:05:00Z</time>
    
   </trkpt>
   <trkpt lat="40.0258890" lon="-105.6516630">
    <ele>3910.6</ele>
    <time>2026-09-13T14:05:02Z</time>
    
   </trkpt>
   <trkpt lat="40.0258960" lon="-105.6516550">
    <ele>3911.0</ele>
    <time>2026-09-13T14:05:03Z</time>
    
   </trkpt>
   <trkpt lat="40.0259050" lon="-105.6516380">
    <ele>3911.8</ele>
    <time>2026-09-13T14:05:07Z</time>
    
   </trkpt>
   <trkpt lat="40.0259090" lon="-105.6516350">
    <ele>3912.0</ele>
    <time>2026-09-13T14:05:08Z</time>
    
   </trkpt>
   <trkpt lat="40.0259140" lon="-105.6516320">
    <ele>3912.0</ele>
    <time>2026-09-13T14:05:10Z</time>
    
   </trkpt>
   <trkpt lat="40.0259300" lon="-105.6516180">
    <ele>3912.2</ele>
    <time>2026-09-13T14:05:17Z</time>
    
   </trkpt>
   <trkpt lat="40.0259200" lon="-105.6516390">
    <ele>3913.0</ele>
    <time>2026-09-13T14:05:19Z</time>
    
   </trkpt>
   <trkpt lat="40.0259170" lon="-105.6516480">
    <ele>3913.2</ele>
    <time>2026-09-13T14:05:20Z</time>
    
   </trkpt>
   <trkpt lat="40.0259120" lon="-105.6516580">
    <ele>3913.6</ele>
    <time>2026-09-13T14:05:22Z</time>
    
   </trkpt>
   <trkpt lat="40.0259090" lon="-105.6516840">
    <ele>3914.4</ele>
    <time>2026-09-13T14:05:26Z</time>
    
   </trkpt>
   <trkpt lat="40.0259160" lon="-105.6516870">
    <ele>3916.2</ele>
    <time>2026-09-13T14:05:28Z</time>
    
   </trkpt>
   <trkpt lat="40.0259190" lon="-105.6516850">
    <ele>3917.2</ele>
    <time>2026-09-13T14:05:29Z</time>
    
   </trkpt>
   <trkpt lat="40.0259290" lon="-105.6516820">
    <ele>3918.6</ele>
    <time>2026-09-13T14:05:31Z</time>
    
   </trkpt>
   <trkpt lat="40.0259340" lon="-105.6516660">
    <ele>3920.4</ele>
    <time>2026-09-13T14:05:33Z</time>
    
   </trkpt>
   <trkpt lat="40.0259350" lon="-105.6516630">
    <ele>3921.4</ele>
    <time>2026-09-13T14:05:34Z</time>
    
   </trkpt>
   <trkpt lat="40.0259480" lon="-105.6516470">
    <ele>3922.0</ele>
    <time>2026-09-13T14:05:37Z</time>
    
   </trkpt>
   <trkpt lat="40.0259770" lon="-105.6516320">
    <ele>3920.4</ele>
    <time>2026-09-13T14:05:41Z</time>
    
   </trkpt>
   <trkpt lat="40.0259860" lon="-105.6516320">
    <ele>3920.4</ele>
    <time>2026-09-13T14:05:42Z</time>
    
   </trkpt>
   <trkpt lat="40.0259920" lon="-105.6516330">
    <ele>3921.0</ele>
    <time>2026-09-13T14:05:43Z</time>
    
   </trkpt>
   <trkpt lat="40.0259970" lon="-105.6516260">
    <ele>3921.2</ele>
    <time>2026-09-13T14:05:44Z</time>
    
   </trkpt>
   <trkpt lat="40.0260020" lon="-105.6516210">
    <ele>3922.0</ele>
    <time>2026-09-13T14:05:45Z</time>
    
   </trkpt>
   <trkpt lat="40.0260030" lon="-105.6516140">
    <ele>3922.8</ele>
    <time>2026-09-13T14:05:47Z</time>
    
   </trkpt>
   <trkpt lat="40.0260070" lon="-105.6516060">
    <ele>3922.2</ele>
    <time>2026-09-13T14:05:49Z</time>
    
   </trkpt>
   <trkpt lat="40.0260120" lon="-105.6516000">
    <ele>3922.2</ele>
    <time>2026-09-13T14:05:51Z</time>
    
   </trkpt>
   <trkpt lat="40.0260240" lon="-105.6515850">
    <ele>3923.2</ele>
    <time>2026-09-13T14:05:56Z</time>
    
   </trkpt>
   <trkpt lat="40.0260330" lon="-105.6515760">
    <ele>3923.8</ele>
    <time>2026-09-13T14:05:59Z</time>
    
   </trkpt>
   <trkpt lat="40.0260370" lon="-105.6515600">
    <ele>3923.6</ele>
    <time>2026-09-13T14:06:01Z</time>
    
   </trkpt>
   <trkpt lat="40.0260380" lon="-105.6515540">
    <ele>3923.6</ele>
    <time>2026-09-13T14:06:02Z</time>
    
   </trkpt>
   <trkpt lat="40.0260390" lon="-105.6515470">
    <ele>3923.4</ele>
    <time>2026-09-13T14:06:03Z</time>
    
   </trkpt>
   <trkpt lat="40.0260560" lon="-105.6515090">
    <ele>3923.8</ele>
    <time>2026-09-13T14:06:08Z</time>
    
   </trkpt>
   <trkpt lat="40.0260600" lon="-105.6514910">
    <ele>3924.0</ele>
    <time>2026-09-13T14:06:10Z</time>
    
   </trkpt>
   <trkpt lat="40.0260580" lon="-105.6514660">
    <ele>3924.2</ele>
    <time>2026-09-13T14:06:13Z</time>
    
   </trkpt>
   <trkpt lat="40.0260590" lon="-105.6514570">
    <ele>3924.4</ele>
    <time>2026-09-13T14:06:14Z</time>
    
   </trkpt>
   <trkpt lat="40.0260670" lon="-105.6514380">
    <ele>3925.0</ele>
    <time>2026-09-13T14:06:16Z</time>
    
   </trkpt>
   <trkpt lat="40.0260720" lon="-105.6514280">
    <ele>3925.2</ele>
    <time>2026-09-13T14:06:17Z</time>
    
   </trkpt>
   <trkpt lat="40.0260750" lon="-105.6514180">
    <ele>3925.4</ele>
    <time>2026-09-13T14:06:18Z</time>
    
   </trkpt>
   <trkpt lat="40.0260860" lon="-105.6513690">
    <ele>3926.2</ele>
    <time>2026-09-13T14:06:23Z</time>
    
   </trkpt>
   <trkpt lat="40.0260900" lon="-105.6513590">
    <ele>3926.6</ele>
    <time>2026-09-13T14:06:24Z</time>
    
   </trkpt>
   <trkpt lat="40.0260930" lon="-105.6513530">
    <ele>3926.6</ele>
    <time>2026-09-13T14:06:25Z</time>
    
   </trkpt>
   <trkpt lat="40.0260940" lon="-105.6513480">
    <ele>3926.8</ele>
    <time>2026-09-13T14:06:26Z</time>
    
   </trkpt>
   <trkpt lat="40.0260910" lon="-105.6513550">
    <ele>3926.8</ele>
    <time>2026-09-13T14:06:32Z</time>
    
   </trkpt>
   <trkpt lat="40.0260920" lon="-105.6513550">
    <ele>3926.6</ele>
    <time>2026-09-13T14:06:33Z</time>
    
   </trkpt>
   <trkpt lat="40.0261030" lon="-105.6513140">
    <ele>3927.2</ele>
    <time>2026-09-13T14:06:42Z</time>
    
   </trkpt>
   <trkpt lat="40.0261110" lon="-105.6512780">
    <ele>3927.0</ele>
    <time>2026-09-13T14:06:46Z</time>
    
   </trkpt>
   <trkpt lat="40.0261170" lon="-105.6512480">
    <ele>3927.0</ele>
    <time>2026-09-13T14:06:49Z</time>
    
   </trkpt>
   <trkpt lat="40.0261310" lon="-105.6512090">
    <ele>3927.6</ele>
    <time>2026-09-13T14:06:53Z</time>
    
   </trkpt>
   <trkpt lat="40.0261350" lon="-105.6512000">
    <ele>3927.8</ele>
    <time>2026-09-13T14:06:54Z</time>
    
   </trkpt>
   <trkpt lat="40.0261380" lon="-105.6511910">
    <ele>3928.0</ele>
    <time>2026-09-13T14:06:55Z</time>
    
   </trkpt>
   <trkpt lat="40.0261500" lon="-105.6511650">
    <ele>3928.4</ele>
    <time>2026-09-13T14:06:58Z</time>
    
   </trkpt>
   <trkpt lat="40.0261570" lon="-105.6511460">
    <ele>3929.0</ele>
    <time>2026-09-13T14:07:00Z</time>
    
   </trkpt>
   <trkpt lat="40.0261610" lon="-105.6511360">
    <ele>3929.2</ele>
    <time>2026-09-13T14:07:01Z</time>
    
   </trkpt>
   <trkpt lat="40.0261790" lon="-105.6511020">
    <ele>3930.0</ele>
    <time>2026-09-13T14:07:05Z</time>
    
   </trkpt>
   <trkpt lat="40.0262040" lon="-105.6510530">
    <ele>3929.0</ele>
    <time>2026-09-13T14:07:11Z</time>
    
   </trkpt>
   <trkpt lat="40.0261970" lon="-105.6510470">
    <ele>3929.0</ele>
    <time>2026-09-13T14:07:12Z</time>
    
   </trkpt>
   <trkpt lat="40.0261990" lon="-105.6510490">
    <ele>3929.8</ele>
    <time>2026-09-13T14:07:16Z</time>
    
   </trkpt>
   <trkpt lat="40.0262020" lon="-105.6510370">
    <ele>3929.6</ele>
    <time>2026-09-13T14:07:18Z</time>
    
   </trkpt>
   <trkpt lat="40.0262290" lon="-105.6509870">
    <ele>3929.0</ele>
    <time>2026-09-13T14:07:23Z</time>
    
   </trkpt>
   <trkpt lat="40.0262530" lon="-105.6509610">
    <ele>3929.2</ele>
    <time>2026-09-13T14:07:27Z</time>
    
   </trkpt>
   <trkpt lat="40.0262660" lon="-105.6509460">
    <ele>3929.4</ele>
    <time>2026-09-13T14:07:29Z</time>
    
   </trkpt>
   <trkpt lat="40.0263000" lon="-105.6508610">
    <ele>3929.0</ele>
    <time>2026-09-13T14:07:38Z</time>
    
   </trkpt>
   <trkpt lat="40.0263030" lon="-105.6508420">
    <ele>3929.0</ele>
    <time>2026-09-13T14:07:40Z</time>
    
   </trkpt>
   <trkpt lat="40.0263160" lon="-105.6508010">
    <ele>3929.4</ele>
    <time>2026-09-13T14:07:44Z</time>
    
   </trkpt>
   <trkpt lat="40.0263250" lon="-105.6507800">
    <ele>3930.2</ele>
    <time>2026-09-13T14:07:46Z</time>
    
   </trkpt>
   <trkpt lat="40.0263330" lon="-105.6507610">
    <ele>3931.0</ele>
    <time>2026-09-13T14:07:48Z</time>
    
   </trkpt>
   <trkpt lat="40.0263490" lon="-105.6507350">
    <ele>3931.0</ele>
    <time>2026-09-13T14:07:51Z</time>
    
   </trkpt>
   <trkpt lat="40.0263820" lon="-105.6506670">
    <ele>3930.2</ele>
    <time>2026-09-13T14:07:58Z</time>
    
   </trkpt>
   <trkpt lat="40.0263870" lon="-105.6506280">
    <ele>3930.0</ele>
    <time>2026-09-13T14:08:01Z</time>
    
   </trkpt>
   <trkpt lat="40.0263890" lon="-105.6506060">
    <ele>3929.8</ele>
    <time>2026-09-13T14:08:03Z</time>
    
   </trkpt>
   <trkpt lat="40.0264010" lon="-105.6505630">
    <ele>3930.0</ele>
    <time>2026-09-13T14:08:07Z</time>
    
   </trkpt>
   <trkpt lat="40.0264150" lon="-105.6505320">
    <ele>3930.8</ele>
    <time>2026-09-13T14:08:10Z</time>
    
   </trkpt>
   <trkpt lat="40.0264220" lon="-105.6505210">
    <ele>3931.4</ele>
    <time>2026-09-13T14:08:11Z</time>
    
   </trkpt>
   <trkpt lat="40.0264420" lon="-105.6504890">
    <ele>3932.0</ele>
    <time>2026-09-13T14:08:15Z</time>
    
   </trkpt>
   <trkpt lat="40.0264560" lon="-105.6504750">
    <ele>3931.6</ele>
    <time>2026-09-13T14:08:18Z</time>
    
   </trkpt>
   <trkpt lat="40.0264960" lon="-105.6504480">
    <ele>3930.8</ele>
    <time>2026-09-13T14:08:25Z</time>
    
   </trkpt>
   <trkpt lat="40.0265020" lon="-105.6504430">
    <ele>3930.6</ele>
    <time>2026-09-13T14:08:26Z</time>
    
   </trkpt>
   <trkpt lat="40.0265440" lon="-105.6503950">
    <ele>3931.8</ele>
    <time>2026-09-13T14:08:33Z</time>
    
   </trkpt>
   <trkpt lat="40.0265370" lon="-105.6503930">
    <ele>3932.0</ele>
    <time>2026-09-13T14:08:34Z</time>
    
   </trkpt>
   <trkpt lat="40.0265360" lon="-105.6503920">
    <ele>3932.0</ele>
    <time>2026-09-13T14:08:35Z</time>
    
   </trkpt>
   <trkpt lat="40.0265350" lon="-105.6503930">
    <ele>3932.0</ele>
    <time>2026-09-13T14:08:39Z</time>
    
   </trkpt>
   <trkpt lat="40.0265350" lon="-105.6503930">
    <ele>3932.0</ele>
    <time>2026-09-13T14:08:40Z</time>
    
   </trkpt>
   <trkpt lat="40.0265260" lon="-105.6504060">
    <ele>3932.0</ele>
    <time>2026-09-13T14:08:46Z</time>
    
   </trkpt>
   <trkpt lat="40.0265260" lon="-105.6504060">
    <ele>3933.0</ele>
    <time>2026-09-13T14:08:48Z</time>
    
   </trkpt>
   <trkpt lat="40.0265260" lon="-105.6504070">
    <ele>3934.2</ele>
    <time>2026-09-13T14:08:50Z</time>
    
   </trkpt>
   <trkpt lat="40.0265320" lon="-105.6504050">
    <ele>3934.2</ele>
    <time>2026-09-13T14:08:56Z</time>
    
   </trkpt>
   <trkpt lat="40.0265410" lon="-105.6503710">
    <ele>3933.0</ele>
    <time>2026-09-13T14:08:59Z</time>
    
   </trkpt>
   <trkpt lat="40.0265390" lon="-105.6503470">
    <ele>3932.8</ele>
    <time>2026-09-13T14:09:01Z</time>
    
   </trkpt>
   <trkpt lat="40.0265380" lon="-105.6503330">
    <ele>3933.2</ele>
    <time>2026-09-13T14:09:06Z</time>
    
   </trkpt>
   <trkpt lat="40.0265380" lon="-105.6503470">
    <ele>3933.0</ele>
    <time>2026-09-13T14:09:07Z</time>
    
   </trkpt>
   <trkpt lat="40.0265380" lon="-105.6503750">
    <ele>3932.4</ele>
    <time>2026-09-13T14:09:09Z</time>
    
   </trkpt>
   <trkpt lat="40.0265350" lon="-105.6503900">
    <ele>3932.2</ele>
    <time>2026-09-13T14:09:10Z</time>
    
   </trkpt>
   <trkpt lat="40.0265400" lon="-105.6503970">
    <ele>3932.0</ele>
    <time>2026-09-13T14:09:12Z</time>
    
   </trkpt>
   <trkpt lat="40.0265440" lon="-105.6504010">
    <ele>3932.6</ele>
    <time>2026-09-13T14:09:14Z</time>
    
   </trkpt>
   <trkpt lat="40.0265430" lon="-105.6504040">
    <ele>3934.4</ele>
    <time>2026-09-13T14:09:17Z</time>
    
   </trkpt>
   <trkpt lat="40.0265430" lon="-105.6504050">
    <ele>3934.6</ele>
    <time>2026-09-13T14:09:20Z</time>
    
   </trkpt>
   <trkpt lat="40.0265440" lon="-105.6504050">
    <ele>3934.0</ele>
    <time>2026-09-13T14:09:23Z</time>
    
   </trkpt>
   <trkpt lat="40.0265450" lon="-105.6504060">
    <ele>3933.0</ele>
    <time>2026-09-13T14:09:27Z</time>
    
   </trkpt>
   <trkpt lat="40.0265450" lon="-105.6504060">
    <ele>3932.2</ele>
    <time>2026-09-13T14:09:30Z</time>
    
   </trkpt>
   <trkpt lat="40.0265450" lon="-105.6504060">
    <ele>3932.4</ele>
    <time>2026-09-13T14:09:32Z</time>
    
   </trkpt>
   <trkpt lat="40.0265450" lon="-105.6504060">
    <ele>3932.6</ele>
    <time>2026-09-13T14:09:34Z</time>
    
   </trkpt>
   <trkpt lat="40.0265510" lon="-105.6503510">
    <ele>3932.6</ele>
    <time>2026-09-13T14:09:40Z</time>
    
   </trkpt>
   <trkpt lat="40.0265580" lon="-105.6503160">
    <ele>3934.0</ele>
    <time>2026-09-13T14:09:47Z</time>
    
   </trkpt>
   <trkpt lat="40.0265600" lon="-105.6503200">
    <ele>3934.4</ele>
    <time>2026-09-13T14:09:48Z</time>
    
   </trkpt>
   <trkpt lat="40.0265660" lon="-105.6503330">
    <ele>3935.4</ele>
    <time>2026-09-13T14:09:52Z</time>
    
   </trkpt>
   <trkpt lat="40.0265660" lon="-105.6503360">
    <ele>3935.6</ele>
    <time>2026-09-13T14:09:53Z</time>
    
   </trkpt>
   <trkpt lat="40.0265610" lon="-105.6503410">
    <ele>3936.6</ele>
    <time>2026-09-13T14:09:59Z</time>
    
   </trkpt>
   <trkpt lat="40.0265610" lon="-105.6503410">
    <ele>3937.4</ele>
    <time>2026-09-13T14:10:04Z</time>
    
   </trkpt>
   <trkpt lat="40.0265650" lon="-105.6503330">
    <ele>3937.0</ele>
    <time>2026-09-13T14:10:08Z</time>
    
   </trkpt>
   <trkpt lat="40.0265510" lon="-105.6503350">
    <ele>3935.2</ele>
    <time>2026-09-13T14:10:11Z</time>
    
   </trkpt>
   <trkpt lat="40.0265440" lon="-105.6503370">
    <ele>3934.8</ele>
    <time>2026-09-13T14:10:13Z</time>
    
   </trkpt>
   <trkpt lat="40.0265410" lon="-105.6503350">
    <ele>3934.0</ele>
    <time>2026-09-13T14:10:15Z</time>
    
   </trkpt>
   <trkpt lat="40.0265280" lon="-105.6503570">
    <ele>3933.6</ele>
    <time>2026-09-13T14:10:19Z</time>
    
   </trkpt>
   <trkpt lat="40.0265300" lon="-105.6503740">
    <ele>3933.6</ele>
    <time>2026-09-13T14:10:21Z</time>
    
   </trkpt>
   <trkpt lat="40.0265320" lon="-105.6503930">
    <ele>3933.0</ele>
    <time>2026-09-13T14:10:24Z</time>
    
   </trkpt>
   <trkpt lat="40.0265300" lon="-105.6503940">
    <ele>3932.6</ele>
    <time>2026-09-13T14:10:26Z</time>
    
   </trkpt>
   <trkpt lat="40.0265320" lon="-105.6503990">
    <ele>3932.0</ele>
    <time>2026-09-13T14:10:32Z</time>
    
   </trkpt>
   <trkpt lat="40.0265320" lon="-105.6503990">
    <ele>3931.8</ele>
    <time>2026-09-13T14:10:35Z</time>
    
   </trkpt>
   <trkpt lat="40.0265310" lon="-105.6503940">
    <ele>3932.0</ele>
    <time>2026-09-13T14:10:42Z</time>
    
   </trkpt>
   <trkpt lat="40.0265310" lon="-105.6503910">
    <ele>3932.4</ele>
    <time>2026-09-13T14:10:43Z</time>
    
   </trkpt>
   <trkpt lat="40.0265320" lon="-105.6503880">
    <ele>3933.2</ele>
    <time>2026-09-13T14:10:46Z</time>
    
   </trkpt>
   <trkpt lat="40.0265350" lon="-105.6503810">
    <ele>3934.2</ele>
    <time>2026-09-13T14:10:52Z</time>
    
   </trkpt>
   <trkpt lat="40.0265360" lon="-105.6503800">
    <ele>3934.4</ele>
    <time>2026-09-13T14:10:53Z</time>
    
   </trkpt>
   <trkpt lat="40.0265370" lon="-105.6503720">
    <ele>3934.4</ele>
    <time>2026-09-13T14:10:56Z</time>
    
   </trkpt>
   <trkpt lat="40.0265380" lon="-105.6503540">
    <ele>3934.0</ele>
    <time>2026-09-13T14:11:01Z</time>
    
   </trkpt>
   <trkpt lat="40.0265380" lon="-105.6503440">
    <ele>3933.4</ele>
    <time>2026-09-13T14:11:06Z</time>
    
   </trkpt>
   <trkpt lat="40.0265380" lon="-105.6503430">
    <ele>3933.2</ele>
    <time>2026-09-13T14:11:07Z</time>
    
   </trkpt>
   <trkpt lat="40.0265350" lon="-105.6503400">
    <ele>3933.0</ele>
    <time>2026-09-13T14:11:13Z</time>
    
   </trkpt>
   <trkpt lat="40.0265350" lon="-105.6503380">
    <ele>3932.8</ele>
    <time>2026-09-13T14:11:15Z</time>
    
   </trkpt>
   <trkpt lat="40.0265350" lon="-105.6503380">
    <ele>3932.8</ele>
    <time>2026-09-13T14:11:17Z</time>
    
   </trkpt>
   <trkpt lat="40.0265340" lon="-105.6503370">
    <ele>3933.2</ele>
    <time>2026-09-13T14:11:21Z</time>
    
   </trkpt>
   <trkpt lat="40.0265370" lon="-105.6503350">
    <ele>3933.4</ele>
    <time>2026-09-13T14:11:22Z</time>
    
   </trkpt>
   <trkpt lat="40.0265390" lon="-105.6503410">
    <ele>3933.8</ele>
    <time>2026-09-13T14:11:24Z</time>
    
   </trkpt>
   <trkpt lat="40.0265420" lon="-105.6503370">
    <ele>3934.6</ele>
    <time>2026-09-13T14:11:26Z</time>
    
   </trkpt>
   <trkpt lat="40.0265410" lon="-105.6503370">
    <ele>3933.4</ele>
    <time>2026-09-13T14:11:30Z</time>
    
   </trkpt>
   <trkpt lat="40.0265410" lon="-105.6503370">
    <ele>3933.2</ele>
    <time>2026-09-13T14:11:32Z</time>
    
   </trkpt>
   <trkpt lat="40.0265400" lon="-105.6503390">
    <ele>3932.4</ele>
    <time>2026-09-13T14:11:45Z</time>
    
   </trkpt>
   <trkpt lat="40.0265400" lon="-105.6503390">
    <ele>3932.4</ele>
    <time>2026-09-13T14:11:46Z</time>
    
   </trkpt>
   <trkpt lat="40.0265420" lon="-105.6503370">
    <ele>3932.6</ele>
    <time>2026-09-13T14:11:49Z</time>
    
   </trkpt>
   <trkpt lat="40.0265430" lon="-105.6503360">
    <ele>3932.6</ele>
    <time>2026-09-13T14:11:51Z</time>
    
   </trkpt>
   <trkpt lat="40.0265760" lon="-105.6503070">
    <ele>3933.0</ele>
    <time>2026-09-13T14:11:59Z</time>
    
   </trkpt>
   <trkpt lat="40.0265740" lon="-105.6503050">
    <ele>3933.0</ele>
    <time>2026-09-13T14:12:03Z</time>
    
   </trkpt>
   <trkpt lat="40.0265700" lon="-105.6503040">
    <ele>3933.0</ele>
    <time>2026-09-13T14:12:05Z</time>
    
   </trkpt>
   <trkpt lat="40.0265750" lon="-105.6503220">
    <ele>3933.0</ele>
    <time>2026-09-13T14:12:08Z</time>
    
   </trkpt>
   <trkpt lat="40.0265810" lon="-105.6503360">
    <ele>3933.0</ele>
    <time>2026-09-13T14:12:10Z</time>
    
   </trkpt>
   <trkpt lat="40.0265810" lon="-105.6503540">
    <ele>3932.6</ele>
    <time>2026-09-13T14:12:17Z</time>
    
   </trkpt>
   <trkpt lat="40.0265810" lon="-105.6503540">
    <ele>3933.4</ele>
    <time>2026-09-13T14:12:20Z</time>
    
   </trkpt>
   <trkpt lat="40.0265800" lon="-105.6503570">
    <ele>3933.4</ele>
    <time>2026-09-13T14:12:29Z</time>
    
   </trkpt>
   <trkpt lat="40.0265840" lon="-105.6503580">
    <ele>3933.8</ele>
    <time>2026-09-13T14:12:36Z</time>
    
   </trkpt>
   <trkpt lat="40.0265700" lon="-105.6503640">
    <ele>3934.0</ele>
    <time>2026-09-13T14:12:48Z</time>
    
   </trkpt>
   <trkpt lat="40.0265760" lon="-105.6503650">
    <ele>3933.2</ele>
    <time>2026-09-13T14:12:51Z</time>
    
   </trkpt>
   <trkpt lat="40.0265680" lon="-105.6503470">
    <ele>3933.6</ele>
    <time>2026-09-13T14:12:58Z</time>
    
   </trkpt>
   <trkpt lat="40.0265670" lon="-105.6503320">
    <ele>3933.4</ele>
    <time>2026-09-13T14:13:10Z</time>
    
   </trkpt>
   <trkpt lat="40.0265660" lon="-105.6503300">
    <ele>3933.6</ele>
    <time>2026-09-13T14:13:17Z</time>
    
   </trkpt>
   <trkpt lat="40.0265660" lon="-105.6503320">
    <ele>3933.6</ele>
    <time>2026-09-13T14:13:20Z</time>
    
   </trkpt>
   <trkpt lat="40.0265620" lon="-105.6503250">
    <ele>3932.4</ele>
    <time>2026-09-13T14:13:23Z</time>
    
   </trkpt>
   <trkpt lat="40.0265580" lon="-105.6503220">
    <ele>3932.2</ele>
    <time>2026-09-13T14:13:25Z</time>
    
   </trkpt>
   <trkpt lat="40.0265580" lon="-105.6503230">
    <ele>3932.2</ele>
    <time>2026-09-13T14:13:27Z</time>
    
   </trkpt>
   <trkpt lat="40.0265570" lon="-105.6503190">
    <ele>3932.4</ele>
    <time>2026-09-13T14:13:29Z</time>
    
   </trkpt>
   <trkpt lat="40.0265570" lon="-105.6503210">
    <ele>3932.4</ele>
    <time>2026-09-13T14:13:34Z</time>
    
   </trkpt>
   <trkpt lat="40.0265580" lon="-105.6503210">
    <ele>3932.6</ele>
    <time>2026-09-13T14:13:36Z</time>
    
   </trkpt>
   <trkpt lat="40.0265580" lon="-105.6503230">
    <ele>3933.0</ele>
    <time>2026-09-13T14:13:40Z</time>
    
   </trkpt>
   <trkpt lat="40.0265580" lon="-105.6503240">
    <ele>3933.0</ele>
    <time>2026-09-13T14:13:47Z</time>
    
   </trkpt>
   <trkpt lat="40.0265600" lon="-105.6503240">
    <ele>3933.0</ele>
    <time>2026-09-13T14:13:48Z</time>
    
   </trkpt>
   <trkpt lat="40.0265590" lon="-105.6503220">
    <ele>3933.0</ele>
    <time>2026-09-13T14:13:49Z</time>
    
   </trkpt>
   <trkpt lat="40.0265600" lon="-105.6503170">
    <ele>3931.8</ele>
    <time>2026-09-13T14:13:58Z</time>
    
   </trkpt>
   <trkpt lat="40.0265600" lon="-105.6503170">
    <ele>3932.0</ele>
    <time>2026-09-13T14:14:00Z</time>
    
   </trkpt>
   <trkpt lat="40.0265620" lon="-105.6503190">
    <ele>3932.0</ele>
    <time>2026-09-13T14:14:02Z</time>
    
   </trkpt>
   <trkpt lat="40.0265630" lon="-105.6503170">
    <ele>3932.2</ele>
    <time>2026-09-13T14:14:05Z</time>
    
   </trkpt>
   <trkpt lat="40.0265630" lon="-105.6503150">
    <ele>3932.2</ele>
    <time>2026-09-13T14:14:06Z</time>
    
   </trkpt>
   <trkpt lat="40.0265620" lon="-105.6503130">
    <ele>3931.8</ele>
    <time>2026-09-13T14:14:09Z</time>
    
   </trkpt>
   <trkpt lat="40.0265620" lon="-105.6503130">
    <ele>3931.8</ele>
    <time>2026-09-13T14:14:10Z</time>
    
   </trkpt>
   <trkpt lat="40.0265620" lon="-105.6503140">
    <ele>3931.6</ele>
    <time>2026-09-13T14:14:12Z</time>
    
   </trkpt>
   <trkpt lat="40.0265630" lon="-105.6503180">
    <ele>3931.6</ele>
    <time>2026-09-13T14:14:14Z</time>
    
   </trkpt>
   <trkpt lat="40.0265630" lon="-105.6503260">
    <ele>3931.6</ele>
    <time>2026-09-13T14:14:17Z</time>
    
   </trkpt>
   <trkpt lat="40.0265660" lon="-105.6503260">
    <ele>3932.0</ele>
    <time>2026-09-13T14:14:19Z</time>
    
   </trkpt>
   <trkpt lat="40.0265670" lon="-105.6503290">
    <ele>3932.8</ele>
    <time>2026-09-13T14:14:26Z</time>
    
   </trkpt>
   <trkpt lat="40.0265660" lon="-105.6503290">
    <ele>3931.0</ele>
    <time>2026-09-13T14:14:31Z</time>
    
   </trkpt>
   <trkpt lat="40.0265700" lon="-105.6503280">
    <ele>3930.8</ele>
    <time>2026-09-13T14:14:37Z</time>
    
   </trkpt>
   <trkpt lat="40.0265700" lon="-105.6503280">
    <ele>3931.2</ele>
    <time>2026-09-13T14:14:41Z</time>
    
   </trkpt>
   <trkpt lat="40.0265710" lon="-105.6503280">
    <ele>3931.0</ele>
    <time>2026-09-13T14:14:43Z</time>
    
   </trkpt>
   <trkpt lat="40.0265710" lon="-105.6503330">
    <ele>3932.0</ele>
    <time>2026-09-13T14:15:00Z</time>
    
   </trkpt>
   <trkpt lat="40.0265680" lon="-105.6503330">
    <ele>3932.0</ele>
    <time>2026-09-13T14:15:01Z</time>
    
   </trkpt>
   <trkpt lat="40.0265500" lon="-105.6503240">
    <ele>3931.8</ele>
    <time>2026-09-13T14:15:07Z</time>
    
   </trkpt>
   <trkpt lat="40.0265490" lon="-105.6503230">
    <ele>3932.0</ele>
    <time>2026-09-13T14:15:08Z</time>
    
   </trkpt>
   <trkpt lat="40.0265390" lon="-105.6503300">
    <ele>3932.2</ele>
    <time>2026-09-13T14:15:15Z</time>
    
   </trkpt>
   <trkpt lat="40.0265390" lon="-105.6503300">
    <ele>3932.2</ele>
    <time>2026-09-13T14:15:17Z</time>
    
   </trkpt>
   <trkpt lat="40.0265810" lon="-105.6503310">
    <ele>3932.6</ele>
    <time>2026-09-13T14:15:25Z</time>
    
   </trkpt>
   <trkpt lat="40.0265790" lon="-105.6503540">
    <ele>3932.6</ele>
    <time>2026-09-13T14:15:29Z</time>
    
   </trkpt>
   <trkpt lat="40.0265510" lon="-105.6503820">
    <ele>3931.8</ele>
    <time>2026-09-13T14:15:32Z</time>
    
   </trkpt>
   <trkpt lat="40.0265400" lon="-105.6503930">
    <ele>3931.0</ele>
    <time>2026-09-13T14:15:34Z</time>
    
   </trkpt>
   <trkpt lat="40.0265170" lon="-105.6503730">
    <ele>3930.8</ele>
    <time>2026-09-13T14:15:37Z</time>
    
   </trkpt>
   <trkpt lat="40.0265110" lon="-105.6503650">
    <ele>3931.2</ele>
    <time>2026-09-13T14:15:39Z</time>
    
   </trkpt>
   <trkpt lat="40.0265150" lon="-105.6503680">
    <ele>3931.8</ele>
    <time>2026-09-13T14:15:43Z</time>
    
   </trkpt>
   <trkpt lat="40.0265230" lon="-105.6503780">
    <ele>3931.6</ele>
    <time>2026-09-13T14:15:45Z</time>
    
   </trkpt>
   <trkpt lat="40.0265310" lon="-105.6503950">
    <ele>3931.6</ele>
    <time>2026-09-13T14:15:47Z</time>
    
   </trkpt>
   <trkpt lat="40.0265050" lon="-105.6504480">
    <ele>3930.8</ele>
    <time>2026-09-13T14:15:53Z</time>
    
   </trkpt>
   <trkpt lat="40.0264920" lon="-105.6504550">
    <ele>3931.0</ele>
    <time>2026-09-13T14:15:55Z</time>
    
   </trkpt>
   <trkpt lat="40.0264760" lon="-105.6504620">
    <ele>3931.0</ele>
    <time>2026-09-13T14:15:57Z</time>
    
   </trkpt>
   <trkpt lat="40.0264290" lon="-105.6505060">
    <ele>3930.4</ele>
    <time>2026-09-13T14:16:04Z</time>
    
   </trkpt>
   <trkpt lat="40.0264160" lon="-105.6505200">
    <ele>3930.0</ele>
    <time>2026-09-13T14:16:06Z</time>
    
   </trkpt>
   <trkpt lat="40.0263800" lon="-105.6505700">
    <ele>3929.4</ele>
    <time>2026-09-13T14:16:11Z</time>
    
   </trkpt>
   <trkpt lat="40.0263740" lon="-105.6505910">
    <ele>3929.2</ele>
    <time>2026-09-13T14:16:13Z</time>
    
   </trkpt>
   <trkpt lat="40.0263740" lon="-105.6506040">
    <ele>3929.2</ele>
    <time>2026-09-13T14:16:14Z</time>
    
   </trkpt>
   <trkpt lat="40.0263520" lon="-105.6507180">
    <ele>3930.2</ele>
    <time>2026-09-13T14:16:23Z</time>
    
   </trkpt>
   <trkpt lat="40.0263310" lon="-105.6507500">
    <ele>3930.4</ele>
    <time>2026-09-13T14:16:26Z</time>
    
   </trkpt>
   <trkpt lat="40.0263120" lon="-105.6507790">
    <ele>3930.2</ele>
    <time>2026-09-13T14:16:29Z</time>
    
   </trkpt>
   <trkpt lat="40.0263000" lon="-105.6508190">
    <ele>3928.8</ele>
    <time>2026-09-13T14:16:32Z</time>
    
   </trkpt>
   <trkpt lat="40.0262960" lon="-105.6508490">
    <ele>3927.4</ele>
    <time>2026-09-13T14:16:34Z</time>
    
   </trkpt>
   <trkpt lat="40.0262880" lon="-105.6508750">
    <ele>3926.0</ele>
    <time>2026-09-13T14:16:36Z</time>
    
   </trkpt>
   <trkpt lat="40.0262580" lon="-105.6509480">
    <ele>3926.0</ele>
    <time>2026-09-13T14:16:42Z</time>
    
   </trkpt>
   <trkpt lat="40.0262500" lon="-105.6509620">
    <ele>3926.4</ele>
    <time>2026-09-13T14:16:43Z</time>
    
   </trkpt>
   <trkpt lat="40.0262080" lon="-105.6510300">
    <ele>3927.0</ele>
    <time>2026-09-13T14:16:48Z</time>
    
   </trkpt>
   <trkpt lat="40.0262010" lon="-105.6510420">
    <ele>3927.0</ele>
    <time>2026-09-13T14:16:49Z</time>
    
   </trkpt>
   <trkpt lat="40.0261940" lon="-105.6510550">
    <ele>3927.0</ele>
    <time>2026-09-13T14:16:50Z</time>
    
   </trkpt>
   <trkpt lat="40.0261540" lon="-105.6511390">
    <ele>3926.2</ele>
    <time>2026-09-13T14:16:56Z</time>
    
   </trkpt>
   <trkpt lat="40.0261520" lon="-105.6511510">
    <ele>3926.0</ele>
    <time>2026-09-13T14:16:57Z</time>
    
   </trkpt>
   <trkpt lat="40.0261540" lon="-105.6511580">
    <ele>3926.0</ele>
    <time>2026-09-13T14:16:58Z</time>
    
   </trkpt>
   <trkpt lat="40.0261570" lon="-105.6511630">
    <ele>3925.8</ele>
    <time>2026-09-13T14:17:00Z</time>
    
   </trkpt>
   <trkpt lat="40.0261540" lon="-105.6511720">
    <ele>3925.6</ele>
    <time>2026-09-13T14:17:01Z</time>
    
   </trkpt>
   <trkpt lat="40.0261510" lon="-105.6511770">
    <ele>3925.4</ele>
    <time>2026-09-13T14:17:02Z</time>
    
   </trkpt>
   <trkpt lat="40.0261500" lon="-105.6511790">
    <ele>3925.4</ele>
    <time>2026-09-13T14:17:03Z</time>
    
   </trkpt>
   <trkpt lat="40.0261500" lon="-105.6511880">
    <ele>3925.0</ele>
    <time>2026-09-13T14:17:05Z</time>
    
   </trkpt>
   <trkpt lat="40.0261500" lon="-105.6512110">
    <ele>3925.0</ele>
    <time>2026-09-13T14:17:10Z</time>
    
   </trkpt>
   <trkpt lat="40.0261510" lon="-105.6512290">
    <ele>3925.0</ele>
    <time>2026-09-13T14:17:12Z</time>
    
   </trkpt>
   <trkpt lat="40.0261490" lon="-105.6512430">
    <ele>3924.8</ele>
    <time>2026-09-13T14:17:14Z</time>
    
   </trkpt>
   <trkpt lat="40.0261480" lon="-105.6512480">
    <ele>3925.0</ele>
    <time>2026-09-13T14:17:16Z</time>
    
   </trkpt>
   <trkpt lat="40.0261310" lon="-105.6512820">
    <ele>3925.4</ele>
    <time>2026-09-13T14:17:20Z</time>
    
   </trkpt>
   <trkpt lat="40.0261000" lon="-105.6513380">
    <ele>3925.4</ele>
    <time>2026-09-13T14:17:26Z</time>
    
   </trkpt>
   <trkpt lat="40.0260810" lon="-105.6513600">
    <ele>3925.4</ele>
    <time>2026-09-13T14:17:28Z</time>
    
   </trkpt>
   <trkpt lat="40.0260350" lon="-105.6513800">
    <ele>3924.8</ele>
    <time>2026-09-13T14:17:32Z</time>
    
   </trkpt>
   <trkpt lat="40.0260180" lon="-105.6513870">
    <ele>3924.8</ele>
    <time>2026-09-13T14:17:34Z</time>
    
   </trkpt>
   <trkpt lat="40.0260120" lon="-105.6513900">
    <ele>3924.6</ele>
    <time>2026-09-13T14:17:35Z</time>
    
   </trkpt>
   <trkpt lat="40.0260060" lon="-105.6513920">
    <ele>3924.6</ele>
    <time>2026-09-13T14:17:37Z</time>
    
   </trkpt>
   <trkpt lat="40.0259760" lon="-105.6514160">
    <ele>3924.0</ele>
    <time>2026-09-13T14:17:42Z</time>
    
   </trkpt>
   <trkpt lat="40.0259620" lon="-105.6514270">
    <ele>3924.0</ele>
    <time>2026-09-13T14:17:44Z</time>
    
   </trkpt>
   <trkpt lat="40.0259540" lon="-105.6514300">
    <ele>3924.0</ele>
    <time>2026-09-13T14:17:45Z</time>
    
   </trkpt>
   <trkpt lat="40.0259110" lon="-105.6514630">
    <ele>3923.0</ele>
    <time>2026-09-13T14:17:52Z</time>
    
   </trkpt>
   <trkpt lat="40.0259010" lon="-105.6514710">
    <ele>3922.8</ele>
    <time>2026-09-13T14:17:54Z</time>
    
   </trkpt>
   <trkpt lat="40.0258970" lon="-105.6514740">
    <ele>3922.6</ele>
    <time>2026-09-13T14:17:55Z</time>
    
   </trkpt>
   <trkpt lat="40.0258920" lon="-105.6514770">
    <ele>3922.2</ele>
    <time>2026-09-13T14:17:56Z</time>
    
   </trkpt>
   <trkpt lat="40.0258860" lon="-105.6514840">
    <ele>3921.8</ele>
    <time>2026-09-13T14:17:58Z</time>
    
   </trkpt>
   <trkpt lat="40.0259120" lon="-105.6515040">
    <ele>3920.8</ele>
    <time>2026-09-13T14:18:02Z</time>
    
   </trkpt>
   <trkpt lat="40.0259290" lon="-105.6515120">
    <ele>3920.2</ele>
    <time>2026-09-13T14:18:04Z</time>
    
   </trkpt>
   <trkpt lat="40.0259360" lon="-105.6515160">
    <ele>3919.8</ele>
    <time>2026-09-13T14:18:05Z</time>
    
   </trkpt>
   <trkpt lat="40.0259880" lon="-105.6515510">
    <ele>3918.6</ele>
    <time>2026-09-13T14:18:13Z</time>
    
   </trkpt>
   <trkpt lat="40.0260030" lon="-105.6515670">
    <ele>3918.6</ele>
    <time>2026-09-13T14:18:16Z</time>
    
   </trkpt>
   <trkpt lat="40.0260000" lon="-105.6516000">
    <ele>3919.6</ele>
    <time>2026-09-13T14:18:20Z</time>
    
   </trkpt>
   <trkpt lat="40.0259870" lon="-105.6516270">
    <ele>3918.6</ele>
    <time>2026-09-13T14:18:26Z</time>
    
   </trkpt>
   <trkpt lat="40.0259700" lon="-105.6516330">
    <ele>3917.4</ele>
    <time>2026-09-13T14:18:32Z</time>
    
   </trkpt>
   <trkpt lat="40.0259500" lon="-105.6516340">
    <ele>3917.0</ele>
    <time>2026-09-13T14:18:37Z</time>
    
   </trkpt>
   <trkpt lat="40.0259280" lon="-105.6516590">
    <ele>3916.4</ele>
    <time>2026-09-13T14:18:48Z</time>
    
   </trkpt>
   <trkpt lat="40.0259290" lon="-105.6516590">
    <ele>3916.0</ele>
    <time>2026-09-13T14:18:49Z</time>
    
   </trkpt>
   <trkpt lat="40.0259250" lon="-105.6516600">
    <ele>3915.6</ele>
    <time>2026-09-13T14:18:51Z</time>
    
   </trkpt>
   <trkpt lat="40.0259210" lon="-105.6516620">
    <ele>3915.4</ele>
    <time>2026-09-13T14:18:52Z</time>
    
   </trkpt>
   <trkpt lat="40.0259170" lon="-105.6516700">
    <ele>3914.2</ele>
    <time>2026-09-13T14:18:55Z</time>
    
   </trkpt>
   <trkpt lat="40.0259200" lon="-105.6516730">
    <ele>3913.4</ele>
    <time>2026-09-13T14:18:58Z</time>
    
   </trkpt>
   <trkpt lat="40.0259150" lon="-105.6516780">
    <ele>3913.4</ele>
    <time>2026-09-13T14:19:02Z</time>
    
   </trkpt>
   <trkpt lat="40.0259130" lon="-105.6516830">
    <ele>3913.2</ele>
    <time>2026-09-13T14:19:03Z</time>
    
   </trkpt>
   <trkpt lat="40.0259130" lon="-105.6516810">
    <ele>3912.6</ele>
    <time>2026-09-13T14:19:06Z</time>
    
   </trkpt>
   <trkpt lat="40.0259010" lon="-105.6516880">
    <ele>3912.0</ele>
    <time>2026-09-13T14:19:07Z</time>
    
   </trkpt>
   <trkpt lat="40.0258910" lon="-105.6516950">
    <ele>3910.8</ele>
    <time>2026-09-13T14:19:09Z</time>
    
   </trkpt>
   <trkpt lat="40.0258810" lon="-105.6516850">
    <ele>3909.8</ele>
    <time>2026-09-13T14:19:12Z</time>
    
   </trkpt>
   <trkpt lat="40.0258780" lon="-105.6516810">
    <ele>3909.8</ele>
    <time>2026-09-13T14:19:13Z</time>
    
   </trkpt>
   <trkpt lat="40.0258740" lon="-105.6516850">
    <ele>3909.6</ele>
    <time>2026-09-13T14:19:18Z</time>
    
   </trkpt>
   <trkpt lat="40.0258750" lon="-105.6516870">
    <ele>3909.6</ele>
    <time>2026-09-13T14:19:19Z</time>
    
   </trkpt>
   <trkpt lat="40.0258740" lon="-105.6516900">
    <ele>3909.4</ele>
    <time>2026-09-13T14:19:20Z</time>
    
   </trkpt>
   <trkpt lat="40.0258710" lon="-105.6516900">
    <ele>3909.2</ele>
    <time>2026-09-13T14:19:21Z</time>
    
   </trkpt>
   <trkpt lat="40.0258590" lon="-105.6516930">
    <ele>3909.2</ele>
    <time>2026-09-13T14:19:24Z</time>
    
   </trkpt>
   <trkpt lat="40.0258580" lon="-105.6516960">
    <ele>3909.0</ele>
    <time>2026-09-13T14:19:26Z</time>
    
   </trkpt>
   <trkpt lat="40.0258540" lon="-105.6516960">
    <ele>3908.6</ele>
    <time>2026-09-13T14:19:27Z</time>
    
   </trkpt>
   <trkpt lat="40.0258430" lon="-105.6517000">
    <ele>3907.8</ele>
    <time>2026-09-13T14:19:29Z</time>
    
   </trkpt>
   <trkpt lat="40.0258390" lon="-105.6517070">
    <ele>3907.4</ele>
    <time>2026-09-13T14:19:30Z</time>
    
   </trkpt>
   <trkpt lat="40.0258260" lon="-105.6517560">
    <ele>3907.2</ele>
    <time>2026-09-13T14:19:36Z</time>
    
   </trkpt>
   <trkpt lat="40.0258040" lon="-105.6517530">
    <ele>3907.2</ele>
    <time>2026-09-13T14:19:43Z</time>
    
   </trkpt>
   <trkpt lat="40.0257950" lon="-105.6517420">
    <ele>3907.0</ele>
    <time>2026-09-13T14:19:45Z</time>
    
   </trkpt>
   <trkpt lat="40.0257390" lon="-105.6517590">
    <ele>3906.4</ele>
    <time>2026-09-13T14:19:54Z</time>
    
   </trkpt>
   <trkpt lat="40.0257280" lon="-105.6517560">
    <ele>3906.2</ele>
    <time>2026-09-13T14:19:57Z</time>
    
   </trkpt>
   <trkpt lat="40.0256990" lon="-105.6517710">
    <ele>3905.6</ele>
    <time>2026-09-13T14:20:04Z</time>
    
   </trkpt>
   <trkpt lat="40.0256880" lon="-105.6517670">
    <ele>3905.6</ele>
    <time>2026-09-13T14:20:06Z</time>
    
   </trkpt>
   <trkpt lat="40.0256850" lon="-105.6517630">
    <ele>3905.8</ele>
    <time>2026-09-13T14:20:08Z</time>
    
   </trkpt>
   <trkpt lat="40.0256880" lon="-105.6517480">
    <ele>3906.0</ele>
    <time>2026-09-13T14:20:14Z</time>
    
   </trkpt>
   <trkpt lat="40.0256920" lon="-105.6517450">
    <ele>3905.4</ele>
    <time>2026-09-13T14:20:19Z</time>
    
   </trkpt>
   <trkpt lat="40.0256920" lon="-105.6517460">
    <ele>3905.0</ele>
    <time>2026-09-13T14:20:21Z</time>
    
   </trkpt>
   <trkpt lat="40.0256860" lon="-105.6517480">
    <ele>3905.0</ele>
    <time>2026-09-13T14:20:26Z</time>
    
   </trkpt>
   <trkpt lat="40.0256870" lon="-105.6517610">
    <ele>3905.6</ele>
    <time>2026-09-13T14:20:37Z</time>
    
   </trkpt>
   <trkpt lat="40.0257000" lon="-105.6517730">
    <ele>3905.0</ele>
    <time>2026-09-13T14:20:48Z</time>
    
   </trkpt>
   <trkpt lat="40.0256990" lon="-105.6517700">
    <ele>3905.0</ele>
    <time>2026-09-13T14:20:49Z</time>
    
   </trkpt>
   <trkpt lat="40.0257010" lon="-105.6517690">
    <ele>3904.8</ele>
    <time>2026-09-13T14:20:50Z</time>
    
   </trkpt>
   <trkpt lat="40.0257000" lon="-105.6517680">
    <ele>3904.8</ele>
    <time>2026-09-13T14:20:51Z</time>
    
   </trkpt>
   <trkpt lat="40.0257060" lon="-105.6517660">
    <ele>3905.2</ele>
    <time>2026-09-13T14:20:53Z</time>
    
   </trkpt>
   <trkpt lat="40.0257000" lon="-105.6517680">
    <ele>3905.4</ele>
    <time>2026-09-13T14:20:57Z</time>
    
   </trkpt>
   <trkpt lat="40.0256950" lon="-105.6517660">
    <ele>3905.4</ele>
    <time>2026-09-13T14:20:59Z</time>
    
   </trkpt>
   <trkpt lat="40.0256840" lon="-105.6517630">
    <ele>3905.6</ele>
    <time>2026-09-13T14:21:03Z</time>
    
   </trkpt>
   <trkpt lat="40.0256740" lon="-105.6517530">
    <ele>3905.2</ele>
    <time>2026-09-13T14:21:07Z</time>
    
   </trkpt>
   <trkpt lat="40.0256660" lon="-105.6517530">
    <ele>3905.0</ele>
    <time>2026-09-13T14:21:10Z</time>
    
   </trkpt>
   <trkpt lat="40.0256660" lon="-105.6517520">
    <ele>3905.2</ele>
    <time>2026-09-13T14:21:15Z</time>
    
   </trkpt>
   <trkpt lat="40.0256500" lon="-105.6517340">
    <ele>3905.0</ele>
    <time>2026-09-13T14:21:24Z</time>
    
   </trkpt>
   <trkpt lat="40.0256280" lon="-105.6517430">
    <ele>3903.8</ele>
    <time>2026-09-13T14:21:32Z</time>
    
   </trkpt>
   <trkpt lat="40.0256290" lon="-105.6517430">
    <ele>3903.6</ele>
    <time>2026-09-13T14:21:33Z</time>
    
   </trkpt>
   <trkpt lat="40.0256280" lon="-105.6517410">
    <ele>3903.0</ele>
    <time>2026-09-13T14:21:35Z</time>
    
   </trkpt>
   <trkpt lat="40.0256260" lon="-105.6517370">
    <ele>3902.8</ele>
    <time>2026-09-13T14:21:38Z</time>
    
   </trkpt>
   <trkpt lat="40.0256260" lon="-105.6517340">
    <ele>3902.6</ele>
    <time>2026-09-13T14:21:39Z</time>
    
   </trkpt>
   <trkpt lat="40.0256200" lon="-105.6517310">
    <ele>3902.4</ele>
    <time>2026-09-13T14:21:43Z</time>
    
   </trkpt>
   <trkpt lat="40.0256180" lon="-105.6517320">
    <ele>3902.2</ele>
    <time>2026-09-13T14:21:44Z</time>
    
   </trkpt>
   <trkpt lat="40.0256170" lon="-105.6517440">
    <ele>3901.6</ele>
    <time>2026-09-13T14:21:58Z</time>
    
   </trkpt>
   <trkpt lat="40.0256150" lon="-105.6517460">
    <ele>3901.4</ele>
    <time>2026-09-13T14:21:59Z</time>
    
   </trkpt>
   <trkpt lat="40.0256210" lon="-105.6517510">
    <ele>3900.8</ele>
    <time>2026-09-13T14:22:05Z</time>
    
   </trkpt>
   <trkpt lat="40.0256220" lon="-105.6517540">
    <ele>3900.8</ele>
    <time>2026-09-13T14:22:07Z</time>
    
   </trkpt>
   <trkpt lat="40.0256230" lon="-105.6517550">
    <ele>3901.0</ele>
    <time>2026-09-13T14:22:09Z</time>
    
   </trkpt>
   <trkpt lat="40.0256270" lon="-105.6517520">
    <ele>3901.8</ele>
    <time>2026-09-13T14:22:13Z</time>
    
   </trkpt>
   <trkpt lat="40.0256290" lon="-105.6517550">
    <ele>3902.0</ele>
    <time>2026-09-13T14:22:17Z</time>
    
   </trkpt>
   <trkpt lat="40.0256510" lon="-105.6517670">
    <ele>3901.2</ele>
    <time>2026-09-13T14:22:25Z</time>
    
   </trkpt>
   <trkpt lat="40.0256760" lon="-105.6517900">
    <ele>3901.2</ele>
    <time>2026-09-13T14:22:38Z</time>
    
   </trkpt>
   <trkpt lat="40.0256700" lon="-105.6517830">
    <ele>3901.4</ele>
    <time>2026-09-13T14:22:42Z</time>
    
   </trkpt>
   <trkpt lat="40.0256340" lon="-105.6517420">
    <ele>3902.6</ele>
    <time>2026-09-13T14:22:48Z</time>
    
   </trkpt>
   <trkpt lat="40.0256280" lon="-105.6517340">
    <ele>3902.6</ele>
    <time>2026-09-13T14:22:51Z</time>
    
   </trkpt>
   <trkpt lat="40.0256250" lon="-105.6517310">
    <ele>3902.6</ele>
    <time>2026-09-13T14:22:54Z</time>
    
   </trkpt>
   <trkpt lat="40.0256260" lon="-105.6517290">
    <ele>3902.6</ele>
    <time>2026-09-13T14:22:57Z</time>
    
   </trkpt>
   <trkpt lat="40.0256290" lon="-105.6517300">
    <ele>3902.0</ele>
    <time>2026-09-13T14:23:08Z</time>
    
   </trkpt>
   <trkpt lat="40.0256290" lon="-105.6517280">
    <ele>3901.4</ele>
    <time>2026-09-13T14:23:16Z</time>
    
   </trkpt>
   <trkpt lat="40.0256290" lon="-105.6517270">
    <ele>3901.2</ele>
    <time>2026-09-13T14:23:19Z</time>
    
   </trkpt>
   <trkpt lat="40.0256290" lon="-105.6517240">
    <ele>3901.4</ele>
    <time>2026-09-13T14:23:21Z</time>
    
   </trkpt>
   <trkpt lat="40.0256290" lon="-105.6517160">
    <ele>3901.8</ele>
    <time>2026-09-13T14:23:28Z</time>
    
   </trkpt>
   <trkpt lat="40.0256290" lon="-105.6517140">
    <ele>3901.8</ele>
    <time>2026-09-13T14:23:30Z</time>
    
   </trkpt>
   <trkpt lat="40.0256300" lon="-105.6517100">
    <ele>3901.6</ele>
    <time>2026-09-13T14:23:36Z</time>
    
   </trkpt>
   <trkpt lat="40.0256320" lon="-105.6517040">
    <ele>3901.4</ele>
    <time>2026-09-13T14:23:43Z</time>
    
   </trkpt>
   <trkpt lat="40.0256310" lon="-105.6517030">
    <ele>3901.4</ele>
    <time>2026-09-13T14:23:55Z</time>
    
   </trkpt>
   <trkpt lat="40.0256240" lon="-105.6516910">
    <ele>3901.2</ele>
    <time>2026-09-13T14:24:12Z</time>
    
   </trkpt>
   <trkpt lat="40.0256250" lon="-105.6516970">
    <ele>3901.2</ele>
    <time>2026-09-13T14:24:13Z</time>
    
   </trkpt>
   <trkpt lat="40.0256410" lon="-105.6517190">
    <ele>3901.2</ele>
    <time>2026-09-13T14:24:27Z</time>
    
   </trkpt>
   <trkpt lat="40.0256410" lon="-105.6517170">
    <ele>3901.2</ele>
    <time>2026-09-13T14:24:28Z</time>
    
   </trkpt>
   <trkpt lat="40.0256420" lon="-105.6517100">
    <ele>3901.0</ele>
    <time>2026-09-13T14:24:33Z</time>
    
   </trkpt>
   <trkpt lat="40.0256420" lon="-105.6517220">
    <ele>3901.0</ele>
    <time>2026-09-13T14:24:48Z</time>
    
   </trkpt>
   <trkpt lat="40.0256350" lon="-105.6517120">
    <ele>3900.8</ele>
    <time>2026-09-13T14:25:00Z</time>
    
   </trkpt>
   <trkpt lat="40.0256340" lon="-105.6517120">
    <ele>3900.8</ele>
    <time>2026-09-13T14:25:01Z</time>
    
   </trkpt>
   <trkpt lat="40.0256360" lon="-105.6517120">
    <ele>3901.0</ele>
    <time>2026-09-13T14:25:06Z</time>
    
   </trkpt>
   <trkpt lat="40.0256380" lon="-105.6517250">
    <ele>3901.2</ele>
    <time>2026-09-13T14:25:11Z</time>
    
   </trkpt>
   <trkpt lat="40.0256370" lon="-105.6517270">
    <ele>3901.4</ele>
    <time>2026-09-13T14:25:16Z</time>
    
   </trkpt>
   <trkpt lat="40.0256380" lon="-105.6517260">
    <ele>3901.8</ele>
    <time>2026-09-13T14:25:25Z</time>
    
   </trkpt>
   <trkpt lat="40.0256360" lon="-105.6517140">
    <ele>3901.8</ele>
    <time>2026-09-13T14:25:30Z</time>
    
   </trkpt>
   <trkpt lat="40.0256410" lon="-105.6517230">
    <ele>3901.6</ele>
    <time>2026-09-13T14:25:33Z</time>
    
   </trkpt>
   <trkpt lat="40.0256380" lon="-105.6517130">
    <ele>3901.2</ele>
    <time>2026-09-13T14:25:39Z</time>
    
   </trkpt>
   <trkpt lat="40.0256380" lon="-105.6517120">
    <ele>3901.2</ele>
    <time>2026-09-13T14:25:41Z</time>
    
   </trkpt>
   <trkpt lat="40.0256380" lon="-105.6517120">
    <ele>3901.2</ele>
    <time>2026-09-13T14:25:42Z</time>
    
   </trkpt>
   <trkpt lat="40.0256390" lon="-105.6517160">
    <ele>3902.2</ele>
    <time>2026-09-13T14:26:03Z</time>
    
   </trkpt>
   <trkpt lat="40.0256420" lon="-105.6517330">
    <ele>3901.6</ele>
    <time>2026-09-13T14:26:09Z</time>
    
   </trkpt>
   <trkpt lat="40.0256420" lon="-105.6517330">
    <ele>3901.4</ele>
    <time>2026-09-13T14:26:12Z</time>
    
   </trkpt>
   <trkpt lat="40.0256430" lon="-105.6517490">
    <ele>3902.0</ele>
    <time>2026-09-13T14:26:21Z</time>
    
   </trkpt>
   <trkpt lat="40.0256410" lon="-105.6517490">
    <ele>3901.8</ele>
    <time>2026-09-13T14:26:22Z</time>
    
   </trkpt>
   <trkpt lat="40.0256410" lon="-105.6517470">
    <ele>3901.6</ele>
    <time>2026-09-13T14:26:24Z</time>
    
   </trkpt>
   <trkpt lat="40.0256420" lon="-105.6517430">
    <ele>3901.2</ele>
    <time>2026-09-13T14:26:26Z</time>
    
   </trkpt>
   <trkpt lat="40.0256420" lon="-105.6517400">
    <ele>3901.2</ele>
    <time>2026-09-13T14:26:27Z</time>
    
   </trkpt>
   <trkpt lat="40.0256490" lon="-105.6517440">
    <ele>3901.6</ele>
    <time>2026-09-13T14:26:35Z</time>
    
   </trkpt>
   <trkpt lat="40.0256500" lon="-105.6517410">
    <ele>3901.4</ele>
    <time>2026-09-13T14:26:36Z</time>
    
   </trkpt>
   <trkpt lat="40.0256510" lon="-105.6517370">
    <ele>3901.4</ele>
    <time>2026-09-13T14:26:38Z</time>
    
   </trkpt>
   <trkpt lat="40.0256500" lon="-105.6517250">
    <ele>3901.4</ele>
    <time>2026-09-13T14:26:52Z</time>
    
   </trkpt>
   <trkpt lat="40.0256450" lon="-105.6517150">
    <ele>3901.2</ele>
    <time>2026-09-13T14:26:53Z</time>
    
   </trkpt>
   <trkpt lat="40.0256440" lon="-105.6517070">
    <ele>3900.8</ele>
    <time>2026-09-13T14:27:05Z</time>
    
   </trkpt>
   <trkpt lat="40.0256420" lon="-105.6517100">
    <ele>3900.6</ele>
    <time>2026-09-13T14:27:08Z</time>
    
   </trkpt>
   <trkpt lat="40.0256420" lon="-105.6517100">
    <ele>3900.6</ele>
    <time>2026-09-13T14:27:09Z</time>
    
   </trkpt>
   <trkpt lat="40.0256440" lon="-105.6517020">
    <ele>3900.8</ele>
    <time>2026-09-13T14:27:19Z</time>
    
   </trkpt>
   <trkpt lat="40.0256460" lon="-105.6517090">
    <ele>3900.8</ele>
    <time>2026-09-13T14:27:27Z</time>
    
   </trkpt>
   <trkpt lat="40.0256520" lon="-105.6517210">
    <ele>3900.4</ele>
    <time>2026-09-13T14:27:32Z</time>
    
   </trkpt>
   <trkpt lat="40.0256520" lon="-105.6517330">
    <ele>3900.6</ele>
    <time>2026-09-13T14:27:40Z</time>
    
   </trkpt>
   <trkpt lat="40.0256510" lon="-105.6517420">
    <ele>3900.6</ele>
    <time>2026-09-13T14:27:44Z</time>
    
   </trkpt>
   <trkpt lat="40.0256530" lon="-105.6517460">
    <ele>3901.4</ele>
    <time>2026-09-13T14:27:56Z</time>
    
   </trkpt>
   <trkpt lat="40.0256550" lon="-105.6517490">
    <ele>3901.6</ele>
    <time>2026-09-13T14:27:57Z</time>
    
   </trkpt>
   <trkpt lat="40.0256490" lon="-105.6517510">
    <ele>3900.0</ele>
    <time>2026-09-13T14:28:01Z</time>
    
   </trkpt>
   <trkpt lat="40.0256460" lon="-105.6517490">
    <ele>3900.0</ele>
    <time>2026-09-13T14:28:07Z</time>
    
   </trkpt>
   <trkpt lat="40.0256450" lon="-105.6517420">
    <ele>3900.0</ele>
    <time>2026-09-13T14:28:09Z</time>
    
   </trkpt>
   <trkpt lat="40.0256470" lon="-105.6517420">
    <ele>3900.0</ele>
    <time>2026-09-13T14:28:12Z</time>
    
   </trkpt>
   <trkpt lat="40.0256470" lon="-105.6517480">
    <ele>3900.0</ele>
    <time>2026-09-13T14:28:15Z</time>
    
   </trkpt>
   <trkpt lat="40.0256440" lon="-105.6517500">
    <ele>3900.0</ele>
    <time>2026-09-13T14:28:20Z</time>
    
   </trkpt>
   <trkpt lat="40.0256440" lon="-105.6517690">
    <ele>3900.0</ele>
    <time>2026-09-13T14:28:31Z</time>
    
   </trkpt>
   <trkpt lat="40.0256360" lon="-105.6517830">
    <ele>3900.0</ele>
    <time>2026-09-13T14:28:48Z</time>
    
   </trkpt>
   <trkpt lat="40.0256350" lon="-105.6517830">
    <ele>3900.0</ele>
    <time>2026-09-13T14:28:49Z</time>
    
   </trkpt>
   <trkpt lat="40.0256350" lon="-105.6517800">
    <ele>3900.0</ele>
    <time>2026-09-13T14:28:51Z</time>
    
   </trkpt>
   <trkpt lat="40.0256330" lon="-105.6517700">
    <ele>3900.0</ele>
    <time>2026-09-13T14:28:54Z</time>
    
   </trkpt>
   <trkpt lat="40.0255950" lon="-105.6516510">
    <ele>3900.0</ele>
    <time>2026-09-13T14:29:06Z</time>
    
   </trkpt>
   <trkpt lat="40.0255880" lon="-105.6516670">
    <ele>3900.0</ele>
    <time>2026-09-13T14:29:15Z</time>
    
   </trkpt>
   <trkpt lat="40.0255860" lon="-105.6516760">
    <ele>3900.0</ele>
    <time>2026-09-13T14:29:18Z</time>
    
   </trkpt>
   <trkpt lat="40.0255860" lon="-105.6516760">
    <ele>3900.0</ele>
    <time>2026-09-13T14:29:25Z</time>
    
   </trkpt>
   <trkpt lat="40.0255860" lon="-105.6516760">
    <ele>3900.0</ele>
    <time>2026-09-13T14:29:37Z</time>
    
   </trkpt>
   <trkpt lat="40.0255860" lon="-105.6516760">
    <ele>3900.0</ele>
    <time>2026-09-13T14:29:42Z</time>
    
   </trkpt>
   <trkpt lat="40.0255810" lon="-105.6516700">
    <ele>3900.0</ele>
    <time>2026-09-13T14:29:47Z</time>
    
   </trkpt>
   <trkpt lat="40.0255690" lon="-105.6516600">
    <ele>3900.0</ele>
    <time>2026-09-13T14:29:52Z</time>
    
   </trkpt>
   <trkpt lat="40.0255680" lon="-105.6516670">
    <ele>3900.0</ele>
    <time>2026-09-13T14:29:55Z</time>
    
   </trkpt>
   <trkpt lat="40.0255380" lon="-105.6516890">
    <ele>3896.6</ele>
    <time>2026-09-13T14:30:03Z</time>
    
   </trkpt>
   <trkpt lat="40.0255370" lon="-105.6516940">
    <ele>3897.8</ele>
    <time>2026-09-13T14:30:06Z</time>
    
   </trkpt>
   <trkpt lat="40.0255370" lon="-105.6516940">
    <ele>3897.2</ele>
    <time>2026-09-13T14:30:21Z</time>
    
   </trkpt>
   <trkpt lat="40.0255370" lon="-105.6516940">
    <ele>3896.8</ele>
    <time>2026-09-13T14:30:23Z</time>
    
   </trkpt>
   <trkpt lat="40.0255370" lon="-105.6516940">
    <ele>3897.0</ele>
    <time>2026-09-13T14:30:25Z</time>
    
   </trkpt>
   <trkpt lat="40.0255370" lon="-105.6516940">
    <ele>3896.8</ele>
    <time>2026-09-13T14:30:44Z</time>
    
   </trkpt>
   <trkpt lat="40.0255710" lon="-105.6517490">
    <ele>3896.6</ele>
    <time>2026-09-13T14:30:49Z</time>
    
   </trkpt>
   <trkpt lat="40.0255740" lon="-105.6517930">
    <ele>3897.0</ele>
    <time>2026-09-13T14:30:57Z</time>
    
   </trkpt>
   <trkpt lat="40.0255530" lon="-105.6517800">
    <ele>3897.4</ele>
    <time>2026-09-13T14:31:03Z</time>
    
   </trkpt>
   <trkpt lat="40.0255290" lon="-105.6517590">
    <ele>3896.6</ele>
    <time>2026-09-13T14:31:10Z</time>
    
   </trkpt>
   <trkpt lat="40.0255290" lon="-105.6517590">
    <ele>3896.6</ele>
    <time>2026-09-13T14:31:18Z</time>
    
   </trkpt>
   <trkpt lat="40.0255290" lon="-105.6517590">
    <ele>3896.6</ele>
    <time>2026-09-13T14:31:34Z</time>
    
   </trkpt>
   <trkpt lat="40.0255290" lon="-105.6517590">
    <ele>3896.6</ele>
    <time>2026-09-13T14:31:50Z</time>
    
   </trkpt>
   <trkpt lat="40.0255290" lon="-105.6517590">
    <ele>3896.6</ele>
    <time>2026-09-13T14:31:51Z</time>
    
   </trkpt>
   <trkpt lat="40.0255290" lon="-105.6517590">
    <ele>3896.6</ele>
    <time>2026-09-13T14:32:00Z</time>
    
   </trkpt>
   <trkpt lat="40.0255290" lon="-105.6517590">
    <ele>3896.6</ele>
    <time>2026-09-13T14:32:03Z</time>
    
   </trkpt>
   <trkpt lat="40.0254940" lon="-105.6517690">
    <ele>3896.6</ele>
    <time>2026-09-13T14:32:13Z</time>
    
   </trkpt>
   <trkpt lat="40.0254940" lon="-105.6517690">
    <ele>3896.6</ele>
    <time>2026-09-13T14:32:25Z</time>
    
   </trkpt>
   <trkpt lat="40.0254940" lon="-105.6517690">
    <ele>3896.6</ele>
    <time>2026-09-13T14:32:29Z</time>
    
   </trkpt>
   <trkpt lat="40.0254940" lon="-105.6517690">
    <ele>3896.6</ele>
    <time>2026-09-13T14:32:31Z</time>
    
   </trkpt>
   <trkpt lat="40.0254940" lon="-105.6517690">
    <ele>3896.6</ele>
    <time>2026-09-13T14:32:33Z</time>
    
   </trkpt>
   <trkpt lat="40.0254850" lon="-105.6517720">
    <ele>3896.6</ele>
    <time>2026-09-13T14:32:37Z</time>
    
   </trkpt>
   <trkpt lat="40.0254850" lon="-105.6517720">
    <ele>3896.6</ele>
    <time>2026-09-13T14:32:40Z</time>
    
   </trkpt>
   <trkpt lat="40.0254850" lon="-105.6517720">
    <ele>3896.6</ele>
    <time>2026-09-13T14:32:52Z</time>
    
   </trkpt>
   <trkpt lat="40.0254850" lon="-105.6517720">
    <ele>3896.6</ele>
    <time>2026-09-13T14:33:07Z</time>
    
   </trkpt>
   <trkpt lat="40.0254850" lon="-105.6517720">
    <ele>3896.6</ele>
    <time>2026-09-13T14:33:15Z</time>
    
   </trkpt>
   <trkpt lat="40.0254850" lon="-105.6517720">
    <ele>3896.6</ele>
    <time>2026-09-13T14:33:22Z</time>
    
   </trkpt>
   <trkpt lat="40.0254850" lon="-105.6517720">
    <ele>3896.6</ele>
    <time>2026-09-13T14:33:25Z</time>
    
   </trkpt>
   <trkpt lat="40.0254660" lon="-105.6517990">
    <ele>3896.6</ele>
    <time>2026-09-13T14:33:27Z</time>
    
   </trkpt>
   <trkpt lat="40.0254640" lon="-105.6518010">
    <ele>3896.6</ele>
    <time>2026-09-13T14:33:29Z</time>
    
   </trkpt>
   <trkpt lat="40.0254730" lon="-105.6518220">
    <ele>3896.6</ele>
    <time>2026-09-13T14:33:38Z</time>
    
   </trkpt>
   <trkpt lat="40.0255000" lon="-105.6518250">
    <ele>3896.6</ele>
    <time>2026-09-13T14:33:45Z</time>
    
   </trkpt>
   <trkpt lat="40.0255030" lon="-105.6518460">
    <ele>3896.6</ele>
    <time>2026-09-13T14:33:58Z</time>
    
   </trkpt>
   <trkpt lat="40.0255040" lon="-105.6518520">
    <ele>3896.6</ele>
    <time>2026-09-13T14:34:02Z</time>
    
   </trkpt>
   <trkpt lat="40.0255040" lon="-105.6518520">
    <ele>3896.6</ele>
    <time>2026-09-13T14:34:03Z</time>
    
   </trkpt>
   <trkpt lat="40.0255020" lon="-105.6518570">
    <ele>3892.4</ele>
    <time>2026-09-13T14:34:07Z</time>
    
   </trkpt>
   <trkpt lat="40.0254990" lon="-105.6518660">
    <ele>3891.8</ele>
    <time>2026-09-13T14:34:09Z</time>
    
   </trkpt>
   <trkpt lat="40.0254980" lon="-105.6518690">
    <ele>3891.2</ele>
    <time>2026-09-13T14:34:10Z</time>
    
   </trkpt>
   <trkpt lat="40.0254930" lon="-105.6518780">
    <ele>3890.8</ele>
    <time>2026-09-13T14:34:16Z</time>
    
   </trkpt>
   <trkpt lat="40.0254930" lon="-105.6518780">
    <ele>3890.2</ele>
    <time>2026-09-13T14:34:18Z</time>
    
   </trkpt>
   <trkpt lat="40.0254920" lon="-105.6518790">
    <ele>3890.0</ele>
    <time>2026-09-13T14:34:19Z</time>
    
   </trkpt>
   <trkpt lat="40.0254920" lon="-105.6518890">
    <ele>3889.6</ele>
    <time>2026-09-13T14:34:23Z</time>
    
   </trkpt>
   <trkpt lat="40.0254950" lon="-105.6518960">
    <ele>3889.2</ele>
    <time>2026-09-13T14:34:26Z</time>
    
   </trkpt>
   <trkpt lat="40.0254920" lon="-105.6518980">
    <ele>3888.6</ele>
    <time>2026-09-13T14:34:29Z</time>
    
   </trkpt>
   <trkpt lat="40.0254990" lon="-105.6518910">
    <ele>3888.2</ele>
    <time>2026-09-13T14:34:32Z</time>
    
   </trkpt>
   <trkpt lat="40.0254980" lon="-105.6518900">
    <ele>3888.2</ele>
    <time>2026-09-13T14:34:33Z</time>
    
   </trkpt>
   <trkpt lat="40.0254910" lon="-105.6519040">
    <ele>3887.8</ele>
    <time>2026-09-13T14:34:39Z</time>
    
   </trkpt>
   <trkpt lat="40.0255000" lon="-105.6519120">
    <ele>3887.6</ele>
    <time>2026-09-13T14:34:42Z</time>
    
   </trkpt>
   <trkpt lat="40.0255060" lon="-105.6519040">
    <ele>3887.2</ele>
    <time>2026-09-13T14:34:46Z</time>
    
   </trkpt>
   <trkpt lat="40.0255270" lon="-105.6519090">
    <ele>3887.2</ele>
    <time>2026-09-13T14:34:54Z</time>
    
   </trkpt>
   <trkpt lat="40.0255270" lon="-105.6519090">
    <ele>3886.8</ele>
    <time>2026-09-13T14:34:59Z</time>
    
   </trkpt>
   <trkpt lat="40.0255270" lon="-105.6519090">
    <ele>3886.0</ele>
    <time>2026-09-13T14:35:01Z</time>
    
   </trkpt>
   <trkpt lat="40.0255270" lon="-105.6519090">
    <ele>3884.6</ele>
    <time>2026-09-13T14:35:04Z</time>
    
   </trkpt>
   <trkpt lat="40.0254830" lon="-105.6519440">
    <ele>3883.4</ele>
    <time>2026-09-13T14:35:13Z</time>
    
   </trkpt>
   <trkpt lat="40.0254850" lon="-105.6519610">
    <ele>3882.0</ele>
    <time>2026-09-13T14:35:16Z</time>
    
   </trkpt>
   <trkpt lat="40.0254810" lon="-105.6519600">
    <ele>3881.8</ele>
    <time>2026-09-13T14:35:17Z</time>
    
   </trkpt>
   <trkpt lat="40.0254770" lon="-105.6519550">
    <ele>3881.6</ele>
    <time>2026-09-13T14:35:18Z</time>
    
   </trkpt>
   <trkpt lat="40.0254740" lon="-105.6519590">
    <ele>3881.2</ele>
    <time>2026-09-13T14:35:21Z</time>
    
   </trkpt>
   <trkpt lat="40.0254720" lon="-105.6519590">
    <ele>3880.8</ele>
    <time>2026-09-13T14:35:22Z</time>
    
   </trkpt>
   <trkpt lat="40.0254720" lon="-105.6519610">
    <ele>3880.4</ele>
    <time>2026-09-13T14:35:24Z</time>
    
   </trkpt>
   <trkpt lat="40.0254740" lon="-105.6519470">
    <ele>3880.2</ele>
    <time>2026-09-13T14:35:27Z</time>
    
   </trkpt>
   <trkpt lat="40.0254740" lon="-105.6519420">
    <ele>3880.4</ele>
    <time>2026-09-13T14:35:28Z</time>
    
   </trkpt>
   <trkpt lat="40.0254950" lon="-105.6519540">
    <ele>3880.4</ele>
    <time>2026-09-13T14:35:35Z</time>
    
   </trkpt>
   <trkpt lat="40.0254940" lon="-105.6519490">
    <ele>3880.4</ele>
    <time>2026-09-13T14:35:36Z</time>
    
   </trkpt>
   <trkpt lat="40.0254790" lon="-105.6519540">
    <ele>3880.6</ele>
    <time>2026-09-13T14:35:45Z</time>
    
   </trkpt>
   <trkpt lat="40.0254760" lon="-105.6519640">
    <ele>3879.4</ele>
    <time>2026-09-13T14:35:48Z</time>
    
   </trkpt>
   <trkpt lat="40.0254710" lon="-105.6519670">
    <ele>3878.2</ele>
    <time>2026-09-13T14:35:51Z</time>
    
   </trkpt>
   <trkpt lat="40.0254570" lon="-105.6519780">
    <ele>3877.8</ele>
    <time>2026-09-13T14:35:56Z</time>
    
   </trkpt>
   <trkpt lat="40.0254520" lon="-105.6519750">
    <ele>3877.0</ele>
    <time>2026-09-13T14:35:58Z</time>
    
   </trkpt>
   <trkpt lat="40.0254490" lon="-105.6519670">
    <ele>3875.8</ele>
    <time>2026-09-13T14:36:02Z</time>
    
   </trkpt>
   <trkpt lat="40.0254480" lon="-105.6519650">
    <ele>3875.4</ele>
    <time>2026-09-13T14:36:03Z</time>
    
   </trkpt>
   <trkpt lat="40.0254480" lon="-105.6519630">
    <ele>3875.4</ele>
    <time>2026-09-13T14:36:04Z</time>
    
   </trkpt>
   <trkpt lat="40.0254390" lon="-105.6519550">
    <ele>3875.8</ele>
    <time>2026-09-13T14:36:07Z</time>
    
   </trkpt>
   <trkpt lat="40.0254240" lon="-105.6519540">
    <ele>3874.8</ele>
    <time>2026-09-13T14:36:13Z</time>
    
   </trkpt>
   <trkpt lat="40.0254210" lon="-105.6519540">
    <ele>3874.6</ele>
    <time>2026-09-13T14:36:14Z</time>
    
   </trkpt>
   <trkpt lat="40.0254130" lon="-105.6519500">
    <ele>3874.2</ele>
    <time>2026-09-13T14:36:19Z</time>
    
   </trkpt>
   <trkpt lat="40.0254050" lon="-105.6519400">
    <ele>3873.6</ele>
    <time>2026-09-13T14:36:26Z</time>
    
   </trkpt>
   <trkpt lat="40.0253970" lon="-105.6519430">
    <ele>3872.8</ele>
    <time>2026-09-13T14:36:31Z</time>
    
   </trkpt>
   <trkpt lat="40.0253950" lon="-105.6519340">
    <ele>3873.6</ele>
    <time>2026-09-13T14:36:39Z</time>
    
   </trkpt>
   <trkpt lat="40.0253960" lon="-105.6519300">
    <ele>3873.6</ele>
    <time>2026-09-13T14:36:41Z</time>
    
   </trkpt>
   <trkpt lat="40.0253940" lon="-105.6519260">
    <ele>3873.0</ele>
    <time>2026-09-13T14:36:43Z</time>
    
   </trkpt>
   <trkpt lat="40.0253880" lon="-105.6519210">
    <ele>3872.8</ele>
    <time>2026-09-13T14:36:46Z</time>
    
   </trkpt>
   <trkpt lat="40.0253780" lon="-105.6519170">
    <ele>3872.6</ele>
    <time>2026-09-13T14:36:48Z</time>
    
   </trkpt>
   <trkpt lat="40.0253710" lon="-105.6519150">
    <ele>3872.0</ele>
    <time>2026-09-13T14:36:51Z</time>
    
   </trkpt>
   <trkpt lat="40.0253690" lon="-105.6519160">
    <ele>3871.2</ele>
    <time>2026-09-13T14:36:52Z</time>
    
   </trkpt>
   <trkpt lat="40.0253620" lon="-105.6519210">
    <ele>3869.6</ele>
    <time>2026-09-13T14:36:54Z</time>
    
   </trkpt>
   <trkpt lat="40.0253180" lon="-105.6519100">
    <ele>3868.4</ele>
    <time>2026-09-13T14:37:02Z</time>
    
   </trkpt>
   <trkpt lat="40.0252980" lon="-105.6519070">
    <ele>3868.4</ele>
    <time>2026-09-13T14:37:04Z</time>
    
   </trkpt>
   <trkpt lat="40.0252810" lon="-105.6519030">
    <ele>3869.4</ele>
    <time>2026-09-13T14:37:06Z</time>
    
   </trkpt>
   <trkpt lat="40.0252750" lon="-105.6519020">
    <ele>3870.2</ele>
    <time>2026-09-13T14:37:07Z</time>
    
   </trkpt>
   <trkpt lat="40.0252590" lon="-105.6519030">
    <ele>3871.2</ele>
    <time>2026-09-13T14:37:09Z</time>
    
   </trkpt>
   <trkpt lat="40.0252540" lon="-105.6519000">
    <ele>3871.6</ele>
    <time>2026-09-13T14:37:10Z</time>
    
   </trkpt>
   <trkpt lat="40.0252460" lon="-105.6518920">
    <ele>3871.8</ele>
    <time>2026-09-13T14:37:13Z</time>
    
   </trkpt>
   <trkpt lat="40.0252560" lon="-105.6519000">
    <ele>3872.4</ele>
    <time>2026-09-13T14:37:20Z</time>
    
   </trkpt>
   <trkpt lat="40.0252570" lon="-105.6519030">
    <ele>3872.2</ele>
    <time>2026-09-13T14:37:23Z</time>
    
   </trkpt>
   <trkpt lat="40.0252600" lon="-105.6519020">
    <ele>3871.4</ele>
    <time>2026-09-13T14:37:26Z</time>
    
   </trkpt>
   <trkpt lat="40.0252570" lon="-105.6518940">
    <ele>3871.4</ele>
    <time>2026-09-13T14:37:34Z</time>
    
   </trkpt>
   <trkpt lat="40.0252570" lon="-105.6518920">
    <ele>3871.4</ele>
    <time>2026-09-13T14:37:39Z</time>
    
   </trkpt>
   <trkpt lat="40.0252540" lon="-105.6518900">
    <ele>3871.6</ele>
    <time>2026-09-13T14:37:42Z</time>
    
   </trkpt>
   <trkpt lat="40.0252480" lon="-105.6519020">
    <ele>3871.8</ele>
    <time>2026-09-13T14:37:52Z</time>
    
   </trkpt>
   <trkpt lat="40.0252450" lon="-105.6519170">
    <ele>3872.4</ele>
    <time>2026-09-13T14:38:06Z</time>
    
   </trkpt>
   <trkpt lat="40.0252050" lon="-105.6519510">
    <ele>3872.8</ele>
    <time>2026-09-13T14:38:15Z</time>
    
   </trkpt>
   <trkpt lat="40.0251800" lon="-105.6519710">
    <ele>3872.6</ele>
    <time>2026-09-13T14:38:23Z</time>
    
   </trkpt>
   <trkpt lat="40.0251740" lon="-105.6519760">
    <ele>3873.0</ele>
    <time>2026-09-13T14:38:27Z</time>
    
   </trkpt>
   <trkpt lat="40.0251710" lon="-105.6519730">
    <ele>3873.6</ele>
    <time>2026-09-13T14:38:29Z</time>
    
   </trkpt>
   <trkpt lat="40.0251480" lon="-105.6519840">
    <ele>3873.2</ele>
    <time>2026-09-13T14:38:37Z</time>
    
   </trkpt>
   <trkpt lat="40.0251130" lon="-105.6519770">
    <ele>3874.6</ele>
    <time>2026-09-13T14:38:45Z</time>
    
   </trkpt>
   <trkpt lat="40.0251120" lon="-105.6519810">
    <ele>3875.0</ele>
    <time>2026-09-13T14:38:47Z</time>
    
   </trkpt>
   <trkpt lat="40.0251120" lon="-105.6519890">
    <ele>3875.2</ele>
    <time>2026-09-13T14:38:50Z</time>
    
   </trkpt>
   <trkpt lat="40.0251100" lon="-105.6519890">
    <ele>3875.6</ele>
    <time>2026-09-13T14:38:54Z</time>
    
   </trkpt>
   <trkpt lat="40.0251100" lon="-105.6519880">
    <ele>3875.4</ele>
    <time>2026-09-13T14:38:57Z</time>
    
   </trkpt>
   <trkpt lat="40.0251100" lon="-105.6519870">
    <ele>3875.4</ele>
    <time>2026-09-13T14:38:58Z</time>
    
   </trkpt>
   <trkpt lat="40.0251070" lon="-105.6519850">
    <ele>3875.4</ele>
    <time>2026-09-13T14:39:02Z</time>
    
   </trkpt>
   <trkpt lat="40.0250990" lon="-105.6519990">
    <ele>3875.4</ele>
    <time>2026-09-13T14:39:06Z</time>
    
   </trkpt>
   <trkpt lat="40.0250930" lon="-105.6520030">
    <ele>3874.6</ele>
    <time>2026-09-13T14:39:11Z</time>
    
   </trkpt>
   <trkpt lat="40.0250900" lon="-105.6520030">
    <ele>3874.8</ele>
    <time>2026-09-13T14:39:12Z</time>
    
   </trkpt>
   <trkpt lat="40.0250800" lon="-105.6520120">
    <ele>3872.8</ele>
    <time>2026-09-13T14:39:17Z</time>
    
   </trkpt>
   <trkpt lat="40.0250740" lon="-105.6520190">
    <ele>3872.0</ele>
    <time>2026-09-13T14:39:21Z</time>
    
   </trkpt>
   <trkpt lat="40.0250610" lon="-105.6520010">
    <ele>3872.0</ele>
    <time>2026-09-13T14:39:29Z</time>
    
   </trkpt>
   <trkpt lat="40.0250610" lon="-105.6520030">
    <ele>3872.0</ele>
    <time>2026-09-13T14:39:31Z</time>
    
   </trkpt>
   <trkpt lat="40.0250420" lon="-105.6520100">
    <ele>3872.0</ele>
    <time>2026-09-13T14:39:41Z</time>
    
   </trkpt>
   <trkpt lat="40.0250380" lon="-105.6520160">
    <ele>3872.0</ele>
    <time>2026-09-13T14:39:43Z</time>
    
   </trkpt>
   <trkpt lat="40.0250380" lon="-105.6520200">
    <ele>3872.0</ele>
    <time>2026-09-13T14:39:46Z</time>
    
   </trkpt>
   <trkpt lat="40.0250330" lon="-105.6520240">
    <ele>3872.0</ele>
    <time>2026-09-13T14:39:47Z</time>
    
   </trkpt>
   <trkpt lat="40.0250290" lon="-105.6520210">
    <ele>3872.0</ele>
    <time>2026-09-13T14:39:48Z</time>
    
   </trkpt>
   <trkpt lat="40.0250160" lon="-105.6520160">
    <ele>3872.0</ele>
    <time>2026-09-13T14:39:51Z</time>
    
   </trkpt>
   <trkpt lat="40.0249860" lon="-105.6520320">
    <ele>3872.0</ele>
    <time>2026-09-13T14:40:02Z</time>
    
   </trkpt>
   <trkpt lat="40.0249250" lon="-105.6520590">
    <ele>3872.0</ele>
    <time>2026-09-13T14:40:14Z</time>
    
   </trkpt>
   <trkpt lat="40.0249090" lon="-105.6520690">
    <ele>3864.2</ele>
    <time>2026-09-13T14:40:19Z</time>
    
   </trkpt>
   <trkpt lat="40.0249080" lon="-105.6520870">
    <ele>3864.0</ele>
    <time>2026-09-13T14:40:25Z</time>
    
   </trkpt>
   <trkpt lat="40.0249160" lon="-105.6520920">
    <ele>3863.8</ele>
    <time>2026-09-13T14:40:27Z</time>
    
   </trkpt>
   <trkpt lat="40.0249180" lon="-105.6520930">
    <ele>3863.6</ele>
    <time>2026-09-13T14:40:28Z</time>
    
   </trkpt>
   <trkpt lat="40.0249170" lon="-105.6520960">
    <ele>3863.2</ele>
    <time>2026-09-13T14:40:29Z</time>
    
   </trkpt>
   <trkpt lat="40.0249090" lon="-105.6520980">
    <ele>3862.2</ele>
    <time>2026-09-13T14:40:32Z</time>
    
   </trkpt>
   <trkpt lat="40.0248980" lon="-105.6521190">
    <ele>3861.0</ele>
    <time>2026-09-13T14:40:39Z</time>
    
   </trkpt>
   <trkpt lat="40.0249010" lon="-105.6521300">
    <ele>3861.0</ele>
    <time>2026-09-13T14:40:41Z</time>
    
   </trkpt>
   <trkpt lat="40.0249030" lon="-105.6521330">
    <ele>3860.6</ele>
    <time>2026-09-13T14:40:42Z</time>
    
   </trkpt>
   <trkpt lat="40.0248980" lon="-105.6521370">
    <ele>3859.8</ele>
    <time>2026-09-13T14:40:44Z</time>
    
   </trkpt>
   <trkpt lat="40.0248880" lon="-105.6521410">
    <ele>3859.6</ele>
    <time>2026-09-13T14:40:46Z</time>
    
   </trkpt>
   <trkpt lat="40.0248850" lon="-105.6521460">
    <ele>3858.8</ele>
    <time>2026-09-13T14:40:47Z</time>
    
   </trkpt>
   <trkpt lat="40.0248730" lon="-105.6521500">
    <ele>3857.4</ele>
    <time>2026-09-13T14:40:49Z</time>
    
   </trkpt>
   <trkpt lat="40.0248670" lon="-105.6521540">
    <ele>3856.8</ele>
    <time>2026-09-13T14:40:50Z</time>
    
   </trkpt>
   <trkpt lat="40.0248600" lon="-105.6521650">
    <ele>3856.2</ele>
    <time>2026-09-13T14:40:53Z</time>
    
   </trkpt>
   <trkpt lat="40.0248220" lon="-105.6522000">
    <ele>3856.2</ele>
    <time>2026-09-13T14:41:01Z</time>
    
   </trkpt>
   <trkpt lat="40.0248150" lon="-105.6522090">
    <ele>3855.6</ele>
    <time>2026-09-13T14:41:04Z</time>
    
   </trkpt>
   <trkpt lat="40.0248100" lon="-105.6522130">
    <ele>3855.0</ele>
    <time>2026-09-13T14:41:05Z</time>
    
   </trkpt>
   <trkpt lat="40.0247910" lon="-105.6522220">
    <ele>3855.0</ele>
    <time>2026-09-13T14:41:12Z</time>
    
   </trkpt>
   <trkpt lat="40.0247690" lon="-105.6522350">
    <ele>3854.2</ele>
    <time>2026-09-13T14:41:17Z</time>
    
   </trkpt>
   <trkpt lat="40.0247670" lon="-105.6522340">
    <ele>3853.8</ele>
    <time>2026-09-13T14:41:18Z</time>
    
   </trkpt>
   <trkpt lat="40.0247590" lon="-105.6522470">
    <ele>3853.0</ele>
    <time>2026-09-13T14:41:21Z</time>
    
   </trkpt>
   <trkpt lat="40.0247560" lon="-105.6522510">
    <ele>3852.8</ele>
    <time>2026-09-13T14:41:22Z</time>
    
   </trkpt>
   <trkpt lat="40.0247500" lon="-105.6522560">
    <ele>3852.8</ele>
    <time>2026-09-13T14:41:23Z</time>
    
   </trkpt>
   <trkpt lat="40.0247040" lon="-105.6522800">
    <ele>3853.2</ele>
    <time>2026-09-13T14:41:31Z</time>
    
   </trkpt>
   <trkpt lat="40.0246650" lon="-105.6523140">
    <ele>3855.0</ele>
    <time>2026-09-13T14:41:40Z</time>
    
   </trkpt>
   <trkpt lat="40.0246620" lon="-105.6523190">
    <ele>3855.4</ele>
    <time>2026-09-13T14:41:41Z</time>
    
   </trkpt>
   <trkpt lat="40.0246500" lon="-105.6523350">
    <ele>3856.2</ele>
    <time>2026-09-13T14:41:44Z</time>
    
   </trkpt>
   <trkpt lat="40.0246230" lon="-105.6523740">
    <ele>3855.4</ele>
    <time>2026-09-13T14:41:49Z</time>
    
   </trkpt>
   <trkpt lat="40.0246140" lon="-105.6523920">
    <ele>3855.4</ele>
    <time>2026-09-13T14:41:51Z</time>
    
   </trkpt>
   <trkpt lat="40.0245960" lon="-105.6524190">
    <ele>3856.4</ele>
    <time>2026-09-13T14:41:59Z</time>
    
   </trkpt>
   <trkpt lat="40.0245920" lon="-105.6524200">
    <ele>3857.0</ele>
    <time>2026-09-13T14:42:01Z</time>
    
   </trkpt>
   <trkpt lat="40.0245910" lon="-105.6524190">
    <ele>3857.2</ele>
    <time>2026-09-13T14:42:02Z</time>
    
   </trkpt>
   <trkpt lat="40.0245900" lon="-105.6524170">
    <ele>3858.6</ele>
    <time>2026-09-13T14:42:09Z</time>
    
   </trkpt>
   <trkpt lat="40.0245930" lon="-105.6524070">
    <ele>3858.8</ele>
    <time>2026-09-13T14:42:11Z</time>
    
   </trkpt>
   <trkpt lat="40.0245930" lon="-105.6523940">
    <ele>3858.6</ele>
    <time>2026-09-13T14:42:13Z</time>
    
   </trkpt>
   <trkpt lat="40.0245940" lon="-105.6523710">
    <ele>3859.0</ele>
    <time>2026-09-13T14:42:18Z</time>
    
   </trkpt>
   <trkpt lat="40.0245860" lon="-105.6523640">
    <ele>3859.4</ele>
    <time>2026-09-13T14:42:21Z</time>
    
   </trkpt>
   <trkpt lat="40.0245850" lon="-105.6523630">
    <ele>3859.8</ele>
    <time>2026-09-13T14:42:22Z</time>
    
   </trkpt>
   <trkpt lat="40.0245800" lon="-105.6523640">
    <ele>3861.4</ele>
    <time>2026-09-13T14:42:24Z</time>
    
   </trkpt>
   <trkpt lat="40.0245750" lon="-105.6523520">
    <ele>3862.6</ele>
    <time>2026-09-13T14:42:27Z</time>
    
   </trkpt>
   <trkpt lat="40.0245790" lon="-105.6523490">
    <ele>3863.6</ele>
    <time>2026-09-13T14:42:29Z</time>
    
   </trkpt>
   <trkpt lat="40.0245820" lon="-105.6523460">
    <ele>3864.6</ele>
    <time>2026-09-13T14:42:33Z</time>
    
   </trkpt>
   <trkpt lat="40.0245820" lon="-105.6523440">
    <ele>3866.0</ele>
    <time>2026-09-13T14:42:36Z</time>
    
   </trkpt>
   <trkpt lat="40.0246010" lon="-105.6523430">
    <ele>3867.2</ele>
    <time>2026-09-13T14:42:44Z</time>
    
   </trkpt>
   <trkpt lat="40.0245960" lon="-105.6523380">
    <ele>3867.6</ele>
    <time>2026-09-13T14:42:45Z</time>
    
   </trkpt>
   <trkpt lat="40.0245790" lon="-105.6523270">
    <ele>3868.6</ele>
    <time>2026-09-13T14:42:47Z</time>
    
   </trkpt>
   <trkpt lat="40.0245640" lon="-105.6523210">
    <ele>3869.2</ele>
    <time>2026-09-13T14:42:49Z</time>
    
   </trkpt>
   <trkpt lat="40.0245580" lon="-105.6523230">
    <ele>3869.6</ele>
    <time>2026-09-13T14:42:51Z</time>
    
   </trkpt>
   <trkpt lat="40.0245340" lon="-105.6523200">
    <ele>3870.8</ele>
    <time>2026-09-13T14:42:56Z</time>
    
   </trkpt>
   <trkpt lat="40.0245300" lon="-105.6523210">
    <ele>3871.4</ele>
    <time>2026-09-13T14:42:57Z</time>
    
   </trkpt>
   <trkpt lat="40.0245250" lon="-105.6523230">
    <ele>3871.8</ele>
    <time>2026-09-13T14:42:59Z</time>
    
   </trkpt>
   <trkpt lat="40.0245410" lon="-105.6523080">
    <ele>3872.6</ele>
    <time>2026-09-13T14:43:07Z</time>
    
   </trkpt>
   <trkpt lat="40.0245440" lon="-105.6523070">
    <ele>3873.0</ele>
    <time>2026-09-13T14:43:08Z</time>
    
   </trkpt>
   <trkpt lat="40.0245460" lon="-105.6522930">
    <ele>3873.8</ele>
    <time>2026-09-13T14:43:16Z</time>
    
   </trkpt>
   <trkpt lat="40.0245460" lon="-105.6522900">
    <ele>3874.0</ele>
    <time>2026-09-13T14:43:17Z</time>
    
   </trkpt>
   <trkpt lat="40.0245450" lon="-105.6522910">
    <ele>3874.2</ele>
    <time>2026-09-13T14:43:18Z</time>
    
   </trkpt>
   <trkpt lat="40.0245290" lon="-105.6522850">
    <ele>3874.6</ele>
    <time>2026-09-13T14:43:28Z</time>
    
   </trkpt>
   <trkpt lat="40.0245210" lon="-105.6522660">
    <ele>3874.2</ele>
    <time>2026-09-13T14:43:39Z</time>
    
   </trkpt>
   <trkpt lat="40.0245050" lon="-105.6522670">
    <ele>3875.2</ele>
    <time>2026-09-13T14:43:45Z</time>
    
   </trkpt>
   <trkpt lat="40.0244960" lon="-105.6522670">
    <ele>3876.0</ele>
    <time>2026-09-13T14:43:48Z</time>
    
   </trkpt>
   <trkpt lat="40.0244930" lon="-105.6522670">
    <ele>3876.2</ele>
    <time>2026-09-13T14:43:49Z</time>
    
   </trkpt>
   <trkpt lat="40.0244910" lon="-105.6522790">
    <ele>3876.4</ele>
    <time>2026-09-13T14:43:54Z</time>
    
   </trkpt>
   <trkpt lat="40.0244900" lon="-105.6522910">
    <ele>3876.6</ele>
    <time>2026-09-13T14:43:58Z</time>
    
   </trkpt>
   <trkpt lat="40.0244940" lon="-105.6522940">
    <ele>3876.4</ele>
    <time>2026-09-13T14:44:00Z</time>
    
   </trkpt>
   <trkpt lat="40.0244930" lon="-105.6522900">
    <ele>3876.2</ele>
    <time>2026-09-13T14:44:09Z</time>
    
   </trkpt>
   <trkpt lat="40.0244890" lon="-105.6522970">
    <ele>3876.2</ele>
    <time>2026-09-13T14:44:10Z</time>
    
   </trkpt>
   <trkpt lat="40.0244910" lon="-105.6523020">
    <ele>3876.2</ele>
    <time>2026-09-13T14:44:11Z</time>
    
   </trkpt>
   <trkpt lat="40.0244870" lon="-105.6523080">
    <ele>3876.2</ele>
    <time>2026-09-13T14:44:12Z</time>
    
   </trkpt>
   <trkpt lat="40.0244850" lon="-105.6523330">
    <ele>3877.0</ele>
    <time>2026-09-13T14:44:19Z</time>
    
   </trkpt>
   <trkpt lat="40.0244870" lon="-105.6523330">
    <ele>3877.0</ele>
    <time>2026-09-13T14:44:22Z</time>
    
   </trkpt>
   <trkpt lat="40.0244840" lon="-105.6523360">
    <ele>3877.2</ele>
    <time>2026-09-13T14:44:26Z</time>
    
   </trkpt>
   <trkpt lat="40.0244860" lon="-105.6523360">
    <ele>3877.6</ele>
    <time>2026-09-13T14:44:35Z</time>
    
   </trkpt>
   <trkpt lat="40.0244840" lon="-105.6523390">
    <ele>3877.4</ele>
    <time>2026-09-13T14:44:41Z</time>
    
   </trkpt>
   <trkpt lat="40.0244770" lon="-105.6523430">
    <ele>3876.6</ele>
    <time>2026-09-13T14:44:45Z</time>
    
   </trkpt>
   <trkpt lat="40.0244760" lon="-105.6523400">
    <ele>3876.4</ele>
    <time>2026-09-13T14:44:48Z</time>
    
   </trkpt>
   <trkpt lat="40.0244750" lon="-105.6523480">
    <ele>3876.6</ele>
    <time>2026-09-13T14:44:50Z</time>
    
   </trkpt>
   <trkpt lat="40.0244430" lon="-105.6523710">
    <ele>3877.4</ele>
    <time>2026-09-13T14:44:59Z</time>
    
   </trkpt>
   <trkpt lat="40.0244300" lon="-105.6523760">
    <ele>3877.8</ele>
    <time>2026-09-13T14:45:03Z</time>
    
   </trkpt>
   <trkpt lat="40.0244190" lon="-105.6523740">
    <ele>3878.4</ele>
    <time>2026-09-13T14:45:06Z</time>
    
   </trkpt>
   <trkpt lat="40.0244170" lon="-105.6523750">
    <ele>3878.8</ele>
    <time>2026-09-13T14:45:08Z</time>
    
   </trkpt>
   <trkpt lat="40.0244120" lon="-105.6523780">
    <ele>3879.0</ele>
    <time>2026-09-13T14:45:11Z</time>
    
   </trkpt>
   <trkpt lat="40.0244120" lon="-105.6523790">
    <ele>3878.2</ele>
    <time>2026-09-13T14:45:19Z</time>
    
   </trkpt>
   <trkpt lat="40.0244160" lon="-105.6523840">
    <ele>3878.6</ele>
    <time>2026-09-13T14:45:24Z</time>
    
   </trkpt>
   <trkpt lat="40.0244150" lon="-105.6523840">
    <ele>3878.6</ele>
    <time>2026-09-13T14:45:25Z</time>
    
   </trkpt>
   <trkpt lat="40.0244100" lon="-105.6523850">
    <ele>3878.4</ele>
    <time>2026-09-13T14:45:36Z</time>
    
   </trkpt>
   <trkpt lat="40.0244100" lon="-105.6523860">
    <ele>3878.2</ele>
    <time>2026-09-13T14:45:38Z</time>
    
   </trkpt>
   <trkpt lat="40.0244100" lon="-105.6523850">
    <ele>3878.2</ele>
    <time>2026-09-13T14:45:39Z</time>
    
   </trkpt>
   <trkpt lat="40.0244090" lon="-105.6523960">
    <ele>3878.8</ele>
    <time>2026-09-13T14:45:52Z</time>
    
   </trkpt>
   <trkpt lat="40.0244070" lon="-105.6523950">
    <ele>3879.2</ele>
    <time>2026-09-13T14:45:53Z</time>
    
   </trkpt>
   <trkpt lat="40.0244070" lon="-105.6523950">
    <ele>3879.2</ele>
    <time>2026-09-13T14:45:54Z</time>
    
   </trkpt>
   <trkpt lat="40.0244060" lon="-105.6523940">
    <ele>3879.4</ele>
    <time>2026-09-13T14:45:57Z</time>
    
   </trkpt>
   <trkpt lat="40.0243970" lon="-105.6523930">
    <ele>3880.0</ele>
    <time>2026-09-13T14:46:10Z</time>
    
   </trkpt>
   <trkpt lat="40.0243850" lon="-105.6523870">
    <ele>3878.4</ele>
    <time>2026-09-13T14:46:22Z</time>
    
   </trkpt>
   <trkpt lat="40.0243840" lon="-105.6523850">
    <ele>3878.6</ele>
    <time>2026-09-13T14:46:25Z</time>
    
   </trkpt>
   <trkpt lat="40.0243860" lon="-105.6523850">
    <ele>3878.6</ele>
    <time>2026-09-13T14:46:27Z</time>
    
   </trkpt>
   <trkpt lat="40.0243900" lon="-105.6523870">
    <ele>3878.6</ele>
    <time>2026-09-13T14:46:31Z</time>
    
   </trkpt>
   <trkpt lat="40.0243900" lon="-105.6523890">
    <ele>3878.6</ele>
    <time>2026-09-13T14:46:43Z</time>
    
   </trkpt>
   <trkpt lat="40.0244480" lon="-105.6523970">
    <ele>3878.6</ele>
    <time>2026-09-13T14:46:53Z</time>
    
   </trkpt>
   <trkpt lat="40.0244150" lon="-105.6523950">
    <ele>3878.6</ele>
    <time>2026-09-13T14:47:04Z</time>
    
   </trkpt>
   <trkpt lat="40.0244000" lon="-105.6523950">
    <ele>3878.6</ele>
    <time>2026-09-13T14:47:07Z</time>
    
   </trkpt>
   <trkpt lat="40.0243660" lon="-105.6523980">
    <ele>3878.6</ele>
    <time>2026-09-13T14:47:13Z</time>
    
   </trkpt>
   <trkpt lat="40.0243620" lon="-105.6524010">
    <ele>3878.6</ele>
    <time>2026-09-13T14:47:14Z</time>
    
   </trkpt>
   <trkpt lat="40.0243550" lon="-105.6524040">
    <ele>3878.6</ele>
    <time>2026-09-13T14:47:17Z</time>
    
   </trkpt>
   <trkpt lat="40.0243540" lon="-105.6524050">
    <ele>3878.6</ele>
    <time>2026-09-13T14:47:18Z</time>
    
   </trkpt>
   <trkpt lat="40.0243500" lon="-105.6524160">
    <ele>3878.6</ele>
    <time>2026-09-13T14:47:20Z</time>
    
   </trkpt>
   <trkpt lat="40.0243450" lon="-105.6524200">
    <ele>3878.6</ele>
    <time>2026-09-13T14:47:23Z</time>
    
   </trkpt>
   <trkpt lat="40.0243440" lon="-105.6524260">
    <ele>3878.6</ele>
    <time>2026-09-13T14:47:27Z</time>
    
   </trkpt>
   <trkpt lat="40.0243420" lon="-105.6524270">
    <ele>3878.6</ele>
    <time>2026-09-13T14:47:28Z</time>
    
   </trkpt>
   <trkpt lat="40.0243260" lon="-105.6524200">
    <ele>3878.6</ele>
    <time>2026-09-13T14:47:32Z</time>
    
   </trkpt>
   <trkpt lat="40.0243230" lon="-105.6524190">
    <ele>3878.6</ele>
    <time>2026-09-13T14:47:33Z</time>
    
   </trkpt>
   <trkpt lat="40.0243230" lon="-105.6524180">
    <ele>3878.6</ele>
    <time>2026-09-13T14:47:34Z</time>
    
   </trkpt>
   <trkpt lat="40.0243220" lon="-105.6524180">
    <ele>3878.6</ele>
    <time>2026-09-13T14:47:36Z</time>
    
   </trkpt>
   <trkpt lat="40.0243200" lon="-105.6524190">
    <ele>3878.6</ele>
    <time>2026-09-13T14:47:37Z</time>
    
   </trkpt>
   <trkpt lat="40.0243060" lon="-105.6524130">
    <ele>3878.6</ele>
    <time>2026-09-13T14:47:46Z</time>
    
   </trkpt>
   <trkpt lat="40.0243030" lon="-105.6524160">
    <ele>3878.6</ele>
    <time>2026-09-13T14:47:49Z</time>
    
   </trkpt>
   <trkpt lat="40.0242930" lon="-105.6524220">
    <ele>3878.6</ele>
    <time>2026-09-13T14:47:52Z</time>
    
   </trkpt>
   <trkpt lat="40.0242660" lon="-105.6524510">
    <ele>3878.6</ele>
    <time>2026-09-13T14:47:58Z</time>
    
   </trkpt>
   <trkpt lat="40.0242410" lon="-105.6524770">
    <ele>3878.6</ele>
    <time>2026-09-13T14:48:04Z</time>
    
   </trkpt>
   <trkpt lat="40.0242270" lon="-105.6524830">
    <ele>3878.4</ele>
    <time>2026-09-13T14:48:07Z</time>
    
   </trkpt>
   <trkpt lat="40.0242190" lon="-105.6524790">
    <ele>3878.0</ele>
    <time>2026-09-13T14:48:08Z</time>
    
   </trkpt>
   <trkpt lat="40.0242140" lon="-105.6524820">
    <ele>3877.6</ele>
    <time>2026-09-13T14:48:09Z</time>
    
   </trkpt>
   <trkpt lat="40.0242090" lon="-105.6524840">
    <ele>3877.0</ele>
    <time>2026-09-13T14:48:10Z</time>
    
   </trkpt>
   <trkpt lat="40.0241680" lon="-105.6524780">
    <ele>3876.8</ele>
    <time>2026-09-13T14:48:18Z</time>
    
   </trkpt>
   <trkpt lat="40.0241510" lon="-105.6524840">
    <ele>3877.4</ele>
    <time>2026-09-13T14:48:21Z</time>
    
   </trkpt>
   <trkpt lat="40.0241420" lon="-105.6524850">
    <ele>3879.0</ele>
    <time>2026-09-13T14:48:23Z</time>
    
   </trkpt>
   <trkpt lat="40.0241300" lon="-105.6524790">
    <ele>3880.8</ele>
    <time>2026-09-13T14:48:25Z</time>
    
   </trkpt>
   <trkpt lat="40.0241260" lon="-105.6524810">
    <ele>3881.4</ele>
    <time>2026-09-13T14:48:27Z</time>
    
   </trkpt>
   <trkpt lat="40.0241270" lon="-105.6524820">
    <ele>3881.4</ele>
    <time>2026-09-13T14:48:28Z</time>
    
   </trkpt>
   <trkpt lat="40.0241210" lon="-105.6524760">
    <ele>3881.0</ele>
    <time>2026-09-13T14:48:31Z</time>
    
   </trkpt>
   <trkpt lat="40.0241200" lon="-105.6524790">
    <ele>3880.8</ele>
    <time>2026-09-13T14:48:32Z</time>
    
   </trkpt>
   <trkpt lat="40.0241180" lon="-105.6524820">
    <ele>3880.6</ele>
    <time>2026-09-13T14:48:33Z</time>
    
   </trkpt>
   <trkpt lat="40.0241120" lon="-105.6524870">
    <ele>3880.2</ele>
    <time>2026-09-13T14:48:36Z</time>
    
   </trkpt>
   <trkpt lat="40.0240760" lon="-105.6525120">
    <ele>3881.0</ele>
    <time>2026-09-13T14:48:45Z</time>
    
   </trkpt>
   <trkpt lat="40.0240640" lon="-105.6525190">
    <ele>3881.2</ele>
    <time>2026-09-13T14:48:56Z</time>
    
   </trkpt>
   <trkpt lat="40.0240610" lon="-105.6525170">
    <ele>3881.2</ele>
    <time>2026-09-13T14:48:59Z</time>
    
   </trkpt>
   <trkpt lat="40.0240590" lon="-105.6525170">
    <ele>3881.4</ele>
    <time>2026-09-13T14:49:02Z</time>
    
   </trkpt>
   <trkpt lat="40.0240600" lon="-105.6525150">
    <ele>3881.2</ele>
    <time>2026-09-13T14:49:05Z</time>
    
   </trkpt>
   <trkpt lat="40.0240600" lon="-105.6525120">
    <ele>3880.8</ele>
    <time>2026-09-13T14:49:06Z</time>
    
   </trkpt>
   <trkpt lat="40.0240550" lon="-105.6525140">
    <ele>3880.0</ele>
    <time>2026-09-13T14:49:09Z</time>
    
   </trkpt>
   <trkpt lat="40.0240620" lon="-105.6525210">
    <ele>3880.2</ele>
    <time>2026-09-13T14:49:11Z</time>
    
   </trkpt>
   <trkpt lat="40.0240730" lon="-105.6525380">
    <ele>3881.4</ele>
    <time>2026-09-13T14:49:15Z</time>
    
   </trkpt>
   <trkpt lat="40.0240720" lon="-105.6525460">
    <ele>3881.6</ele>
    <time>2026-09-13T14:49:16Z</time>
    
   </trkpt>
   <trkpt lat="40.0240610" lon="-105.6525640">
    <ele>3879.2</ele>
    <time>2026-09-13T14:49:20Z</time>
    
   </trkpt>
   <trkpt lat="40.0240570" lon="-105.6525660">
    <ele>3878.6</ele>
    <time>2026-09-13T14:49:21Z</time>
    
   </trkpt>
   <trkpt lat="40.0240260" lon="-105.6525820">
    <ele>3878.8</ele>
    <time>2026-09-13T14:49:27Z</time>
    
   </trkpt>
   <trkpt lat="40.0240130" lon="-105.6525860">
    <ele>3879.2</ele>
    <time>2026-09-13T14:49:29Z</time>
    
   </trkpt>
   <trkpt lat="40.0239910" lon="-105.6526100">
    <ele>3878.6</ele>
    <time>2026-09-13T14:49:33Z</time>
    
   </trkpt>
   <trkpt lat="40.0239810" lon="-105.6526270">
    <ele>3877.8</ele>
    <time>2026-09-13T14:49:36Z</time>
    
   </trkpt>
   <trkpt lat="40.0239760" lon="-105.6526320">
    <ele>3876.8</ele>
    <time>2026-09-13T14:49:39Z</time>
    
   </trkpt>
   <trkpt lat="40.0239640" lon="-105.6526420">
    <ele>3876.2</ele>
    <time>2026-09-13T14:49:42Z</time>
    
   </trkpt>
   <trkpt lat="40.0239620" lon="-105.6526450">
    <ele>3876.0</ele>
    <time>2026-09-13T14:49:43Z</time>
    
   </trkpt>
   <trkpt lat="40.0239600" lon="-105.6526470">
    <ele>3875.6</ele>
    <time>2026-09-13T14:49:44Z</time>
    
   </trkpt>
   <trkpt lat="40.0239620" lon="-105.6526540">
    <ele>3875.2</ele>
    <time>2026-09-13T14:49:47Z</time>
    
   </trkpt>
   <trkpt lat="40.0239570" lon="-105.6526510">
    <ele>3875.2</ele>
    <time>2026-09-13T14:49:50Z</time>
    
   </trkpt>
   <trkpt lat="40.0239500" lon="-105.6526540">
    <ele>3875.2</ele>
    <time>2026-09-13T14:49:53Z</time>
    
   </trkpt>
   <trkpt lat="40.0239290" lon="-105.6526580">
    <ele>3875.4</ele>
    <time>2026-09-13T14:50:01Z</time>
    
   </trkpt>
   <trkpt lat="40.0239320" lon="-105.6526670">
    <ele>3875.0</ele>
    <time>2026-09-13T14:50:04Z</time>
    
   </trkpt>
   <trkpt lat="40.0239360" lon="-105.6526720">
    <ele>3874.4</ele>
    <time>2026-09-13T14:50:07Z</time>
    
   </trkpt>
   <trkpt lat="40.0239330" lon="-105.6526810">
    <ele>3873.2</ele>
    <time>2026-09-13T14:50:10Z</time>
    
   </trkpt>
   <trkpt lat="40.0239250" lon="-105.6526810">
    <ele>3872.0</ele>
    <time>2026-09-13T14:50:14Z</time>
    
   </trkpt>
   <trkpt lat="40.0239230" lon="-105.6526810">
    <ele>3871.4</ele>
    <time>2026-09-13T14:50:15Z</time>
    
   </trkpt>
   <trkpt lat="40.0239250" lon="-105.6526980">
    <ele>3870.8</ele>
    <time>2026-09-13T14:50:18Z</time>
    
   </trkpt>
   <trkpt lat="40.0239290" lon="-105.6527210">
    <ele>3869.8</ele>
    <time>2026-09-13T14:50:25Z</time>
    
   </trkpt>
   <trkpt lat="40.0239290" lon="-105.6527220">
    <ele>3869.6</ele>
    <time>2026-09-13T14:50:26Z</time>
    
   </trkpt>
   <trkpt lat="40.0239250" lon="-105.6527210">
    <ele>3868.8</ele>
    <time>2026-09-13T14:50:31Z</time>
    
   </trkpt>
   <trkpt lat="40.0239150" lon="-105.6527180">
    <ele>3868.0</ele>
    <time>2026-09-13T14:50:35Z</time>
    
   </trkpt>
   <trkpt lat="40.0239160" lon="-105.6527170">
    <ele>3868.0</ele>
    <time>2026-09-13T14:50:36Z</time>
    
   </trkpt>
   <trkpt lat="40.0239140" lon="-105.6527210">
    <ele>3867.6</ele>
    <time>2026-09-13T14:50:37Z</time>
    
   </trkpt>
   <trkpt lat="40.0239090" lon="-105.6527310">
    <ele>3866.6</ele>
    <time>2026-09-13T14:50:43Z</time>
    
   </trkpt>
   <trkpt lat="40.0239060" lon="-105.6527370">
    <ele>3866.6</ele>
    <time>2026-09-13T14:50:45Z</time>
    
   </trkpt>
   <trkpt lat="40.0238900" lon="-105.6527300">
    <ele>3864.8</ele>
    <time>2026-09-13T14:50:52Z</time>
    
   </trkpt>
   <trkpt lat="40.0238830" lon="-105.6527260">
    <ele>3863.6</ele>
    <time>2026-09-13T14:50:55Z</time>
    
   </trkpt>
   <trkpt lat="40.0238730" lon="-105.6527260">
    <ele>3863.6</ele>
    <time>2026-09-13T14:50:57Z</time>
    
   </trkpt>
   <trkpt lat="40.0238400" lon="-105.6526830">
    <ele>3862.6</ele>
    <time>2026-09-13T14:51:03Z</time>
    
   </trkpt>
   <trkpt lat="40.0238290" lon="-105.6526690">
    <ele>3862.4</ele>
    <time>2026-09-13T14:51:06Z</time>
    
   </trkpt>
   <trkpt lat="40.0238180" lon="-105.6526670">
    <ele>3862.0</ele>
    <time>2026-09-13T14:51:13Z</time>
    
   </trkpt>
   <trkpt lat="40.0238200" lon="-105.6526670">
    <ele>3862.0</ele>
    <time>2026-09-13T14:51:14Z</time>
    
   </trkpt>
   <trkpt lat="40.0238200" lon="-105.6526670">
    <ele>3861.6</ele>
    <time>2026-09-13T14:51:17Z</time>
    
   </trkpt>
   <trkpt lat="40.0238200" lon="-105.6526660">
    <ele>3861.4</ele>
    <time>2026-09-13T14:51:18Z</time>
    
   </trkpt>
   <trkpt lat="40.0238240" lon="-105.6526660">
    <ele>3861.6</ele>
    <time>2026-09-13T14:51:30Z</time>
    
   </trkpt>
   <trkpt lat="40.0238230" lon="-105.6526620">
    <ele>3861.4</ele>
    <time>2026-09-13T14:51:35Z</time>
    
   </trkpt>
   <trkpt lat="40.0237870" lon="-105.6526550">
    <ele>3860.4</ele>
    <time>2026-09-13T14:51:44Z</time>
    
   </trkpt>
   <trkpt lat="40.0237770" lon="-105.6526530">
    <ele>3860.0</ele>
    <time>2026-09-13T14:51:45Z</time>
    
   </trkpt>
   <trkpt lat="40.0237450" lon="-105.6526260">
    <ele>3859.4</ele>
    <time>2026-09-13T14:51:50Z</time>
    
   </trkpt>
   <trkpt lat="40.0237420" lon="-105.6526220">
    <ele>3859.8</ele>
    <time>2026-09-13T14:51:52Z</time>
    
   </trkpt>
   <trkpt lat="40.0237390" lon="-105.6526160">
    <ele>3860.2</ele>
    <time>2026-09-13T14:51:53Z</time>
    
   </trkpt>
   <trkpt lat="40.0237130" lon="-105.6525790">
    <ele>3860.4</ele>
    <time>2026-09-13T14:52:00Z</time>
    
   </trkpt>
   <trkpt lat="40.0237050" lon="-105.6525630">
    <ele>3860.4</ele>
    <time>2026-09-13T14:52:02Z</time>
    
   </trkpt>
   <trkpt lat="40.0237020" lon="-105.6525590">
    <ele>3860.6</ele>
    <time>2026-09-13T14:52:03Z</time>
    
   </trkpt>
   <trkpt lat="40.0236980" lon="-105.6525500">
    <ele>3862.6</ele>
    <time>2026-09-13T14:52:05Z</time>
    
   </trkpt>
   <trkpt lat="40.0236580" lon="-105.6525340">
    <ele>3862.6</ele>
    <time>2026-09-13T14:52:13Z</time>
    
   </trkpt>
   <trkpt lat="40.0236260" lon="-105.6525350">
    <ele>3862.6</ele>
    <time>2026-09-13T14:52:18Z</time>
    
   </trkpt>
   <trkpt lat="40.0236010" lon="-105.6525440">
    <ele>3862.6</ele>
    <time>2026-09-13T14:52:21Z</time>
    
   </trkpt>
   <trkpt lat="40.0235690" lon="-105.6525490">
    <ele>3862.4</ele>
    <time>2026-09-13T14:52:25Z</time>
    
   </trkpt>
   <trkpt lat="40.0235520" lon="-105.6525530">
    <ele>3861.8</ele>
    <time>2026-09-13T14:52:27Z</time>
    
   </trkpt>
   <trkpt lat="40.0235150" lon="-105.6525290">
    <ele>3863.0</ele>
    <time>2026-09-13T14:52:34Z</time>
    
   </trkpt>
   <trkpt lat="40.0235070" lon="-105.6525280">
    <ele>3863.2</ele>
    <time>2026-09-13T14:52:35Z</time>
    
   </trkpt>
   <trkpt lat="40.0234740" lon="-105.6525320">
    <ele>3863.8</ele>
    <time>2026-09-13T14:52:42Z</time>
    
   </trkpt>
   <trkpt lat="40.0234510" lon="-105.6525390">
    <ele>3864.4</ele>
    <time>2026-09-13T14:52:45Z</time>
    
   </trkpt>
   <trkpt lat="40.0234340" lon="-105.6525550">
    <ele>3864.6</ele>
    <time>2026-09-13T14:52:48Z</time>
    
   </trkpt>
   <trkpt lat="40.0234260" lon="-105.6525630">
    <ele>3864.6</ele>
    <time>2026-09-13T14:52:49Z</time>
    
   </trkpt>
   <trkpt lat="40.0233810" lon="-105.6525860">
    <ele>3863.8</ele>
    <time>2026-09-13T14:52:56Z</time>
    
   </trkpt>
   <trkpt lat="40.0233600" lon="-105.6525770">
    <ele>3865.0</ele>
    <time>2026-09-13T14:52:59Z</time>
    
   </trkpt>
   <trkpt lat="40.0233440" lon="-105.6525640">
    <ele>3866.2</ele>
    <time>2026-09-13T14:53:01Z</time>
    
   </trkpt>
   <trkpt lat="40.0233070" lon="-105.6525290">
    <ele>3867.2</ele>
    <time>2026-09-13T14:53:07Z</time>
    
   </trkpt>
   <trkpt lat="40.0233000" lon="-105.6525260">
    <ele>3867.4</ele>
    <time>2026-09-13T14:53:08Z</time>
    
   </trkpt>
   <trkpt lat="40.0232650" lon="-105.6525160">
    <ele>3868.4</ele>
    <time>2026-09-13T14:53:14Z</time>
    
   </trkpt>
   <trkpt lat="40.0232320" lon="-105.6525200">
    <ele>3869.2</ele>
    <time>2026-09-13T14:53:18Z</time>
    
   </trkpt>
   <trkpt lat="40.0232260" lon="-105.6525220">
    <ele>3869.6</ele>
    <time>2026-09-13T14:53:19Z</time>
    
   </trkpt>
   <trkpt lat="40.0232250" lon="-105.6525260">
    <ele>3870.0</ele>
    <time>2026-09-13T14:53:20Z</time>
    
   </trkpt>
   <trkpt lat="40.0232230" lon="-105.6525290">
    <ele>3870.4</ele>
    <time>2026-09-13T14:53:21Z</time>
    
   </trkpt>
   <trkpt lat="40.0232210" lon="-105.6525370">
    <ele>3870.8</ele>
    <time>2026-09-13T14:53:23Z</time>
    
   </trkpt>
   <trkpt lat="40.0231980" lon="-105.6525500">
    <ele>3871.2</ele>
    <time>2026-09-13T14:53:27Z</time>
    
   </trkpt>
   <trkpt lat="40.0231920" lon="-105.6525530">
    <ele>3871.2</ele>
    <time>2026-09-13T14:53:28Z</time>
    
   </trkpt>
   <trkpt lat="40.0231590" lon="-105.6525770">
    <ele>3870.8</ele>
    <time>2026-09-13T14:53:32Z</time>
    
   </trkpt>
   <trkpt lat="40.0231500" lon="-105.6525840">
    <ele>3870.4</ele>
    <time>2026-09-13T14:53:34Z</time>
    
   </trkpt>
   <trkpt lat="40.0231390" lon="-105.6525830">
    <ele>3870.2</ele>
    <time>2026-09-13T14:53:36Z</time>
    
   </trkpt>
   <trkpt lat="40.0231190" lon="-105.6525940">
    <ele>3871.2</ele>
    <time>2026-09-13T14:53:40Z</time>
    
   </trkpt>
   <trkpt lat="40.0231040" lon="-105.6526080">
    <ele>3871.4</ele>
    <time>2026-09-13T14:53:42Z</time>
    
   </trkpt>
   <trkpt lat="40.0230770" lon="-105.6526310">
    <ele>3871.0</ele>
    <time>2026-09-13T14:53:46Z</time>
    
   </trkpt>
   <trkpt lat="40.0230450" lon="-105.6526430">
    <ele>3869.6</ele>
    <time>2026-09-13T14:53:50Z</time>
    
   </trkpt>
   <trkpt lat="40.0230360" lon="-105.6526440">
    <ele>3869.6</ele>
    <time>2026-09-13T14:53:52Z</time>
    
   </trkpt>
   <trkpt lat="40.0230190" lon="-105.6526330">
    <ele>3869.4</ele>
    <time>2026-09-13T14:53:55Z</time>
    
   </trkpt>
   <trkpt lat="40.0230080" lon="-105.6526280">
    <ele>3869.6</ele>
    <time>2026-09-13T14:53:57Z</time>
    
   </trkpt>
   <trkpt lat="40.0229810" lon="-105.6526220">
    <ele>3870.2</ele>
    <time>2026-09-13T14:54:02Z</time>
    
   </trkpt>
   <trkpt lat="40.0229480" lon="-105.6526110">
    <ele>3870.8</ele>
    <time>2026-09-13T14:54:06Z</time>
    
   </trkpt>
   <trkpt lat="40.0229450" lon="-105.6526110">
    <ele>3871.2</ele>
    <time>2026-09-13T14:54:08Z</time>
    
   </trkpt>
   <trkpt lat="40.0229260" lon="-105.6526180">
    <ele>3871.8</ele>
    <time>2026-09-13T14:54:13Z</time>
    
   </trkpt>
   <trkpt lat="40.0229220" lon="-105.6526250">
    <ele>3872.2</ele>
    <time>2026-09-13T14:54:15Z</time>
    
   </trkpt>
   <trkpt lat="40.0229140" lon="-105.6526340">
    <ele>3872.2</ele>
    <time>2026-09-13T14:54:19Z</time>
    
   </trkpt>
   <trkpt lat="40.0229060" lon="-105.6526450">
    <ele>3872.4</ele>
    <time>2026-09-13T14:54:24Z</time>
    
   </trkpt>
   <trkpt lat="40.0228990" lon="-105.6526570">
    <ele>3872.4</ele>
    <time>2026-09-13T14:54:27Z</time>
    
   </trkpt>
   <trkpt lat="40.0228850" lon="-105.6526600">
    <ele>3872.2</ele>
    <time>2026-09-13T14:54:31Z</time>
    
   </trkpt>
   <trkpt lat="40.0228500" lon="-105.6526680">
    <ele>3872.4</ele>
    <time>2026-09-13T14:54:38Z</time>
    
   </trkpt>
   <trkpt lat="40.0228070" lon="-105.6527050">
    <ele>3872.2</ele>
    <time>2026-09-13T14:54:45Z</time>
    
   </trkpt>
   <trkpt lat="40.0228030" lon="-105.6527070">
    <ele>3872.0</ele>
    <time>2026-09-13T14:54:46Z</time>
    
   </trkpt>
   <trkpt lat="40.0227960" lon="-105.6527300">
    <ele>3873.2</ele>
    <time>2026-09-13T14:54:50Z</time>
    
   </trkpt>
   <trkpt lat="40.0227860" lon="-105.6527410">
    <ele>3874.2</ele>
    <time>2026-09-13T14:54:52Z</time>
    
   </trkpt>
   <trkpt lat="40.0227640" lon="-105.6527430">
    <ele>3875.2</ele>
    <time>2026-09-13T14:54:55Z</time>
    
   </trkpt>
   <trkpt lat="40.0227600" lon="-105.6527440">
    <ele>3875.2</ele>
    <time>2026-09-13T14:54:56Z</time>
    
   </trkpt>
   <trkpt lat="40.0227430" lon="-105.6527340">
    <ele>3876.4</ele>
    <time>2026-09-13T14:55:02Z</time>
    
   </trkpt>
   <trkpt lat="40.0227400" lon="-105.6527280">
    <ele>3877.0</ele>
    <time>2026-09-13T14:55:04Z</time>
    
   </trkpt>
   <trkpt lat="40.0227370" lon="-105.6527280">
    <ele>3877.4</ele>
    <time>2026-09-13T14:55:05Z</time>
    
   </trkpt>
   <trkpt lat="40.0227260" lon="-105.6527000">
    <ele>3878.0</ele>
    <time>2026-09-13T14:55:14Z</time>
    
   </trkpt>
   <trkpt lat="40.0227080" lon="-105.6527100">
    <ele>3878.4</ele>
    <time>2026-09-13T14:55:20Z</time>
    
   </trkpt>
   <trkpt lat="40.0227020" lon="-105.6527030">
    <ele>3879.0</ele>
    <time>2026-09-13T14:55:23Z</time>
    
   </trkpt>
   <trkpt lat="40.0227010" lon="-105.6527050">
    <ele>3880.2</ele>
    <time>2026-09-13T14:55:25Z</time>
    
   </trkpt>
   <trkpt lat="40.0227000" lon="-105.6527110">
    <ele>3881.4</ele>
    <time>2026-09-13T14:55:28Z</time>
    
   </trkpt>
   <trkpt lat="40.0226930" lon="-105.6527080">
    <ele>3882.6</ele>
    <time>2026-09-13T14:55:33Z</time>
    
   </trkpt>
   <trkpt lat="40.0226840" lon="-105.6526920">
    <ele>3882.0</ele>
    <time>2026-09-13T14:55:40Z</time>
    
   </trkpt>
   <trkpt lat="40.0226700" lon="-105.6526920">
    <ele>3882.0</ele>
    <time>2026-09-13T14:55:41Z</time>
    
   </trkpt>
   <trkpt lat="40.0226510" lon="-105.6526830">
    <ele>3881.8</ele>
    <time>2026-09-13T14:55:48Z</time>
    
   </trkpt>
   <trkpt lat="40.0226380" lon="-105.6526760">
    <ele>3882.4</ele>
    <time>2026-09-13T14:55:52Z</time>
    
   </trkpt>
   <trkpt lat="40.0226230" lon="-105.6526650">
    <ele>3883.6</ele>
    <time>2026-09-13T14:55:58Z</time>
    
   </trkpt>
   <trkpt lat="40.0226100" lon="-105.6526490">
    <ele>3884.4</ele>
    <time>2026-09-13T14:56:02Z</time>
    
   </trkpt>
   <trkpt lat="40.0226030" lon="-105.6526450">
    <ele>3884.8</ele>
    <time>2026-09-13T14:56:04Z</time>
    
   </trkpt>
   <trkpt lat="40.0225890" lon="-105.6526400">
    <ele>3885.6</ele>
    <time>2026-09-13T14:56:08Z</time>
    
   </trkpt>
   <trkpt lat="40.0225910" lon="-105.6526380">
    <ele>3886.0</ele>
    <time>2026-09-13T14:56:09Z</time>
    
   </trkpt>
   <trkpt lat="40.0225940" lon="-105.6526320">
    <ele>3886.0</ele>
    <time>2026-09-13T14:56:11Z</time>
    
   </trkpt>
   <trkpt lat="40.0225790" lon="-105.6526250">
    <ele>3885.8</ele>
    <time>2026-09-13T14:56:16Z</time>
    
   </trkpt>
   <trkpt lat="40.0225740" lon="-105.6526240">
    <ele>3886.0</ele>
    <time>2026-09-13T14:56:18Z</time>
    
   </trkpt>
   <trkpt lat="40.0225720" lon="-105.6526210">
    <ele>3886.0</ele>
    <time>2026-09-13T14:56:19Z</time>
    
   </trkpt>
   <trkpt lat="40.0225600" lon="-105.6526070">
    <ele>3886.2</ele>
    <time>2026-09-13T14:56:25Z</time>
    
   </trkpt>
   <trkpt lat="40.0225580" lon="-105.6526060">
    <ele>3886.2</ele>
    <time>2026-09-13T14:56:26Z</time>
    
   </trkpt>
   <trkpt lat="40.0225590" lon="-105.6526100">
    <ele>3886.0</ele>
    <time>2026-09-13T14:56:32Z</time>
    
   </trkpt>
   <trkpt lat="40.0225570" lon="-105.6526140">
    <ele>3885.0</ele>
    <time>2026-09-13T14:56:36Z</time>
    
   </trkpt>
   <trkpt lat="40.0225530" lon="-105.6526110">
    <ele>3884.8</ele>
    <time>2026-09-13T14:56:37Z</time>
    
   </trkpt>
   <trkpt lat="40.0225400" lon="-105.6525890">
    <ele>3884.8</ele>
    <time>2026-09-13T14:56:45Z</time>
    
   </trkpt>
   <trkpt lat="40.0225390" lon="-105.6525860">
    <ele>3884.8</ele>
    <time>2026-09-13T14:56:46Z</time>
    
   </trkpt>
   <trkpt lat="40.0225370" lon="-105.6525810">
    <ele>3884.8</ele>
    <time>2026-09-13T14:56:47Z</time>
    
   </trkpt>
   <trkpt lat="40.0225360" lon="-105.6525610">
    <ele>3885.0</ele>
    <time>2026-09-13T14:56:52Z</time>
    
   </trkpt>
   <trkpt lat="40.0225350" lon="-105.6525620">
    <ele>3885.0</ele>
    <time>2026-09-13T14:56:53Z</time>
    
   </trkpt>
   <trkpt lat="40.0225340" lon="-105.6525650">
    <ele>3884.2</ele>
    <time>2026-09-13T14:56:59Z</time>
    
   </trkpt>
   <trkpt lat="40.0225340" lon="-105.6525660">
    <ele>3883.8</ele>
    <time>2026-09-13T14:57:02Z</time>
    
   </trkpt>
   <trkpt lat="40.0225340" lon="-105.6525690">
    <ele>3883.6</ele>
    <time>2026-09-13T14:57:10Z</time>
    
   </trkpt>
   <trkpt lat="40.0225360" lon="-105.6525900">
    <ele>3882.8</ele>
    <time>2026-09-13T14:57:14Z</time>
    
   </trkpt>
   <trkpt lat="40.0225380" lon="-105.6525910">
    <ele>3882.6</ele>
    <time>2026-09-13T14:57:17Z</time>
    
   </trkpt>
   <trkpt lat="40.0225370" lon="-105.6525890">
    <ele>3883.2</ele>
    <time>2026-09-13T14:57:20Z</time>
    
   </trkpt>
   <trkpt lat="40.0225270" lon="-105.6525850">
    <ele>3882.8</ele>
    <time>2026-09-13T14:57:30Z</time>
    
   </trkpt>
   <trkpt lat="40.0225270" lon="-105.6525860">
    <ele>3882.6</ele>
    <time>2026-09-13T14:57:32Z</time>
    
   </trkpt>
   <trkpt lat="40.0225230" lon="-105.6525890">
    <ele>3883.2</ele>
    <time>2026-09-13T14:57:44Z</time>
    
   </trkpt>
   <trkpt lat="40.0225190" lon="-105.6525950">
    <ele>3882.8</ele>
    <time>2026-09-13T14:57:49Z</time>
    
   </trkpt>
   <trkpt lat="40.0225130" lon="-105.6525930">
    <ele>3881.6</ele>
    <time>2026-09-13T14:57:52Z</time>
    
   </trkpt>
   <trkpt lat="40.0225050" lon="-105.6525870">
    <ele>3881.0</ele>
    <time>2026-09-13T14:57:56Z</time>
    
   </trkpt>
   <trkpt lat="40.0225060" lon="-105.6525910">
    <ele>3880.0</ele>
    <time>2026-09-13T14:57:58Z</time>
    
   </trkpt>
   <trkpt lat="40.0225020" lon="-105.6525830">
    <ele>3879.4</ele>
    <time>2026-09-13T14:58:03Z</time>
    
   </trkpt>
   <trkpt lat="40.0224990" lon="-105.6525810">
    <ele>3879.6</ele>
    <time>2026-09-13T14:58:05Z</time>
    
   </trkpt>
   <trkpt lat="40.0225070" lon="-105.6525750">
    <ele>3879.0</ele>
    <time>2026-09-13T14:58:08Z</time>
    
   </trkpt>
   <trkpt lat="40.0225170" lon="-105.6525480">
    <ele>3879.2</ele>
    <time>2026-09-13T14:58:16Z</time>
    
   </trkpt>
   <trkpt lat="40.0225170" lon="-105.6525470">
    <ele>3879.2</ele>
    <time>2026-09-13T14:58:17Z</time>
    
   </trkpt>
   <trkpt lat="40.0225190" lon="-105.6525460">
    <ele>3878.8</ele>
    <time>2026-09-13T14:58:21Z</time>
    
   </trkpt>
   <trkpt lat="40.0225290" lon="-105.6525570">
    <ele>3878.6</ele>
    <time>2026-09-13T14:58:30Z</time>
    
   </trkpt>
   <trkpt lat="40.0225310" lon="-105.6525520">
    <ele>3878.8</ele>
    <time>2026-09-13T14:58:32Z</time>
    
   </trkpt>
   <trkpt lat="40.0225320" lon="-105.6525570">
    <ele>3879.4</ele>
    <time>2026-09-13T14:58:34Z</time>
    
   </trkpt>
   <trkpt lat="40.0225340" lon="-105.6525650">
    <ele>3880.2</ele>
    <time>2026-09-13T14:58:36Z</time>
    
   </trkpt>
   <trkpt lat="40.0225330" lon="-105.6525810">
    <ele>3879.6</ele>
    <time>2026-09-13T14:58:40Z</time>
    
   </trkpt>
   <trkpt lat="40.0225330" lon="-105.6525850">
    <ele>3879.0</ele>
    <time>2026-09-13T14:58:42Z</time>
    
   </trkpt>
   <trkpt lat="40.0225320" lon="-105.6525940">
    <ele>3878.4</ele>
    <time>2026-09-13T14:58:45Z</time>
    
   </trkpt>
   <trkpt lat="40.0225320" lon="-105.6526020">
    <ele>3880.0</ele>
    <time>2026-09-13T14:58:51Z</time>
    
   </trkpt>
   <trkpt lat="40.0225290" lon="-105.6526140">
    <ele>3880.2</ele>
    <time>2026-09-13T14:58:56Z</time>
    
   </trkpt>
   <trkpt lat="40.0225290" lon="-105.6526060">
    <ele>3880.2</ele>
    <time>2026-09-13T14:58:59Z</time>
    
   </trkpt>
   <trkpt lat="40.0225220" lon="-105.6526120">
    <ele>3880.0</ele>
    <time>2026-09-13T14:59:02Z</time>
    
   </trkpt>
   <trkpt lat="40.0225090" lon="-105.6526210">
    <ele>3878.4</ele>
    <time>2026-09-13T14:59:05Z</time>
    
   </trkpt>
   <trkpt lat="40.0225070" lon="-105.6526230">
    <ele>3877.4</ele>
    <time>2026-09-13T14:59:07Z</time>
    
   </trkpt>
   <trkpt lat="40.0225040" lon="-105.6526260">
    <ele>3876.6</ele>
    <time>2026-09-13T14:59:09Z</time>
    
   </trkpt>
   <trkpt lat="40.0225000" lon="-105.6526280">
    <ele>3876.4</ele>
    <time>2026-09-13T14:59:11Z</time>
    
   </trkpt>
   <trkpt lat="40.0224930" lon="-105.6526380">
    <ele>3876.2</ele>
    <time>2026-09-13T14:59:13Z</time>
    
   </trkpt>
   <trkpt lat="40.0224900" lon="-105.6526400">
    <ele>3875.8</ele>
    <time>2026-09-13T14:59:14Z</time>
    
   </trkpt>
   <trkpt lat="40.0224830" lon="-105.6526460">
    <ele>3875.6</ele>
    <time>2026-09-13T14:59:18Z</time>
    
   </trkpt>
   <trkpt lat="40.0224820" lon="-105.6526440">
    <ele>3875.6</ele>
    <time>2026-09-13T14:59:19Z</time>
    
   </trkpt>
   <trkpt lat="40.0224630" lon="-105.6526650">
    <ele>3875.8</ele>
    <time>2026-09-13T14:59:26Z</time>
    
   </trkpt>
   <trkpt lat="40.0224640" lon="-105.6526610">
    <ele>3875.6</ele>
    <time>2026-09-13T14:59:28Z</time>
    
   </trkpt>
   <trkpt lat="40.0224470" lon="-105.6526380">
    <ele>3875.8</ele>
    <time>2026-09-13T14:59:37Z</time>
    
   </trkpt>
   <trkpt lat="40.0224370" lon="-105.6526420">
    <ele>3876.0</ele>
    <time>2026-09-13T14:59:39Z</time>
    
   </trkpt>
   <trkpt lat="40.0224300" lon="-105.6526430">
    <ele>3876.0</ele>
    <time>2026-09-13T14:59:40Z</time>
    
   </trkpt>
   <trkpt lat="40.0224270" lon="-105.6526430">
    <ele>3876.0</ele>
    <time>2026-09-13T14:59:41Z</time>
    
   </trkpt>
   <trkpt lat="40.0224030" lon="-105.6526330">
    <ele>3876.8</ele>
    <time>2026-09-13T14:59:45Z</time>
    
   </trkpt>
   <trkpt lat="40.0223920" lon="-105.6526260">
    <ele>3877.4</ele>
    <time>2026-09-13T14:59:47Z</time>
    
   </trkpt>
   <trkpt lat="40.0223700" lon="-105.6526270">
    <ele>3877.8</ele>
    <time>2026-09-13T14:59:51Z</time>
    
   </trkpt>
   <trkpt lat="40.0223020" lon="-105.6526730">
    <ele>3877.2</ele>
    <time>2026-09-13T15:00:02Z</time>
    
   </trkpt>
   <trkpt lat="40.0222640" lon="-105.6526890">
    <ele>3878.8</ele>
    <time>2026-09-13T15:00:08Z</time>
    
   </trkpt>
   <trkpt lat="40.0222560" lon="-105.6526920">
    <ele>3880.0</ele>
    <time>2026-09-13T15:00:11Z</time>
    
   </trkpt>
   <trkpt lat="40.0222480" lon="-105.6526820">
    <ele>3880.2</ele>
    <time>2026-09-13T15:00:12Z</time>
    
   </trkpt>
   <trkpt lat="40.0222380" lon="-105.6526800">
    <ele>3881.2</ele>
    <time>2026-09-13T15:00:15Z</time>
    
   </trkpt>
   <trkpt lat="40.0222290" lon="-105.6526830">
    <ele>3881.6</ele>
    <time>2026-09-13T15:00:16Z</time>
    
   </trkpt>
   <trkpt lat="40.0222180" lon="-105.6526860">
    <ele>3881.8</ele>
    <time>2026-09-13T15:00:19Z</time>
    
   </trkpt>
   <trkpt lat="40.0222170" lon="-105.6526890">
    <ele>3881.6</ele>
    <time>2026-09-13T15:00:20Z</time>
    
   </trkpt>
   <trkpt lat="40.0221820" lon="-105.6527370">
    <ele>3881.2</ele>
    <time>2026-09-13T15:00:29Z</time>
    
   </trkpt>
   <trkpt lat="40.0221660" lon="-105.6527460">
    <ele>3881.2</ele>
    <time>2026-09-13T15:00:31Z</time>
    
   </trkpt>
   <trkpt lat="40.0221010" lon="-105.6527960">
    <ele>3882.2</ele>
    <time>2026-09-13T15:00:41Z</time>
    
   </trkpt>
   <trkpt lat="40.0220940" lon="-105.6528020">
    <ele>3882.2</ele>
    <time>2026-09-13T15:00:42Z</time>
    
   </trkpt>
   <trkpt lat="40.0220720" lon="-105.6528370">
    <ele>3882.6</ele>
    <time>2026-09-13T15:00:46Z</time>
    
   </trkpt>
   <trkpt lat="40.0220340" lon="-105.6528860">
    <ele>3883.2</ele>
    <time>2026-09-13T15:00:52Z</time>
    
   </trkpt>
   <trkpt lat="40.0220230" lon="-105.6528920">
    <ele>3883.2</ele>
    <time>2026-09-13T15:00:53Z</time>
    
   </trkpt>
   <trkpt lat="40.0219890" lon="-105.6529170">
    <ele>3883.4</ele>
    <time>2026-09-13T15:00:56Z</time>
    
   </trkpt>
   <trkpt lat="40.0219740" lon="-105.6529230">
    <ele>3883.8</ele>
    <time>2026-09-13T15:00:58Z</time>
    
   </trkpt>
   <trkpt lat="40.0219460" lon="-105.6529150">
    <ele>3884.0</ele>
    <time>2026-09-13T15:01:01Z</time>
    
   </trkpt>
   <trkpt lat="40.0219050" lon="-105.6529260">
    <ele>3884.8</ele>
    <time>2026-09-13T15:01:05Z</time>
    
   </trkpt>
   <trkpt lat="40.0218860" lon="-105.6529270">
    <ele>3885.8</ele>
    <time>2026-09-13T15:01:08Z</time>
    
   </trkpt>
   <trkpt lat="40.0218810" lon="-105.6529260">
    <ele>3886.4</ele>
    <time>2026-09-13T15:01:10Z</time>
    
   </trkpt>
   <trkpt lat="40.0218510" lon="-105.6529120">
    <ele>3886.8</ele>
    <time>2026-09-13T15:01:16Z</time>
    
   </trkpt>
   <trkpt lat="40.0218380" lon="-105.6529260">
    <ele>3888.0</ele>
    <time>2026-09-13T15:01:20Z</time>
    
   </trkpt>
   <trkpt lat="40.0218350" lon="-105.6529310">
    <ele>3888.2</ele>
    <time>2026-09-13T15:01:21Z</time>
    
   </trkpt>
   <trkpt lat="40.0218240" lon="-105.6529300">
    <ele>3889.0</ele>
    <time>2026-09-13T15:01:24Z</time>
    
   </trkpt>
   <trkpt lat="40.0218190" lon="-105.6529290">
    <ele>3889.4</ele>
    <time>2026-09-13T15:01:25Z</time>
    
   </trkpt>
   <trkpt lat="40.0218090" lon="-105.6529300">
    <ele>3889.6</ele>
    <time>2026-09-13T15:01:28Z</time>
    
   </trkpt>
   <trkpt lat="40.0218090" lon="-105.6529310">
    <ele>3889.6</ele>
    <time>2026-09-13T15:01:31Z</time>
    
   </trkpt>
   <trkpt lat="40.0217930" lon="-105.6528840">
    <ele>3889.8</ele>
    <time>2026-09-13T15:01:43Z</time>
    
   </trkpt>
   <trkpt lat="40.0217910" lon="-105.6528750">
    <ele>3889.8</ele>
    <time>2026-09-13T15:01:44Z</time>
    
   </trkpt>
   <trkpt lat="40.0217880" lon="-105.6528670">
    <ele>3889.6</ele>
    <time>2026-09-13T15:01:45Z</time>
    
   </trkpt>
   <trkpt lat="40.0217730" lon="-105.6528370">
    <ele>3888.2</ele>
    <time>2026-09-13T15:01:49Z</time>
    
   </trkpt>
   <trkpt lat="40.0217580" lon="-105.6528260">
    <ele>3888.0</ele>
    <time>2026-09-13T15:01:51Z</time>
    
   </trkpt>
   <trkpt lat="40.0217520" lon="-105.6528250">
    <ele>3888.0</ele>
    <time>2026-09-13T15:01:52Z</time>
    
   </trkpt>
   <trkpt lat="40.0217490" lon="-105.6528270">
    <ele>3887.8</ele>
    <time>2026-09-13T15:01:53Z</time>
    
   </trkpt>
   <trkpt lat="40.0217400" lon="-105.6528230">
    <ele>3888.0</ele>
    <time>2026-09-13T15:02:01Z</time>
    
   </trkpt>
   <trkpt lat="40.0217610" lon="-105.6528590">
    <ele>3888.2</ele>
    <time>2026-09-13T15:02:09Z</time>
    
   </trkpt>
   <trkpt lat="40.0217530" lon="-105.6528790">
    <ele>3887.2</ele>
    <time>2026-09-13T15:02:15Z</time>
    
   </trkpt>
   <trkpt lat="40.0217530" lon="-105.6528850">
    <ele>3886.2</ele>
    <time>2026-09-13T15:02:17Z</time>
    
   </trkpt>
   <trkpt lat="40.0217540" lon="-105.6528890">
    <ele>3886.0</ele>
    <time>2026-09-13T15:02:18Z</time>
    
   </trkpt>
   <trkpt lat="40.0217520" lon="-105.6528910">
    <ele>3885.8</ele>
    <time>2026-09-13T15:02:19Z</time>
    
   </trkpt>
   <trkpt lat="40.0217660" lon="-105.6529280">
    <ele>3884.8</ele>
    <time>2026-09-13T15:02:28Z</time>
    
   </trkpt>
   <trkpt lat="40.0217600" lon="-105.6529260">
    <ele>3884.6</ele>
    <time>2026-09-13T15:02:32Z</time>
    
   </trkpt>
   <trkpt lat="40.0217470" lon="-105.6529270">
    <ele>3884.4</ele>
    <time>2026-09-13T15:02:37Z</time>
    
   </trkpt>
   <trkpt lat="40.0217410" lon="-105.6529150">
    <ele>3883.8</ele>
    <time>2026-09-13T15:02:40Z</time>
    
   </trkpt>
   <trkpt lat="40.0217300" lon="-105.6528810">
    <ele>3883.2</ele>
    <time>2026-09-13T15:02:43Z</time>
    
   </trkpt>
   <trkpt lat="40.0217180" lon="-105.6528580">
    <ele>3882.8</ele>
    <time>2026-09-13T15:02:45Z</time>
    
   </trkpt>
   <trkpt lat="40.0217100" lon="-105.6528190">
    <ele>3881.6</ele>
    <time>2026-09-13T15:02:49Z</time>
    
   </trkpt>
   <trkpt lat="40.0216890" lon="-105.6528020">
    <ele>3882.0</ele>
    <time>2026-09-13T15:02:53Z</time>
    
   </trkpt>
   <trkpt lat="40.0216720" lon="-105.6528000">
    <ele>3882.8</ele>
    <time>2026-09-13T15:02:55Z</time>
    
   </trkpt>
   <trkpt lat="40.0216650" lon="-105.6527990">
    <ele>3883.0</ele>
    <time>2026-09-13T15:02:56Z</time>
    
   </trkpt>
   <trkpt lat="40.0216580" lon="-105.6527950">
    <ele>3883.4</ele>
    <time>2026-09-13T15:02:57Z</time>
    
   </trkpt>
   <trkpt lat="40.0216500" lon="-105.6527790">
    <ele>3883.6</ele>
    <time>2026-09-13T15:02:59Z</time>
    
   </trkpt>
   <trkpt lat="40.0216290" lon="-105.6527700">
    <ele>3884.0</ele>
    <time>2026-09-13T15:03:01Z</time>
    
   </trkpt>
   <trkpt lat="40.0216190" lon="-105.6527650">
    <ele>3884.0</ele>
    <time>2026-09-13T15:03:02Z</time>
    
   </trkpt>
   <trkpt lat="40.0216080" lon="-105.6527510">
    <ele>3884.2</ele>
    <time>2026-09-13T15:03:04Z</time>
    
   </trkpt>
   <trkpt lat="40.0215770" lon="-105.6527160">
    <ele>3885.0</ele>
    <time>2026-09-13T15:03:09Z</time>
    
   </trkpt>
   <trkpt lat="40.0215650" lon="-105.6526710">
    <ele>3885.6</ele>
    <time>2026-09-13T15:03:14Z</time>
    
   </trkpt>
   <trkpt lat="40.0215510" lon="-105.6526600">
    <ele>3885.2</ele>
    <time>2026-09-13T15:03:16Z</time>
    
   </trkpt>
   <trkpt lat="40.0215430" lon="-105.6526500">
    <ele>3885.2</ele>
    <time>2026-09-13T15:03:18Z</time>
    
   </trkpt>
   <trkpt lat="40.0215140" lon="-105.6526240">
    <ele>3885.8</ele>
    <time>2026-09-13T15:03:23Z</time>
    
   </trkpt>
   <trkpt lat="40.0214950" lon="-105.6526240">
    <ele>3885.4</ele>
    <time>2026-09-13T15:03:26Z</time>
    
   </trkpt>
   <trkpt lat="40.0214590" lon="-105.6525850">
    <ele>3885.8</ele>
    <time>2026-09-13T15:03:35Z</time>
    
   </trkpt>
   <trkpt lat="40.0214580" lon="-105.6525830">
    <ele>3885.8</ele>
    <time>2026-09-13T15:03:36Z</time>
    
   </trkpt>
   <trkpt lat="40.0214470" lon="-105.6525550">
    <ele>3885.4</ele>
    <time>2026-09-13T15:03:43Z</time>
    
   </trkpt>
   <trkpt lat="40.0214490" lon="-105.6525500">
    <ele>3885.4</ele>
    <time>2026-09-13T15:03:44Z</time>
    
   </trkpt>
   <trkpt lat="40.0214530" lon="-105.6525320">
    <ele>3885.8</ele>
    <time>2026-09-13T15:03:46Z</time>
    
   </trkpt>
   <trkpt lat="40.0214500" lon="-105.6525200">
    <ele>3886.4</ele>
    <time>2026-09-13T15:03:48Z</time>
    
   </trkpt>
   <trkpt lat="40.0214480" lon="-105.6525090">
    <ele>3887.6</ele>
    <time>2026-09-13T15:03:51Z</time>
    
   </trkpt>
   <trkpt lat="40.0214500" lon="-105.6525020">
    <ele>3887.8</ele>
    <time>2026-09-13T15:03:54Z</time>
    
   </trkpt>
   <trkpt lat="40.0214510" lon="-105.6525050">
    <ele>3886.6</ele>
    <time>2026-09-13T15:04:00Z</time>
    
   </trkpt>
   <trkpt lat="40.0214550" lon="-105.6525040">
    <ele>3887.2</ele>
    <time>2026-09-13T15:04:04Z</time>
    
   </trkpt>
   <trkpt lat="40.0214540" lon="-105.6525040">
    <ele>3887.0</ele>
    <time>2026-09-13T15:04:05Z</time>
    
   </trkpt>
   <trkpt lat="40.0214550" lon="-105.6525050">
    <ele>3886.8</ele>
    <time>2026-09-13T15:04:07Z</time>
    
   </trkpt>
   <trkpt lat="40.0214570" lon="-105.6525040">
    <ele>3887.0</ele>
    <time>2026-09-13T15:04:17Z</time>
    
   </trkpt>
   <trkpt lat="40.0214580" lon="-105.6525050">
    <ele>3887.0</ele>
    <time>2026-09-13T15:04:18Z</time>
    
   </trkpt>
   <trkpt lat="40.0214580" lon="-105.6525050">
    <ele>3886.8</ele>
    <time>2026-09-13T15:04:23Z</time>
    
   </trkpt>
   <trkpt lat="40.0214590" lon="-105.6525010">
    <ele>3887.6</ele>
    <time>2026-09-13T15:04:30Z</time>
    
   </trkpt>
   <trkpt lat="40.0214600" lon="-105.6525000">
    <ele>3887.4</ele>
    <time>2026-09-13T15:04:32Z</time>
    
   </trkpt>
   <trkpt lat="40.0214400" lon="-105.6525150">
    <ele>3886.4</ele>
    <time>2026-09-13T15:04:44Z</time>
    
   </trkpt>
   <trkpt lat="40.0214260" lon="-105.6525200">
    <ele>3886.4</ele>
    <time>2026-09-13T15:04:48Z</time>
    
   </trkpt>
   <trkpt lat="40.0214180" lon="-105.6524890">
    <ele>3886.4</ele>
    <time>2026-09-13T15:05:00Z</time>
    
   </trkpt>
   <trkpt lat="40.0214210" lon="-105.6524670">
    <ele>3885.4</ele>
    <time>2026-09-13T15:05:08Z</time>
    
   </trkpt>
   <trkpt lat="40.0214280" lon="-105.6524650">
    <ele>3885.6</ele>
    <time>2026-09-13T15:05:11Z</time>
    
   </trkpt>
   <trkpt lat="40.0214290" lon="-105.6524670">
    <ele>3885.6</ele>
    <time>2026-09-13T15:05:12Z</time>
    
   </trkpt>
   <trkpt lat="40.0214300" lon="-105.6524670">
    <ele>3886.2</ele>
    <time>2026-09-13T15:05:16Z</time>
    
   </trkpt>
   <trkpt lat="40.0214300" lon="-105.6524670">
    <ele>3886.4</ele>
    <time>2026-09-13T15:05:19Z</time>
    
   </trkpt>
   <trkpt lat="40.0214310" lon="-105.6524610">
    <ele>3885.2</ele>
    <time>2026-09-13T15:05:26Z</time>
    
   </trkpt>
   <trkpt lat="40.0214290" lon="-105.6524600">
    <ele>3885.4</ele>
    <time>2026-09-13T15:05:30Z</time>
    
   </trkpt>
   <trkpt lat="40.0214300" lon="-105.6524600">
    <ele>3886.8</ele>
    <time>2026-09-13T15:05:32Z</time>
    
   </trkpt>
   <trkpt lat="40.0214300" lon="-105.6524590">
    <ele>3887.6</ele>
    <time>2026-09-13T15:05:35Z</time>
    
   </trkpt>
   <trkpt lat="40.0214280" lon="-105.6524490">
    <ele>3885.8</ele>
    <time>2026-09-13T15:05:39Z</time>
    
   </trkpt>
   <trkpt lat="40.0214220" lon="-105.6524290">
    <ele>3884.8</ele>
    <time>2026-09-13T15:05:42Z</time>
    
   </trkpt>
   <trkpt lat="40.0214220" lon="-105.6524210">
    <ele>3885.0</ele>
    <time>2026-09-13T15:05:44Z</time>
    
   </trkpt>
   <trkpt lat="40.0214050" lon="-105.6523800">
    <ele>3885.0</ele>
    <time>2026-09-13T15:05:53Z</time>
    
   </trkpt>
   <trkpt lat="40.0214010" lon="-105.6523730">
    <ele>3885.2</ele>
    <time>2026-09-13T15:05:54Z</time>
    
   </trkpt>
   <trkpt lat="40.0213990" lon="-105.6523690">
    <ele>3885.4</ele>
    <time>2026-09-13T15:05:55Z</time>
    
   </trkpt>
   <trkpt lat="40.0213960" lon="-105.6523680">
    <ele>3885.6</ele>
    <time>2026-09-13T15:05:57Z</time>
    
   </trkpt>
   <trkpt lat="40.0213930" lon="-105.6523750">
    <ele>3885.6</ele>
    <time>2026-09-13T15:06:02Z</time>
    
   </trkpt>
   <trkpt lat="40.0213940" lon="-105.6523920">
    <ele>3884.6</ele>
    <time>2026-09-13T15:06:07Z</time>
    
   </trkpt>
   <trkpt lat="40.0213960" lon="-105.6524010">
    <ele>3883.4</ele>
    <time>2026-09-13T15:06:10Z</time>
    
   </trkpt>
   <trkpt lat="40.0214010" lon="-105.6524030">
    <ele>3882.8</ele>
    <time>2026-09-13T15:06:13Z</time>
    
   </trkpt>
   <trkpt lat="40.0214020" lon="-105.6524040">
    <ele>3882.8</ele>
    <time>2026-09-13T15:06:14Z</time>
    
   </trkpt>
   <trkpt lat="40.0214060" lon="-105.6524140">
    <ele>3882.6</ele>
    <time>2026-09-13T15:06:16Z</time>
    
   </trkpt>
   <trkpt lat="40.0214070" lon="-105.6524280">
    <ele>3882.8</ele>
    <time>2026-09-13T15:06:23Z</time>
    
   </trkpt>
   <trkpt lat="40.0214100" lon="-105.6524300">
    <ele>3882.6</ele>
    <time>2026-09-13T15:06:24Z</time>
    
   </trkpt>
   <trkpt lat="40.0214130" lon="-105.6524340">
    <ele>3882.2</ele>
    <time>2026-09-13T15:06:26Z</time>
    
   </trkpt>
   <trkpt lat="40.0214080" lon="-105.6524380">
    <ele>3881.8</ele>
    <time>2026-09-13T15:06:36Z</time>
    
   </trkpt>
   <trkpt lat="40.0214080" lon="-105.6524330">
    <ele>3881.8</ele>
    <time>2026-09-13T15:06:48Z</time>
    
   </trkpt>
   <trkpt lat="40.0214020" lon="-105.6524280">
    <ele>3882.0</ele>
    <time>2026-09-13T15:06:51Z</time>
    
   </trkpt>
   <trkpt lat="40.0213990" lon="-105.6524340">
    <ele>3881.0</ele>
    <time>2026-09-13T15:06:55Z</time>
    
   </trkpt>
   <trkpt lat="40.0214020" lon="-105.6524360">
    <ele>3880.4</ele>
    <time>2026-09-13T15:06:57Z</time>
    
   </trkpt>
   <trkpt lat="40.0214010" lon="-105.6524350">
    <ele>3880.0</ele>
    <time>2026-09-13T15:06:58Z</time>
    
   </trkpt>
   <trkpt lat="40.0214040" lon="-105.6524460">
    <ele>3880.4</ele>
    <time>2026-09-13T15:07:09Z</time>
    
   </trkpt>
   <trkpt lat="40.0214040" lon="-105.6524480">
    <ele>3880.2</ele>
    <time>2026-09-13T15:07:10Z</time>
    
   </trkpt>
   <trkpt lat="40.0214040" lon="-105.6524520">
    <ele>3880.0</ele>
    <time>2026-09-13T15:07:12Z</time>
    
   </trkpt>
   <trkpt lat="40.0214080" lon="-105.6524510">
    <ele>3878.2</ele>
    <time>2026-09-13T15:07:15Z</time>
    
   </trkpt>
   <trkpt lat="40.0214130" lon="-105.6524700">
    <ele>3877.2</ele>
    <time>2026-09-13T15:07:19Z</time>
    
   </trkpt>
   <trkpt lat="40.0214170" lon="-105.6524690">
    <ele>3877.2</ele>
    <time>2026-09-13T15:07:20Z</time>
    
   </trkpt>
   <trkpt lat="40.0214200" lon="-105.6524690">
    <ele>3877.2</ele>
    <time>2026-09-13T15:07:22Z</time>
    
   </trkpt>
   <trkpt lat="40.0214180" lon="-105.6524940">
    <ele>3876.2</ele>
    <time>2026-09-13T15:07:29Z</time>
    
   </trkpt>
   <trkpt lat="40.0214090" lon="-105.6524910">
    <ele>3876.2</ele>
    <time>2026-09-13T15:07:33Z</time>
    
   </trkpt>
   <trkpt lat="40.0213890" lon="-105.6524590">
    <ele>3875.0</ele>
    <time>2026-09-13T15:07:37Z</time>
    
   </trkpt>
   <trkpt lat="40.0213840" lon="-105.6524490">
    <ele>3874.6</ele>
    <time>2026-09-13T15:07:39Z</time>
    
   </trkpt>
   <trkpt lat="40.0213830" lon="-105.6524420">
    <ele>3874.4</ele>
    <time>2026-09-13T15:07:41Z</time>
    
   </trkpt>
   <trkpt lat="40.0213760" lon="-105.6524420">
    <ele>3874.0</ele>
    <time>2026-09-13T15:07:43Z</time>
    
   </trkpt>
   <trkpt lat="40.0213690" lon="-105.6524450">
    <ele>3875.0</ele>
    <time>2026-09-13T15:07:51Z</time>
    
   </trkpt>
   <trkpt lat="40.0213710" lon="-105.6524460">
    <ele>3875.2</ele>
    <time>2026-09-13T15:07:52Z</time>
    
   </trkpt>
   <trkpt lat="40.0213710" lon="-105.6524460">
    <ele>3875.4</ele>
    <time>2026-09-13T15:07:53Z</time>
    
   </trkpt>
   <trkpt lat="40.0213730" lon="-105.6524450">
    <ele>3875.2</ele>
    <time>2026-09-13T15:07:56Z</time>
    
   </trkpt>
   <trkpt lat="40.0213890" lon="-105.6524350">
    <ele>3874.4</ele>
    <time>2026-09-13T15:08:10Z</time>
    
   </trkpt>
   <trkpt lat="40.0213970" lon="-105.6524300">
    <ele>3875.0</ele>
    <time>2026-09-13T15:08:17Z</time>
    
   </trkpt>
   <trkpt lat="40.0213960" lon="-105.6524310">
    <ele>3876.2</ele>
    <time>2026-09-13T15:08:21Z</time>
    
   </trkpt>
   <trkpt lat="40.0213950" lon="-105.6524340">
    <ele>3876.4</ele>
    <time>2026-09-13T15:08:23Z</time>
    
   </trkpt>
   <trkpt lat="40.0213960" lon="-105.6524340">
    <ele>3875.8</ele>
    <time>2026-09-13T15:08:25Z</time>
    
   </trkpt>
   <trkpt lat="40.0214030" lon="-105.6524400">
    <ele>3875.2</ele>
    <time>2026-09-13T15:08:29Z</time>
    
   </trkpt>
   <trkpt lat="40.0214000" lon="-105.6524450">
    <ele>3874.8</ele>
    <time>2026-09-13T15:08:33Z</time>
    
   </trkpt>
   <trkpt lat="40.0214000" lon="-105.6524350">
    <ele>3874.6</ele>
    <time>2026-09-13T15:08:41Z</time>
    
   </trkpt>
   <trkpt lat="40.0214010" lon="-105.6524360">
    <ele>3874.6</ele>
    <time>2026-09-13T15:08:42Z</time>
    
   </trkpt>
   <trkpt lat="40.0214030" lon="-105.6524380">
    <ele>3874.4</ele>
    <time>2026-09-13T15:08:43Z</time>
    
   </trkpt>
   <trkpt lat="40.0214020" lon="-105.6524350">
    <ele>3874.4</ele>
    <time>2026-09-13T15:08:44Z</time>
    
   </trkpt>
   <trkpt lat="40.0213930" lon="-105.6524300">
    <ele>3874.4</ele>
    <time>2026-09-13T15:08:48Z</time>
    
   </trkpt>
   <trkpt lat="40.0213880" lon="-105.6524060">
    <ele>3874.6</ele>
    <time>2026-09-13T15:08:52Z</time>
    
   </trkpt>
   <trkpt lat="40.0213890" lon="-105.6523960">
    <ele>3874.8</ele>
    <time>2026-09-13T15:08:53Z</time>
    
   </trkpt>
   <trkpt lat="40.0213980" lon="-105.6523710">
    <ele>3875.2</ele>
    <time>2026-09-13T15:08:56Z</time>
    
   </trkpt>
   <trkpt lat="40.0214020" lon="-105.6523630">
    <ele>3875.4</ele>
    <time>2026-09-13T15:08:57Z</time>
    
   </trkpt>
   <trkpt lat="40.0214000" lon="-105.6523400">
    <ele>3876.6</ele>
    <time>2026-09-13T15:09:00Z</time>
    
   </trkpt>
   <trkpt lat="40.0213960" lon="-105.6523260">
    <ele>3877.6</ele>
    <time>2026-09-13T15:09:02Z</time>
    
   </trkpt>
   <trkpt lat="40.0213940" lon="-105.6523200">
    <ele>3878.2</ele>
    <time>2026-09-13T15:09:03Z</time>
    
   </trkpt>
   <trkpt lat="40.0213910" lon="-105.6523150">
    <ele>3878.6</ele>
    <time>2026-09-13T15:09:04Z</time>
    
   </trkpt>
   <trkpt lat="40.0213890" lon="-105.6522920">
    <ele>3879.8</ele>
    <time>2026-09-13T15:09:07Z</time>
    
   </trkpt>
   <trkpt lat="40.0213840" lon="-105.6522910">
    <ele>3880.2</ele>
    <time>2026-09-13T15:09:08Z</time>
    
   </trkpt>
   <trkpt lat="40.0213820" lon="-105.6522840">
    <ele>3880.4</ele>
    <time>2026-09-13T15:09:10Z</time>
    
   </trkpt>
   <trkpt lat="40.0213650" lon="-105.6522760">
    <ele>3880.8</ele>
    <time>2026-09-13T15:09:12Z</time>
    
   </trkpt>
   <trkpt lat="40.0213630" lon="-105.6522740">
    <ele>3881.2</ele>
    <time>2026-09-13T15:09:13Z</time>
    
   </trkpt>
   <trkpt lat="40.0213540" lon="-105.6522600">
    <ele>3882.4</ele>
    <time>2026-09-13T15:09:17Z</time>
    
   </trkpt>
   <trkpt lat="40.0213510" lon="-105.6522560">
    <ele>3882.8</ele>
    <time>2026-09-13T15:09:18Z</time>
    
   </trkpt>
   <trkpt lat="40.0213490" lon="-105.6522470">
    <ele>3883.4</ele>
    <time>2026-09-13T15:09:20Z</time>
    
   </trkpt>
   <trkpt lat="40.0213500" lon="-105.6522330">
    <ele>3883.6</ele>
    <time>2026-09-13T15:09:31Z</time>
    
   </trkpt>
   <trkpt lat="40.0213430" lon="-105.6522210">
    <ele>3884.8</ele>
    <time>2026-09-13T15:09:33Z</time>
    
   </trkpt>
   <trkpt lat="40.0213230" lon="-105.6522100">
    <ele>3886.0</ele>
    <time>2026-09-13T15:09:36Z</time>
    
   </trkpt>
   <trkpt lat="40.0212810" lon="-105.6521970">
    <ele>3887.0</ele>
    <time>2026-09-13T15:09:40Z</time>
    
   </trkpt>
   <trkpt lat="40.0212040" lon="-105.6521110">
    <ele>3886.0</ele>
    <time>2026-09-13T15:09:49Z</time>
    
   </trkpt>
   <trkpt lat="40.0211980" lon="-105.6521020">
    <ele>3885.8</ele>
    <time>2026-09-13T15:09:50Z</time>
    
   </trkpt>
   <trkpt lat="40.0211630" lon="-105.6520500">
    <ele>3887.2</ele>
    <time>2026-09-13T15:09:56Z</time>
    
   </trkpt>
   <trkpt lat="40.0211380" lon="-105.6520230">
    <ele>3888.4</ele>
    <time>2026-09-13T15:09:59Z</time>
    
   </trkpt>
   <trkpt lat="40.0211300" lon="-105.6520150">
    <ele>3888.4</ele>
    <time>2026-09-13T15:10:00Z</time>
    
   </trkpt>
   <trkpt lat="40.0210930" lon="-105.6519710">
    <ele>3887.2</ele>
    <time>2026-09-13T15:10:05Z</time>
    
   </trkpt>
   <trkpt lat="40.0210620" lon="-105.6519250">
    <ele>3886.8</ele>
    <time>2026-09-13T15:10:10Z</time>
    
   </trkpt>
   <trkpt lat="40.0210570" lon="-105.6519150">
    <ele>3887.0</ele>
    <time>2026-09-13T15:10:11Z</time>
    
   </trkpt>
   <trkpt lat="40.0210470" lon="-105.6518990">
    <ele>3888.2</ele>
    <time>2026-09-13T15:10:13Z</time>
    
   </trkpt>
   <trkpt lat="40.0210350" lon="-105.6518810">
    <ele>3889.4</ele>
    <time>2026-09-13T15:10:15Z</time>
    
   </trkpt>
   <trkpt lat="40.0210190" lon="-105.6518580">
    <ele>3890.8</ele>
    <time>2026-09-13T15:10:17Z</time>
    
   </trkpt>
   <trkpt lat="40.0210040" lon="-105.6518350">
    <ele>3891.4</ele>
    <time>2026-09-13T15:10:19Z</time>
    
   </trkpt>
   <trkpt lat="40.0209670" lon="-105.6517880">
    <ele>3890.8</ele>
    <time>2026-09-13T15:10:24Z</time>
    
   </trkpt>
   <trkpt lat="40.0209410" lon="-105.6517220">
    <ele>3890.2</ele>
    <time>2026-09-13T15:10:30Z</time>
    
   </trkpt>
   <trkpt lat="40.0209170" lon="-105.6516810">
    <ele>3892.0</ele>
    <time>2026-09-13T15:10:34Z</time>
    
   </trkpt>
   <trkpt lat="40.0209090" lon="-105.6516690">
    <ele>3892.0</ele>
    <time>2026-09-13T15:10:35Z</time>
    
   </trkpt>
   <trkpt lat="40.0208820" lon="-105.6516250">
    <ele>3892.2</ele>
    <time>2026-09-13T15:10:41Z</time>
    
   </trkpt>
   <trkpt lat="40.0208790" lon="-105.6516240">
    <ele>3892.6</ele>
    <time>2026-09-13T15:10:43Z</time>
    
   </trkpt>
   <trkpt lat="40.0208820" lon="-105.6516140">
    <ele>3893.0</ele>
    <time>2026-09-13T15:10:45Z</time>
    
   </trkpt>
   <trkpt lat="40.0208840" lon="-105.6515870">
    <ele>3894.2</ele>
    <time>2026-09-13T15:10:49Z</time>
    
   </trkpt>
   <trkpt lat="40.0208710" lon="-105.6515580">
    <ele>3895.0</ele>
    <time>2026-09-13T15:10:52Z</time>
    
   </trkpt>
   <trkpt lat="40.0208660" lon="-105.6515410">
    <ele>3895.4</ele>
    <time>2026-09-13T15:10:54Z</time>
    
   </trkpt>
   <trkpt lat="40.0208480" lon="-105.6515240">
    <ele>3896.4</ele>
    <time>2026-09-13T15:10:57Z</time>
    
   </trkpt>
   <trkpt lat="40.0208250" lon="-105.6515060">
    <ele>3897.2</ele>
    <time>2026-09-13T15:11:01Z</time>
    
   </trkpt>
   <trkpt lat="40.0208090" lon="-105.6515110">
    <ele>3897.0</ele>
    <time>2026-09-13T15:11:03Z</time>
    
   </trkpt>
   <trkpt lat="40.0208050" lon="-105.6515170">
    <ele>3896.6</ele>
    <time>2026-09-13T15:11:04Z</time>
    
   </trkpt>
   <trkpt lat="40.0207910" lon="-105.6515220">
    <ele>3895.6</ele>
    <time>2026-09-13T15:11:07Z</time>
    
   </trkpt>
   <trkpt lat="40.0207820" lon="-105.6515160">
    <ele>3895.4</ele>
    <time>2026-09-13T15:11:08Z</time>
    
   </trkpt>
   <trkpt lat="40.0207770" lon="-105.6514990">
    <ele>3894.8</ele>
    <time>2026-09-13T15:11:11Z</time>
    
   </trkpt>
   <trkpt lat="40.0207750" lon="-105.6514960">
    <ele>3894.4</ele>
    <time>2026-09-13T15:11:13Z</time>
    
   </trkpt>
   <trkpt lat="40.0207660" lon="-105.6514930">
    <ele>3893.2</ele>
    <time>2026-09-13T15:11:16Z</time>
    
   </trkpt>
   <trkpt lat="40.0207480" lon="-105.6514890">
    <ele>3892.4</ele>
    <time>2026-09-13T15:11:19Z</time>
    
   </trkpt>
   <trkpt lat="40.0207420" lon="-105.6514850">
    <ele>3892.2</ele>
    <time>2026-09-13T15:11:20Z</time>
    
   </trkpt>
   <trkpt lat="40.0207360" lon="-105.6514810">
    <ele>3891.6</ele>
    <time>2026-09-13T15:11:22Z</time>
    
   </trkpt>
   <trkpt lat="40.0207230" lon="-105.6514630">
    <ele>3891.0</ele>
    <time>2026-09-13T15:11:25Z</time>
    
   </trkpt>
   <trkpt lat="40.0207010" lon="-105.6514480">
    <ele>3891.2</ele>
    <time>2026-09-13T15:11:28Z</time>
    
   </trkpt>
   <trkpt lat="40.0206910" lon="-105.6514490">
    <ele>3890.8</ele>
    <time>2026-09-13T15:11:30Z</time>
    
   </trkpt>
   <trkpt lat="40.0206520" lon="-105.6514170">
    <ele>3889.8</ele>
    <time>2026-09-13T15:11:34Z</time>
    
   </trkpt>
   <trkpt lat="40.0206420" lon="-105.6514070">
    <ele>3889.8</ele>
    <time>2026-09-13T15:11:35Z</time>
    
   </trkpt>
   <trkpt lat="40.0206260" lon="-105.6513920">
    <ele>3889.8</ele>
    <time>2026-09-13T15:11:37Z</time>
    
   </trkpt>
   <trkpt lat="40.0206030" lon="-105.6513560">
    <ele>3890.4</ele>
    <time>2026-09-13T15:11:41Z</time>
    
   </trkpt>
   <trkpt lat="40.0205780" lon="-105.6513190">
    <ele>3890.0</ele>
    <time>2026-09-13T15:11:44Z</time>
    
   </trkpt>
   <trkpt lat="40.0205460" lon="-105.6512800">
    <ele>3889.8</ele>
    <time>2026-09-13T15:11:48Z</time>
    
   </trkpt>
   <trkpt lat="40.0205460" lon="-105.6512770">
    <ele>3889.6</ele>
    <time>2026-09-13T15:11:49Z</time>
    
   </trkpt>
   <trkpt lat="40.0205440" lon="-105.6512760">
    <ele>3889.6</ele>
    <time>2026-09-13T15:11:50Z</time>
    
   </trkpt>
   <trkpt lat="40.0205240" lon="-105.6512650">
    <ele>3888.8</ele>
    <time>2026-09-13T15:11:54Z</time>
    
   </trkpt>
   <trkpt lat="40.0205160" lon="-105.6512490">
    <ele>3888.8</ele>
    <time>2026-09-13T15:11:56Z</time>
    
   </trkpt>
   <trkpt lat="40.0205100" lon="-105.6512370">
    <ele>3889.0</ele>
    <time>2026-09-13T15:11:58Z</time>
    
   </trkpt>
   <trkpt lat="40.0205000" lon="-105.6512060">
    <ele>3888.6</ele>
    <time>2026-09-13T15:12:07Z</time>
    
   </trkpt>
   <trkpt lat="40.0204930" lon="-105.6512070">
    <ele>3887.8</ele>
    <time>2026-09-13T15:12:10Z</time>
    
   </trkpt>
   <trkpt lat="40.0204760" lon="-105.6511900">
    <ele>3886.4</ele>
    <time>2026-09-13T15:12:15Z</time>
    
   </trkpt>
   <trkpt lat="40.0204560" lon="-105.6511800">
    <ele>3885.4</ele>
    <time>2026-09-13T15:12:18Z</time>
    
   </trkpt>
   <trkpt lat="40.0204480" lon="-105.6511720">
    <ele>3885.2</ele>
    <time>2026-09-13T15:12:19Z</time>
    
   </trkpt>
   <trkpt lat="40.0204150" lon="-105.6511310">
    <ele>3884.6</ele>
    <time>2026-09-13T15:12:23Z</time>
    
   </trkpt>
   <trkpt lat="40.0204110" lon="-105.6511190">
    <ele>3884.6</ele>
    <time>2026-09-13T15:12:24Z</time>
    
   </trkpt>
   <trkpt lat="40.0204030" lon="-105.6511140">
    <ele>3885.0</ele>
    <time>2026-09-13T15:12:26Z</time>
    
   </trkpt>
   <trkpt lat="40.0203610" lon="-105.6510670">
    <ele>3885.4</ele>
    <time>2026-09-13T15:12:34Z</time>
    
   </trkpt>
   <trkpt lat="40.0203360" lon="-105.6510510">
    <ele>3885.4</ele>
    <time>2026-09-13T15:12:39Z</time>
    
   </trkpt>
   <trkpt lat="40.0203240" lon="-105.6510480">
    <ele>3884.2</ele>
    <time>2026-09-13T15:12:42Z</time>
    
   </trkpt>
   <trkpt lat="40.0202940" lon="-105.6510540">
    <ele>3883.0</ele>
    <time>2026-09-13T15:12:46Z</time>
    
   </trkpt>
   <trkpt lat="40.0202790" lon="-105.6510590">
    <ele>3882.4</ele>
    <time>2026-09-13T15:12:49Z</time>
    
   </trkpt>
   <trkpt lat="40.0202700" lon="-105.6510630">
    <ele>3881.8</ele>
    <time>2026-09-13T15:12:51Z</time>
    
   </trkpt>
   <trkpt lat="40.0202440" lon="-105.6510410">
    <ele>3881.0</ele>
    <time>2026-09-13T15:12:56Z</time>
    
   </trkpt>
   <trkpt lat="40.0202310" lon="-105.6510300">
    <ele>3880.8</ele>
    <time>2026-09-13T15:12:58Z</time>
    
   </trkpt>
   <trkpt lat="40.0202170" lon="-105.6510190">
    <ele>3880.8</ele>
    <time>2026-09-13T15:13:00Z</time>
    
   </trkpt>
   <trkpt lat="40.0201990" lon="-105.6509700">
    <ele>3880.6</ele>
    <time>2026-09-13T15:13:07Z</time>
    
   </trkpt>
   <trkpt lat="40.0201940" lon="-105.6509500">
    <ele>3880.0</ele>
    <time>2026-09-13T15:13:17Z</time>
    
   </trkpt>
   <trkpt lat="40.0201950" lon="-105.6509470">
    <ele>3880.0</ele>
    <time>2026-09-13T15:13:18Z</time>
    
   </trkpt>
   <trkpt lat="40.0201880" lon="-105.6509360">
    <ele>3879.6</ele>
    <time>2026-09-13T15:13:20Z</time>
    
   </trkpt>
   <trkpt lat="40.0201720" lon="-105.6508900">
    <ele>3879.0</ele>
    <time>2026-09-13T15:13:25Z</time>
    
   </trkpt>
   <trkpt lat="40.0201700" lon="-105.6508670">
    <ele>3878.6</ele>
    <time>2026-09-13T15:13:28Z</time>
    
   </trkpt>
   <trkpt lat="40.0201780" lon="-105.6508650">
    <ele>3879.6</ele>
    <time>2026-09-13T15:13:34Z</time>
    
   </trkpt>
   <trkpt lat="40.0201800" lon="-105.6508660">
    <ele>3879.8</ele>
    <time>2026-09-13T15:13:35Z</time>
    
   </trkpt>
   <trkpt lat="40.0201840" lon="-105.6508680">
    <ele>3880.0</ele>
    <time>2026-09-13T15:13:37Z</time>
    
   </trkpt>
   <trkpt lat="40.0201470" lon="-105.6508390">
    <ele>3880.4</ele>
    <time>2026-09-13T15:13:46Z</time>
    
   </trkpt>
   <trkpt lat="40.0201310" lon="-105.6508270">
    <ele>3880.8</ele>
    <time>2026-09-13T15:13:48Z</time>
    
   </trkpt>
   <trkpt lat="40.0201120" lon="-105.6508080">
    <ele>3881.0</ele>
    <time>2026-09-13T15:13:51Z</time>
    
   </trkpt>
   <trkpt lat="40.0201050" lon="-105.6507990">
    <ele>3881.0</ele>
    <time>2026-09-13T15:13:52Z</time>
    
   </trkpt>
   <trkpt lat="40.0200960" lon="-105.6507850">
    <ele>3880.8</ele>
    <time>2026-09-13T15:13:53Z</time>
    
   </trkpt>
   <trkpt lat="40.0200750" lon="-105.6507500">
    <ele>3880.4</ele>
    <time>2026-09-13T15:13:57Z</time>
    
   </trkpt>
   <trkpt lat="40.0200800" lon="-105.6507500">
    <ele>3880.4</ele>
    <time>2026-09-13T15:13:58Z</time>
    
   </trkpt>
   <trkpt lat="40.0200810" lon="-105.6507490">
    <ele>3880.2</ele>
    <time>2026-09-13T15:13:59Z</time>
    
   </trkpt>
   <trkpt lat="40.0200730" lon="-105.6507540">
    <ele>3880.2</ele>
    <time>2026-09-13T15:14:04Z</time>
    
   </trkpt>
   <trkpt lat="40.0200730" lon="-105.6507540">
    <ele>3879.6</ele>
    <time>2026-09-13T15:14:06Z</time>
    
   </trkpt>
   <trkpt lat="40.0200730" lon="-105.6507530">
    <ele>3879.2</ele>
    <time>2026-09-13T15:14:07Z</time>
    
   </trkpt>
   <trkpt lat="40.0200730" lon="-105.6507440">
    <ele>3879.8</ele>
    <time>2026-09-13T15:14:13Z</time>
    
   </trkpt>
   <trkpt lat="40.0200830" lon="-105.6507530">
    <ele>3880.0</ele>
    <time>2026-09-13T15:14:18Z</time>
    
   </trkpt>
   <trkpt lat="40.0200830" lon="-105.6507570">
    <ele>3880.0</ele>
    <time>2026-09-13T15:14:22Z</time>
    
   </trkpt>
   <trkpt lat="40.0200850" lon="-105.6507510">
    <ele>3879.4</ele>
    <time>2026-09-13T15:14:27Z</time>
    
   </trkpt>
   <trkpt lat="40.0200840" lon="-105.6507520">
    <ele>3879.2</ele>
    <time>2026-09-13T15:14:29Z</time>
    
   </trkpt>
   <trkpt lat="40.0200820" lon="-105.6507470">
    <ele>3879.0</ele>
    <time>2026-09-13T15:14:31Z</time>
    
   </trkpt>
   <trkpt lat="40.0200760" lon="-105.6507430">
    <ele>3879.0</ele>
    <time>2026-09-13T15:14:42Z</time>
    
   </trkpt>
   <trkpt lat="40.0200770" lon="-105.6507430">
    <ele>3878.6</ele>
    <time>2026-09-13T15:14:44Z</time>
    
   </trkpt>
   <trkpt lat="40.0200770" lon="-105.6507430">
    <ele>3878.6</ele>
    <time>2026-09-13T15:14:45Z</time>
    
   </trkpt>
   <trkpt lat="40.0200780" lon="-105.6507470">
    <ele>3878.4</ele>
    <time>2026-09-13T15:14:57Z</time>
    
   </trkpt>
   <trkpt lat="40.0200760" lon="-105.6507430">
    <ele>3879.2</ele>
    <time>2026-09-13T15:15:12Z</time>
    
   </trkpt>
   <trkpt lat="40.0200770" lon="-105.6507420">
    <ele>3879.4</ele>
    <time>2026-09-13T15:15:14Z</time>
    
   </trkpt>
   <trkpt lat="40.0200770" lon="-105.6507420">
    <ele>3879.0</ele>
    <time>2026-09-13T15:15:17Z</time>
    
   </trkpt>
   <trkpt lat="40.0200570" lon="-105.6507180">
    <ele>3879.0</ele>
    <time>2026-09-13T15:15:22Z</time>
    
   </trkpt>
   <trkpt lat="40.0200580" lon="-105.6507180">
    <ele>3879.0</ele>
    <time>2026-09-13T15:15:24Z</time>
    
   </trkpt>
   <trkpt lat="40.0200600" lon="-105.6507200">
    <ele>3879.0</ele>
    <time>2026-09-13T15:15:28Z</time>
    
   </trkpt>
   <trkpt lat="40.0200600" lon="-105.6507200">
    <ele>3879.0</ele>
    <time>2026-09-13T15:15:29Z</time>
    
   </trkpt>
   <trkpt lat="40.0200660" lon="-105.6507190">
    <ele>3879.0</ele>
    <time>2026-09-13T15:15:36Z</time>
    
   </trkpt>
   <trkpt lat="40.0200660" lon="-105.6507190">
    <ele>3879.0</ele>
    <time>2026-09-13T15:15:37Z</time>
    
   </trkpt>
   <trkpt lat="40.0200620" lon="-105.6507110">
    <ele>3879.0</ele>
    <time>2026-09-13T15:15:41Z</time>
    
   </trkpt>
   <trkpt lat="40.0200250" lon="-105.6506670">
    <ele>3879.0</ele>
    <time>2026-09-13T15:15:52Z</time>
    
   </trkpt>
   <trkpt lat="40.0200060" lon="-105.6506370">
    <ele>3879.0</ele>
    <time>2026-09-13T15:15:56Z</time>
    
   </trkpt>
   <trkpt lat="40.0199930" lon="-105.6506250">
    <ele>3880.2</ele>
    <time>2026-09-13T15:16:00Z</time>
    
   </trkpt>
   <trkpt lat="40.0199900" lon="-105.6506200">
    <ele>3881.6</ele>
    <time>2026-09-13T15:16:02Z</time>
    
   </trkpt>
   <trkpt lat="40.0199890" lon="-105.6506200">
    <ele>3881.8</ele>
    <time>2026-09-13T15:16:03Z</time>
    
   </trkpt>
   <trkpt lat="40.0200020" lon="-105.6506170">
    <ele>3882.0</ele>
    <time>2026-09-13T15:16:11Z</time>
    
   </trkpt>
   <trkpt lat="40.0199990" lon="-105.6506010">
    <ele>3882.6</ele>
    <time>2026-09-13T15:16:15Z</time>
    
   </trkpt>
   <trkpt lat="40.0199970" lon="-105.6505950">
    <ele>3882.8</ele>
    <time>2026-09-13T15:16:16Z</time>
    
   </trkpt>
   <trkpt lat="40.0199760" lon="-105.6505760">
    <ele>3883.0</ele>
    <time>2026-09-13T15:16:19Z</time>
    
   </trkpt>
   <trkpt lat="40.0199640" lon="-105.6505570">
    <ele>3883.0</ele>
    <time>2026-09-13T15:16:24Z</time>
    
   </trkpt>
   <trkpt lat="40.0199570" lon="-105.6505200">
    <ele>3882.8</ele>
    <time>2026-09-13T15:16:28Z</time>
    
   </trkpt>
   <trkpt lat="40.0199320" lon="-105.6504640">
    <ele>3884.0</ele>
    <time>2026-09-13T15:16:34Z</time>
    
   </trkpt>
   <trkpt lat="40.0199130" lon="-105.6504300">
    <ele>3884.6</ele>
    <time>2026-09-13T15:16:37Z</time>
    
   </trkpt>
   <trkpt lat="40.0198480" lon="-105.6503060">
    <ele>3884.0</ele>
    <time>2026-09-13T15:16:46Z</time>
    
   </trkpt>
   <trkpt lat="40.0198090" lon="-105.6502450">
    <ele>3883.4</ele>
    <time>2026-09-13T15:16:51Z</time>
    
   </trkpt>
   <trkpt lat="40.0197990" lon="-105.6502220">
    <ele>3883.8</ele>
    <time>2026-09-13T15:16:53Z</time>
    
   </trkpt>
   <trkpt lat="40.0197870" lon="-105.6501900">
    <ele>3885.0</ele>
    <time>2026-09-13T15:16:56Z</time>
    
   </trkpt>
   <trkpt lat="40.0197880" lon="-105.6501490">
    <ele>3886.2</ele>
    <time>2026-09-13T15:17:00Z</time>
    
   </trkpt>
   <trkpt lat="40.0197830" lon="-105.6501290">
    <ele>3887.0</ele>
    <time>2026-09-13T15:17:02Z</time>
    
   </trkpt>
   <trkpt lat="40.0197770" lon="-105.6501180">
    <ele>3887.4</ele>
    <time>2026-09-13T15:17:03Z</time>
    
   </trkpt>
   <trkpt lat="40.0197740" lon="-105.6500990">
    <ele>3887.6</ele>
    <time>2026-09-13T15:17:05Z</time>
    
   </trkpt>
   <trkpt lat="40.0197730" lon="-105.6500880">
    <ele>3887.8</ele>
    <time>2026-09-13T15:17:06Z</time>
    
   </trkpt>
   <trkpt lat="40.0197700" lon="-105.6500780">
    <ele>3887.8</ele>
    <time>2026-09-13T15:17:07Z</time>
    
   </trkpt>
   <trkpt lat="40.0197700" lon="-105.6500560">
    <ele>3887.6</ele>
    <time>2026-09-13T15:17:10Z</time>
    
   </trkpt>
   <trkpt lat="40.0197680" lon="-105.6500350">
    <ele>3887.6</ele>
    <time>2026-09-13T15:17:12Z</time>
    
   </trkpt>
   <trkpt lat="40.0197580" lon="-105.6500170">
    <ele>3888.0</ele>
    <time>2026-09-13T15:17:14Z</time>
    
   </trkpt>
   <trkpt lat="40.0197510" lon="-105.6500110">
    <ele>3888.4</ele>
    <time>2026-09-13T15:17:15Z</time>
    
   </trkpt>
   <trkpt lat="40.0197420" lon="-105.6499880">
    <ele>3889.4</ele>
    <time>2026-09-13T15:17:18Z</time>
    
   </trkpt>
   <trkpt lat="40.0197390" lon="-105.6499810">
    <ele>3889.4</ele>
    <time>2026-09-13T15:17:19Z</time>
    
   </trkpt>
   <trkpt lat="40.0197340" lon="-105.6499760">
    <ele>3889.6</ele>
    <time>2026-09-13T15:17:20Z</time>
    
   </trkpt>
   <trkpt lat="40.0197330" lon="-105.6499730">
    <ele>3889.6</ele>
    <time>2026-09-13T15:17:21Z</time>
    
   </trkpt>
   <trkpt lat="40.0197240" lon="-105.6499660">
    <ele>3889.8</ele>
    <time>2026-09-13T15:17:23Z</time>
    
   </trkpt>
   <trkpt lat="40.0197230" lon="-105.6499380">
    <ele>3890.6</ele>
    <time>2026-09-13T15:17:26Z</time>
    
   </trkpt>
   <trkpt lat="40.0197200" lon="-105.6499290">
    <ele>3891.0</ele>
    <time>2026-09-13T15:17:27Z</time>
    
   </trkpt>
   <trkpt lat="40.0197170" lon="-105.6499210">
    <ele>3891.2</ele>
    <time>2026-09-13T15:17:28Z</time>
    
   </trkpt>
   <trkpt lat="40.0197120" lon="-105.6499170">
    <ele>3891.6</ele>
    <time>2026-09-13T15:17:29Z</time>
    
   </trkpt>
   <trkpt lat="40.0197020" lon="-105.6499100">
    <ele>3892.4</ele>
    <time>2026-09-13T15:17:31Z</time>
    
   </trkpt>
   <trkpt lat="40.0196950" lon="-105.6499050">
    <ele>3892.8</ele>
    <time>2026-09-13T15:17:32Z</time>
    
   </trkpt>
   <trkpt lat="40.0196800" lon="-105.6498710">
    <ele>3893.4</ele>
    <time>2026-09-13T15:17:37Z</time>
    
   </trkpt>
   <trkpt lat="40.0196700" lon="-105.6498580">
    <ele>3894.0</ele>
    <time>2026-09-13T15:17:39Z</time>
    
   </trkpt>
   <trkpt lat="40.0196580" lon="-105.6498020">
    <ele>3895.0</ele>
    <time>2026-09-13T15:17:46Z</time>
    
   </trkpt>
   <trkpt lat="40.0196550" lon="-105.6497940">
    <ele>3895.2</ele>
    <time>2026-09-13T15:17:47Z</time>
    
   </trkpt>
   <trkpt lat="40.0196360" lon="-105.6497530">
    <ele>3896.4</ele>
    <time>2026-09-13T15:17:52Z</time>
    
   </trkpt>
   <trkpt lat="40.0196280" lon="-105.6497370">
    <ele>3897.6</ele>
    <time>2026-09-13T15:17:55Z</time>
    
   </trkpt>
   <trkpt lat="40.0196230" lon="-105.6497160">
    <ele>3897.6</ele>
    <time>2026-09-13T15:17:59Z</time>
    
   </trkpt>
   <trkpt lat="40.0196170" lon="-105.6497030">
    <ele>3897.4</ele>
    <time>2026-09-13T15:18:01Z</time>
    
   </trkpt>
   <trkpt lat="40.0196120" lon="-105.6496990">
    <ele>3897.6</ele>
    <time>2026-09-13T15:18:04Z</time>
    
   </trkpt>
   <trkpt lat="40.0196190" lon="-105.6496730">
    <ele>3898.4</ele>
    <time>2026-09-13T15:18:10Z</time>
    
   </trkpt>
   <trkpt lat="40.0196270" lon="-105.6496540">
    <ele>3898.6</ele>
    <time>2026-09-13T15:18:13Z</time>
    
   </trkpt>
   <trkpt lat="40.0196380" lon="-105.6496360">
    <ele>3899.4</ele>
    <time>2026-09-13T15:18:20Z</time>
    
   </trkpt>
   <trkpt lat="40.0196280" lon="-105.6496040">
    <ele>3897.4</ele>
    <time>2026-09-13T15:18:27Z</time>
    
   </trkpt>
   <trkpt lat="40.0196180" lon="-105.6495760">
    <ele>3896.4</ele>
    <time>2026-09-13T15:18:30Z</time>
    
   </trkpt>
   <trkpt lat="40.0196160" lon="-105.6495690">
    <ele>3896.2</ele>
    <time>2026-09-13T15:18:31Z</time>
    
   </trkpt>
   <trkpt lat="40.0195920" lon="-105.6495090">
    <ele>3895.0</ele>
    <time>2026-09-13T15:18:38Z</time>
    
   </trkpt>
   <trkpt lat="40.0195840" lon="-105.6494990">
    <ele>3893.8</ele>
    <time>2026-09-13T15:18:40Z</time>
    
   </trkpt>
   <trkpt lat="40.0195780" lon="-105.6494940">
    <ele>3893.6</ele>
    <time>2026-09-13T15:18:41Z</time>
    
   </trkpt>
   <trkpt lat="40.0195280" lon="-105.6494720">
    <ele>3892.6</ele>
    <time>2026-09-13T15:18:48Z</time>
    
   </trkpt>
   <trkpt lat="40.0195070" lon="-105.6494540">
    <ele>3891.6</ele>
    <time>2026-09-13T15:18:51Z</time>
    
   </trkpt>
   <trkpt lat="40.0195020" lon="-105.6494300">
    <ele>3890.6</ele>
    <time>2026-09-13T15:18:54Z</time>
    
   </trkpt>
   <trkpt lat="40.0195010" lon="-105.6494220">
    <ele>3890.4</ele>
    <time>2026-09-13T15:18:55Z</time>
    
   </trkpt>
   <trkpt lat="40.0194900" lon="-105.6493940">
    <ele>3889.2</ele>
    <time>2026-09-13T15:19:00Z</time>
    
   </trkpt>
   <trkpt lat="40.0194870" lon="-105.6493900">
    <ele>3889.2</ele>
    <time>2026-09-13T15:19:01Z</time>
    
   </trkpt>
   <trkpt lat="40.0194790" lon="-105.6493800">
    <ele>3888.8</ele>
    <time>2026-09-13T15:19:04Z</time>
    
   </trkpt>
   <trkpt lat="40.0194710" lon="-105.6493750">
    <ele>3887.8</ele>
    <time>2026-09-13T15:19:06Z</time>
    
   </trkpt>
   <trkpt lat="40.0194600" lon="-105.6493580">
    <ele>3886.8</ele>
    <time>2026-09-13T15:19:09Z</time>
    
   </trkpt>
   <trkpt lat="40.0194620" lon="-105.6493510">
    <ele>3886.8</ele>
    <time>2026-09-13T15:19:10Z</time>
    
   </trkpt>
   <trkpt lat="40.0194660" lon="-105.6493410">
    <ele>3886.4</ele>
    <time>2026-09-13T15:19:13Z</time>
    
   </trkpt>
   <trkpt lat="40.0194720" lon="-105.6493330">
    <ele>3886.4</ele>
    <time>2026-09-13T15:19:17Z</time>
    
   </trkpt>
   <trkpt lat="40.0194750" lon="-105.6493290">
    <ele>3887.2</ele>
    <time>2026-09-13T15:19:22Z</time>
    
   </trkpt>
   <trkpt lat="40.0194750" lon="-105.6493310">
    <ele>3887.2</ele>
    <time>2026-09-13T15:19:23Z</time>
    
   </trkpt>
   <trkpt lat="40.0194710" lon="-105.6493350">
    <ele>3887.2</ele>
    <time>2026-09-13T15:19:26Z</time>
    
   </trkpt>
   <trkpt lat="40.0194700" lon="-105.6493370">
    <ele>3886.8</ele>
    <time>2026-09-13T15:19:31Z</time>
    
   </trkpt>
   <trkpt lat="40.0194690" lon="-105.6493420">
    <ele>3887.2</ele>
    <time>2026-09-13T15:19:37Z</time>
    
   </trkpt>
   <trkpt lat="40.0194610" lon="-105.6493400">
    <ele>3887.2</ele>
    <time>2026-09-13T15:19:42Z</time>
    
   </trkpt>
   <trkpt lat="40.0194610" lon="-105.6493370">
    <ele>3887.8</ele>
    <time>2026-09-13T15:19:44Z</time>
    
   </trkpt>
   <trkpt lat="40.0194660" lon="-105.6493350">
    <ele>3889.0</ele>
    <time>2026-09-13T15:19:47Z</time>
    
   </trkpt>
   <trkpt lat="40.0194670" lon="-105.6493350">
    <ele>3889.2</ele>
    <time>2026-09-13T15:19:49Z</time>
    
   </trkpt>
   <trkpt lat="40.0194700" lon="-105.6493420">
    <ele>3889.0</ele>
    <time>2026-09-13T15:19:55Z</time>
    
   </trkpt>
   <trkpt lat="40.0194700" lon="-105.6493430">
    <ele>3888.8</ele>
    <time>2026-09-13T15:19:57Z</time>
    
   </trkpt>
   <trkpt lat="40.0194760" lon="-105.6493430">
    <ele>3888.2</ele>
    <time>2026-09-13T15:20:01Z</time>
    
   </trkpt>
   <trkpt lat="40.0194780" lon="-105.6493450">
    <ele>3888.0</ele>
    <time>2026-09-13T15:20:02Z</time>
    
   </trkpt>
   <trkpt lat="40.0194780" lon="-105.6493460">
    <ele>3887.8</ele>
    <time>2026-09-13T15:20:03Z</time>
    
   </trkpt>
   <trkpt lat="40.0194700" lon="-105.6493230">
    <ele>3887.2</ele>
    <time>2026-09-13T15:20:11Z</time>
    
   </trkpt>
   <trkpt lat="40.0194670" lon="-105.6493230">
    <ele>3887.2</ele>
    <time>2026-09-13T15:20:12Z</time>
    
   </trkpt>
   <trkpt lat="40.0194660" lon="-105.6493230">
    <ele>3886.8</ele>
    <time>2026-09-13T15:20:13Z</time>
    
   </trkpt>
   <trkpt lat="40.0194560" lon="-105.6493150">
    <ele>3885.8</ele>
    <time>2026-09-13T15:20:17Z</time>
    
   </trkpt>
   <trkpt lat="40.0194410" lon="-105.6493160">
    <ele>3884.4</ele>
    <time>2026-09-13T15:20:21Z</time>
    
   </trkpt>
   <trkpt lat="40.0194380" lon="-105.6493170">
    <ele>3883.8</ele>
    <time>2026-09-13T15:20:22Z</time>
    
   </trkpt>
   <trkpt lat="40.0194340" lon="-105.6493190">
    <ele>3883.4</ele>
    <time>2026-09-13T15:20:24Z</time>
    
   </trkpt>
   <trkpt lat="40.0194260" lon="-105.6493130">
    <ele>3883.2</ele>
    <time>2026-09-13T15:20:26Z</time>
    
   </trkpt>
   <trkpt lat="40.0194140" lon="-105.6493160">
    <ele>3882.4</ele>
    <time>2026-09-13T15:20:30Z</time>
    
   </trkpt>
   <trkpt lat="40.0194110" lon="-105.6493140">
    <ele>3882.2</ele>
    <time>2026-09-13T15:20:32Z</time>
    
   </trkpt>
   <trkpt lat="40.0193910" lon="-105.6492670">
    <ele>3881.4</ele>
    <time>2026-09-13T15:20:38Z</time>
    
   </trkpt>
   <trkpt lat="40.0193810" lon="-105.6492360">
    <ele>3880.2</ele>
    <time>2026-09-13T15:20:42Z</time>
    
   </trkpt>
   <trkpt lat="40.0193720" lon="-105.6492130">
    <ele>3878.8</ele>
    <time>2026-09-13T15:20:46Z</time>
    
   </trkpt>
   <trkpt lat="40.0193610" lon="-105.6492060">
    <ele>3878.4</ele>
    <time>2026-09-13T15:20:54Z</time>
    
   </trkpt>
   <trkpt lat="40.0193550" lon="-105.6492120">
    <ele>3879.0</ele>
    <time>2026-09-13T15:21:02Z</time>
    
   </trkpt>
   <trkpt lat="40.0193480" lon="-105.6492350">
    <ele>3878.8</ele>
    <time>2026-09-13T15:21:07Z</time>
    
   </trkpt>
   <trkpt lat="40.0193330" lon="-105.6492380">
    <ele>3878.6</ele>
    <time>2026-09-13T15:21:12Z</time>
    
   </trkpt>
   <trkpt lat="40.0193260" lon="-105.6492070">
    <ele>3877.6</ele>
    <time>2026-09-13T15:21:18Z</time>
    
   </trkpt>
   <trkpt lat="40.0193120" lon="-105.6491830">
    <ele>3876.8</ele>
    <time>2026-09-13T15:21:22Z</time>
    
   </trkpt>
   <trkpt lat="40.0193100" lon="-105.6491730">
    <ele>3876.6</ele>
    <time>2026-09-13T15:21:23Z</time>
    
   </trkpt>
   <trkpt lat="40.0193060" lon="-105.6491530">
    <ele>3875.2</ele>
    <time>2026-09-13T15:21:26Z</time>
    
   </trkpt>
   <trkpt lat="40.0192730" lon="-105.6491360">
    <ele>3875.0</ele>
    <time>2026-09-13T15:21:32Z</time>
    
   </trkpt>
   <trkpt lat="40.0192610" lon="-105.6491300">
    <ele>3874.6</ele>
    <time>2026-09-13T15:21:35Z</time>
    
   </trkpt>
   <trkpt lat="40.0192510" lon="-105.6491250">
    <ele>3874.2</ele>
    <time>2026-09-13T15:21:37Z</time>
    
   </trkpt>
   <trkpt lat="40.0192200" lon="-105.6490900">
    <ele>3873.2</ele>
    <time>2026-09-13T15:21:42Z</time>
    
   </trkpt>
   <trkpt lat="40.0192130" lon="-105.6490900">
    <ele>3872.8</ele>
    <time>2026-09-13T15:21:43Z</time>
    
   </trkpt>
   <trkpt lat="40.0191850" lon="-105.6490640">
    <ele>3872.4</ele>
    <time>2026-09-13T15:21:48Z</time>
    
   </trkpt>
   <trkpt lat="40.0191480" lon="-105.6490420">
    <ele>3872.0</ele>
    <time>2026-09-13T15:21:53Z</time>
    
   </trkpt>
   <trkpt lat="40.0190770" lon="-105.6489950">
    <ele>3871.0</ele>
    <time>2026-09-13T15:22:04Z</time>
    
   </trkpt>
   <trkpt lat="40.0190440" lon="-105.6489870">
    <ele>3870.8</ele>
    <time>2026-09-13T15:22:12Z</time>
    
   </trkpt>
   <trkpt lat="40.0190440" lon="-105.6489810">
    <ele>3870.0</ele>
    <time>2026-09-13T15:22:16Z</time>
    
   </trkpt>
   <trkpt lat="40.0190470" lon="-105.6489860">
    <ele>3869.6</ele>
    <time>2026-09-13T15:22:18Z</time>
    
   </trkpt>
   <trkpt lat="40.0190540" lon="-105.6489910">
    <ele>3869.2</ele>
    <time>2026-09-13T15:22:20Z</time>
    
   </trkpt>
   <trkpt lat="40.0190520" lon="-105.6489870">
    <ele>3868.8</ele>
    <time>2026-09-13T15:22:22Z</time>
    
   </trkpt>
   <trkpt lat="40.0190500" lon="-105.6489850">
    <ele>3868.6</ele>
    <time>2026-09-13T15:22:23Z</time>
    
   </trkpt>
   <trkpt lat="40.0190490" lon="-105.6489900">
    <ele>3868.2</ele>
    <time>2026-09-13T15:22:34Z</time>
    
   </trkpt>
   <trkpt lat="40.0190480" lon="-105.6489920">
    <ele>3868.2</ele>
    <time>2026-09-13T15:22:37Z</time>
    
   </trkpt>
   <trkpt lat="40.0190480" lon="-105.6489920">
    <ele>3868.2</ele>
    <time>2026-09-13T15:22:38Z</time>
    
   </trkpt>
   <trkpt lat="40.0190480" lon="-105.6489920">
    <ele>3867.8</ele>
    <time>2026-09-13T15:22:44Z</time>
    
   </trkpt>
   <trkpt lat="40.0190490" lon="-105.6489940">
    <ele>3868.2</ele>
    <time>2026-09-13T15:22:46Z</time>
    
   </trkpt>
   <trkpt lat="40.0190490" lon="-105.6489950">
    <ele>3868.6</ele>
    <time>2026-09-13T15:22:52Z</time>
    
   </trkpt>
   <trkpt lat="40.0190490" lon="-105.6489940">
    <ele>3868.4</ele>
    <time>2026-09-13T15:22:53Z</time>
    
   </trkpt>
   <trkpt lat="40.0190490" lon="-105.6489930">
    <ele>3868.2</ele>
    <time>2026-09-13T15:22:58Z</time>
    
   </trkpt>
   <trkpt lat="40.0190490" lon="-105.6489920">
    <ele>3868.4</ele>
    <time>2026-09-13T15:22:59Z</time>
    
   </trkpt>
   <trkpt lat="40.0190500" lon="-105.6489870">
    <ele>3868.2</ele>
    <time>2026-09-13T15:23:03Z</time>
    
   </trkpt>
   <trkpt lat="40.0190490" lon="-105.6489870">
    <ele>3867.8</ele>
    <time>2026-09-13T15:23:04Z</time>
    
   </trkpt>
   <trkpt lat="40.0190480" lon="-105.6489790">
    <ele>3868.0</ele>
    <time>2026-09-13T15:23:14Z</time>
    
   </trkpt>
   <trkpt lat="40.0190490" lon="-105.6489770">
    <ele>3867.8</ele>
    <time>2026-09-13T15:23:15Z</time>
    
   </trkpt>
   <trkpt lat="40.0190490" lon="-105.6489760">
    <ele>3867.6</ele>
    <time>2026-09-13T15:23:16Z</time>
    
   </trkpt>
   <trkpt lat="40.0190490" lon="-105.6489760">
    <ele>3867.4</ele>
    <time>2026-09-13T15:23:19Z</time>
    
   </trkpt>
   <trkpt lat="40.0190490" lon="-105.6489760">
    <ele>3867.2</ele>
    <time>2026-09-13T15:23:21Z</time>
    
   </trkpt>
   <trkpt lat="40.0190490" lon="-105.6489760">
    <ele>3867.8</ele>
    <time>2026-09-13T15:23:26Z</time>
    
   </trkpt>
   <trkpt lat="40.0190470" lon="-105.6489770">
    <ele>3868.0</ele>
    <time>2026-09-13T15:23:30Z</time>
    
   </trkpt>
   <trkpt lat="40.0190460" lon="-105.6489790">
    <ele>3867.8</ele>
    <time>2026-09-13T15:23:35Z</time>
    
   </trkpt>
   <trkpt lat="40.0190460" lon="-105.6489800">
    <ele>3868.2</ele>
    <time>2026-09-13T15:23:39Z</time>
    
   </trkpt>
   <trkpt lat="40.0190470" lon="-105.6489820">
    <ele>3868.8</ele>
    <time>2026-09-13T15:23:41Z</time>
    
   </trkpt>
   <trkpt lat="40.0190440" lon="-105.6489780">
    <ele>3869.2</ele>
    <time>2026-09-13T15:23:43Z</time>
    
   </trkpt>
   <trkpt lat="40.0190430" lon="-105.6489800">
    <ele>3868.2</ele>
    <time>2026-09-13T15:23:53Z</time>
    
   </trkpt>
   <trkpt lat="40.0190440" lon="-105.6489800">
    <ele>3868.2</ele>
    <time>2026-09-13T15:23:54Z</time>
    
   </trkpt>
   <trkpt lat="40.0190430" lon="-105.6489820">
    <ele>3868.4</ele>
    <time>2026-09-13T15:23:57Z</time>
    
   </trkpt>
   <trkpt lat="40.0190440" lon="-105.6489830">
    <ele>3867.8</ele>
    <time>2026-09-13T15:24:10Z</time>
    
   </trkpt>
   <trkpt lat="40.0190440" lon="-105.6489830">
    <ele>3867.6</ele>
    <time>2026-09-13T15:24:11Z</time>
    
   </trkpt>
   <trkpt lat="40.0190440" lon="-105.6489840">
    <ele>3867.8</ele>
    <time>2026-09-13T15:24:12Z</time>
    
   </trkpt>
   <trkpt lat="40.0190540" lon="-105.6489850">
    <ele>3868.6</ele>
    <time>2026-09-13T15:24:24Z</time>
    
   </trkpt>
   <trkpt lat="40.0190540" lon="-105.6489870">
    <ele>3868.8</ele>
    <time>2026-09-13T15:24:25Z</time>
    
   </trkpt>
   <trkpt lat="40.0190560" lon="-105.6489880">
    <ele>3869.0</ele>
    <time>2026-09-13T15:24:26Z</time>
    
   </trkpt>
   <trkpt lat="40.0190580" lon="-105.6489910">
    <ele>3869.2</ele>
    <time>2026-09-13T15:24:27Z</time>
    
   </trkpt>
   <trkpt lat="40.0190690" lon="-105.6489950">
    <ele>3868.6</ele>
    <time>2026-09-13T15:24:36Z</time>
    
   </trkpt>
   <trkpt lat="40.0190760" lon="-105.6489990">
    <ele>3868.4</ele>
    <time>2026-09-13T15:24:38Z</time>
    
   </trkpt>
   <trkpt lat="40.0190750" lon="-105.6489950">
    <ele>3868.4</ele>
    <time>2026-09-13T15:24:40Z</time>
    
   </trkpt>
   <trkpt lat="40.0190740" lon="-105.6489920">
    <ele>3868.4</ele>
    <time>2026-09-13T15:24:46Z</time>
    
   </trkpt>
   <trkpt lat="40.0190810" lon="-105.6489930">
    <ele>3868.4</ele>
    <time>2026-09-13T15:24:59Z</time>
    
   </trkpt>
   <trkpt lat="40.0190820" lon="-105.6489940">
    <ele>3869.0</ele>
    <time>2026-09-13T15:25:03Z</time>
    
   </trkpt>
   <trkpt lat="40.0190810" lon="-105.6489960">
    <ele>3869.4</ele>
    <time>2026-09-13T15:25:11Z</time>
    
   </trkpt>
   <trkpt lat="40.0190810" lon="-105.6489960">
    <ele>3869.4</ele>
    <time>2026-09-13T15:25:12Z</time>
    
   </trkpt>
   <trkpt lat="40.0190800" lon="-105.6489980">
    <ele>3868.6</ele>
    <time>2026-09-13T15:25:27Z</time>
    
   </trkpt>
   <trkpt lat="40.0190800" lon="-105.6489960">
    <ele>3868.8</ele>
    <time>2026-09-13T15:25:31Z</time>
    
   </trkpt>
   <trkpt lat="40.0190820" lon="-105.6489920">
    <ele>3869.2</ele>
    <time>2026-09-13T15:25:44Z</time>
    
   </trkpt>
   <trkpt lat="40.0190840" lon="-105.6489980">
    <ele>3869.2</ele>
    <time>2026-09-13T15:25:59Z</time>
    
   </trkpt>
   <trkpt lat="40.0190820" lon="-105.6489950">
    <ele>3870.0</ele>
    <time>2026-09-13T15:26:06Z</time>
    
   </trkpt>
   <trkpt lat="40.0190830" lon="-105.6489950">
    <ele>3871.0</ele>
    <time>2026-09-13T15:26:09Z</time>
    
   </trkpt>
   <trkpt lat="40.0190680" lon="-105.6489960">
    <ele>3870.4</ele>
    <time>2026-09-13T15:26:16Z</time>
    
   </trkpt>
   <trkpt lat="40.0190580" lon="-105.6489930">
    <ele>3870.0</ele>
    <time>2026-09-13T15:26:18Z</time>
    
   </trkpt>
   <trkpt lat="40.0190430" lon="-105.6489920">
    <ele>3868.8</ele>
    <time>2026-09-13T15:26:25Z</time>
    
   </trkpt>
   <trkpt lat="40.0190440" lon="-105.6489880">
    <ele>3868.6</ele>
    <time>2026-09-13T15:26:27Z</time>
    
   </trkpt>
   <trkpt lat="40.0190450" lon="-105.6489850">
    <ele>3867.6</ele>
    <time>2026-09-13T15:26:43Z</time>
    
   </trkpt>
   <trkpt lat="40.0190450" lon="-105.6489850">
    <ele>3867.4</ele>
    <time>2026-09-13T15:26:46Z</time>
    
   </trkpt>
   <trkpt lat="40.0190420" lon="-105.6489870">
    <ele>3867.8</ele>
    <time>2026-09-13T15:27:00Z</time>
    
   </trkpt>
   <trkpt lat="40.0190420" lon="-105.6489870">
    <ele>3867.8</ele>
    <time>2026-09-13T15:27:02Z</time>
    
   </trkpt>
   <trkpt lat="40.0190430" lon="-105.6489870">
    <ele>3866.8</ele>
    <time>2026-09-13T15:27:17Z</time>
    
   </trkpt>
   <trkpt lat="40.0190440" lon="-105.6489850">
    <ele>3866.6</ele>
    <time>2026-09-13T15:27:18Z</time>
    
   </trkpt>
   <trkpt lat="40.0190450" lon="-105.6489850">
    <ele>3866.6</ele>
    <time>2026-09-13T15:27:19Z</time>
    
   </trkpt>
   <trkpt lat="40.0190400" lon="-105.6489790">
    <ele>3867.8</ele>
    <time>2026-09-13T15:27:33Z</time>
    
   </trkpt>
   <trkpt lat="40.0190440" lon="-105.6489820">
    <ele>3866.8</ele>
    <time>2026-09-13T15:27:50Z</time>
    
   </trkpt>
   <trkpt lat="40.0190430" lon="-105.6489820">
    <ele>3866.8</ele>
    <time>2026-09-13T15:27:51Z</time>
    
   </trkpt>
   <trkpt lat="40.0190410" lon="-105.6489860">
    <ele>3865.6</ele>
    <time>2026-09-13T15:28:00Z</time>
    
   </trkpt>
   <trkpt lat="40.0190400" lon="-105.6489870">
    <ele>3865.6</ele>
    <time>2026-09-13T15:28:01Z</time>
    
   </trkpt>
   <trkpt lat="40.0190400" lon="-105.6489880">
    <ele>3865.6</ele>
    <time>2026-09-13T15:28:03Z</time>
    
   </trkpt>
   <trkpt lat="40.0190390" lon="-105.6489890">
    <ele>3865.6</ele>
    <time>2026-09-13T15:28:04Z</time>
    
   </trkpt>
   <trkpt lat="40.0190430" lon="-105.6489870">
    <ele>3866.4</ele>
    <time>2026-09-13T15:28:09Z</time>
    
   </trkpt>
   <trkpt lat="40.0190450" lon="-105.6489860">
    <ele>3866.2</ele>
    <time>2026-09-13T15:28:11Z</time>
    
   </trkpt>
   <trkpt lat="40.0190450" lon="-105.6489840">
    <ele>3866.4</ele>
    <time>2026-09-13T15:28:14Z</time>
    
   </trkpt>
   <trkpt lat="40.0190430" lon="-105.6489830">
    <ele>3866.6</ele>
    <time>2026-09-13T15:28:16Z</time>
    
   </trkpt>
   <trkpt lat="40.0190430" lon="-105.6489830">
    <ele>3867.0</ele>
    <time>2026-09-13T15:28:17Z</time>
    
   </trkpt>
   <trkpt lat="40.0190400" lon="-105.6489850">
    <ele>3867.6</ele>
    <time>2026-09-13T15:28:23Z</time>
    
   </trkpt>
   <trkpt lat="40.0190430" lon="-105.6489850">
    <ele>3868.0</ele>
    <time>2026-09-13T15:28:25Z</time>
    
   </trkpt>
   <trkpt lat="40.0190400" lon="-105.6489850">
    <ele>3869.0</ele>
    <time>2026-09-13T15:28:32Z</time>
    
   </trkpt>
   <trkpt lat="40.0190400" lon="-105.6489850">
    <ele>3868.4</ele>
    <time>2026-09-13T15:28:40Z</time>
    
   </trkpt>
   <trkpt lat="40.0190390" lon="-105.6489870">
    <ele>3868.2</ele>
    <time>2026-09-13T15:28:42Z</time>
    
   </trkpt>
   <trkpt lat="40.0190400" lon="-105.6489840">
    <ele>3868.2</ele>
    <time>2026-09-13T15:28:46Z</time>
    
   </trkpt>
   <trkpt lat="40.0190410" lon="-105.6489860">
    <ele>3868.2</ele>
    <time>2026-09-13T15:28:50Z</time>
    
   </trkpt>
   <trkpt lat="40.0190420" lon="-105.6489850">
    <ele>3868.2</ele>
    <time>2026-09-13T15:28:52Z</time>
    
   </trkpt>
   <trkpt lat="40.0190410" lon="-105.6489830">
    <ele>3868.4</ele>
    <time>2026-09-13T15:28:54Z</time>
    
   </trkpt>
   <trkpt lat="40.0190390" lon="-105.6489790">
    <ele>3868.4</ele>
    <time>2026-09-13T15:28:57Z</time>
    
   </trkpt>
   <trkpt lat="40.0190390" lon="-105.6489790">
    <ele>3868.2</ele>
    <time>2026-09-13T15:29:00Z</time>
    
   </trkpt>
   <trkpt lat="40.0190360" lon="-105.6489700">
    <ele>3868.4</ele>
    <time>2026-09-13T15:29:06Z</time>
    
   </trkpt>
   <trkpt lat="40.0190350" lon="-105.6489700">
    <ele>3867.4</ele>
    <time>2026-09-13T15:29:11Z</time>
    
   </trkpt>
   <trkpt lat="40.0190340" lon="-105.6489690">
    <ele>3866.8</ele>
    <time>2026-09-13T15:29:13Z</time>
    
   </trkpt>
   <trkpt lat="40.0190380" lon="-105.6489790">
    <ele>3867.2</ele>
    <time>2026-09-13T15:29:25Z</time>
    
   </trkpt>
   <trkpt lat="40.0190380" lon="-105.6489780">
    <ele>3867.2</ele>
    <time>2026-09-13T15:29:27Z</time>
    
   </trkpt>
   <trkpt lat="40.0190380" lon="-105.6489780">
    <ele>3867.2</ele>
    <time>2026-09-13T15:29:31Z</time>
    
   </trkpt>
   <trkpt lat="40.0190370" lon="-105.6489780">
    <ele>3867.2</ele>
    <time>2026-09-13T15:29:38Z</time>
    
   </trkpt>
   <trkpt lat="40.0190350" lon="-105.6489760">
    <ele>3867.0</ele>
    <time>2026-09-13T15:29:40Z</time>
    
   </trkpt>
   <trkpt lat="40.0190230" lon="-105.6489790">
    <ele>3866.8</ele>
    <time>2026-09-13T15:29:45Z</time>
    
   </trkpt>
   <trkpt lat="40.0190150" lon="-105.6489880">
    <ele>3866.8</ele>
    <time>2026-09-13T15:29:48Z</time>
    
   </trkpt>
   <trkpt lat="40.0189840" lon="-105.6490030">
    <ele>3866.4</ele>
    <time>2026-09-13T15:29:56Z</time>
    
   </trkpt>
   <trkpt lat="40.0189290" lon="-105.6489780">
    <ele>3865.4</ele>
    <time>2026-09-13T15:30:06Z</time>
    
   </trkpt>
   <trkpt lat="40.0189160" lon="-105.6489750">
    <ele>3864.2</ele>
    <time>2026-09-13T15:30:08Z</time>
    
   </trkpt>
   <trkpt lat="40.0189100" lon="-105.6489770">
    <ele>3863.6</ele>
    <time>2026-09-13T15:30:09Z</time>
    
   </trkpt>
   <trkpt lat="40.0189080" lon="-105.6489830">
    <ele>3863.0</ele>
    <time>2026-09-13T15:30:10Z</time>
    
   </trkpt>
   <trkpt lat="40.0189040" lon="-105.6489930">
    <ele>3862.0</ele>
    <time>2026-09-13T15:30:13Z</time>
    
   </trkpt>
   <trkpt lat="40.0189010" lon="-105.6490020">
    <ele>3861.6</ele>
    <time>2026-09-13T15:30:15Z</time>
    
   </trkpt>
   <trkpt lat="40.0188850" lon="-105.6490150">
    <ele>3860.8</ele>
    <time>2026-09-13T15:30:20Z</time>
    
   </trkpt>
   <trkpt lat="40.0188830" lon="-105.6490450">
    <ele>3859.8</ele>
    <time>2026-09-13T15:30:24Z</time>
    
   </trkpt>
   <trkpt lat="40.0188830" lon="-105.6490500">
    <ele>3859.8</ele>
    <time>2026-09-13T15:30:25Z</time>
    
   </trkpt>
   <trkpt lat="40.0188780" lon="-105.6490630">
    <ele>3859.6</ele>
    <time>2026-09-13T15:30:27Z</time>
    
   </trkpt>
   <trkpt lat="40.0188710" lon="-105.6490980">
    <ele>3858.6</ele>
    <time>2026-09-13T15:30:35Z</time>
    
   </trkpt>
   <trkpt lat="40.0188630" lon="-105.6491090">
    <ele>3857.6</ele>
    <time>2026-09-13T15:30:41Z</time>
    
   </trkpt>
   <trkpt lat="40.0188590" lon="-105.6491120">
    <ele>3857.2</ele>
    <time>2026-09-13T15:30:42Z</time>
    
   </trkpt>
   <trkpt lat="40.0188490" lon="-105.6491110">
    <ele>3856.6</ele>
    <time>2026-09-13T15:30:44Z</time>
    
   </trkpt>
   <trkpt lat="40.0188360" lon="-105.6491110">
    <ele>3856.0</ele>
    <time>2026-09-13T15:30:46Z</time>
    
   </trkpt>
   <trkpt lat="40.0188200" lon="-105.6491150">
    <ele>3855.6</ele>
    <time>2026-09-13T15:30:49Z</time>
    
   </trkpt>
   <trkpt lat="40.0187960" lon="-105.6490790">
    <ele>3855.4</ele>
    <time>2026-09-13T15:30:54Z</time>
    
   </trkpt>
   <trkpt lat="40.0187880" lon="-105.6490780">
    <ele>3855.0</ele>
    <time>2026-09-13T15:30:57Z</time>
    
   </trkpt>
   <trkpt lat="40.0187750" lon="-105.6490790">
    <ele>3854.0</ele>
    <time>2026-09-13T15:31:01Z</time>
    
   </trkpt>
   <trkpt lat="40.0187720" lon="-105.6490740">
    <ele>3853.6</ele>
    <time>2026-09-13T15:31:02Z</time>
    
   </trkpt>
   <trkpt lat="40.0187660" lon="-105.6490760">
    <ele>3852.8</ele>
    <time>2026-09-13T15:31:04Z</time>
    
   </trkpt>
   <trkpt lat="40.0187420" lon="-105.6490870">
    <ele>3851.8</ele>
    <time>2026-09-13T15:31:11Z</time>
    
   </trkpt>
   <trkpt lat="40.0187350" lon="-105.6490820">
    <ele>3851.6</ele>
    <time>2026-09-13T15:31:13Z</time>
    
   </trkpt>
   <trkpt lat="40.0187090" lon="-105.6490610">
    <ele>3850.4</ele>
    <time>2026-09-13T15:31:19Z</time>
    
   </trkpt>
   <trkpt lat="40.0186940" lon="-105.6490510">
    <ele>3850.0</ele>
    <time>2026-09-13T15:31:22Z</time>
    
   </trkpt>
   <trkpt lat="40.0186900" lon="-105.6490510">
    <ele>3849.6</ele>
    <time>2026-09-13T15:31:23Z</time>
    
   </trkpt>
   <trkpt lat="40.0186850" lon="-105.6490510">
    <ele>3849.4</ele>
    <time>2026-09-13T15:31:24Z</time>
    
   </trkpt>
   <trkpt lat="40.0186500" lon="-105.6490490">
    <ele>3848.0</ele>
    <time>2026-09-13T15:31:30Z</time>
    
   </trkpt>
   <trkpt lat="40.0186470" lon="-105.6490450">
    <ele>3847.4</ele>
    <time>2026-09-13T15:31:31Z</time>
    
   </trkpt>
   <trkpt lat="40.0186430" lon="-105.6490420">
    <ele>3846.8</ele>
    <time>2026-09-13T15:31:32Z</time>
    
   </trkpt>
   <trkpt lat="40.0186250" lon="-105.6490400">
    <ele>3845.6</ele>
    <time>2026-09-13T15:31:35Z</time>
    
   </trkpt>
   <trkpt lat="40.0186120" lon="-105.6490360">
    <ele>3844.6</ele>
    <time>2026-09-13T15:31:38Z</time>
    
   </trkpt>
   <trkpt lat="40.0185970" lon="-105.6490160">
    <ele>3844.0</ele>
    <time>2026-09-13T15:31:42Z</time>
    
   </trkpt>
   <trkpt lat="40.0185890" lon="-105.6490150">
    <ele>3843.4</ele>
    <time>2026-09-13T15:31:44Z</time>
    
   </trkpt>
   <trkpt lat="40.0185770" lon="-105.6490130">
    <ele>3842.6</ele>
    <time>2026-09-13T15:31:47Z</time>
    
   </trkpt>
   <trkpt lat="40.0185710" lon="-105.6490090">
    <ele>3842.2</ele>
    <time>2026-09-13T15:31:48Z</time>
    
   </trkpt>
   <trkpt lat="40.0185520" lon="-105.6490000">
    <ele>3841.4</ele>
    <time>2026-09-13T15:31:52Z</time>
    
   </trkpt>
   <trkpt lat="40.0185480" lon="-105.6489970">
    <ele>3841.2</ele>
    <time>2026-09-13T15:31:53Z</time>
    
   </trkpt>
   <trkpt lat="40.0185300" lon="-105.6490010">
    <ele>3840.0</ele>
    <time>2026-09-13T15:31:58Z</time>
    
   </trkpt>
   <trkpt lat="40.0185180" lon="-105.6489920">
    <ele>3838.8</ele>
    <time>2026-09-13T15:32:01Z</time>
    
   </trkpt>
   <trkpt lat="40.0185150" lon="-105.6489890">
    <ele>3838.4</ele>
    <time>2026-09-13T15:32:02Z</time>
    
   </trkpt>
   <trkpt lat="40.0185120" lon="-105.6489890">
    <ele>3838.2</ele>
    <time>2026-09-13T15:32:03Z</time>
    
   </trkpt>
   <trkpt lat="40.0185080" lon="-105.6489920">
    <ele>3837.8</ele>
    <time>2026-09-13T15:32:07Z</time>
    
   </trkpt>
   <trkpt lat="40.0185070" lon="-105.6489940">
    <ele>3837.4</ele>
    <time>2026-09-13T15:32:13Z</time>
    
   </trkpt>
   <trkpt lat="40.0184790" lon="-105.6489730">
    <ele>3836.6</ele>
    <time>2026-09-13T15:32:18Z</time>
    
   </trkpt>
   <trkpt lat="40.0184680" lon="-105.6489670">
    <ele>3836.2</ele>
    <time>2026-09-13T15:32:21Z</time>
    
   </trkpt>
   <trkpt lat="40.0184640" lon="-105.6489650">
    <ele>3836.0</ele>
    <time>2026-09-13T15:32:22Z</time>
    
   </trkpt>
   <trkpt lat="40.0184580" lon="-105.6489570">
    <ele>3835.4</ele>
    <time>2026-09-13T15:32:32Z</time>
    
   </trkpt>
   <trkpt lat="40.0184580" lon="-105.6489560">
    <ele>3835.4</ele>
    <time>2026-09-13T15:32:34Z</time>
    
   </trkpt>
   <trkpt lat="40.0184540" lon="-105.6489420">
    <ele>3836.2</ele>
    <time>2026-09-13T15:32:45Z</time>
    
   </trkpt>
   <trkpt lat="40.0184540" lon="-105.6489390">
    <ele>3836.2</ele>
    <time>2026-09-13T15:32:46Z</time>
    
   </trkpt>
   <trkpt lat="40.0184590" lon="-105.6489360">
    <ele>3836.4</ele>
    <time>2026-09-13T15:32:50Z</time>
    
   </trkpt>
   <trkpt lat="40.0184600" lon="-105.6489280">
    <ele>3836.6</ele>
    <time>2026-09-13T15:32:51Z</time>
    
   </trkpt>
   <trkpt lat="40.0184640" lon="-105.6489150">
    <ele>3836.8</ele>
    <time>2026-09-13T15:32:54Z</time>
    
   </trkpt>
   <trkpt lat="40.0184640" lon="-105.6489120">
    <ele>3836.8</ele>
    <time>2026-09-13T15:32:55Z</time>
    
   </trkpt>
   <trkpt lat="40.0184410" lon="-105.6488780">
    <ele>3836.8</ele>
    <time>2026-09-13T15:33:07Z</time>
    
   </trkpt>
   <trkpt lat="40.0184360" lon="-105.6488690">
    <ele>3835.4</ele>
    <time>2026-09-13T15:33:13Z</time>
    
   </trkpt>
   <trkpt lat="40.0184230" lon="-105.6488620">
    <ele>3834.8</ele>
    <time>2026-09-13T15:33:16Z</time>
    
   </trkpt>
   <trkpt lat="40.0184110" lon="-105.6487950">
    <ele>3834.8</ele>
    <time>2026-09-13T15:33:23Z</time>
    
   </trkpt>
   <trkpt lat="40.0184090" lon="-105.6487920">
    <ele>3834.8</ele>
    <time>2026-09-13T15:33:24Z</time>
    
   </trkpt>
   <trkpt lat="40.0184100" lon="-105.6487610">
    <ele>3835.4</ele>
    <time>2026-09-13T15:33:28Z</time>
    
   </trkpt>
   <trkpt lat="40.0184110" lon="-105.6487480">
    <ele>3836.2</ele>
    <time>2026-09-13T15:33:31Z</time>
    
   </trkpt>
   <trkpt lat="40.0184100" lon="-105.6487360">
    <ele>3836.4</ele>
    <time>2026-09-13T15:33:33Z</time>
    
   </trkpt>
   <trkpt lat="40.0184150" lon="-105.6486920">
    <ele>3836.4</ele>
    <time>2026-09-13T15:33:39Z</time>
    
   </trkpt>
   <trkpt lat="40.0184140" lon="-105.6486850">
    <ele>3836.4</ele>
    <time>2026-09-13T15:33:41Z</time>
    
   </trkpt>
   <trkpt lat="40.0184060" lon="-105.6486760">
    <ele>3836.4</ele>
    <time>2026-09-13T15:33:43Z</time>
    
   </trkpt>
   <trkpt lat="40.0184010" lon="-105.6486700">
    <ele>3836.6</ele>
    <time>2026-09-13T15:33:45Z</time>
    
   </trkpt>
   <trkpt lat="40.0183850" lon="-105.6486340">
    <ele>3836.0</ele>
    <time>2026-09-13T15:33:50Z</time>
    
   </trkpt>
   <trkpt lat="40.0183810" lon="-105.6486250">
    <ele>3835.8</ele>
    <time>2026-09-13T15:33:52Z</time>
    
   </trkpt>
   <trkpt lat="40.0183740" lon="-105.6486100">
    <ele>3835.6</ele>
    <time>2026-09-13T15:33:57Z</time>
    
   </trkpt>
   <trkpt lat="40.0183750" lon="-105.6486080">
    <ele>3835.6</ele>
    <time>2026-09-13T15:33:58Z</time>
    
   </trkpt>
   <trkpt lat="40.0183750" lon="-105.6486080">
    <ele>3835.4</ele>
    <time>2026-09-13T15:33:59Z</time>
    
   </trkpt>
   <trkpt lat="40.0183690" lon="-105.6486020">
    <ele>3835.2</ele>
    <time>2026-09-13T15:34:02Z</time>
    
   </trkpt>
   <trkpt lat="40.0183450" lon="-105.6485890">
    <ele>3834.4</ele>
    <time>2026-09-13T15:34:08Z</time>
    
   </trkpt>
   <trkpt lat="40.0183440" lon="-105.6485820">
    <ele>3834.2</ele>
    <time>2026-09-13T15:34:09Z</time>
    
   </trkpt>
   <trkpt lat="40.0183460" lon="-105.6485670">
    <ele>3834.2</ele>
    <time>2026-09-13T15:34:12Z</time>
    
   </trkpt>
   <trkpt lat="40.0183480" lon="-105.6485620">
    <ele>3834.4</ele>
    <time>2026-09-13T15:34:13Z</time>
    
   </trkpt>
   <trkpt lat="40.0183480" lon="-105.6485520">
    <ele>3834.6</ele>
    <time>2026-09-13T15:34:14Z</time>
    
   </trkpt>
   <trkpt lat="40.0183510" lon="-105.6485160">
    <ele>3835.6</ele>
    <time>2026-09-13T15:34:18Z</time>
    
   </trkpt>
   <trkpt lat="40.0183520" lon="-105.6484770">
    <ele>3836.0</ele>
    <time>2026-09-13T15:34:22Z</time>
    
   </trkpt>
   <trkpt lat="40.0183510" lon="-105.6484580">
    <ele>3835.8</ele>
    <time>2026-09-13T15:34:24Z</time>
    
   </trkpt>
   <trkpt lat="40.0183310" lon="-105.6483800">
    <ele>3835.2</ele>
    <time>2026-09-13T15:34:34Z</time>
    
   </trkpt>
   <trkpt lat="40.0183070" lon="-105.6483820">
    <ele>3834.8</ele>
    <time>2026-09-13T15:34:39Z</time>
    
   </trkpt>
   <trkpt lat="40.0182970" lon="-105.6483780">
    <ele>3834.8</ele>
    <time>2026-09-13T15:34:42Z</time>
    
   </trkpt>
   <trkpt lat="40.0182650" lon="-105.6483450">
    <ele>3834.4</ele>
    <time>2026-09-13T15:34:48Z</time>
    
   </trkpt>
   <trkpt lat="40.0182520" lon="-105.6483150">
    <ele>3833.4</ele>
    <time>2026-09-13T15:34:52Z</time>
    
   </trkpt>
   <trkpt lat="40.0182450" lon="-105.6482910">
    <ele>3833.0</ele>
    <time>2026-09-13T15:34:55Z</time>
    
   </trkpt>
   <trkpt lat="40.0182120" lon="-105.6482720">
    <ele>3832.4</ele>
    <time>2026-09-13T15:35:01Z</time>
    
   </trkpt>
   <trkpt lat="40.0182030" lon="-105.6482640">
    <ele>3832.2</ele>
    <time>2026-09-13T15:35:03Z</time>
    
   </trkpt>
   <trkpt lat="40.0181970" lon="-105.6482580">
    <ele>3832.0</ele>
    <time>2026-09-13T15:35:05Z</time>
    
   </trkpt>
   <trkpt lat="40.0181890" lon="-105.6482560">
    <ele>3831.2</ele>
    <time>2026-09-13T15:35:07Z</time>
    
   </trkpt>
   <trkpt lat="40.0181830" lon="-105.6482540">
    <ele>3830.4</ele>
    <time>2026-09-13T15:35:10Z</time>
    
   </trkpt>
   <trkpt lat="40.0181630" lon="-105.6482240">
    <ele>3830.0</ele>
    <time>2026-09-13T15:35:15Z</time>
    
   </trkpt>
   <trkpt lat="40.0181560" lon="-105.6481990">
    <ele>3830.4</ele>
    <time>2026-09-13T15:35:19Z</time>
    
   </trkpt>
   <trkpt lat="40.0181470" lon="-105.6481860">
    <ele>3830.4</ele>
    <time>2026-09-13T15:35:21Z</time>
    
   </trkpt>
   <trkpt lat="40.0181400" lon="-105.6481750">
    <ele>3830.4</ele>
    <time>2026-09-13T15:35:23Z</time>
    
   </trkpt>
   <trkpt lat="40.0181370" lon="-105.6481680">
    <ele>3830.2</ele>
    <time>2026-09-13T15:35:25Z</time>
    
   </trkpt>
   <trkpt lat="40.0181320" lon="-105.6481670">
    <ele>3829.0</ele>
    <time>2026-09-13T15:35:27Z</time>
    
   </trkpt>
   <trkpt lat="40.0181280" lon="-105.6481650">
    <ele>3828.4</ele>
    <time>2026-09-13T15:35:28Z</time>
    
   </trkpt>
   <trkpt lat="40.0181250" lon="-105.6481650">
    <ele>3827.6</ele>
    <time>2026-09-13T15:35:30Z</time>
    
   </trkpt>
   <trkpt lat="40.0181190" lon="-105.6481500">
    <ele>3826.4</ele>
    <time>2026-09-13T15:35:36Z</time>
    
   </trkpt>
   <trkpt lat="40.0181120" lon="-105.6481520">
    <ele>3826.0</ele>
    <time>2026-09-13T15:35:39Z</time>
    
   </trkpt>
   <trkpt lat="40.0181070" lon="-105.6481500">
    <ele>3825.4</ele>
    <time>2026-09-13T15:35:42Z</time>
    
   </trkpt>
   <trkpt lat="40.0180970" lon="-105.6481420">
    <ele>3824.8</ele>
    <time>2026-09-13T15:35:46Z</time>
    
   </trkpt>
   <trkpt lat="40.0180850" lon="-105.6481090">
    <ele>3824.6</ele>
    <time>2026-09-13T15:35:52Z</time>
    
   </trkpt>
   <trkpt lat="40.0180840" lon="-105.6481040">
    <ele>3824.8</ele>
    <time>2026-09-13T15:35:53Z</time>
    
   </trkpt>
   <trkpt lat="40.0180780" lon="-105.6480910">
    <ele>3824.4</ele>
    <time>2026-09-13T15:35:55Z</time>
    
   </trkpt>
   <trkpt lat="40.0180760" lon="-105.6480870">
    <ele>3824.2</ele>
    <time>2026-09-13T15:35:56Z</time>
    
   </trkpt>
   <trkpt lat="40.0180700" lon="-105.6480760">
    <ele>3823.8</ele>
    <time>2026-09-13T15:36:00Z</time>
    
   </trkpt>
   <trkpt lat="40.0180630" lon="-105.6480730">
    <ele>3823.8</ele>
    <time>2026-09-13T15:36:01Z</time>
    
   </trkpt>
   <trkpt lat="40.0180510" lon="-105.6480500">
    <ele>3824.2</ele>
    <time>2026-09-13T15:36:05Z</time>
    
   </trkpt>
   <trkpt lat="40.0180560" lon="-105.6480410">
    <ele>3824.8</ele>
    <time>2026-09-13T15:36:09Z</time>
    
   </trkpt>
   <trkpt lat="40.0180520" lon="-105.6480270">
    <ele>3824.8</ele>
    <time>2026-09-13T15:36:14Z</time>
    
   </trkpt>
   <trkpt lat="40.0180340" lon="-105.6479920">
    <ele>3824.4</ele>
    <time>2026-09-13T15:36:20Z</time>
    
   </trkpt>
   <trkpt lat="40.0180310" lon="-105.6479760">
    <ele>3824.2</ele>
    <time>2026-09-13T15:36:22Z</time>
    
   </trkpt>
   <trkpt lat="40.0180310" lon="-105.6479570">
    <ele>3824.2</ele>
    <time>2026-09-13T15:36:24Z</time>
    
   </trkpt>
   <trkpt lat="40.0180220" lon="-105.6479350">
    <ele>3823.0</ele>
    <time>2026-09-13T15:36:28Z</time>
    
   </trkpt>
   <trkpt lat="40.0180140" lon="-105.6479170">
    <ele>3822.0</ele>
    <time>2026-09-13T15:36:32Z</time>
    
   </trkpt>
   <trkpt lat="40.0180100" lon="-105.6479130">
    <ele>3822.0</ele>
    <time>2026-09-13T15:36:33Z</time>
    
   </trkpt>
   <trkpt lat="40.0180020" lon="-105.6478990">
    <ele>3821.2</ele>
    <time>2026-09-13T15:36:39Z</time>
    
   </trkpt>
   <trkpt lat="40.0179920" lon="-105.6478900">
    <ele>3820.8</ele>
    <time>2026-09-13T15:36:42Z</time>
    
   </trkpt>
   <trkpt lat="40.0179820" lon="-105.6478830">
    <ele>3820.8</ele>
    <time>2026-09-13T15:36:44Z</time>
    
   </trkpt>
   <trkpt lat="40.0179770" lon="-105.6478790">
    <ele>3820.4</ele>
    <time>2026-09-13T15:36:45Z</time>
    
   </trkpt>
   <trkpt lat="40.0179640" lon="-105.6478710">
    <ele>3819.8</ele>
    <time>2026-09-13T15:36:48Z</time>
    
   </trkpt>
   <trkpt lat="40.0179480" lon="-105.6478640">
    <ele>3819.0</ele>
    <time>2026-09-13T15:36:53Z</time>
    
   </trkpt>
   <trkpt lat="40.0179440" lon="-105.6478630">
    <ele>3818.8</ele>
    <time>2026-09-13T15:36:55Z</time>
    
   </trkpt>
   <trkpt lat="40.0179420" lon="-105.6478640">
    <ele>3818.8</ele>
    <time>2026-09-13T15:36:56Z</time>
    
   </trkpt>
   <trkpt lat="40.0179410" lon="-105.6478650">
    <ele>3817.6</ele>
    <time>2026-09-13T15:37:01Z</time>
    
   </trkpt>
   <trkpt lat="40.0179340" lon="-105.6478560">
    <ele>3817.2</ele>
    <time>2026-09-13T15:37:07Z</time>
    
   </trkpt>
   <trkpt lat="40.0179320" lon="-105.6478510">
    <ele>3816.8</ele>
    <time>2026-09-13T15:37:10Z</time>
    
   </trkpt>
   <trkpt lat="40.0179310" lon="-105.6478480">
    <ele>3816.4</ele>
    <time>2026-09-13T15:37:11Z</time>
    
   </trkpt>
   <trkpt lat="40.0179110" lon="-105.6478540">
    <ele>3815.4</ele>
    <time>2026-09-13T15:37:16Z</time>
    
   </trkpt>
   <trkpt lat="40.0179030" lon="-105.6478650">
    <ele>3815.0</ele>
    <time>2026-09-13T15:37:18Z</time>
    
   </trkpt>
   <trkpt lat="40.0178960" lon="-105.6478790">
    <ele>3814.6</ele>
    <time>2026-09-13T15:37:21Z</time>
    
   </trkpt>
   <trkpt lat="40.0178960" lon="-105.6478830">
    <ele>3814.4</ele>
    <time>2026-09-13T15:37:22Z</time>
    
   </trkpt>
   <trkpt lat="40.0178940" lon="-105.6478820">
    <ele>3813.8</ele>
    <time>2026-09-13T15:37:24Z</time>
    
   </trkpt>
   <trkpt lat="40.0178910" lon="-105.6478690">
    <ele>3813.6</ele>
    <time>2026-09-13T15:37:27Z</time>
    
   </trkpt>
   <trkpt lat="40.0178850" lon="-105.6478660">
    <ele>3813.4</ele>
    <time>2026-09-13T15:37:28Z</time>
    
   </trkpt>
   <trkpt lat="40.0178780" lon="-105.6478640">
    <ele>3813.2</ele>
    <time>2026-09-13T15:37:29Z</time>
    
   </trkpt>
   <trkpt lat="40.0178680" lon="-105.6478680">
    <ele>3812.4</ele>
    <time>2026-09-13T15:37:32Z</time>
    
   </trkpt>
   <trkpt lat="40.0178650" lon="-105.6478680">
    <ele>3812.2</ele>
    <time>2026-09-13T15:37:33Z</time>
    
   </trkpt>
   <trkpt lat="40.0178590" lon="-105.6478640">
    <ele>3811.6</ele>
    <time>2026-09-13T15:37:37Z</time>
    
   </trkpt>
   <trkpt lat="40.0178570" lon="-105.6478620">
    <ele>3811.2</ele>
    <time>2026-09-13T15:37:40Z</time>
    
   </trkpt>
   <trkpt lat="40.0178550" lon="-105.6478630">
    <ele>3811.0</ele>
    <time>2026-09-13T15:37:41Z</time>
    
   </trkpt>
   <trkpt lat="40.0178530" lon="-105.6478630">
    <ele>3810.8</ele>
    <time>2026-09-13T15:37:43Z</time>
    
   </trkpt>
   <trkpt lat="40.0178500" lon="-105.6478630">
    <ele>3810.6</ele>
    <time>2026-09-13T15:37:44Z</time>
    
   </trkpt>
   <trkpt lat="40.0178470" lon="-105.6478630">
    <ele>3810.4</ele>
    <time>2026-09-13T15:37:45Z</time>
    
   </trkpt>
   <trkpt lat="40.0178370" lon="-105.6478590">
    <ele>3810.2</ele>
    <time>2026-09-13T15:37:48Z</time>
    
   </trkpt>
   <trkpt lat="40.0178370" lon="-105.6478580">
    <ele>3810.0</ele>
    <time>2026-09-13T15:37:49Z</time>
    
   </trkpt>
   <trkpt lat="40.0178150" lon="-105.6478150">
    <ele>3809.4</ele>
    <time>2026-09-13T15:37:58Z</time>
    
   </trkpt>
   <trkpt lat="40.0178080" lon="-105.6477940">
    <ele>3809.2</ele>
    <time>2026-09-13T15:38:00Z</time>
    
   </trkpt>
   <trkpt lat="40.0178060" lon="-105.6477830">
    <ele>3808.8</ele>
    <time>2026-09-13T15:38:01Z</time>
    
   </trkpt>
   <trkpt lat="40.0177910" lon="-105.6477450">
    <ele>3808.6</ele>
    <time>2026-09-13T15:38:06Z</time>
    
   </trkpt>
   <trkpt lat="40.0177880" lon="-105.6477410">
    <ele>3808.6</ele>
    <time>2026-09-13T15:38:07Z</time>
    
   </trkpt>
   <trkpt lat="40.0177780" lon="-105.6477350">
    <ele>3808.6</ele>
    <time>2026-09-13T15:38:09Z</time>
    
   </trkpt>
   <trkpt lat="40.0177620" lon="-105.6477290">
    <ele>3807.8</ele>
    <time>2026-09-13T15:38:12Z</time>
    
   </trkpt>
   <trkpt lat="40.0177570" lon="-105.6477270">
    <ele>3807.4</ele>
    <time>2026-09-13T15:38:13Z</time>
    
   </trkpt>
   <trkpt lat="40.0177390" lon="-105.6477080">
    <ele>3806.6</ele>
    <time>2026-09-13T15:38:16Z</time>
    
   </trkpt>
   <trkpt lat="40.0177280" lon="-105.6476910">
    <ele>3805.2</ele>
    <time>2026-09-13T15:38:18Z</time>
    
   </trkpt>
   <trkpt lat="40.0177210" lon="-105.6476750">
    <ele>3804.4</ele>
    <time>2026-09-13T15:38:20Z</time>
    
   </trkpt>
   <trkpt lat="40.0177190" lon="-105.6476650">
    <ele>3804.2</ele>
    <time>2026-09-13T15:38:21Z</time>
    
   </trkpt>
   <trkpt lat="40.0177180" lon="-105.6476520">
    <ele>3804.0</ele>
    <time>2026-09-13T15:38:22Z</time>
    
   </trkpt>
   <trkpt lat="40.0177010" lon="-105.6476020">
    <ele>3803.2</ele>
    <time>2026-09-13T15:38:27Z</time>
    
   </trkpt>
   <trkpt lat="40.0176960" lon="-105.6475940">
    <ele>3803.2</ele>
    <time>2026-09-13T15:38:28Z</time>
    
   </trkpt>
   <trkpt lat="40.0176680" lon="-105.6475490">
    <ele>3802.6</ele>
    <time>2026-09-13T15:38:35Z</time>
    
   </trkpt>
   <trkpt lat="40.0176660" lon="-105.6475320">
    <ele>3802.0</ele>
    <time>2026-09-13T15:38:37Z</time>
    
   </trkpt>
   <trkpt lat="40.0176640" lon="-105.6475220">
    <ele>3801.8</ele>
    <time>2026-09-13T15:38:38Z</time>
    
   </trkpt>
   <trkpt lat="40.0176450" lon="-105.6475060">
    <ele>3801.0</ele>
    <time>2026-09-13T15:38:42Z</time>
    
   </trkpt>
   <trkpt lat="40.0176310" lon="-105.6475060">
    <ele>3800.2</ele>
    <time>2026-09-13T15:38:45Z</time>
    
   </trkpt>
   <trkpt lat="40.0176230" lon="-105.6475000">
    <ele>3800.0</ele>
    <time>2026-09-13T15:38:47Z</time>
    
   </trkpt>
   <trkpt lat="40.0175980" lon="-105.6474700">
    <ele>3798.6</ele>
    <time>2026-09-13T15:38:52Z</time>
    
   </trkpt>
   <trkpt lat="40.0175930" lon="-105.6474720">
    <ele>3798.2</ele>
    <time>2026-09-13T15:38:53Z</time>
    
   </trkpt>
   <trkpt lat="40.0175840" lon="-105.6474850">
    <ele>3797.6</ele>
    <time>2026-09-13T15:38:55Z</time>
    
   </trkpt>
   <trkpt lat="40.0175690" lon="-105.6474540">
    <ele>3797.2</ele>
    <time>2026-09-13T15:39:00Z</time>
    
   </trkpt>
   <trkpt lat="40.0175650" lon="-105.6474420">
    <ele>3797.0</ele>
    <time>2026-09-13T15:39:01Z</time>
    
   </trkpt>
   <trkpt lat="40.0175520" lon="-105.6474230">
    <ele>3796.4</ele>
    <time>2026-09-13T15:39:03Z</time>
    
   </trkpt>
   <trkpt lat="40.0175450" lon="-105.6474200">
    <ele>3795.8</ele>
    <time>2026-09-13T15:39:05Z</time>
    
   </trkpt>
   <trkpt lat="40.0175420" lon="-105.6474020">
    <ele>3795.0</ele>
    <time>2026-09-13T15:39:07Z</time>
    
   </trkpt>
   <trkpt lat="40.0175390" lon="-105.6473970">
    <ele>3794.6</ele>
    <time>2026-09-13T15:39:08Z</time>
    
   </trkpt>
   <trkpt lat="40.0175350" lon="-105.6473900">
    <ele>3794.4</ele>
    <time>2026-09-13T15:39:09Z</time>
    
   </trkpt>
   <trkpt lat="40.0175150" lon="-105.6473770">
    <ele>3793.8</ele>
    <time>2026-09-13T15:39:12Z</time>
    
   </trkpt>
   <trkpt lat="40.0174950" lon="-105.6473790">
    <ele>3792.4</ele>
    <time>2026-09-13T15:39:16Z</time>
    
   </trkpt>
   <trkpt lat="40.0174920" lon="-105.6473780">
    <ele>3792.4</ele>
    <time>2026-09-13T15:39:17Z</time>
    
   </trkpt>
   <trkpt lat="40.0174740" lon="-105.6473530">
    <ele>3791.4</ele>
    <time>2026-09-13T15:39:24Z</time>
    
   </trkpt>
   <trkpt lat="40.0174620" lon="-105.6473500">
    <ele>3790.8</ele>
    <time>2026-09-13T15:39:27Z</time>
    
   </trkpt>
   <trkpt lat="40.0174510" lon="-105.6473450">
    <ele>3790.4</ele>
    <time>2026-09-13T15:39:31Z</time>
    
   </trkpt>
   <trkpt lat="40.0174440" lon="-105.6473380">
    <ele>3790.4</ele>
    <time>2026-09-13T15:39:34Z</time>
    
   </trkpt>
   <trkpt lat="40.0174420" lon="-105.6473360">
    <ele>3790.4</ele>
    <time>2026-09-13T15:39:38Z</time>
    
   </trkpt>
   <trkpt lat="40.0174340" lon="-105.6473320">
    <ele>3789.6</ele>
    <time>2026-09-13T15:39:42Z</time>
    
   </trkpt>
   <trkpt lat="40.0174310" lon="-105.6473310">
    <ele>3789.2</ele>
    <time>2026-09-13T15:39:44Z</time>
    
   </trkpt>
   <trkpt lat="40.0174260" lon="-105.6473310">
    <ele>3788.6</ele>
    <time>2026-09-13T15:39:47Z</time>
    
   </trkpt>
   <trkpt lat="40.0174250" lon="-105.6473390">
    <ele>3788.4</ele>
    <time>2026-09-13T15:39:49Z</time>
    
   </trkpt>
   <trkpt lat="40.0174230" lon="-105.6473460">
    <ele>3788.0</ele>
    <time>2026-09-13T15:39:51Z</time>
    
   </trkpt>
   <trkpt lat="40.0174150" lon="-105.6473530">
    <ele>3787.8</ele>
    <time>2026-09-13T15:39:57Z</time>
    
   </trkpt>
   <trkpt lat="40.0174140" lon="-105.6473550">
    <ele>3787.8</ele>
    <time>2026-09-13T15:39:59Z</time>
    
   </trkpt>
   <trkpt lat="40.0174130" lon="-105.6473560">
    <ele>3787.8</ele>
    <time>2026-09-13T15:40:00Z</time>
    
   </trkpt>
   <trkpt lat="40.0174110" lon="-105.6473650">
    <ele>3786.8</ele>
    <time>2026-09-13T15:40:07Z</time>
    
   </trkpt>
   <trkpt lat="40.0174040" lon="-105.6473630">
    <ele>3785.8</ele>
    <time>2026-09-13T15:40:11Z</time>
    
   </trkpt>
   <trkpt lat="40.0174020" lon="-105.6473630">
    <ele>3785.6</ele>
    <time>2026-09-13T15:40:12Z</time>
    
   </trkpt>
   <trkpt lat="40.0173830" lon="-105.6473390">
    <ele>3784.8</ele>
    <time>2026-09-13T15:40:22Z</time>
    
   </trkpt>
   <trkpt lat="40.0173720" lon="-105.6473180">
    <ele>3784.6</ele>
    <time>2026-09-13T15:40:25Z</time>
    
   </trkpt>
   <trkpt lat="40.0173430" lon="-105.6473280">
    <ele>3783.2</ele>
    <time>2026-09-13T15:40:29Z</time>
    
   </trkpt>
   <trkpt lat="40.0173380" lon="-105.6473390">
    <ele>3783.0</ele>
    <time>2026-09-13T15:40:30Z</time>
    
   </trkpt>
   <trkpt lat="40.0173290" lon="-105.6473470">
    <ele>3782.6</ele>
    <time>2026-09-13T15:40:31Z</time>
    
   </trkpt>
   <trkpt lat="40.0173130" lon="-105.6473530">
    <ele>3782.2</ele>
    <time>2026-09-13T15:40:33Z</time>
    
   </trkpt>
   <trkpt lat="40.0173060" lon="-105.6473500">
    <ele>3782.0</ele>
    <time>2026-09-13T15:40:34Z</time>
    
   </trkpt>
   <trkpt lat="40.0172900" lon="-105.6473240">
    <ele>3780.8</ele>
    <time>2026-09-13T15:40:37Z</time>
    
   </trkpt>
   <trkpt lat="40.0172800" lon="-105.6473060">
    <ele>3780.0</ele>
    <time>2026-09-13T15:40:39Z</time>
    
   </trkpt>
   <trkpt lat="40.0172740" lon="-105.6472970">
    <ele>3779.6</ele>
    <time>2026-09-13T15:40:40Z</time>
    
   </trkpt>
   <trkpt lat="40.0172630" lon="-105.6472710">
    <ele>3778.2</ele>
    <time>2026-09-13T15:40:43Z</time>
    
   </trkpt>
   <trkpt lat="40.0172480" lon="-105.6472150">
    <ele>3777.0</ele>
    <time>2026-09-13T15:40:48Z</time>
    
   </trkpt>
   <trkpt lat="40.0172460" lon="-105.6472010">
    <ele>3776.6</ele>
    <time>2026-09-13T15:40:49Z</time>
    
   </trkpt>
   <trkpt lat="40.0172370" lon="-105.6471800">
    <ele>3776.2</ele>
    <time>2026-09-13T15:40:51Z</time>
    
   </trkpt>
   <trkpt lat="40.0172190" lon="-105.6471620">
    <ele>3775.8</ele>
    <time>2026-09-13T15:40:53Z</time>
    
   </trkpt>
   <trkpt lat="40.0171970" lon="-105.6471410">
    <ele>3775.0</ele>
    <time>2026-09-13T15:40:57Z</time>
    
   </trkpt>
   <trkpt lat="40.0171960" lon="-105.6471380">
    <ele>3774.8</ele>
    <time>2026-09-13T15:40:58Z</time>
    
   </trkpt>
   <trkpt lat="40.0171700" lon="-105.6470980">
    <ele>3773.6</ele>
    <time>2026-09-13T15:41:04Z</time>
    
   </trkpt>
   <trkpt lat="40.0171600" lon="-105.6470810">
    <ele>3773.4</ele>
    <time>2026-09-13T15:41:06Z</time>
    
   </trkpt>
   <trkpt lat="40.0171510" lon="-105.6470700">
    <ele>3773.4</ele>
    <time>2026-09-13T15:41:07Z</time>
    
   </trkpt>
   <trkpt lat="40.0171270" lon="-105.6470500">
    <ele>3772.4</ele>
    <time>2026-09-13T15:41:12Z</time>
    
   </trkpt>
   <trkpt lat="40.0171180" lon="-105.6470480">
    <ele>3772.0</ele>
    <time>2026-09-13T15:41:14Z</time>
    
   </trkpt>
   <trkpt lat="40.0171120" lon="-105.6470390">
    <ele>3771.6</ele>
    <time>2026-09-13T15:41:16Z</time>
    
   </trkpt>
   <trkpt lat="40.0170990" lon="-105.6470290">
    <ele>3771.2</ele>
    <time>2026-09-13T15:41:18Z</time>
    
   </trkpt>
   <trkpt lat="40.0170830" lon="-105.6470370">
    <ele>3770.6</ele>
    <time>2026-09-13T15:41:22Z</time>
    
   </trkpt>
   <trkpt lat="40.0170790" lon="-105.6470410">
    <ele>3770.2</ele>
    <time>2026-09-13T15:41:24Z</time>
    
   </trkpt>
   <trkpt lat="40.0170740" lon="-105.6470500">
    <ele>3769.8</ele>
    <time>2026-09-13T15:41:30Z</time>
    
   </trkpt>
   <trkpt lat="40.0170730" lon="-105.6470500">
    <ele>3769.8</ele>
    <time>2026-09-13T15:41:31Z</time>
    
   </trkpt>
   <trkpt lat="40.0170730" lon="-105.6470530">
    <ele>3770.2</ele>
    <time>2026-09-13T15:41:33Z</time>
    
   </trkpt>
   <trkpt lat="40.0170740" lon="-105.6470520">
    <ele>3770.4</ele>
    <time>2026-09-13T15:41:34Z</time>
    
   </trkpt>
   <trkpt lat="40.0170700" lon="-105.6470460">
    <ele>3770.4</ele>
    <time>2026-09-13T15:41:37Z</time>
    
   </trkpt>
   <trkpt lat="40.0170680" lon="-105.6470280">
    <ele>3769.6</ele>
    <time>2026-09-13T15:41:41Z</time>
    
   </trkpt>
   <trkpt lat="40.0170640" lon="-105.6470170">
    <ele>3769.4</ele>
    <time>2026-09-13T15:41:43Z</time>
    
   </trkpt>
   <trkpt lat="40.0170600" lon="-105.6470110">
    <ele>3769.4</ele>
    <time>2026-09-13T15:41:45Z</time>
    
   </trkpt>
   <trkpt lat="40.0170610" lon="-105.6470110">
    <ele>3769.2</ele>
    <time>2026-09-13T15:41:46Z</time>
    
   </trkpt>
   <trkpt lat="40.0170580" lon="-105.6470090">
    <ele>3768.8</ele>
    <time>2026-09-13T15:41:50Z</time>
    
   </trkpt>
   <trkpt lat="40.0170540" lon="-105.6470020">
    <ele>3768.6</ele>
    <time>2026-09-13T15:41:52Z</time>
    
   </trkpt>
   <trkpt lat="40.0170390" lon="-105.6470050">
    <ele>3768.0</ele>
    <time>2026-09-13T15:41:55Z</time>
    
   </trkpt>
   <trkpt lat="40.0170330" lon="-105.6470150">
    <ele>3766.6</ele>
    <time>2026-09-13T15:41:58Z</time>
    
   </trkpt>
   <trkpt lat="40.0170270" lon="-105.6470130">
    <ele>3766.4</ele>
    <time>2026-09-13T15:42:00Z</time>
    
   </trkpt>
   <trkpt lat="40.0170180" lon="-105.6470060">
    <ele>3766.0</ele>
    <time>2026-09-13T15:42:04Z</time>
    
   </trkpt>
   <trkpt lat="40.0170140" lon="-105.6469880">
    <ele>3765.4</ele>
    <time>2026-09-13T15:42:07Z</time>
    
   </trkpt>
   <trkpt lat="40.0170050" lon="-105.6469730">
    <ele>3764.8</ele>
    <time>2026-09-13T15:42:10Z</time>
    
   </trkpt>
   <trkpt lat="40.0169970" lon="-105.6469510">
    <ele>3764.4</ele>
    <time>2026-09-13T15:42:13Z</time>
    
   </trkpt>
   <trkpt lat="40.0169790" lon="-105.6469280">
    <ele>3763.8</ele>
    <time>2026-09-13T15:42:17Z</time>
    
   </trkpt>
   <trkpt lat="40.0169660" lon="-105.6469160">
    <ele>3763.2</ele>
    <time>2026-09-13T15:42:20Z</time>
    
   </trkpt>
   <trkpt lat="40.0169600" lon="-105.6469070">
    <ele>3762.8</ele>
    <time>2026-09-13T15:42:23Z</time>
    
   </trkpt>
   <trkpt lat="40.0169330" lon="-105.6468930">
    <ele>3762.0</ele>
    <time>2026-09-13T15:42:30Z</time>
    
   </trkpt>
   <trkpt lat="40.0169310" lon="-105.6468880">
    <ele>3761.6</ele>
    <time>2026-09-13T15:42:31Z</time>
    
   </trkpt>
   <trkpt lat="40.0169220" lon="-105.6468690">
    <ele>3761.0</ele>
    <time>2026-09-13T15:42:34Z</time>
    
   </trkpt>
   <trkpt lat="40.0169160" lon="-105.6468480">
    <ele>3760.0</ele>
    <time>2026-09-13T15:42:38Z</time>
    
   </trkpt>
   <trkpt lat="40.0169010" lon="-105.6468430">
    <ele>3759.4</ele>
    <time>2026-09-13T15:42:41Z</time>
    
   </trkpt>
   <trkpt lat="40.0168880" lon="-105.6468470">
    <ele>3758.8</ele>
    <time>2026-09-13T15:42:44Z</time>
    
   </trkpt>
   <trkpt lat="40.0168870" lon="-105.6468500">
    <ele>3758.6</ele>
    <time>2026-09-13T15:42:45Z</time>
    
   </trkpt>
   <trkpt lat="40.0168740" lon="-105.6468420">
    <ele>3758.0</ele>
    <time>2026-09-13T15:42:50Z</time>
    
   </trkpt>
   <trkpt lat="40.0168740" lon="-105.6468230">
    <ele>3757.6</ele>
    <time>2026-09-13T15:42:53Z</time>
    
   </trkpt>
   <trkpt lat="40.0168700" lon="-105.6467950">
    <ele>3756.6</ele>
    <time>2026-09-13T15:42:57Z</time>
    
   </trkpt>
   <trkpt lat="40.0168690" lon="-105.6467770">
    <ele>3756.0</ele>
    <time>2026-09-13T15:42:59Z</time>
    
   </trkpt>
   <trkpt lat="40.0168700" lon="-105.6467660">
    <ele>3755.8</ele>
    <time>2026-09-13T15:43:00Z</time>
    
   </trkpt>
   <trkpt lat="40.0168710" lon="-105.6467330">
    <ele>3755.6</ele>
    <time>2026-09-13T15:43:04Z</time>
    
   </trkpt>
   <trkpt lat="40.0168750" lon="-105.6467310">
    <ele>3755.4</ele>
    <time>2026-09-13T15:43:05Z</time>
    
   </trkpt>
   <trkpt lat="40.0168730" lon="-105.6467270">
    <ele>3755.4</ele>
    <time>2026-09-13T15:43:06Z</time>
    
   </trkpt>
   <trkpt lat="40.0168710" lon="-105.6467190">
    <ele>3755.2</ele>
    <time>2026-09-13T15:43:09Z</time>
    
   </trkpt>
   <trkpt lat="40.0168640" lon="-105.6467170">
    <ele>3755.0</ele>
    <time>2026-09-13T15:43:12Z</time>
    
   </trkpt>
   <trkpt lat="40.0168610" lon="-105.6467160">
    <ele>3755.0</ele>
    <time>2026-09-13T15:43:13Z</time>
    
   </trkpt>
   <trkpt lat="40.0168500" lon="-105.6467240">
    <ele>3754.4</ele>
    <time>2026-09-13T15:43:16Z</time>
    
   </trkpt>
   <trkpt lat="40.0168480" lon="-105.6467290">
    <ele>3754.2</ele>
    <time>2026-09-13T15:43:17Z</time>
    
   </trkpt>
   <trkpt lat="40.0168460" lon="-105.6467330">
    <ele>3753.6</ele>
    <time>2026-09-13T15:43:18Z</time>
    
   </trkpt>
   <trkpt lat="40.0168370" lon="-105.6467410">
    <ele>3753.0</ele>
    <time>2026-09-13T15:43:20Z</time>
    
   </trkpt>
   <trkpt lat="40.0168300" lon="-105.6467460">
    <ele>3752.8</ele>
    <time>2026-09-13T15:43:21Z</time>
    
   </trkpt>
   <trkpt lat="40.0168230" lon="-105.6467520">
    <ele>3752.8</ele>
    <time>2026-09-13T15:43:22Z</time>
    
   </trkpt>
   <trkpt lat="40.0168170" lon="-105.6467590">
    <ele>3752.6</ele>
    <time>2026-09-13T15:43:24Z</time>
    
   </trkpt>
   <trkpt lat="40.0168070" lon="-105.6467670">
    <ele>3752.2</ele>
    <time>2026-09-13T15:43:27Z</time>
    
   </trkpt>
   <trkpt lat="40.0168030" lon="-105.6467670">
    <ele>3752.0</ele>
    <time>2026-09-13T15:43:28Z</time>
    
   </trkpt>
   <trkpt lat="40.0168000" lon="-105.6467660">
    <ele>3751.6</ele>
    <time>2026-09-13T15:43:29Z</time>
    
   </trkpt>
   <trkpt lat="40.0167910" lon="-105.6467630">
    <ele>3750.8</ele>
    <time>2026-09-13T15:43:31Z</time>
    
   </trkpt>
   <trkpt lat="40.0167660" lon="-105.6467320">
    <ele>3751.0</ele>
    <time>2026-09-13T15:43:40Z</time>
    
   </trkpt>
   <trkpt lat="40.0167620" lon="-105.6467260">
    <ele>3750.2</ele>
    <time>2026-09-13T15:43:42Z</time>
    
   </trkpt>
   <trkpt lat="40.0167620" lon="-105.6467240">
    <ele>3749.8</ele>
    <time>2026-09-13T15:43:43Z</time>
    
   </trkpt>
   <trkpt lat="40.0167590" lon="-105.6467220">
    <ele>3749.4</ele>
    <time>2026-09-13T15:43:44Z</time>
    
   </trkpt>
   <trkpt lat="40.0167590" lon="-105.6467140">
    <ele>3748.8</ele>
    <time>2026-09-13T15:43:52Z</time>
    
   </trkpt>
   <trkpt lat="40.0167610" lon="-105.6467140">
    <ele>3749.0</ele>
    <time>2026-09-13T15:43:54Z</time>
    
   </trkpt>
   <trkpt lat="40.0167630" lon="-105.6467140">
    <ele>3749.2</ele>
    <time>2026-09-13T15:43:56Z</time>
    
   </trkpt>
   <trkpt lat="40.0167610" lon="-105.6467120">
    <ele>3749.4</ele>
    <time>2026-09-13T15:43:59Z</time>
    
   </trkpt>
   <trkpt lat="40.0167620" lon="-105.6467100">
    <ele>3748.8</ele>
    <time>2026-09-13T15:44:05Z</time>
    
   </trkpt>
   <trkpt lat="40.0167630" lon="-105.6467110">
    <ele>3749.0</ele>
    <time>2026-09-13T15:44:07Z</time>
    
   </trkpt>
   <trkpt lat="40.0167600" lon="-105.6467130">
    <ele>3748.2</ele>
    <time>2026-09-13T15:44:26Z</time>
    
   </trkpt>
   <trkpt lat="40.0167450" lon="-105.6467420">
    <ele>3747.2</ele>
    <time>2026-09-13T15:44:31Z</time>
    
   </trkpt>
   <trkpt lat="40.0167280" lon="-105.6467470">
    <ele>3746.6</ele>
    <time>2026-09-13T15:44:35Z</time>
    
   </trkpt>
   <trkpt lat="40.0167230" lon="-105.6467290">
    <ele>3746.2</ele>
    <time>2026-09-13T15:44:37Z</time>
    
   </trkpt>
   <trkpt lat="40.0167150" lon="-105.6467150">
    <ele>3745.4</ele>
    <time>2026-09-13T15:44:40Z</time>
    
   </trkpt>
   <trkpt lat="40.0167130" lon="-105.6467120">
    <ele>3745.0</ele>
    <time>2026-09-13T15:44:41Z</time>
    
   </trkpt>
   <trkpt lat="40.0167040" lon="-105.6466980">
    <ele>3744.4</ele>
    <time>2026-09-13T15:44:44Z</time>
    
   </trkpt>
   <trkpt lat="40.0166900" lon="-105.6466900">
    <ele>3744.0</ele>
    <time>2026-09-13T15:44:47Z</time>
    
   </trkpt>
   <trkpt lat="40.0166860" lon="-105.6466650">
    <ele>3742.8</ele>
    <time>2026-09-13T15:44:52Z</time>
    
   </trkpt>
   <trkpt lat="40.0166840" lon="-105.6466520">
    <ele>3742.4</ele>
    <time>2026-09-13T15:44:53Z</time>
    
   </trkpt>
   <trkpt lat="40.0166800" lon="-105.6466300">
    <ele>3741.8</ele>
    <time>2026-09-13T15:44:55Z</time>
    
   </trkpt>
   <trkpt lat="40.0166780" lon="-105.6466140">
    <ele>3741.6</ele>
    <time>2026-09-13T15:44:57Z</time>
    
   </trkpt>
   <trkpt lat="40.0166610" lon="-105.6465870">
    <ele>3740.8</ele>
    <time>2026-09-13T15:45:00Z</time>
    
   </trkpt>
   <trkpt lat="40.0166420" lon="-105.6465690">
    <ele>3739.4</ele>
    <time>2026-09-13T15:45:03Z</time>
    
   </trkpt>
   <trkpt lat="40.0166350" lon="-105.6465570">
    <ele>3738.8</ele>
    <time>2026-09-13T15:45:05Z</time>
    
   </trkpt>
   <trkpt lat="40.0166280" lon="-105.6465470">
    <ele>3738.2</ele>
    <time>2026-09-13T15:45:07Z</time>
    
   </trkpt>
   <trkpt lat="40.0166200" lon="-105.6465340">
    <ele>3737.4</ele>
    <time>2026-09-13T15:45:11Z</time>
    
   </trkpt>
   <trkpt lat="40.0166180" lon="-105.6465330">
    <ele>3737.2</ele>
    <time>2026-09-13T15:45:12Z</time>
    
   </trkpt>
   <trkpt lat="40.0166140" lon="-105.6465270">
    <ele>3737.2</ele>
    <time>2026-09-13T15:45:14Z</time>
    
   </trkpt>
   <trkpt lat="40.0166100" lon="-105.6465240">
    <ele>3737.2</ele>
    <time>2026-09-13T15:45:17Z</time>
    
   </trkpt>
   <trkpt lat="40.0166090" lon="-105.6465250">
    <ele>3737.0</ele>
    <time>2026-09-13T15:45:18Z</time>
    
   </trkpt>
   <trkpt lat="40.0165960" lon="-105.6465110">
    <ele>3736.0</ele>
    <time>2026-09-13T15:45:23Z</time>
    
   </trkpt>
   <trkpt lat="40.0165930" lon="-105.6465050">
    <ele>3735.6</ele>
    <time>2026-09-13T15:45:24Z</time>
    
   </trkpt>
   <trkpt lat="40.0165820" lon="-105.6465030">
    <ele>3734.8</ele>
    <time>2026-09-13T15:45:26Z</time>
    
   </trkpt>
   <trkpt lat="40.0165630" lon="-105.6465110">
    <ele>3733.8</ele>
    <time>2026-09-13T15:45:29Z</time>
    
   </trkpt>
   <trkpt lat="40.0165490" lon="-105.6465110">
    <ele>3733.4</ele>
    <time>2026-09-13T15:45:32Z</time>
    
   </trkpt>
   <trkpt lat="40.0165390" lon="-105.6464770">
    <ele>3732.6</ele>
    <time>2026-09-13T15:45:36Z</time>
    
   </trkpt>
   <trkpt lat="40.0165320" lon="-105.6464560">
    <ele>3731.6</ele>
    <time>2026-09-13T15:45:39Z</time>
    
   </trkpt>
   <trkpt lat="40.0165170" lon="-105.6464430">
    <ele>3731.0</ele>
    <time>2026-09-13T15:45:41Z</time>
    
   </trkpt>
   <trkpt lat="40.0165070" lon="-105.6464080">
    <ele>3730.4</ele>
    <time>2026-09-13T15:45:44Z</time>
    
   </trkpt>
   <trkpt lat="40.0165030" lon="-105.6463860">
    <ele>3729.8</ele>
    <time>2026-09-13T15:45:46Z</time>
    
   </trkpt>
   <trkpt lat="40.0165000" lon="-105.6463780">
    <ele>3729.6</ele>
    <time>2026-09-13T15:45:47Z</time>
    
   </trkpt>
   <trkpt lat="40.0164950" lon="-105.6463710">
    <ele>3729.4</ele>
    <time>2026-09-13T15:45:48Z</time>
    
   </trkpt>
   <trkpt lat="40.0164890" lon="-105.6463630">
    <ele>3729.0</ele>
    <time>2026-09-13T15:45:49Z</time>
    
   </trkpt>
   <trkpt lat="40.0164690" lon="-105.6463400">
    <ele>3728.4</ele>
    <time>2026-09-13T15:45:53Z</time>
    
   </trkpt>
   <trkpt lat="40.0164570" lon="-105.6463240">
    <ele>3727.2</ele>
    <time>2026-09-13T15:45:58Z</time>
    
   </trkpt>
   <trkpt lat="40.0164570" lon="-105.6463160">
    <ele>3727.0</ele>
    <time>2026-09-13T15:45:59Z</time>
    
   </trkpt>
   <trkpt lat="40.0164470" lon="-105.6462870">
    <ele>3726.0</ele>
    <time>2026-09-13T15:46:02Z</time>
    
   </trkpt>
   <trkpt lat="40.0164350" lon="-105.6462620">
    <ele>3725.0</ele>
    <time>2026-09-13T15:46:04Z</time>
    
   </trkpt>
   <trkpt lat="40.0164310" lon="-105.6462470">
    <ele>3724.6</ele>
    <time>2026-09-13T15:46:05Z</time>
    
   </trkpt>
   <trkpt lat="40.0164150" lon="-105.6462050">
    <ele>3724.0</ele>
    <time>2026-09-13T15:46:08Z</time>
    
   </trkpt>
   <trkpt lat="40.0163940" lon="-105.6461540">
    <ele>3723.0</ele>
    <time>2026-09-13T15:46:13Z</time>
    
   </trkpt>
   <trkpt lat="40.0163830" lon="-105.6461360">
    <ele>3722.6</ele>
    <time>2026-09-13T15:46:15Z</time>
    
   </trkpt>
   <trkpt lat="40.0163640" lon="-105.6460960">
    <ele>3722.2</ele>
    <time>2026-09-13T15:46:18Z</time>
    
   </trkpt>
   <trkpt lat="40.0163590" lon="-105.6460660">
    <ele>3722.0</ele>
    <time>2026-09-13T15:46:20Z</time>
    
   </trkpt>
   <trkpt lat="40.0163550" lon="-105.6460510">
    <ele>3721.8</ele>
    <time>2026-09-13T15:46:21Z</time>
    
   </trkpt>
   <trkpt lat="40.0163400" lon="-105.6459930">
    <ele>3720.6</ele>
    <time>2026-09-13T15:46:25Z</time>
    
   </trkpt>
   <trkpt lat="40.0163290" lon="-105.6459690">
    <ele>3720.2</ele>
    <time>2026-09-13T15:46:27Z</time>
    
   </trkpt>
   <trkpt lat="40.0163220" lon="-105.6459410">
    <ele>3719.6</ele>
    <time>2026-09-13T15:46:29Z</time>
    
   </trkpt>
   <trkpt lat="40.0163120" lon="-105.6458720">
    <ele>3718.6</ele>
    <time>2026-09-13T15:46:33Z</time>
    
   </trkpt>
   <trkpt lat="40.0163080" lon="-105.6458560">
    <ele>3718.4</ele>
    <time>2026-09-13T15:46:34Z</time>
    
   </trkpt>
   <trkpt lat="40.0162970" lon="-105.6458260">
    <ele>3718.4</ele>
    <time>2026-09-13T15:46:36Z</time>
    
   </trkpt>
   <trkpt lat="40.0162840" lon="-105.6457910">
    <ele>3718.2</ele>
    <time>2026-09-13T15:46:38Z</time>
    
   </trkpt>
   <trkpt lat="40.0162710" lon="-105.6457370">
    <ele>3718.0</ele>
    <time>2026-09-13T15:46:41Z</time>
    
   </trkpt>
   <trkpt lat="40.0162580" lon="-105.6456980">
    <ele>3718.0</ele>
    <time>2026-09-13T15:46:44Z</time>
    
   </trkpt>
   <trkpt lat="40.0162530" lon="-105.6456940">
    <ele>3718.2</ele>
    <time>2026-09-13T15:46:46Z</time>
    
   </trkpt>
   <trkpt lat="40.0162510" lon="-105.6456910">
    <ele>3718.2</ele>
    <time>2026-09-13T15:46:47Z</time>
    
   </trkpt>
   <trkpt lat="40.0162210" lon="-105.6456380">
    <ele>3717.4</ele>
    <time>2026-09-13T15:46:53Z</time>
    
   </trkpt>
   <trkpt lat="40.0162130" lon="-105.6456190">
    <ele>3717.2</ele>
    <time>2026-09-13T15:46:55Z</time>
    
   </trkpt>
   <trkpt lat="40.0162150" lon="-105.6456100">
    <ele>3717.0</ele>
    <time>2026-09-13T15:46:57Z</time>
    
   </trkpt>
   <trkpt lat="40.0162120" lon="-105.6455820">
    <ele>3716.4</ele>
    <time>2026-09-13T15:47:00Z</time>
    
   </trkpt>
   <trkpt lat="40.0162060" lon="-105.6455750">
    <ele>3716.2</ele>
    <time>2026-09-13T15:47:01Z</time>
    
   </trkpt>
   <trkpt lat="40.0161860" lon="-105.6455620">
    <ele>3715.4</ele>
    <time>2026-09-13T15:47:04Z</time>
    
   </trkpt>
   <trkpt lat="40.0161790" lon="-105.6455590">
    <ele>3715.0</ele>
    <time>2026-09-13T15:47:05Z</time>
    
   </trkpt>
   <trkpt lat="40.0161710" lon="-105.6455560">
    <ele>3714.8</ele>
    <time>2026-09-13T15:47:06Z</time>
    
   </trkpt>
   <trkpt lat="40.0161460" lon="-105.6455440">
    <ele>3713.8</ele>
    <time>2026-09-13T15:47:09Z</time>
    
   </trkpt>
   <trkpt lat="40.0161380" lon="-105.6455260">
    <ele>3712.6</ele>
    <time>2026-09-13T15:47:11Z</time>
    
   </trkpt>
   <trkpt lat="40.0161160" lon="-105.6454890">
    <ele>3711.4</ele>
    <time>2026-09-13T15:47:16Z</time>
    
   </trkpt>
   <trkpt lat="40.0160970" lon="-105.6454370">
    <ele>3710.0</ele>
    <time>2026-09-13T15:47:20Z</time>
    
   </trkpt>
   <trkpt lat="40.0160870" lon="-105.6454090">
    <ele>3709.0</ele>
    <time>2026-09-13T15:47:22Z</time>
    
   </trkpt>
   <trkpt lat="40.0160770" lon="-105.6453820">
    <ele>3708.0</ele>
    <time>2026-09-13T15:47:24Z</time>
    
   </trkpt>
   <trkpt lat="40.0160520" lon="-105.6453320">
    <ele>3706.8</ele>
    <time>2026-09-13T15:47:28Z</time>
    
   </trkpt>
   <trkpt lat="40.0160340" lon="-105.6453100">
    <ele>3706.6</ele>
    <time>2026-09-13T15:47:30Z</time>
    
   </trkpt>
   <trkpt lat="40.0160140" lon="-105.6452640">
    <ele>3706.0</ele>
    <time>2026-09-13T15:47:33Z</time>
    
   </trkpt>
   <trkpt lat="40.0160080" lon="-105.6452260">
    <ele>3705.6</ele>
    <time>2026-09-13T15:47:35Z</time>
    
   </trkpt>
   <trkpt lat="40.0160020" lon="-105.6451660">
    <ele>3704.8</ele>
    <time>2026-09-13T15:47:38Z</time>
    
   </trkpt>
   <trkpt lat="40.0159990" lon="-105.6451440">
    <ele>3704.6</ele>
    <time>2026-09-13T15:47:39Z</time>
    
   </trkpt>
   <trkpt lat="40.0159960" lon="-105.6451250">
    <ele>3704.4</ele>
    <time>2026-09-13T15:47:40Z</time>
    
   </trkpt>
   <trkpt lat="40.0160000" lon="-105.6450580">
    <ele>3704.4</ele>
    <time>2026-09-13T15:47:44Z</time>
    
   </trkpt>
   <trkpt lat="40.0160010" lon="-105.6450450">
    <ele>3704.2</ele>
    <time>2026-09-13T15:47:45Z</time>
    
   </trkpt>
   <trkpt lat="40.0160060" lon="-105.6450320">
    <ele>3704.2</ele>
    <time>2026-09-13T15:47:46Z</time>
    
   </trkpt>
   <trkpt lat="40.0160030" lon="-105.6450080">
    <ele>3703.8</ele>
    <time>2026-09-13T15:47:48Z</time>
    
   </trkpt>
   <trkpt lat="40.0159820" lon="-105.6449730">
    <ele>3703.6</ele>
    <time>2026-09-13T15:47:51Z</time>
    
   </trkpt>
   <trkpt lat="40.0159750" lon="-105.6449430">
    <ele>3703.4</ele>
    <time>2026-09-13T15:47:53Z</time>
    
   </trkpt>
   <trkpt lat="40.0159780" lon="-105.6448930">
    <ele>3703.4</ele>
    <time>2026-09-13T15:47:56Z</time>
    
   </trkpt>
   <trkpt lat="40.0159770" lon="-105.6448750">
    <ele>3703.4</ele>
    <time>2026-09-13T15:47:57Z</time>
    
   </trkpt>
   <trkpt lat="40.0159770" lon="-105.6448570">
    <ele>3703.4</ele>
    <time>2026-09-13T15:47:58Z</time>
    
   </trkpt>
   <trkpt lat="40.0159760" lon="-105.6447450">
    <ele>3703.2</ele>
    <time>2026-09-13T15:48:05Z</time>
    
   </trkpt>
   <trkpt lat="40.0159750" lon="-105.6447140">
    <ele>3703.2</ele>
    <time>2026-09-13T15:48:07Z</time>
    
   </trkpt>
   <trkpt lat="40.0159730" lon="-105.6447070">
    <ele>3703.2</ele>
    <time>2026-09-13T15:48:08Z</time>
    
   </trkpt>
   <trkpt lat="40.0159630" lon="-105.6446940">
    <ele>3703.0</ele>
    <time>2026-09-13T15:48:11Z</time>
    
   </trkpt>
   <trkpt lat="40.0159660" lon="-105.6446920">
    <ele>3702.4</ele>
    <time>2026-09-13T15:48:23Z</time>
    
   </trkpt>
   <trkpt lat="40.0159640" lon="-105.6446920">
    <ele>3702.2</ele>
    <time>2026-09-13T15:48:30Z</time>
    
   </trkpt>
   <trkpt lat="40.0159650" lon="-105.6446920">
    <ele>3702.0</ele>
    <time>2026-09-13T15:48:33Z</time>
    
   </trkpt>
   <trkpt lat="40.0159670" lon="-105.6446910">
    <ele>3703.4</ele>
    <time>2026-09-13T15:48:39Z</time>
    
   </trkpt>
   <trkpt lat="40.0159670" lon="-105.6446900">
    <ele>3703.6</ele>
    <time>2026-09-13T15:48:40Z</time>
    
   </trkpt>
   <trkpt lat="40.0159680" lon="-105.6446880">
    <ele>3704.0</ele>
    <time>2026-09-13T15:48:45Z</time>
    
   </trkpt>
   <trkpt lat="40.0159690" lon="-105.6446870">
    <ele>3703.8</ele>
    <time>2026-09-13T15:48:48Z</time>
    
   </trkpt>
   <trkpt lat="40.0159750" lon="-105.6446810">
    <ele>3702.2</ele>
    <time>2026-09-13T15:48:57Z</time>
    
   </trkpt>
   <trkpt lat="40.0159750" lon="-105.6446820">
    <ele>3702.0</ele>
    <time>2026-09-13T15:48:59Z</time>
    
   </trkpt>
   <trkpt lat="40.0159720" lon="-105.6446870">
    <ele>3701.4</ele>
    <time>2026-09-13T15:49:06Z</time>
    
   </trkpt>
   <trkpt lat="40.0159700" lon="-105.6446860">
    <ele>3701.8</ele>
    <time>2026-09-13T15:49:08Z</time>
    
   </trkpt>
   <trkpt lat="40.0159680" lon="-105.6446860">
    <ele>3702.2</ele>
    <time>2026-09-13T15:49:11Z</time>
    
   </trkpt>
   <trkpt lat="40.0159680" lon="-105.6446850">
    <ele>3703.6</ele>
    <time>2026-09-13T15:49:14Z</time>
    
   </trkpt>
   <trkpt lat="40.0159680" lon="-105.6446860">
    <ele>3704.0</ele>
    <time>2026-09-13T15:49:17Z</time>
    
   </trkpt>
   <trkpt lat="40.0159680" lon="-105.6446840">
    <ele>3702.6</ele>
    <time>2026-09-13T15:49:22Z</time>
    
   </trkpt>
   <trkpt lat="40.0159670" lon="-105.6446830">
    <ele>3701.6</ele>
    <time>2026-09-13T15:49:26Z</time>
    
   </trkpt>
   <trkpt lat="40.0159710" lon="-105.6446470">
    <ele>3701.6</ele>
    <time>2026-09-13T15:49:31Z</time>
    
   </trkpt>
   <trkpt lat="40.0159690" lon="-105.6445470">
    <ele>3701.4</ele>
    <time>2026-09-13T15:49:37Z</time>
    
   </trkpt>
   <trkpt lat="40.0159710" lon="-105.6444650">
    <ele>3701.2</ele>
    <time>2026-09-13T15:49:42Z</time>
    
   </trkpt>
   <trkpt lat="40.0159650" lon="-105.6444530">
    <ele>3701.4</ele>
    <time>2026-09-13T15:49:43Z</time>
    
   </trkpt>
   <trkpt lat="40.0159470" lon="-105.6444140">
    <ele>3702.8</ele>
    <time>2026-09-13T15:49:47Z</time>
    
   </trkpt>
   <trkpt lat="40.0159360" lon="-105.6443950">
    <ele>3704.0</ele>
    <time>2026-09-13T15:49:49Z</time>
    
   </trkpt>
   <trkpt lat="40.0159240" lon="-105.6443780">
    <ele>3704.0</ele>
    <time>2026-09-13T15:49:51Z</time>
    
   </trkpt>
   <trkpt lat="40.0159210" lon="-105.6443640">
    <ele>3703.0</ele>
    <time>2026-09-13T15:49:52Z</time>
    
   </trkpt>
   <trkpt lat="40.0159160" lon="-105.6443330">
    <ele>3701.4</ele>
    <time>2026-09-13T15:49:54Z</time>
    
   </trkpt>
   <trkpt lat="40.0159140" lon="-105.6443000">
    <ele>3699.6</ele>
    <time>2026-09-13T15:49:56Z</time>
    
   </trkpt>
   <trkpt lat="40.0159120" lon="-105.6442840">
    <ele>3699.0</ele>
    <time>2026-09-13T15:49:57Z</time>
    
   </trkpt>
   <trkpt lat="40.0159100" lon="-105.6442700">
    <ele>3698.6</ele>
    <time>2026-09-13T15:49:58Z</time>
    
   </trkpt>
   <trkpt lat="40.0158840" lon="-105.6441990">
    <ele>3697.4</ele>
    <time>2026-09-13T15:50:03Z</time>
    
   </trkpt>
   <trkpt lat="40.0158820" lon="-105.6441830">
    <ele>3697.2</ele>
    <time>2026-09-13T15:50:04Z</time>
    
   </trkpt>
   <trkpt lat="40.0159060" lon="-105.6440670">
    <ele>3696.6</ele>
    <time>2026-09-13T15:50:11Z</time>
    
   </trkpt>
   <trkpt lat="40.0159020" lon="-105.6440490">
    <ele>3696.6</ele>
    <time>2026-09-13T15:50:12Z</time>
    
   </trkpt>
   <trkpt lat="40.0158730" lon="-105.6439910">
    <ele>3697.0</ele>
    <time>2026-09-13T15:50:16Z</time>
    
   </trkpt>
   <trkpt lat="40.0158560" lon="-105.6439600">
    <ele>3697.2</ele>
    <time>2026-09-13T15:50:18Z</time>
    
   </trkpt>
   <trkpt lat="40.0158400" lon="-105.6439310">
    <ele>3697.2</ele>
    <time>2026-09-13T15:50:20Z</time>
    
   </trkpt>
   <trkpt lat="40.0158250" lon="-105.6439010">
    <ele>3697.6</ele>
    <time>2026-09-13T15:50:22Z</time>
    
   </trkpt>
   <trkpt lat="40.0157720" lon="-105.6438450">
    <ele>3697.8</ele>
    <time>2026-09-13T15:50:27Z</time>
    
   </trkpt>
   <trkpt lat="40.0157510" lon="-105.6438280">
    <ele>3697.8</ele>
    <time>2026-09-13T15:50:29Z</time>
    
   </trkpt>
   <trkpt lat="40.0157380" lon="-105.6438210">
    <ele>3697.8</ele>
    <time>2026-09-13T15:50:30Z</time>
    
   </trkpt>
   <trkpt lat="40.0157250" lon="-105.6438160">
    <ele>3697.8</ele>
    <time>2026-09-13T15:50:31Z</time>
    
   </trkpt>
   <trkpt lat="40.0156810" lon="-105.6438010">
    <ele>3697.6</ele>
    <time>2026-09-13T15:50:34Z</time>
    
   </trkpt>
   <trkpt lat="40.0156160" lon="-105.6437630">
    <ele>3695.4</ele>
    <time>2026-09-13T15:50:40Z</time>
    
   </trkpt>
   <trkpt lat="40.0156050" lon="-105.6437520">
    <ele>3694.8</ele>
    <time>2026-09-13T15:50:41Z</time>
    
   </trkpt>
   <trkpt lat="40.0155960" lon="-105.6437440">
    <ele>3694.2</ele>
    <time>2026-09-13T15:50:42Z</time>
    
   </trkpt>
   <trkpt lat="40.0155530" lon="-105.6437010">
    <ele>3692.8</ele>
    <time>2026-09-13T15:50:46Z</time>
    
   </trkpt>
   <trkpt lat="40.0155430" lon="-105.6436870">
    <ele>3692.6</ele>
    <time>2026-09-13T15:50:47Z</time>
    
   </trkpt>
   <trkpt lat="40.0155330" lon="-105.6436750">
    <ele>3692.0</ele>
    <time>2026-09-13T15:50:48Z</time>
    
   </trkpt>
   <trkpt lat="40.0155220" lon="-105.6436610">
    <ele>3691.6</ele>
    <time>2026-09-13T15:50:49Z</time>
    
   </trkpt>
   <trkpt lat="40.0154810" lon="-105.6436060">
    <ele>3690.2</ele>
    <time>2026-09-13T15:50:53Z</time>
    
   </trkpt>
   <trkpt lat="40.0154740" lon="-105.6435950">
    <ele>3689.6</ele>
    <time>2026-09-13T15:50:54Z</time>
    
   </trkpt>
   <trkpt lat="40.0154640" lon="-105.6435850">
    <ele>3689.0</ele>
    <time>2026-09-13T15:50:55Z</time>
    
   </trkpt>
   <trkpt lat="40.0154160" lon="-105.6435380">
    <ele>3687.8</ele>
    <time>2026-09-13T15:51:01Z</time>
    
   </trkpt>
   <trkpt lat="40.0153880" lon="-105.6434960">
    <ele>3686.6</ele>
    <time>2026-09-13T15:51:04Z</time>
    
   </trkpt>
   <trkpt lat="40.0153700" lon="-105.6434720">
    <ele>3686.0</ele>
    <time>2026-09-13T15:51:06Z</time>
    
   </trkpt>
   <trkpt lat="40.0153470" lon="-105.6434540">
    <ele>3685.6</ele>
    <time>2026-09-13T15:51:08Z</time>
    
   </trkpt>
   <trkpt lat="40.0153360" lon="-105.6434430">
    <ele>3685.4</ele>
    <time>2026-09-13T15:51:09Z</time>
    
   </trkpt>
   <trkpt lat="40.0152830" lon="-105.6433630">
    <ele>3685.4</ele>
    <time>2026-09-13T15:51:15Z</time>
    
   </trkpt>
   <trkpt lat="40.0152270" lon="-105.6433090">
    <ele>3684.4</ele>
    <time>2026-09-13T15:51:20Z</time>
    
   </trkpt>
   <trkpt lat="40.0151970" lon="-105.6432870">
    <ele>3683.6</ele>
    <time>2026-09-13T15:51:23Z</time>
    
   </trkpt>
   <trkpt lat="40.0151650" lon="-105.6432600">
    <ele>3683.2</ele>
    <time>2026-09-13T15:51:26Z</time>
    
   </trkpt>
   <trkpt lat="40.0151520" lon="-105.6432510">
    <ele>3682.8</ele>
    <time>2026-09-13T15:51:27Z</time>
    
   </trkpt>
   <trkpt lat="40.0151290" lon="-105.6432310">
    <ele>3682.4</ele>
    <time>2026-09-13T15:51:29Z</time>
    
   </trkpt>
   <trkpt lat="40.0150620" lon="-105.6431690">
    <ele>3682.2</ele>
    <time>2026-09-13T15:51:36Z</time>
    
   </trkpt>
   <trkpt lat="40.0150580" lon="-105.6431600">
    <ele>3682.2</ele>
    <time>2026-09-13T15:51:37Z</time>
    
   </trkpt>
   <trkpt lat="40.0150550" lon="-105.6431530">
    <ele>3682.0</ele>
    <time>2026-09-13T15:51:38Z</time>
    
   </trkpt>
   <trkpt lat="40.0150540" lon="-105.6431540">
    <ele>3681.4</ele>
    <time>2026-09-13T15:51:40Z</time>
    
   </trkpt>
   <trkpt lat="40.0150520" lon="-105.6431540">
    <ele>3681.0</ele>
    <time>2026-09-13T15:51:41Z</time>
    
   </trkpt>
   <trkpt lat="40.0150500" lon="-105.6431560">
    <ele>3681.0</ele>
    <time>2026-09-13T15:51:42Z</time>
    
   </trkpt>
   <trkpt lat="40.0150490" lon="-105.6431580">
    <ele>3681.0</ele>
    <time>2026-09-13T15:51:44Z</time>
    
   </trkpt>
   <trkpt lat="40.0150450" lon="-105.6431580">
    <ele>3681.4</ele>
    <time>2026-09-13T15:51:48Z</time>
    
   </trkpt>
   <trkpt lat="40.0150490" lon="-105.6431650">
    <ele>3681.6</ele>
    <time>2026-09-13T15:51:58Z</time>
    
   </trkpt>
   <trkpt lat="40.0150510" lon="-105.6431580">
    <ele>3680.8</ele>
    <time>2026-09-13T15:52:03Z</time>
    
   </trkpt>
   <trkpt lat="40.0150510" lon="-105.6431580">
    <ele>3680.6</ele>
    <time>2026-09-13T15:52:04Z</time>
    
   </trkpt>
   <trkpt lat="40.0150510" lon="-105.6431600">
    <ele>3680.4</ele>
    <time>2026-09-13T15:52:06Z</time>
    
   </trkpt>
   <trkpt lat="40.0150500" lon="-105.6431580">
    <ele>3680.8</ele>
    <time>2026-09-13T15:52:22Z</time>
    
   </trkpt>
   <trkpt lat="40.0150430" lon="-105.6431550">
    <ele>3681.0</ele>
    <time>2026-09-13T15:52:30Z</time>
    
   </trkpt>
   <trkpt lat="40.0150430" lon="-105.6431550">
    <ele>3681.2</ele>
    <time>2026-09-13T15:52:31Z</time>
    
   </trkpt>
   <trkpt lat="40.0150440" lon="-105.6431550">
    <ele>3681.8</ele>
    <time>2026-09-13T15:52:39Z</time>
    
   </trkpt>
   <trkpt lat="40.0150450" lon="-105.6431540">
    <ele>3682.0</ele>
    <time>2026-09-13T15:52:40Z</time>
    
   </trkpt>
   <trkpt lat="40.0150440" lon="-105.6431530">
    <ele>3680.6</ele>
    <time>2026-09-13T15:53:00Z</time>
    
   </trkpt>
   <trkpt lat="40.0150430" lon="-105.6431530">
    <ele>3680.6</ele>
    <time>2026-09-13T15:53:01Z</time>
    
   </trkpt>
   <trkpt lat="40.0150430" lon="-105.6431550">
    <ele>3680.6</ele>
    <time>2026-09-13T15:53:02Z</time>
    
   </trkpt>
   <trkpt lat="40.0150440" lon="-105.6431650">
    <ele>3680.6</ele>
    <time>2026-09-13T15:53:12Z</time>
    
   </trkpt>
   <trkpt lat="40.0150450" lon="-105.6431650">
    <ele>3680.6</ele>
    <time>2026-09-13T15:53:14Z</time>
    
   </trkpt>
   <trkpt lat="40.0150440" lon="-105.6431630">
    <ele>3680.6</ele>
    <time>2026-09-13T15:53:26Z</time>
    
   </trkpt>
   <trkpt lat="40.0150460" lon="-105.6431610">
    <ele>3680.6</ele>
    <time>2026-09-13T15:53:32Z</time>
    
   </trkpt>
   <trkpt lat="40.0150460" lon="-105.6431600">
    <ele>3680.6</ele>
    <time>2026-09-13T15:53:34Z</time>
    
   </trkpt>
   <trkpt lat="40.0150450" lon="-105.6431560">
    <ele>3680.6</ele>
    <time>2026-09-13T15:53:48Z</time>
    
   </trkpt>
   <trkpt lat="40.0150450" lon="-105.6431500">
    <ele>3680.6</ele>
    <time>2026-09-13T15:54:02Z</time>
    
   </trkpt>
   <trkpt lat="40.0150480" lon="-105.6431560">
    <ele>3680.6</ele>
    <time>2026-09-13T15:54:06Z</time>
    
   </trkpt>
   <trkpt lat="40.0150480" lon="-105.6431560">
    <ele>3680.6</ele>
    <time>2026-09-13T15:54:08Z</time>
    
   </trkpt>
   <trkpt lat="40.0150490" lon="-105.6431520">
    <ele>3680.6</ele>
    <time>2026-09-13T15:54:13Z</time>
    
   </trkpt>
   <trkpt lat="40.0150490" lon="-105.6431520">
    <ele>3680.6</ele>
    <time>2026-09-13T15:54:14Z</time>
    
   </trkpt>
   <trkpt lat="40.0150540" lon="-105.6431550">
    <ele>3680.6</ele>
    <time>2026-09-13T15:54:28Z</time>
    
   </trkpt>
   <trkpt lat="40.0150670" lon="-105.6431460">
    <ele>3680.6</ele>
    <time>2026-09-13T15:54:39Z</time>
    
   </trkpt>
   <trkpt lat="40.0150700" lon="-105.6431470">
    <ele>3680.6</ele>
    <time>2026-09-13T15:54:41Z</time>
    
   </trkpt>
   <trkpt lat="40.0150670" lon="-105.6431460">
    <ele>3680.6</ele>
    <time>2026-09-13T15:54:45Z</time>
    
   </trkpt>
   <trkpt lat="40.0150650" lon="-105.6431450">
    <ele>3680.6</ele>
    <time>2026-09-13T15:54:51Z</time>
    
   </trkpt>
   <trkpt lat="40.0150650" lon="-105.6431440">
    <ele>3680.6</ele>
    <time>2026-09-13T15:54:55Z</time>
    
   </trkpt>
   <trkpt lat="40.0150310" lon="-105.6431240">
    <ele>3680.6</ele>
    <time>2026-09-13T15:55:02Z</time>
    
   </trkpt>
   <trkpt lat="40.0149370" lon="-105.6430850">
    <ele>3680.0</ele>
    <time>2026-09-13T15:55:12Z</time>
    
   </trkpt>
   <trkpt lat="40.0149270" lon="-105.6430770">
    <ele>3679.6</ele>
    <time>2026-09-13T15:55:13Z</time>
    
   </trkpt>
   <trkpt lat="40.0148770" lon="-105.6430270">
    <ele>3679.0</ele>
    <time>2026-09-13T15:55:18Z</time>
    
   </trkpt>
   <trkpt lat="40.0148420" lon="-105.6429870">
    <ele>3678.2</ele>
    <time>2026-09-13T15:55:22Z</time>
    
   </trkpt>
   <trkpt lat="40.0148180" lon="-105.6429740">
    <ele>3678.0</ele>
    <time>2026-09-13T15:55:24Z</time>
    
   </trkpt>
   <trkpt lat="40.0147710" lon="-105.6429470">
    <ele>3677.0</ele>
    <time>2026-09-13T15:55:29Z</time>
    
   </trkpt>
   <trkpt lat="40.0147630" lon="-105.6429430">
    <ele>3676.6</ele>
    <time>2026-09-13T15:55:30Z</time>
    
   </trkpt>
   <trkpt lat="40.0147140" lon="-105.6429230">
    <ele>3675.4</ele>
    <time>2026-09-13T15:55:34Z</time>
    
   </trkpt>
   <trkpt lat="40.0146820" lon="-105.6429060">
    <ele>3674.4</ele>
    <time>2026-09-13T15:55:37Z</time>
    
   </trkpt>
   <trkpt lat="40.0146630" lon="-105.6429040">
    <ele>3673.6</ele>
    <time>2026-09-13T15:55:39Z</time>
    
   </trkpt>
   <trkpt lat="40.0146380" lon="-105.6429010">
    <ele>3673.2</ele>
    <time>2026-09-13T15:55:41Z</time>
    
   </trkpt>
   <trkpt lat="40.0146130" lon="-105.6428880">
    <ele>3672.6</ele>
    <time>2026-09-13T15:55:43Z</time>
    
   </trkpt>
   <trkpt lat="40.0146030" lon="-105.6428800">
    <ele>3672.2</ele>
    <time>2026-09-13T15:55:44Z</time>
    
   </trkpt>
   <trkpt lat="40.0145660" lon="-105.6428190">
    <ele>3671.2</ele>
    <time>2026-09-13T15:55:48Z</time>
    
   </trkpt>
   <trkpt lat="40.0145570" lon="-105.6428040">
    <ele>3670.8</ele>
    <time>2026-09-13T15:55:49Z</time>
    
   </trkpt>
   <trkpt lat="40.0145190" lon="-105.6427710">
    <ele>3670.4</ele>
    <time>2026-09-13T15:55:53Z</time>
    
   </trkpt>
   <trkpt lat="40.0145130" lon="-105.6427730">
    <ele>3670.6</ele>
    <time>2026-09-13T15:55:55Z</time>
    
   </trkpt>
   <trkpt lat="40.0144520" lon="-105.6427590">
    <ele>3670.4</ele>
    <time>2026-09-13T15:56:03Z</time>
    
   </trkpt>
   <trkpt lat="40.0144420" lon="-105.6427550">
    <ele>3670.0</ele>
    <time>2026-09-13T15:56:04Z</time>
    
   </trkpt>
   <trkpt lat="40.0144020" lon="-105.6427140">
    <ele>3669.6</ele>
    <time>2026-09-13T15:56:08Z</time>
    
   </trkpt>
   <trkpt lat="40.0143640" lon="-105.6426910">
    <ele>3669.0</ele>
    <time>2026-09-13T15:56:11Z</time>
    
   </trkpt>
   <trkpt lat="40.0143370" lon="-105.6426820">
    <ele>3668.2</ele>
    <time>2026-09-13T15:56:13Z</time>
    
   </trkpt>
   <trkpt lat="40.0143240" lon="-105.6426740">
    <ele>3668.0</ele>
    <time>2026-09-13T15:56:14Z</time>
    
   </trkpt>
   <trkpt lat="40.0143110" lon="-105.6426660">
    <ele>3667.8</ele>
    <time>2026-09-13T15:56:15Z</time>
    
   </trkpt>
   <trkpt lat="40.0142590" lon="-105.6426370">
    <ele>3666.8</ele>
    <time>2026-09-13T15:56:19Z</time>
    
   </trkpt>
   <trkpt lat="40.0142400" lon="-105.6426070">
    <ele>3665.8</ele>
    <time>2026-09-13T15:56:21Z</time>
    
   </trkpt>
   <trkpt lat="40.0142030" lon="-105.6425780">
    <ele>3664.8</ele>
    <time>2026-09-13T15:56:24Z</time>
    
   </trkpt>
   <trkpt lat="40.0141790" lon="-105.6425610">
    <ele>3663.6</ele>
    <time>2026-09-13T15:56:26Z</time>
    
   </trkpt>
   <trkpt lat="40.0141560" lon="-105.6425410">
    <ele>3663.0</ele>
    <time>2026-09-13T15:56:28Z</time>
    
   </trkpt>
   <trkpt lat="40.0141250" lon="-105.6425110">
    <ele>3662.6</ele>
    <time>2026-09-13T15:56:31Z</time>
    
   </trkpt>
   <trkpt lat="40.0140790" lon="-105.6424550">
    <ele>3662.2</ele>
    <time>2026-09-13T15:56:36Z</time>
    
   </trkpt>
   <trkpt lat="40.0140660" lon="-105.6424530">
    <ele>3662.2</ele>
    <time>2026-09-13T15:56:37Z</time>
    
   </trkpt>
   <trkpt lat="40.0140290" lon="-105.6424440">
    <ele>3661.4</ele>
    <time>2026-09-13T15:56:40Z</time>
    
   </trkpt>
   <trkpt lat="40.0139940" lon="-105.6424280">
    <ele>3660.6</ele>
    <time>2026-09-13T15:56:43Z</time>
    
   </trkpt>
   <trkpt lat="40.0139820" lon="-105.6424230">
    <ele>3660.0</ele>
    <time>2026-09-13T15:56:44Z</time>
    
   </trkpt>
   <trkpt lat="40.0139610" lon="-105.6424160">
    <ele>3658.8</ele>
    <time>2026-09-13T15:56:46Z</time>
    
   </trkpt>
   <trkpt lat="40.0139250" lon="-105.6424000">
    <ele>3657.6</ele>
    <time>2026-09-13T15:56:49Z</time>
    
   </trkpt>
   <trkpt lat="40.0138980" lon="-105.6423850">
    <ele>3657.2</ele>
    <time>2026-09-13T15:56:51Z</time>
    
   </trkpt>
   <trkpt lat="40.0138770" lon="-105.6423740">
    <ele>3656.4</ele>
    <time>2026-09-13T15:56:53Z</time>
    
   </trkpt>
   <trkpt lat="40.0138640" lon="-105.6423680">
    <ele>3656.2</ele>
    <time>2026-09-13T15:56:54Z</time>
    
   </trkpt>
   <trkpt lat="40.0138280" lon="-105.6423550">
    <ele>3655.8</ele>
    <time>2026-09-13T15:56:57Z</time>
    
   </trkpt>
   <trkpt lat="40.0138150" lon="-105.6423540">
    <ele>3655.8</ele>
    <time>2026-09-13T15:56:58Z</time>
    
   </trkpt>
   <trkpt lat="40.0138020" lon="-105.6423560">
    <ele>3655.6</ele>
    <time>2026-09-13T15:56:59Z</time>
    
   </trkpt>
   <trkpt lat="40.0137780" lon="-105.6423550">
    <ele>3655.2</ele>
    <time>2026-09-13T15:57:01Z</time>
    
   </trkpt>
   <trkpt lat="40.0137320" lon="-105.6423350">
    <ele>3654.8</ele>
    <time>2026-09-13T15:57:05Z</time>
    
   </trkpt>
   <trkpt lat="40.0136970" lon="-105.6423130">
    <ele>3654.2</ele>
    <time>2026-09-13T15:57:08Z</time>
    
   </trkpt>
   <trkpt lat="40.0136460" lon="-105.6422780">
    <ele>3653.0</ele>
    <time>2026-09-13T15:57:13Z</time>
    
   </trkpt>
   <trkpt lat="40.0135920" lon="-105.6422630">
    <ele>3651.8</ele>
    <time>2026-09-13T15:57:18Z</time>
    
   </trkpt>
   <trkpt lat="40.0135760" lon="-105.6422670">
    <ele>3651.4</ele>
    <time>2026-09-13T15:57:20Z</time>
    
   </trkpt>
   <trkpt lat="40.0135670" lon="-105.6422620">
    <ele>3651.2</ele>
    <time>2026-09-13T15:57:21Z</time>
    
   </trkpt>
   <trkpt lat="40.0135560" lon="-105.6422550">
    <ele>3651.0</ele>
    <time>2026-09-13T15:57:22Z</time>
    
   </trkpt>
   <trkpt lat="40.0135440" lon="-105.6422500">
    <ele>3650.8</ele>
    <time>2026-09-13T15:57:23Z</time>
    
   </trkpt>
   <trkpt lat="40.0135080" lon="-105.6422420">
    <ele>3649.4</ele>
    <time>2026-09-13T15:57:26Z</time>
    
   </trkpt>
   <trkpt lat="40.0134800" lon="-105.6422400">
    <ele>3648.8</ele>
    <time>2026-09-13T15:57:28Z</time>
    
   </trkpt>
   <trkpt lat="40.0134270" lon="-105.6422270">
    <ele>3648.2</ele>
    <time>2026-09-13T15:57:32Z</time>
    
   </trkpt>
   <trkpt lat="40.0134190" lon="-105.6422200">
    <ele>3648.2</ele>
    <time>2026-09-13T15:57:33Z</time>
    
   </trkpt>
   <trkpt lat="40.0134090" lon="-105.6422100">
    <ele>3648.0</ele>
    <time>2026-09-13T15:57:34Z</time>
    
   </trkpt>
   <trkpt lat="40.0133800" lon="-105.6421770">
    <ele>3648.0</ele>
    <time>2026-09-13T15:57:37Z</time>
    
   </trkpt>
   <trkpt lat="40.0133560" lon="-105.6421590">
    <ele>3647.2</ele>
    <time>2026-09-13T15:57:39Z</time>
    
   </trkpt>
   <trkpt lat="40.0133380" lon="-105.6421400">
    <ele>3646.4</ele>
    <time>2026-09-13T15:57:41Z</time>
    
   </trkpt>
   <trkpt lat="40.0133320" lon="-105.6421310">
    <ele>3646.0</ele>
    <time>2026-09-13T15:57:42Z</time>
    
   </trkpt>
   <trkpt lat="40.0132750" lon="-105.6420760">
    <ele>3645.0</ele>
    <time>2026-09-13T15:57:48Z</time>
    
   </trkpt>
   <trkpt lat="40.0132750" lon="-105.6420760">
    <ele>3644.6</ele>
    <time>2026-09-13T15:57:50Z</time>
    
   </trkpt>
   <trkpt lat="40.0132720" lon="-105.6420760">
    <ele>3644.2</ele>
    <time>2026-09-13T15:57:58Z</time>
    
   </trkpt>
   <trkpt lat="40.0132750" lon="-105.6420780">
    <ele>3644.0</ele>
    <time>2026-09-13T15:58:00Z</time>
    
   </trkpt>
   <trkpt lat="40.0132950" lon="-105.6420990">
    <ele>3644.0</ele>
    <time>2026-09-13T15:58:04Z</time>
    
   </trkpt>
   <trkpt lat="40.0133040" lon="-105.6421100">
    <ele>3644.2</ele>
    <time>2026-09-13T15:58:07Z</time>
    
   </trkpt>
   <trkpt lat="40.0133060" lon="-105.6421080">
    <ele>3645.0</ele>
    <time>2026-09-13T15:58:11Z</time>
    
   </trkpt>
   <trkpt lat="40.0133060" lon="-105.6421070">
    <ele>3645.0</ele>
    <time>2026-09-13T15:58:12Z</time>
    
   </trkpt>
   <trkpt lat="40.0133060" lon="-105.6421070">
    <ele>3644.8</ele>
    <time>2026-09-13T15:58:15Z</time>
    
   </trkpt>
   <trkpt lat="40.0133020" lon="-105.6421030">
    <ele>3644.2</ele>
    <time>2026-09-13T15:58:18Z</time>
    
   </trkpt>
   <trkpt lat="40.0133030" lon="-105.6421030">
    <ele>3644.0</ele>
    <time>2026-09-13T15:58:19Z</time>
    
   </trkpt>
   <trkpt lat="40.0133110" lon="-105.6421170">
    <ele>3643.0</ele>
    <time>2026-09-13T15:58:25Z</time>
    
   </trkpt>
   <trkpt lat="40.0133100" lon="-105.6421160">
    <ele>3643.6</ele>
    <time>2026-09-13T15:58:29Z</time>
    
   </trkpt>
   <trkpt lat="40.0133160" lon="-105.6421170">
    <ele>3643.0</ele>
    <time>2026-09-13T15:58:36Z</time>
    
   </trkpt>
   <trkpt lat="40.0133210" lon="-105.6421020">
    <ele>3643.6</ele>
    <time>2026-09-13T15:58:41Z</time>
    
   </trkpt>
   <trkpt lat="40.0133210" lon="-105.6421010">
    <ele>3643.8</ele>
    <time>2026-09-13T15:58:42Z</time>
    
   </trkpt>
   <trkpt lat="40.0133210" lon="-105.6421000">
    <ele>3644.6</ele>
    <time>2026-09-13T15:58:50Z</time>
    
   </trkpt>
   <trkpt lat="40.0133210" lon="-105.6421000">
    <ele>3644.6</ele>
    <time>2026-09-13T15:58:51Z</time>
    
   </trkpt>
   <trkpt lat="40.0133210" lon="-105.6421000">
    <ele>3644.4</ele>
    <time>2026-09-13T15:58:53Z</time>
    
   </trkpt>
   <trkpt lat="40.0133210" lon="-105.6421000">
    <ele>3644.4</ele>
    <time>2026-09-13T15:58:55Z</time>
    
   </trkpt>
   <trkpt lat="40.0133210" lon="-105.6421000">
    <ele>3644.4</ele>
    <time>2026-09-13T15:59:00Z</time>
    
   </trkpt>
   <trkpt lat="40.0133210" lon="-105.6421000">
    <ele>3644.4</ele>
    <time>2026-09-13T15:59:01Z</time>
    
   </trkpt>
   <trkpt lat="40.0133220" lon="-105.6421000">
    <ele>3644.4</ele>
    <time>2026-09-13T15:59:05Z</time>
    
   </trkpt>
   <trkpt lat="40.0133230" lon="-105.6420990">
    <ele>3644.4</ele>
    <time>2026-09-13T15:59:15Z</time>
    
   </trkpt>
   <trkpt lat="40.0133210" lon="-105.6421090">
    <ele>3644.4</ele>
    <time>2026-09-13T15:59:30Z</time>
    
   </trkpt>
   <trkpt lat="40.0133200" lon="-105.6421080">
    <ele>3644.4</ele>
    <time>2026-09-13T15:59:33Z</time>
    
   </trkpt>
   <trkpt lat="40.0133150" lon="-105.6421060">
    <ele>3644.4</ele>
    <time>2026-09-13T15:59:38Z</time>
    
   </trkpt>
   <trkpt lat="40.0133100" lon="-105.6420960">
    <ele>3644.4</ele>
    <time>2026-09-13T15:59:40Z</time>
    
   </trkpt>
   <trkpt lat="40.0132360" lon="-105.6420380">
    <ele>3644.4</ele>
    <time>2026-09-13T15:59:49Z</time>
    
   </trkpt>
   <trkpt lat="40.0132110" lon="-105.6420260">
    <ele>3644.4</ele>
    <time>2026-09-13T15:59:52Z</time>
    
   </trkpt>
   <trkpt lat="40.0131870" lon="-105.6420250">
    <ele>3643.4</ele>
    <time>2026-09-13T15:59:54Z</time>
    
   </trkpt>
   <trkpt lat="40.0131810" lon="-105.6420240">
    <ele>3642.8</ele>
    <time>2026-09-13T15:59:55Z</time>
    
   </trkpt>
   <trkpt lat="40.0131620" lon="-105.6420240">
    <ele>3642.0</ele>
    <time>2026-09-13T15:59:57Z</time>
    
   </trkpt>
   <trkpt lat="40.0131540" lon="-105.6420220">
    <ele>3641.6</ele>
    <time>2026-09-13T15:59:58Z</time>
    
   </trkpt>
   <trkpt lat="40.0131230" lon="-105.6419970">
    <ele>3640.8</ele>
    <time>2026-09-13T16:00:02Z</time>
    
   </trkpt>
   <trkpt lat="40.0131160" lon="-105.6419910">
    <ele>3640.6</ele>
    <time>2026-09-13T16:00:03Z</time>
    
   </trkpt>
   <trkpt lat="40.0131060" lon="-105.6419850">
    <ele>3640.4</ele>
    <time>2026-09-13T16:00:04Z</time>
    
   </trkpt>
   <trkpt lat="40.0130980" lon="-105.6419770">
    <ele>3640.0</ele>
    <time>2026-09-13T16:00:05Z</time>
    
   </trkpt>
   <trkpt lat="40.0130480" lon="-105.6419340">
    <ele>3639.4</ele>
    <time>2026-09-13T16:00:10Z</time>
    
   </trkpt>
   <trkpt lat="40.0130270" lon="-105.6419200">
    <ele>3639.2</ele>
    <time>2026-09-13T16:00:12Z</time>
    
   </trkpt>
   <trkpt lat="40.0129940" lon="-105.6419060">
    <ele>3639.0</ele>
    <time>2026-09-13T16:00:15Z</time>
    
   </trkpt>
   <trkpt lat="40.0129710" lon="-105.6418840">
    <ele>3639.0</ele>
    <time>2026-09-13T16:00:18Z</time>
    
   </trkpt>
   <trkpt lat="40.0129460" lon="-105.6418790">
    <ele>3638.2</ele>
    <time>2026-09-13T16:00:21Z</time>
    
   </trkpt>
   <trkpt lat="40.0129440" lon="-105.6418940">
    <ele>3637.4</ele>
    <time>2026-09-13T16:00:23Z</time>
    
   </trkpt>
   <trkpt lat="40.0129490" lon="-105.6419060">
    <ele>3637.0</ele>
    <time>2026-09-13T16:00:24Z</time>
    
   </trkpt>
   <trkpt lat="40.0129550" lon="-105.6419300">
    <ele>3635.8</ele>
    <time>2026-09-13T16:00:27Z</time>
    
   </trkpt>
   <trkpt lat="40.0129500" lon="-105.6419560">
    <ele>3635.4</ele>
    <time>2026-09-13T16:00:29Z</time>
    
   </trkpt>
   <trkpt lat="40.0129450" lon="-105.6419830">
    <ele>3635.0</ele>
    <time>2026-09-13T16:00:31Z</time>
    
   </trkpt>
   <trkpt lat="40.0129480" lon="-105.6420120">
    <ele>3634.6</ele>
    <time>2026-09-13T16:00:33Z</time>
    
   </trkpt>
   <trkpt lat="40.0129520" lon="-105.6420270">
    <ele>3634.4</ele>
    <time>2026-09-13T16:00:34Z</time>
    
   </trkpt>
   <trkpt lat="40.0129570" lon="-105.6420660">
    <ele>3633.4</ele>
    <time>2026-09-13T16:00:37Z</time>
    
   </trkpt>
   <trkpt lat="40.0129840" lon="-105.6421430">
    <ele>3632.2</ele>
    <time>2026-09-13T16:00:42Z</time>
    
   </trkpt>
   <trkpt lat="40.0129890" lon="-105.6421620">
    <ele>3632.0</ele>
    <time>2026-09-13T16:00:43Z</time>
    
   </trkpt>
   <trkpt lat="40.0129990" lon="-105.6421960">
    <ele>3631.8</ele>
    <time>2026-09-13T16:00:45Z</time>
    
   </trkpt>
   <trkpt lat="40.0130030" lon="-105.6422130">
    <ele>3631.8</ele>
    <time>2026-09-13T16:00:46Z</time>
    
   </trkpt>
   <trkpt lat="40.0130120" lon="-105.6422350">
    <ele>3631.8</ele>
    <time>2026-09-13T16:00:48Z</time>
    
   </trkpt>
   <trkpt lat="40.0130140" lon="-105.6422620">
    <ele>3632.0</ele>
    <time>2026-09-13T16:00:50Z</time>
    
   </trkpt>
   <trkpt lat="40.0130170" lon="-105.6423680">
    <ele>3631.0</ele>
    <time>2026-09-13T16:00:58Z</time>
    
   </trkpt>
   <trkpt lat="40.0130320" lon="-105.6424270">
    <ele>3630.0</ele>
    <time>2026-09-13T16:01:03Z</time>
    
   </trkpt>
   <trkpt lat="40.0130350" lon="-105.6424420">
    <ele>3629.8</ele>
    <time>2026-09-13T16:01:04Z</time>
    
   </trkpt>
   <trkpt lat="40.0130340" lon="-105.6424570">
    <ele>3629.8</ele>
    <time>2026-09-13T16:01:05Z</time>
    
   </trkpt>
   <trkpt lat="40.0130310" lon="-105.6424850">
    <ele>3629.6</ele>
    <time>2026-09-13T16:01:07Z</time>
    
   </trkpt>
   <trkpt lat="40.0130350" lon="-105.6425400">
    <ele>3628.4</ele>
    <time>2026-09-13T16:01:11Z</time>
    
   </trkpt>
   <trkpt lat="40.0130390" lon="-105.6425540">
    <ele>3627.8</ele>
    <time>2026-09-13T16:01:12Z</time>
    
   </trkpt>
   <trkpt lat="40.0130490" lon="-105.6425780">
    <ele>3627.2</ele>
    <time>2026-09-13T16:01:14Z</time>
    
   </trkpt>
   <trkpt lat="40.0130540" lon="-105.6426240">
    <ele>3626.4</ele>
    <time>2026-09-13T16:01:17Z</time>
    
   </trkpt>
   <trkpt lat="40.0130520" lon="-105.6426590">
    <ele>3626.2</ele>
    <time>2026-09-13T16:01:19Z</time>
    
   </trkpt>
   <trkpt lat="40.0130510" lon="-105.6426920">
    <ele>3625.2</ele>
    <time>2026-09-13T16:01:21Z</time>
    
   </trkpt>
   <trkpt lat="40.0130560" lon="-105.6427030">
    <ele>3625.0</ele>
    <time>2026-09-13T16:01:22Z</time>
    
   </trkpt>
   <trkpt lat="40.0130580" lon="-105.6427160">
    <ele>3624.8</ele>
    <time>2026-09-13T16:01:23Z</time>
    
   </trkpt>
   <trkpt lat="40.0130590" lon="-105.6427290">
    <ele>3624.6</ele>
    <time>2026-09-13T16:01:24Z</time>
    
   </trkpt>
   <trkpt lat="40.0130660" lon="-105.6427960">
    <ele>3624.8</ele>
    <time>2026-09-13T16:01:28Z</time>
    
   </trkpt>
   <trkpt lat="40.0130700" lon="-105.6428110">
    <ele>3624.8</ele>
    <time>2026-09-13T16:01:29Z</time>
    
   </trkpt>
   <trkpt lat="40.0130870" lon="-105.6428980">
    <ele>3623.8</ele>
    <time>2026-09-13T16:01:35Z</time>
    
   </trkpt>
   <trkpt lat="40.0130900" lon="-105.6429940">
    <ele>3622.8</ele>
    <time>2026-09-13T16:01:41Z</time>
    
   </trkpt>
   <trkpt lat="40.0130900" lon="-105.6430080">
    <ele>3622.6</ele>
    <time>2026-09-13T16:01:42Z</time>
    
   </trkpt>
   <trkpt lat="40.0130950" lon="-105.6430530">
    <ele>3622.0</ele>
    <time>2026-09-13T16:01:45Z</time>
    
   </trkpt>
   <trkpt lat="40.0130960" lon="-105.6430690">
    <ele>3621.8</ele>
    <time>2026-09-13T16:01:46Z</time>
    
   </trkpt>
   <trkpt lat="40.0130930" lon="-105.6431000">
    <ele>3621.0</ele>
    <time>2026-09-13T16:01:48Z</time>
    
   </trkpt>
   <trkpt lat="40.0130920" lon="-105.6431140">
    <ele>3620.8</ele>
    <time>2026-09-13T16:01:49Z</time>
    
   </trkpt>
   <trkpt lat="40.0130830" lon="-105.6432090">
    <ele>3620.0</ele>
    <time>2026-09-13T16:01:55Z</time>
    
   </trkpt>
   <trkpt lat="40.0130740" lon="-105.6432560">
    <ele>3619.8</ele>
    <time>2026-09-13T16:01:58Z</time>
    
   </trkpt>
   <trkpt lat="40.0130570" lon="-105.6433070">
    <ele>3619.0</ele>
    <time>2026-09-13T16:02:01Z</time>
    
   </trkpt>
   <trkpt lat="40.0130450" lon="-105.6433730">
    <ele>3618.6</ele>
    <time>2026-09-13T16:02:05Z</time>
    
   </trkpt>
   <trkpt lat="40.0130320" lon="-105.6434180">
    <ele>3617.8</ele>
    <time>2026-09-13T16:02:08Z</time>
    
   </trkpt>
   <trkpt lat="40.0130320" lon="-105.6434320">
    <ele>3617.4</ele>
    <time>2026-09-13T16:02:09Z</time>
    
   </trkpt>
   <trkpt lat="40.0130410" lon="-105.6434880">
    <ele>3616.8</ele>
    <time>2026-09-13T16:02:13Z</time>
    
   </trkpt>
   <trkpt lat="40.0130250" lon="-105.6435210">
    <ele>3616.4</ele>
    <time>2026-09-13T16:02:15Z</time>
    
   </trkpt>
   <trkpt lat="40.0129960" lon="-105.6435820">
    <ele>3615.4</ele>
    <time>2026-09-13T16:02:19Z</time>
    
   </trkpt>
   <trkpt lat="40.0130000" lon="-105.6436870">
    <ele>3615.0</ele>
    <time>2026-09-13T16:02:25Z</time>
    
   </trkpt>
   <trkpt lat="40.0129980" lon="-105.6437340">
    <ele>3614.4</ele>
    <time>2026-09-13T16:02:28Z</time>
    
   </trkpt>
   <trkpt lat="40.0129850" lon="-105.6437990">
    <ele>3613.2</ele>
    <time>2026-09-13T16:02:32Z</time>
    
   </trkpt>
   <trkpt lat="40.0129590" lon="-105.6438600">
    <ele>3612.0</ele>
    <time>2026-09-13T16:02:36Z</time>
    
   </trkpt>
   <trkpt lat="40.0129460" lon="-105.6439060">
    <ele>3611.2</ele>
    <time>2026-09-13T16:02:39Z</time>
    
   </trkpt>
   <trkpt lat="40.0129430" lon="-105.6439200">
    <ele>3611.0</ele>
    <time>2026-09-13T16:02:40Z</time>
    
   </trkpt>
   <trkpt lat="40.0129360" lon="-105.6439290">
    <ele>3610.8</ele>
    <time>2026-09-13T16:02:41Z</time>
    
   </trkpt>
   <trkpt lat="40.0129000" lon="-105.6439510">
    <ele>3609.8</ele>
    <time>2026-09-13T16:02:44Z</time>
    
   </trkpt>
   <trkpt lat="40.0128540" lon="-105.6439880">
    <ele>3608.8</ele>
    <time>2026-09-13T16:02:48Z</time>
    
   </trkpt>
   <trkpt lat="40.0128320" lon="-105.6440150">
    <ele>3608.4</ele>
    <time>2026-09-13T16:02:50Z</time>
    
   </trkpt>
   <trkpt lat="40.0128030" lon="-105.6440500">
    <ele>3607.8</ele>
    <time>2026-09-13T16:02:53Z</time>
    
   </trkpt>
   <trkpt lat="40.0127770" lon="-105.6440880">
    <ele>3607.0</ele>
    <time>2026-09-13T16:02:56Z</time>
    
   </trkpt>
   <trkpt lat="40.0127730" lon="-105.6441010">
    <ele>3606.6</ele>
    <time>2026-09-13T16:02:57Z</time>
    
   </trkpt>
   <trkpt lat="40.0127630" lon="-105.6441320">
    <ele>3605.8</ele>
    <time>2026-09-13T16:03:00Z</time>
    
   </trkpt>
   <trkpt lat="40.0127570" lon="-105.6441480">
    <ele>3605.6</ele>
    <time>2026-09-13T16:03:01Z</time>
    
   </trkpt>
   <trkpt lat="40.0127370" lon="-105.6442000">
    <ele>3605.2</ele>
    <time>2026-09-13T16:03:05Z</time>
    
   </trkpt>
   <trkpt lat="40.0127280" lon="-105.6442130">
    <ele>3605.2</ele>
    <time>2026-09-13T16:03:06Z</time>
    
   </trkpt>
   <trkpt lat="40.0127230" lon="-105.6442460">
    <ele>3604.6</ele>
    <time>2026-09-13T16:03:08Z</time>
    
   </trkpt>
   <trkpt lat="40.0127140" lon="-105.6442730">
    <ele>3603.6</ele>
    <time>2026-09-13T16:03:10Z</time>
    
   </trkpt>
   <trkpt lat="40.0127140" lon="-105.6442880">
    <ele>3603.4</ele>
    <time>2026-09-13T16:03:11Z</time>
    
   </trkpt>
   <trkpt lat="40.0127120" lon="-105.6443030">
    <ele>3603.0</ele>
    <time>2026-09-13T16:03:12Z</time>
    
   </trkpt>
   <trkpt lat="40.0127190" lon="-105.6443490">
    <ele>3602.8</ele>
    <time>2026-09-13T16:03:15Z</time>
    
   </trkpt>
   <trkpt lat="40.0127140" lon="-105.6443800">
    <ele>3602.8</ele>
    <time>2026-09-13T16:03:17Z</time>
    
   </trkpt>
   <trkpt lat="40.0127080" lon="-105.6443940">
    <ele>3602.6</ele>
    <time>2026-09-13T16:03:18Z</time>
    
   </trkpt>
   <trkpt lat="40.0127020" lon="-105.6444100">
    <ele>3602.6</ele>
    <time>2026-09-13T16:03:19Z</time>
    
   </trkpt>
   <trkpt lat="40.0126850" lon="-105.6444480">
    <ele>3602.2</ele>
    <time>2026-09-13T16:03:22Z</time>
    
   </trkpt>
   <trkpt lat="40.0126590" lon="-105.6444700">
    <ele>3602.0</ele>
    <time>2026-09-13T16:03:24Z</time>
    
   </trkpt>
   <trkpt lat="40.0126340" lon="-105.6444910">
    <ele>3601.6</ele>
    <time>2026-09-13T16:03:26Z</time>
    
   </trkpt>
   <trkpt lat="40.0126140" lon="-105.6445210">
    <ele>3601.2</ele>
    <time>2026-09-13T16:03:28Z</time>
    
   </trkpt>
   <trkpt lat="40.0126010" lon="-105.6445540">
    <ele>3601.0</ele>
    <time>2026-09-13T16:03:30Z</time>
    
   </trkpt>
   <trkpt lat="40.0125820" lon="-105.6446030">
    <ele>3600.4</ele>
    <time>2026-09-13T16:03:33Z</time>
    
   </trkpt>
   <trkpt lat="40.0125790" lon="-105.6446200">
    <ele>3600.0</ele>
    <time>2026-09-13T16:03:34Z</time>
    
   </trkpt>
   <trkpt lat="40.0125560" lon="-105.6446610">
    <ele>3598.8</ele>
    <time>2026-09-13T16:03:37Z</time>
    
   </trkpt>
   <trkpt lat="40.0125460" lon="-105.6446750">
    <ele>3598.6</ele>
    <time>2026-09-13T16:03:38Z</time>
    
   </trkpt>
   <trkpt lat="40.0125270" lon="-105.6447160">
    <ele>3598.2</ele>
    <time>2026-09-13T16:03:41Z</time>
    
   </trkpt>
   <trkpt lat="40.0125220" lon="-105.6447260">
    <ele>3598.0</ele>
    <time>2026-09-13T16:03:42Z</time>
    
   </trkpt>
   <trkpt lat="40.0125070" lon="-105.6447470">
    <ele>3597.8</ele>
    <time>2026-09-13T16:03:44Z</time>
    
   </trkpt>
   <trkpt lat="40.0124730" lon="-105.6447880">
    <ele>3596.8</ele>
    <time>2026-09-13T16:03:48Z</time>
    
   </trkpt>
   <trkpt lat="40.0124650" lon="-105.6448010">
    <ele>3596.4</ele>
    <time>2026-09-13T16:03:49Z</time>
    
   </trkpt>
   <trkpt lat="40.0124470" lon="-105.6448230">
    <ele>3595.8</ele>
    <time>2026-09-13T16:03:51Z</time>
    
   </trkpt>
   <trkpt lat="40.0124210" lon="-105.6448470">
    <ele>3595.2</ele>
    <time>2026-09-13T16:03:54Z</time>
    
   </trkpt>
   <trkpt lat="40.0124040" lon="-105.6448680">
    <ele>3594.8</ele>
    <time>2026-09-13T16:03:56Z</time>
    
   </trkpt>
   <trkpt lat="40.0124010" lon="-105.6448880">
    <ele>3594.4</ele>
    <time>2026-09-13T16:03:57Z</time>
    
   </trkpt>
   <trkpt lat="40.0123990" lon="-105.6449020">
    <ele>3594.0</ele>
    <time>2026-09-13T16:03:58Z</time>
    
   </trkpt>
   <trkpt lat="40.0123860" lon="-105.6449240">
    <ele>3593.8</ele>
    <time>2026-09-13T16:04:00Z</time>
    
   </trkpt>
   <trkpt lat="40.0123710" lon="-105.6449470">
    <ele>3593.4</ele>
    <time>2026-09-13T16:04:02Z</time>
    
   </trkpt>
   <trkpt lat="40.0123600" lon="-105.6449570">
    <ele>3593.2</ele>
    <time>2026-09-13T16:04:03Z</time>
    
   </trkpt>
   <trkpt lat="40.0123340" lon="-105.6449810">
    <ele>3592.8</ele>
    <time>2026-09-13T16:04:05Z</time>
    
   </trkpt>
   <trkpt lat="40.0123240" lon="-105.6449920">
    <ele>3592.6</ele>
    <time>2026-09-13T16:04:06Z</time>
    
   </trkpt>
   <trkpt lat="40.0123020" lon="-105.6450280">
    <ele>3592.0</ele>
    <time>2026-09-13T16:04:09Z</time>
    
   </trkpt>
   <trkpt lat="40.0122760" lon="-105.6450800">
    <ele>3591.4</ele>
    <time>2026-09-13T16:04:13Z</time>
    
   </trkpt>
   <trkpt lat="40.0122660" lon="-105.6450840">
    <ele>3591.0</ele>
    <time>2026-09-13T16:04:14Z</time>
    
   </trkpt>
   <trkpt lat="40.0122520" lon="-105.6450890">
    <ele>3591.0</ele>
    <time>2026-09-13T16:04:15Z</time>
    
   </trkpt>
   <trkpt lat="40.0122390" lon="-105.6450990">
    <ele>3590.8</ele>
    <time>2026-09-13T16:04:16Z</time>
    
   </trkpt>
   <trkpt lat="40.0122200" lon="-105.6451380">
    <ele>3590.0</ele>
    <time>2026-09-13T16:04:19Z</time>
    
   </trkpt>
   <trkpt lat="40.0121950" lon="-105.6451810">
    <ele>3588.8</ele>
    <time>2026-09-13T16:04:22Z</time>
    
   </trkpt>
   <trkpt lat="40.0121720" lon="-105.6452190">
    <ele>3587.8</ele>
    <time>2026-09-13T16:04:25Z</time>
    
   </trkpt>
   <trkpt lat="40.0121620" lon="-105.6452280">
    <ele>3587.6</ele>
    <time>2026-09-13T16:04:26Z</time>
    
   </trkpt>
   <trkpt lat="40.0121420" lon="-105.6452490">
    <ele>3587.2</ele>
    <time>2026-09-13T16:04:28Z</time>
    
   </trkpt>
   <trkpt lat="40.0121000" lon="-105.6452880">
    <ele>3586.8</ele>
    <time>2026-09-13T16:04:32Z</time>
    
   </trkpt>
   <trkpt lat="40.0120900" lon="-105.6452970">
    <ele>3586.6</ele>
    <time>2026-09-13T16:04:33Z</time>
    
   </trkpt>
   <trkpt lat="40.0120520" lon="-105.6453340">
    <ele>3585.4</ele>
    <time>2026-09-13T16:04:37Z</time>
    
   </trkpt>
   <trkpt lat="40.0120440" lon="-105.6453460">
    <ele>3585.2</ele>
    <time>2026-09-13T16:04:38Z</time>
    
   </trkpt>
   <trkpt lat="40.0119840" lon="-105.6454120">
    <ele>3584.8</ele>
    <time>2026-09-13T16:04:44Z</time>
    
   </trkpt>
   <trkpt lat="40.0119470" lon="-105.6454800">
    <ele>3584.2</ele>
    <time>2026-09-13T16:04:50Z</time>
    
   </trkpt>
   <trkpt lat="40.0119430" lon="-105.6454890">
    <ele>3583.8</ele>
    <time>2026-09-13T16:04:51Z</time>
    
   </trkpt>
   <trkpt lat="40.0119370" lon="-105.6454980">
    <ele>3583.4</ele>
    <time>2026-09-13T16:04:52Z</time>
    
   </trkpt>
   <trkpt lat="40.0119290" lon="-105.6455070">
    <ele>3583.0</ele>
    <time>2026-09-13T16:04:53Z</time>
    
   </trkpt>
   <trkpt lat="40.0119080" lon="-105.6455230">
    <ele>3582.6</ele>
    <time>2026-09-13T16:04:55Z</time>
    
   </trkpt>
   <trkpt lat="40.0118710" lon="-105.6455560">
    <ele>3582.0</ele>
    <time>2026-09-13T16:04:58Z</time>
    
   </trkpt>
   <trkpt lat="40.0118450" lon="-105.6455950">
    <ele>3580.8</ele>
    <time>2026-09-13T16:05:01Z</time>
    
   </trkpt>
   <trkpt lat="40.0118250" lon="-105.6456600">
    <ele>3580.6</ele>
    <time>2026-09-13T16:05:05Z</time>
    
   </trkpt>
   <trkpt lat="40.0118250" lon="-105.6456780">
    <ele>3580.6</ele>
    <time>2026-09-13T16:05:06Z</time>
    
   </trkpt>
   <trkpt lat="40.0118100" lon="-105.6457620">
    <ele>3579.6</ele>
    <time>2026-09-13T16:05:11Z</time>
    
   </trkpt>
   <trkpt lat="40.0118030" lon="-105.6457770">
    <ele>3579.2</ele>
    <time>2026-09-13T16:05:12Z</time>
    
   </trkpt>
   <trkpt lat="40.0117990" lon="-105.6457890">
    <ele>3579.0</ele>
    <time>2026-09-13T16:05:13Z</time>
    
   </trkpt>
   <trkpt lat="40.0117910" lon="-105.6458090">
    <ele>3578.2</ele>
    <time>2026-09-13T16:05:15Z</time>
    
   </trkpt>
   <trkpt lat="40.0117810" lon="-105.6458340">
    <ele>3577.6</ele>
    <time>2026-09-13T16:05:17Z</time>
    
   </trkpt>
   <trkpt lat="40.0117660" lon="-105.6458760">
    <ele>3577.2</ele>
    <time>2026-09-13T16:05:20Z</time>
    
   </trkpt>
   <trkpt lat="40.0117600" lon="-105.6458880">
    <ele>3577.0</ele>
    <time>2026-09-13T16:05:21Z</time>
    
   </trkpt>
   <trkpt lat="40.0117470" lon="-105.6459320">
    <ele>3576.8</ele>
    <time>2026-09-13T16:05:24Z</time>
    
   </trkpt>
   <trkpt lat="40.0117460" lon="-105.6459580">
    <ele>3576.4</ele>
    <time>2026-09-13T16:05:26Z</time>
    
   </trkpt>
   <trkpt lat="40.0117180" lon="-105.6460380">
    <ele>3576.6</ele>
    <time>2026-09-13T16:05:32Z</time>
    
   </trkpt>
   <trkpt lat="40.0117110" lon="-105.6460650">
    <ele>3576.8</ele>
    <time>2026-09-13T16:05:34Z</time>
    
   </trkpt>
   <trkpt lat="40.0116860" lon="-105.6461080">
    <ele>3575.8</ele>
    <time>2026-09-13T16:05:38Z</time>
    
   </trkpt>
   <trkpt lat="40.0116730" lon="-105.6461300">
    <ele>3575.0</ele>
    <time>2026-09-13T16:05:40Z</time>
    
   </trkpt>
   <trkpt lat="40.0116690" lon="-105.6461440">
    <ele>3574.6</ele>
    <time>2026-09-13T16:05:41Z</time>
    
   </trkpt>
   <trkpt lat="40.0116640" lon="-105.6461530">
    <ele>3574.4</ele>
    <time>2026-09-13T16:05:42Z</time>
    
   </trkpt>
   <trkpt lat="40.0116450" lon="-105.6461700">
    <ele>3574.0</ele>
    <time>2026-09-13T16:05:44Z</time>
    
   </trkpt>
   <trkpt lat="40.0116260" lon="-105.6461750">
    <ele>3573.4</ele>
    <time>2026-09-13T16:05:46Z</time>
    
   </trkpt>
   <trkpt lat="40.0115720" lon="-105.6462060">
    <ele>3573.0</ele>
    <time>2026-09-13T16:05:50Z</time>
    
   </trkpt>
   <trkpt lat="40.0115060" lon="-105.6462540">
    <ele>3572.2</ele>
    <time>2026-09-13T16:05:56Z</time>
    
   </trkpt>
   <trkpt lat="40.0114940" lon="-105.6462650">
    <ele>3572.0</ele>
    <time>2026-09-13T16:05:57Z</time>
    
   </trkpt>
   <trkpt lat="40.0114600" lon="-105.6463170">
    <ele>3571.2</ele>
    <time>2026-09-13T16:06:01Z</time>
    
   </trkpt>
   <trkpt lat="40.0114430" lon="-105.6463540">
    <ele>3571.0</ele>
    <time>2026-09-13T16:06:04Z</time>
    
   </trkpt>
   <trkpt lat="40.0113980" lon="-105.6463950">
    <ele>3570.4</ele>
    <time>2026-09-13T16:06:09Z</time>
    
   </trkpt>
   <trkpt lat="40.0113900" lon="-105.6464010">
    <ele>3570.2</ele>
    <time>2026-09-13T16:06:10Z</time>
    
   </trkpt>
   <trkpt lat="40.0113490" lon="-105.6464290">
    <ele>3569.2</ele>
    <time>2026-09-13T16:06:14Z</time>
    
   </trkpt>
   <trkpt lat="40.0113350" lon="-105.6464280">
    <ele>3568.4</ele>
    <time>2026-09-13T16:06:16Z</time>
    
   </trkpt>
   <trkpt lat="40.0113240" lon="-105.6464270">
    <ele>3567.8</ele>
    <time>2026-09-13T16:06:17Z</time>
    
   </trkpt>
   <trkpt lat="40.0112980" lon="-105.6464390">
    <ele>3566.8</ele>
    <time>2026-09-13T16:06:20Z</time>
    
   </trkpt>
   <trkpt lat="40.0112690" lon="-105.6464430">
    <ele>3565.6</ele>
    <time>2026-09-13T16:06:23Z</time>
    
   </trkpt>
   <trkpt lat="40.0112580" lon="-105.6464410">
    <ele>3565.2</ele>
    <time>2026-09-13T16:06:24Z</time>
    
   </trkpt>
   <trkpt lat="40.0112410" lon="-105.6464400">
    <ele>3564.2</ele>
    <time>2026-09-13T16:06:26Z</time>
    
   </trkpt>
   <trkpt lat="40.0111900" lon="-105.6464320">
    <ele>3563.2</ele>
    <time>2026-09-13T16:06:30Z</time>
    
   </trkpt>
   <trkpt lat="40.0111620" lon="-105.6464280">
    <ele>3562.8</ele>
    <time>2026-09-13T16:06:32Z</time>
    
   </trkpt>
   <trkpt lat="40.0111070" lon="-105.6464350">
    <ele>3562.2</ele>
    <time>2026-09-13T16:06:37Z</time>
    
   </trkpt>
   <trkpt lat="40.0110940" lon="-105.6464340">
    <ele>3562.0</ele>
    <time>2026-09-13T16:06:38Z</time>
    
   </trkpt>
   <trkpt lat="40.0110670" lon="-105.6464340">
    <ele>3561.0</ele>
    <time>2026-09-13T16:06:41Z</time>
    
   </trkpt>
   <trkpt lat="40.0110570" lon="-105.6464320">
    <ele>3560.4</ele>
    <time>2026-09-13T16:06:42Z</time>
    
   </trkpt>
   <trkpt lat="40.0110480" lon="-105.6464280">
    <ele>3560.0</ele>
    <time>2026-09-13T16:06:43Z</time>
    
   </trkpt>
   <trkpt lat="40.0110400" lon="-105.6464220">
    <ele>3559.6</ele>
    <time>2026-09-13T16:06:44Z</time>
    
   </trkpt>
   <trkpt lat="40.0110150" lon="-105.6464070">
    <ele>3559.0</ele>
    <time>2026-09-13T16:06:47Z</time>
    
   </trkpt>
   <trkpt lat="40.0109720" lon="-105.6463870">
    <ele>3558.4</ele>
    <time>2026-09-13T16:06:51Z</time>
    
   </trkpt>
   <trkpt lat="40.0109350" lon="-105.6463770">
    <ele>3557.4</ele>
    <time>2026-09-13T16:06:54Z</time>
    
   </trkpt>
   <trkpt lat="40.0109250" lon="-105.6463750">
    <ele>3557.0</ele>
    <time>2026-09-13T16:06:55Z</time>
    
   </trkpt>
   <trkpt lat="40.0108790" lon="-105.6463490">
    <ele>3556.2</ele>
    <time>2026-09-13T16:07:00Z</time>
    
   </trkpt>
   <trkpt lat="40.0108580" lon="-105.6463420">
    <ele>3556.0</ele>
    <time>2026-09-13T16:07:02Z</time>
    
   </trkpt>
   <trkpt lat="40.0108350" lon="-105.6463380">
    <ele>3555.4</ele>
    <time>2026-09-13T16:07:05Z</time>
    
   </trkpt>
   <trkpt lat="40.0108230" lon="-105.6463300">
    <ele>3555.0</ele>
    <time>2026-09-13T16:07:07Z</time>
    
   </trkpt>
   <trkpt lat="40.0108150" lon="-105.6463280">
    <ele>3554.8</ele>
    <time>2026-09-13T16:07:08Z</time>
    
   </trkpt>
   <trkpt lat="40.0108060" lon="-105.6463240">
    <ele>3554.4</ele>
    <time>2026-09-13T16:07:09Z</time>
    
   </trkpt>
   <trkpt lat="40.0107430" lon="-105.6463170">
    <ele>3553.6</ele>
    <time>2026-09-13T16:07:15Z</time>
    
   </trkpt>
   <trkpt lat="40.0107100" lon="-105.6463160">
    <ele>3552.6</ele>
    <time>2026-09-13T16:07:18Z</time>
    
   </trkpt>
   <trkpt lat="40.0106690" lon="-105.6463090">
    <ele>3551.6</ele>
    <time>2026-09-13T16:07:22Z</time>
    
   </trkpt>
   <trkpt lat="40.0106350" lon="-105.6463100">
    <ele>3551.2</ele>
    <time>2026-09-13T16:07:25Z</time>
    
   </trkpt>
   <trkpt lat="40.0106230" lon="-105.6463100">
    <ele>3551.0</ele>
    <time>2026-09-13T16:07:26Z</time>
    
   </trkpt>
   <trkpt lat="40.0105890" lon="-105.6463100">
    <ele>3550.6</ele>
    <time>2026-09-13T16:07:29Z</time>
    
   </trkpt>
   <trkpt lat="40.0105670" lon="-105.6463040">
    <ele>3550.4</ele>
    <time>2026-09-13T16:07:31Z</time>
    
   </trkpt>
   <trkpt lat="40.0105170" lon="-105.6462860">
    <ele>3549.4</ele>
    <time>2026-09-13T16:07:35Z</time>
    
   </trkpt>
   <trkpt lat="40.0104530" lon="-105.6462580">
    <ele>3548.8</ele>
    <time>2026-09-13T16:07:40Z</time>
    
   </trkpt>
   <trkpt lat="40.0104070" lon="-105.6462510">
    <ele>3548.4</ele>
    <time>2026-09-13T16:07:44Z</time>
    
   </trkpt>
   <trkpt lat="40.0103620" lon="-105.6462400">
    <ele>3547.6</ele>
    <time>2026-09-13T16:07:47Z</time>
    
   </trkpt>
   <trkpt lat="40.0103490" lon="-105.6462420">
    <ele>3547.6</ele>
    <time>2026-09-13T16:07:48Z</time>
    
   </trkpt>
   <trkpt lat="40.0103170" lon="-105.6462430">
    <ele>3547.6</ele>
    <time>2026-09-13T16:07:51Z</time>
    
   </trkpt>
   <trkpt lat="40.0103170" lon="-105.6462430">
    <ele>3547.8</ele>
    <time>2026-09-13T16:07:54Z</time>
    
   </trkpt>
   <trkpt lat="40.0103180" lon="-105.6462420">
    <ele>3548.0</ele>
    <time>2026-09-13T16:07:58Z</time>
    
   </trkpt>
   <trkpt lat="40.0103200" lon="-105.6462430">
    <ele>3548.0</ele>
    <time>2026-09-13T16:08:01Z</time>
    
   </trkpt>
   <trkpt lat="40.0103210" lon="-105.6462430">
    <ele>3547.8</ele>
    <time>2026-09-13T16:08:03Z</time>
    
   </trkpt>
   <trkpt lat="40.0103210" lon="-105.6462430">
    <ele>3547.6</ele>
    <time>2026-09-13T16:08:04Z</time>
    
   </trkpt>
   <trkpt lat="40.0103210" lon="-105.6462440">
    <ele>3547.4</ele>
    <time>2026-09-13T16:08:06Z</time>
    
   </trkpt>
   <trkpt lat="40.0103210" lon="-105.6462430">
    <ele>3547.4</ele>
    <time>2026-09-13T16:08:10Z</time>
    
   </trkpt>
   <trkpt lat="40.0103250" lon="-105.6462410">
    <ele>3546.6</ele>
    <time>2026-09-13T16:08:23Z</time>
    
   </trkpt>
   <trkpt lat="40.0102700" lon="-105.6462290">
    <ele>3546.2</ele>
    <time>2026-09-13T16:08:28Z</time>
    
   </trkpt>
   <trkpt lat="40.0102540" lon="-105.6462330">
    <ele>3546.0</ele>
    <time>2026-09-13T16:08:29Z</time>
    
   </trkpt>
   <trkpt lat="40.0102390" lon="-105.6462360">
    <ele>3545.6</ele>
    <time>2026-09-13T16:08:30Z</time>
    
   </trkpt>
   <trkpt lat="40.0102060" lon="-105.6462340">
    <ele>3545.2</ele>
    <time>2026-09-13T16:08:32Z</time>
    
   </trkpt>
   <trkpt lat="40.0101640" lon="-105.6462210">
    <ele>3544.8</ele>
    <time>2026-09-13T16:08:35Z</time>
    
   </trkpt>
   <trkpt lat="40.0101190" lon="-105.6462200">
    <ele>3544.4</ele>
    <time>2026-09-13T16:08:38Z</time>
    
   </trkpt>
   <trkpt lat="40.0101060" lon="-105.6462200">
    <ele>3544.2</ele>
    <time>2026-09-13T16:08:39Z</time>
    
   </trkpt>
   <trkpt lat="40.0100930" lon="-105.6462200">
    <ele>3544.2</ele>
    <time>2026-09-13T16:08:40Z</time>
    
   </trkpt>
   <trkpt lat="40.0100790" lon="-105.6462180">
    <ele>3544.0</ele>
    <time>2026-09-13T16:08:41Z</time>
    
   </trkpt>
   <trkpt lat="40.0100650" lon="-105.6462150">
    <ele>3543.8</ele>
    <time>2026-09-13T16:08:42Z</time>
    
   </trkpt>
   <trkpt lat="40.0100520" lon="-105.6462140">
    <ele>3543.4</ele>
    <time>2026-09-13T16:08:43Z</time>
    
   </trkpt>
   <trkpt lat="40.0100380" lon="-105.6462130">
    <ele>3543.0</ele>
    <time>2026-09-13T16:08:44Z</time>
    
   </trkpt>
   <trkpt lat="40.0100110" lon="-105.6462050">
    <ele>3542.2</ele>
    <time>2026-09-13T16:08:46Z</time>
    
   </trkpt>
   <trkpt lat="40.0100000" lon="-105.6462000">
    <ele>3541.8</ele>
    <time>2026-09-13T16:08:47Z</time>
    
   </trkpt>
   <trkpt lat="40.0099880" lon="-105.6461960">
    <ele>3541.2</ele>
    <time>2026-09-13T16:08:48Z</time>
    
   </trkpt>
   <trkpt lat="40.0099770" lon="-105.6461910">
    <ele>3540.6</ele>
    <time>2026-09-13T16:08:49Z</time>
    
   </trkpt>
   <trkpt lat="40.0099550" lon="-105.6461820">
    <ele>3539.8</ele>
    <time>2026-09-13T16:08:51Z</time>
    
   </trkpt>
   <trkpt lat="40.0099460" lon="-105.6461780">
    <ele>3539.4</ele>
    <time>2026-09-13T16:08:52Z</time>
    
   </trkpt>
   <trkpt lat="40.0099140" lon="-105.6461720">
    <ele>3538.4</ele>
    <time>2026-09-13T16:08:55Z</time>
    
   </trkpt>
   <trkpt lat="40.0098990" lon="-105.6461850">
    <ele>3538.0</ele>
    <time>2026-09-13T16:08:57Z</time>
    
   </trkpt>
   <trkpt lat="40.0099000" lon="-105.6462350">
    <ele>3537.6</ele>
    <time>2026-09-13T16:09:00Z</time>
    
   </trkpt>
   <trkpt lat="40.0099130" lon="-105.6462780">
    <ele>3537.2</ele>
    <time>2026-09-13T16:09:03Z</time>
    
   </trkpt>
   <trkpt lat="40.0099250" lon="-105.6463430">
    <ele>3536.2</ele>
    <time>2026-09-13T16:09:07Z</time>
    
   </trkpt>
   <trkpt lat="40.0099290" lon="-105.6463610">
    <ele>3536.0</ele>
    <time>2026-09-13T16:09:08Z</time>
    
   </trkpt>
   <trkpt lat="40.0099450" lon="-105.6464100">
    <ele>3535.0</ele>
    <time>2026-09-13T16:09:11Z</time>
    
   </trkpt>
   <trkpt lat="40.0099550" lon="-105.6464420">
    <ele>3534.6</ele>
    <time>2026-09-13T16:09:13Z</time>
    
   </trkpt>
   <trkpt lat="40.0099710" lon="-105.6464720">
    <ele>3534.6</ele>
    <time>2026-09-13T16:09:15Z</time>
    
   </trkpt>
   <trkpt lat="40.0100100" lon="-105.6465410">
    <ele>3534.0</ele>
    <time>2026-09-13T16:09:20Z</time>
    
   </trkpt>
   <trkpt lat="40.0100120" lon="-105.6465590">
    <ele>3533.8</ele>
    <time>2026-09-13T16:09:21Z</time>
    
   </trkpt>
   <trkpt lat="40.0100170" lon="-105.6465890">
    <ele>3533.4</ele>
    <time>2026-09-13T16:09:23Z</time>
    
   </trkpt>
   <trkpt lat="40.0100260" lon="-105.6466390">
    <ele>3533.0</ele>
    <time>2026-09-13T16:09:26Z</time>
    
   </trkpt>
   <trkpt lat="40.0100320" lon="-105.6466550">
    <ele>3532.8</ele>
    <time>2026-09-13T16:09:27Z</time>
    
   </trkpt>
   <trkpt lat="40.0100400" lon="-105.6466680">
    <ele>3532.6</ele>
    <time>2026-09-13T16:09:28Z</time>
    
   </trkpt>
   <trkpt lat="40.0100580" lon="-105.6467050">
    <ele>3531.6</ele>
    <time>2026-09-13T16:09:31Z</time>
    
   </trkpt>
   <trkpt lat="40.0100640" lon="-105.6467190">
    <ele>3531.2</ele>
    <time>2026-09-13T16:09:32Z</time>
    
   </trkpt>
   <trkpt lat="40.0100830" lon="-105.6467450">
    <ele>3530.6</ele>
    <time>2026-09-13T16:09:34Z</time>
    
   </trkpt>
   <trkpt lat="40.0101110" lon="-105.6467930">
    <ele>3530.2</ele>
    <time>2026-09-13T16:09:38Z</time>
    
   </trkpt>
   <trkpt lat="40.0101200" lon="-105.6468090">
    <ele>3530.4</ele>
    <time>2026-09-13T16:09:40Z</time>
    
   </trkpt>
   <trkpt lat="40.0101260" lon="-105.6468320">
    <ele>3530.6</ele>
    <time>2026-09-13T16:09:42Z</time>
    
   </trkpt>
   <trkpt lat="40.0101590" lon="-105.6469020">
    <ele>3530.0</ele>
    <time>2026-09-13T16:09:47Z</time>
    
   </trkpt>
   <trkpt lat="40.0101710" lon="-105.6469290">
    <ele>3529.2</ele>
    <time>2026-09-13T16:09:49Z</time>
    
   </trkpt>
   <trkpt lat="40.0101810" lon="-105.6469540">
    <ele>3527.8</ele>
    <time>2026-09-13T16:09:51Z</time>
    
   </trkpt>
   <trkpt lat="40.0101930" lon="-105.6469800">
    <ele>3526.6</ele>
    <time>2026-09-13T16:09:53Z</time>
    
   </trkpt>
   <trkpt lat="40.0102040" lon="-105.6470060">
    <ele>3525.4</ele>
    <time>2026-09-13T16:09:55Z</time>
    
   </trkpt>
   <trkpt lat="40.0102090" lon="-105.6470200">
    <ele>3525.0</ele>
    <time>2026-09-13T16:09:56Z</time>
    
   </trkpt>
   <trkpt lat="40.0102210" lon="-105.6470610">
    <ele>3524.2</ele>
    <time>2026-09-13T16:09:59Z</time>
    
   </trkpt>
   <trkpt lat="40.0102430" lon="-105.6471010">
    <ele>3524.0</ele>
    <time>2026-09-13T16:10:02Z</time>
    
   </trkpt>
   <trkpt lat="40.0102510" lon="-105.6471150">
    <ele>3524.2</ele>
    <time>2026-09-13T16:10:03Z</time>
    
   </trkpt>
   <trkpt lat="40.0102790" lon="-105.6471900">
    <ele>3523.2</ele>
    <time>2026-09-13T16:10:08Z</time>
    
   </trkpt>
   <trkpt lat="40.0102830" lon="-105.6472040">
    <ele>3523.0</ele>
    <time>2026-09-13T16:10:09Z</time>
    
   </trkpt>
   <trkpt lat="40.0102940" lon="-105.6472460">
    <ele>3521.8</ele>
    <time>2026-09-13T16:10:12Z</time>
    
   </trkpt>
   <trkpt lat="40.0103030" lon="-105.6472800">
    <ele>3520.4</ele>
    <time>2026-09-13T16:10:14Z</time>
    
   </trkpt>
   <trkpt lat="40.0103090" lon="-105.6473260">
    <ele>3519.4</ele>
    <time>2026-09-13T16:10:17Z</time>
    
   </trkpt>
   <trkpt lat="40.0103100" lon="-105.6473420">
    <ele>3519.2</ele>
    <time>2026-09-13T16:10:18Z</time>
    
   </trkpt>
   <trkpt lat="40.0103200" lon="-105.6473930">
    <ele>3518.2</ele>
    <time>2026-09-13T16:10:21Z</time>
    
   </trkpt>
   <trkpt lat="40.0103270" lon="-105.6474090">
    <ele>3517.8</ele>
    <time>2026-09-13T16:10:22Z</time>
    
   </trkpt>
   <trkpt lat="40.0103780" lon="-105.6475140">
    <ele>3517.0</ele>
    <time>2026-09-13T16:10:28Z</time>
    
   </trkpt>
   <trkpt lat="40.0103870" lon="-105.6475300">
    <ele>3516.8</ele>
    <time>2026-09-13T16:10:29Z</time>
    
   </trkpt>
   <trkpt lat="40.0104100" lon="-105.6475970">
    <ele>3516.0</ele>
    <time>2026-09-13T16:10:34Z</time>
    
   </trkpt>
   <trkpt lat="40.0104190" lon="-105.6476220">
    <ele>3515.6</ele>
    <time>2026-09-13T16:10:36Z</time>
    
   </trkpt>
   <trkpt lat="40.0104450" lon="-105.6476790">
    <ele>3514.8</ele>
    <time>2026-09-13T16:10:41Z</time>
    
   </trkpt>
   <trkpt lat="40.0104500" lon="-105.6476900">
    <ele>3514.6</ele>
    <time>2026-09-13T16:10:42Z</time>
    
   </trkpt>
   <trkpt lat="40.0104620" lon="-105.6477160">
    <ele>3514.4</ele>
    <time>2026-09-13T16:10:44Z</time>
    
   </trkpt>
   <trkpt lat="40.0104790" lon="-105.6477500">
    <ele>3513.2</ele>
    <time>2026-09-13T16:10:47Z</time>
    
   </trkpt>
   <trkpt lat="40.0104890" lon="-105.6477750">
    <ele>3512.0</ele>
    <time>2026-09-13T16:10:49Z</time>
    
   </trkpt>
   <trkpt lat="40.0104990" lon="-105.6477980">
    <ele>3511.0</ele>
    <time>2026-09-13T16:10:51Z</time>
    
   </trkpt>
   <trkpt lat="40.0105090" lon="-105.6478310">
    <ele>3510.0</ele>
    <time>2026-09-13T16:10:54Z</time>
    
   </trkpt>
   <trkpt lat="40.0105220" lon="-105.6478710">
    <ele>3510.0</ele>
    <time>2026-09-13T16:10:57Z</time>
    
   </trkpt>
   <trkpt lat="40.0105280" lon="-105.6478850">
    <ele>3509.8</ele>
    <time>2026-09-13T16:10:58Z</time>
    
   </trkpt>
   <trkpt lat="40.0105400" lon="-105.6479190">
    <ele>3509.4</ele>
    <time>2026-09-13T16:11:01Z</time>
    
   </trkpt>
   <trkpt lat="40.0105660" lon="-105.6479910">
    <ele>3508.8</ele>
    <time>2026-09-13T16:11:07Z</time>
    
   </trkpt>
   <trkpt lat="40.0105710" lon="-105.6480040">
    <ele>3508.6</ele>
    <time>2026-09-13T16:11:08Z</time>
    
   </trkpt>
   <trkpt lat="40.0105950" lon="-105.6480570">
    <ele>3507.4</ele>
    <time>2026-09-13T16:11:12Z</time>
    
   </trkpt>
   <trkpt lat="40.0106110" lon="-105.6480790">
    <ele>3507.4</ele>
    <time>2026-09-13T16:11:14Z</time>
    
   </trkpt>
   <trkpt lat="40.0106190" lon="-105.6480870">
    <ele>3507.2</ele>
    <time>2026-09-13T16:11:15Z</time>
    
   </trkpt>
   <trkpt lat="40.0106220" lon="-105.6480940">
    <ele>3507.4</ele>
    <time>2026-09-13T16:11:16Z</time>
    
   </trkpt>
   <trkpt lat="40.0106230" lon="-105.6480990">
    <ele>3507.6</ele>
    <time>2026-09-13T16:11:17Z</time>
    
   </trkpt>
   <trkpt lat="40.0106220" lon="-105.6480990">
    <ele>3507.6</ele>
    <time>2026-09-13T16:11:18Z</time>
    
   </trkpt>
   <trkpt lat="40.0106210" lon="-105.6481000">
    <ele>3507.4</ele>
    <time>2026-09-13T16:11:21Z</time>
    
   </trkpt>
   <trkpt lat="40.0106300" lon="-105.6481590">
    <ele>3506.4</ele>
    <time>2026-09-13T16:11:26Z</time>
    
   </trkpt>
   <trkpt lat="40.0106370" lon="-105.6481720">
    <ele>3506.0</ele>
    <time>2026-09-13T16:11:27Z</time>
    
   </trkpt>
   <trkpt lat="40.0106520" lon="-105.6481900">
    <ele>3505.2</ele>
    <time>2026-09-13T16:11:29Z</time>
    
   </trkpt>
   <trkpt lat="40.0106610" lon="-105.6481950">
    <ele>3505.0</ele>
    <time>2026-09-13T16:11:30Z</time>
    
   </trkpt>
   <trkpt lat="40.0106860" lon="-105.6482220">
    <ele>3504.6</ele>
    <time>2026-09-13T16:11:33Z</time>
    
   </trkpt>
   <trkpt lat="40.0107100" lon="-105.6482560">
    <ele>3504.0</ele>
    <time>2026-09-13T16:11:36Z</time>
    
   </trkpt>
   <trkpt lat="40.0107180" lon="-105.6482670">
    <ele>3503.6</ele>
    <time>2026-09-13T16:11:37Z</time>
    
   </trkpt>
   <trkpt lat="40.0107330" lon="-105.6482870">
    <ele>3503.4</ele>
    <time>2026-09-13T16:11:39Z</time>
    
   </trkpt>
   <trkpt lat="40.0107690" lon="-105.6483400">
    <ele>3503.0</ele>
    <time>2026-09-13T16:11:44Z</time>
    
   </trkpt>
   <trkpt lat="40.0107900" lon="-105.6483700">
    <ele>3502.8</ele>
    <time>2026-09-13T16:11:47Z</time>
    
   </trkpt>
   <trkpt lat="40.0108000" lon="-105.6483920">
    <ele>3502.4</ele>
    <time>2026-09-13T16:11:49Z</time>
    
   </trkpt>
   <trkpt lat="40.0108100" lon="-105.6484180">
    <ele>3501.8</ele>
    <time>2026-09-13T16:11:51Z</time>
    
   </trkpt>
   <trkpt lat="40.0108330" lon="-105.6484600">
    <ele>3500.8</ele>
    <time>2026-09-13T16:11:54Z</time>
    
   </trkpt>
   <trkpt lat="40.0108370" lon="-105.6484750">
    <ele>3500.4</ele>
    <time>2026-09-13T16:11:55Z</time>
    
   </trkpt>
   <trkpt lat="40.0108440" lon="-105.6485010">
    <ele>3499.6</ele>
    <time>2026-09-13T16:11:57Z</time>
    
   </trkpt>
   <trkpt lat="40.0108600" lon="-105.6485250">
    <ele>3499.2</ele>
    <time>2026-09-13T16:11:59Z</time>
    
   </trkpt>
   <trkpt lat="40.0108670" lon="-105.6485340">
    <ele>3499.0</ele>
    <time>2026-09-13T16:12:00Z</time>
    
   </trkpt>
   <trkpt lat="40.0108730" lon="-105.6485460">
    <ele>3498.6</ele>
    <time>2026-09-13T16:12:01Z</time>
    
   </trkpt>
   <trkpt lat="40.0108980" lon="-105.6485870">
    <ele>3497.6</ele>
    <time>2026-09-13T16:12:05Z</time>
    
   </trkpt>
   <trkpt lat="40.0109030" lon="-105.6486030">
    <ele>3497.6</ele>
    <time>2026-09-13T16:12:06Z</time>
    
   </trkpt>
   <trkpt lat="40.0109090" lon="-105.6486140">
    <ele>3497.4</ele>
    <time>2026-09-13T16:12:07Z</time>
    
   </trkpt>
   <trkpt lat="40.0109170" lon="-105.6486340">
    <ele>3497.0</ele>
    <time>2026-09-13T16:12:09Z</time>
    
   </trkpt>
   <trkpt lat="40.0109210" lon="-105.6486640">
    <ele>3496.0</ele>
    <time>2026-09-13T16:12:11Z</time>
    
   </trkpt>
   <trkpt lat="40.0109230" lon="-105.6486790">
    <ele>3495.6</ele>
    <time>2026-09-13T16:12:12Z</time>
    
   </trkpt>
   <trkpt lat="40.0109280" lon="-105.6486930">
    <ele>3495.0</ele>
    <time>2026-09-13T16:12:13Z</time>
    
   </trkpt>
   <trkpt lat="40.0109490" lon="-105.6487310">
    <ele>3493.8</ele>
    <time>2026-09-13T16:12:16Z</time>
    
   </trkpt>
   <trkpt lat="40.0109670" lon="-105.6487710">
    <ele>3493.6</ele>
    <time>2026-09-13T16:12:19Z</time>
    
   </trkpt>
   <trkpt lat="40.0109860" lon="-105.6488080">
    <ele>3492.8</ele>
    <time>2026-09-13T16:12:22Z</time>
    
   </trkpt>
   <trkpt lat="40.0109960" lon="-105.6488350">
    <ele>3492.4</ele>
    <time>2026-09-13T16:12:24Z</time>
    
   </trkpt>
   <trkpt lat="40.0110030" lon="-105.6488490">
    <ele>3492.2</ele>
    <time>2026-09-13T16:12:25Z</time>
    
   </trkpt>
   <trkpt lat="40.0110210" lon="-105.6488850">
    <ele>3491.6</ele>
    <time>2026-09-13T16:12:28Z</time>
    
   </trkpt>
   <trkpt lat="40.0110420" lon="-105.6489240">
    <ele>3490.4</ele>
    <time>2026-09-13T16:12:31Z</time>
    
   </trkpt>
   <trkpt lat="40.0110510" lon="-105.6489350">
    <ele>3490.4</ele>
    <time>2026-09-13T16:12:32Z</time>
    
   </trkpt>
   <trkpt lat="40.0110590" lon="-105.6489470">
    <ele>3490.2</ele>
    <time>2026-09-13T16:12:33Z</time>
    
   </trkpt>
   <trkpt lat="40.0110930" lon="-105.6490170">
    <ele>3490.0</ele>
    <time>2026-09-13T16:12:38Z</time>
    
   </trkpt>
   <trkpt lat="40.0111050" lon="-105.6490440">
    <ele>3489.2</ele>
    <time>2026-09-13T16:12:40Z</time>
    
   </trkpt>
   <trkpt lat="40.0111130" lon="-105.6490580">
    <ele>3488.8</ele>
    <time>2026-09-13T16:12:41Z</time>
    
   </trkpt>
   <trkpt lat="40.0111320" lon="-105.6491020">
    <ele>3488.6</ele>
    <time>2026-09-13T16:12:44Z</time>
    
   </trkpt>
   <trkpt lat="40.0111610" lon="-105.6491630">
    <ele>3488.0</ele>
    <time>2026-09-13T16:12:48Z</time>
    
   </trkpt>
   <trkpt lat="40.0111830" lon="-105.6492050">
    <ele>3487.2</ele>
    <time>2026-09-13T16:12:51Z</time>
    
   </trkpt>
   <trkpt lat="40.0111890" lon="-105.6492180">
    <ele>3486.8</ele>
    <time>2026-09-13T16:12:52Z</time>
    
   </trkpt>
   <trkpt lat="40.0112300" lon="-105.6493010">
    <ele>3485.8</ele>
    <time>2026-09-13T16:12:58Z</time>
    
   </trkpt>
   <trkpt lat="40.0112370" lon="-105.6493170">
    <ele>3486.0</ele>
    <time>2026-09-13T16:12:59Z</time>
    
   </trkpt>
   <trkpt lat="40.0112790" lon="-105.6494000">
    <ele>3485.2</ele>
    <time>2026-09-13T16:13:05Z</time>
    
   </trkpt>
   <trkpt lat="40.0112880" lon="-105.6494140">
    <ele>3485.2</ele>
    <time>2026-09-13T16:13:06Z</time>
    
   </trkpt>
   <trkpt lat="40.0112990" lon="-105.6494280">
    <ele>3485.0</ele>
    <time>2026-09-13T16:13:07Z</time>
    
   </trkpt>
   <trkpt lat="40.0113100" lon="-105.6494410">
    <ele>3484.8</ele>
    <time>2026-09-13T16:13:08Z</time>
    
   </trkpt>
   <trkpt lat="40.0113190" lon="-105.6494520">
    <ele>3484.6</ele>
    <time>2026-09-13T16:13:09Z</time>
    
   </trkpt>
   <trkpt lat="40.0113290" lon="-105.6494910">
    <ele>3484.4</ele>
    <time>2026-09-13T16:13:12Z</time>
    
   </trkpt>
   <trkpt lat="40.0113370" lon="-105.6495620">
    <ele>3483.6</ele>
    <time>2026-09-13T16:13:17Z</time>
    
   </trkpt>
   <trkpt lat="40.0113420" lon="-105.6495750">
    <ele>3483.4</ele>
    <time>2026-09-13T16:13:18Z</time>
    
   </trkpt>
   <trkpt lat="40.0113680" lon="-105.6496220">
    <ele>3482.8</ele>
    <time>2026-09-13T16:13:22Z</time>
    
   </trkpt>
   <trkpt lat="40.0113790" lon="-105.6496450">
    <ele>3482.6</ele>
    <time>2026-09-13T16:13:24Z</time>
    
   </trkpt>
   <trkpt lat="40.0113840" lon="-105.6496590">
    <ele>3482.6</ele>
    <time>2026-09-13T16:13:25Z</time>
    
   </trkpt>
   <trkpt lat="40.0114000" lon="-105.6497160">
    <ele>3481.4</ele>
    <time>2026-09-13T16:13:29Z</time>
    
   </trkpt>
   <trkpt lat="40.0114180" lon="-105.6497390">
    <ele>3480.4</ele>
    <time>2026-09-13T16:13:31Z</time>
    
   </trkpt>
   <trkpt lat="40.0114280" lon="-105.6497490">
    <ele>3480.0</ele>
    <time>2026-09-13T16:13:32Z</time>
    
   </trkpt>
   <trkpt lat="40.0114650" lon="-105.6497960">
    <ele>3479.0</ele>
    <time>2026-09-13T16:13:37Z</time>
    
   </trkpt>
   <trkpt lat="40.0114650" lon="-105.6498210">
    <ele>3479.2</ele>
    <time>2026-09-13T16:13:40Z</time>
    
   </trkpt>
   <trkpt lat="40.0114180" lon="-105.6498160">
    <ele>3478.8</ele>
    <time>2026-09-13T16:13:45Z</time>
    
   </trkpt>
   <trkpt lat="40.0113970" lon="-105.6498080">
    <ele>3478.0</ele>
    <time>2026-09-13T16:13:47Z</time>
    
   </trkpt>
   <trkpt lat="40.0113780" lon="-105.6498060">
    <ele>3477.2</ele>
    <time>2026-09-13T16:13:49Z</time>
    
   </trkpt>
   <trkpt lat="40.0113670" lon="-105.6498020">
    <ele>3476.8</ele>
    <time>2026-09-13T16:13:50Z</time>
    
   </trkpt>
   <trkpt lat="40.0113560" lon="-105.6498000">
    <ele>3476.6</ele>
    <time>2026-09-13T16:13:51Z</time>
    
   </trkpt>
   <trkpt lat="40.0113170" lon="-105.6497890">
    <ele>3476.2</ele>
    <time>2026-09-13T16:13:55Z</time>
    
   </trkpt>
   <trkpt lat="40.0113090" lon="-105.6497830">
    <ele>3476.0</ele>
    <time>2026-09-13T16:13:57Z</time>
    
   </trkpt>
   <trkpt lat="40.0112950" lon="-105.6497790">
    <ele>3475.6</ele>
    <time>2026-09-13T16:13:59Z</time>
    
   </trkpt>
   <trkpt lat="40.0112630" lon="-105.6497670">
    <ele>3474.4</ele>
    <time>2026-09-13T16:14:03Z</time>
    
   </trkpt>
   <trkpt lat="40.0112360" lon="-105.6497430">
    <ele>3473.6</ele>
    <time>2026-09-13T16:14:07Z</time>
    
   </trkpt>
   <trkpt lat="40.0112270" lon="-105.6497350">
    <ele>3473.4</ele>
    <time>2026-09-13T16:14:08Z</time>
    
   </trkpt>
   <trkpt lat="40.0112110" lon="-105.6497210">
    <ele>3473.4</ele>
    <time>2026-09-13T16:14:10Z</time>
    
   </trkpt>
   <trkpt lat="40.0112040" lon="-105.6497130">
    <ele>3473.4</ele>
    <time>2026-09-13T16:14:11Z</time>
    
   </trkpt>
   <trkpt lat="40.0111780" lon="-105.6496860">
    <ele>3472.8</ele>
    <time>2026-09-13T16:14:14Z</time>
    
   </trkpt>
   <trkpt lat="40.0111450" lon="-105.6496750">
    <ele>3472.2</ele>
    <time>2026-09-13T16:14:17Z</time>
    
   </trkpt>
   <trkpt lat="40.0111210" lon="-105.6496770">
    <ele>3471.8</ele>
    <time>2026-09-13T16:14:19Z</time>
    
   </trkpt>
   <trkpt lat="40.0111010" lon="-105.6496800">
    <ele>3471.2</ele>
    <time>2026-09-13T16:14:22Z</time>
    
   </trkpt>
   <trkpt lat="40.0110620" lon="-105.6496830">
    <ele>3470.0</ele>
    <time>2026-09-13T16:14:26Z</time>
    
   </trkpt>
   <trkpt lat="40.0110440" lon="-105.6496790">
    <ele>3469.6</ele>
    <time>2026-09-13T16:14:28Z</time>
    
   </trkpt>
   <trkpt lat="40.0110180" lon="-105.6496670">
    <ele>3468.8</ele>
    <time>2026-09-13T16:14:31Z</time>
    
   </trkpt>
   <trkpt lat="40.0110110" lon="-105.6496610">
    <ele>3468.6</ele>
    <time>2026-09-13T16:14:32Z</time>
    
   </trkpt>
   <trkpt lat="40.0110020" lon="-105.6496580">
    <ele>3468.2</ele>
    <time>2026-09-13T16:14:33Z</time>
    
   </trkpt>
   <trkpt lat="40.0109860" lon="-105.6496490">
    <ele>3467.6</ele>
    <time>2026-09-13T16:14:35Z</time>
    
   </trkpt>
   <trkpt lat="40.0109660" lon="-105.6496330">
    <ele>3466.6</ele>
    <time>2026-09-13T16:14:38Z</time>
    
   </trkpt>
   <trkpt lat="40.0109520" lon="-105.6496290">
    <ele>3466.4</ele>
    <time>2026-09-13T16:14:39Z</time>
    
   </trkpt>
   <trkpt lat="40.0109340" lon="-105.6496160">
    <ele>3466.0</ele>
    <time>2026-09-13T16:14:41Z</time>
    
   </trkpt>
   <trkpt lat="40.0109050" lon="-105.6496050">
    <ele>3465.2</ele>
    <time>2026-09-13T16:14:44Z</time>
    
   </trkpt>
   <trkpt lat="40.0108660" lon="-105.6495900">
    <ele>3464.4</ele>
    <time>2026-09-13T16:14:48Z</time>
    
   </trkpt>
   <trkpt lat="40.0108550" lon="-105.6495830">
    <ele>3464.2</ele>
    <time>2026-09-13T16:14:49Z</time>
    
   </trkpt>
   <trkpt lat="40.0107990" lon="-105.6495440">
    <ele>3463.2</ele>
    <time>2026-09-13T16:14:55Z</time>
    
   </trkpt>
   <trkpt lat="40.0107690" lon="-105.6495280">
    <ele>3462.8</ele>
    <time>2026-09-13T16:14:58Z</time>
    
   </trkpt>
   <trkpt lat="40.0107500" lon="-105.6495130">
    <ele>3462.6</ele>
    <time>2026-09-13T16:15:00Z</time>
    
   </trkpt>
   <trkpt lat="40.0107130" lon="-105.6494960">
    <ele>3461.8</ele>
    <time>2026-09-13T16:15:04Z</time>
    
   </trkpt>
   <trkpt lat="40.0106770" lon="-105.6494850">
    <ele>3460.8</ele>
    <time>2026-09-13T16:15:08Z</time>
    
   </trkpt>
   <trkpt lat="40.0106660" lon="-105.6494820">
    <ele>3460.6</ele>
    <time>2026-09-13T16:15:09Z</time>
    
   </trkpt>
   <trkpt lat="40.0106340" lon="-105.6494740">
    <ele>3460.2</ele>
    <time>2026-09-13T16:15:13Z</time>
    
   </trkpt>
   <trkpt lat="40.0106240" lon="-105.6494710">
    <ele>3459.8</ele>
    <time>2026-09-13T16:15:14Z</time>
    
   </trkpt>
   <trkpt lat="40.0105780" lon="-105.6494570">
    <ele>3459.2</ele>
    <time>2026-09-13T16:15:19Z</time>
    
   </trkpt>
   <trkpt lat="40.0105650" lon="-105.6494530">
    <ele>3458.6</ele>
    <time>2026-09-13T16:15:21Z</time>
    
   </trkpt>
   <trkpt lat="40.0105410" lon="-105.6494470">
    <ele>3457.6</ele>
    <time>2026-09-13T16:15:24Z</time>
    
   </trkpt>
   <trkpt lat="40.0105350" lon="-105.6494410">
    <ele>3457.4</ele>
    <time>2026-09-13T16:15:25Z</time>
    
   </trkpt>
   <trkpt lat="40.0105190" lon="-105.6494290">
    <ele>3456.6</ele>
    <time>2026-09-13T16:15:27Z</time>
    
   </trkpt>
   <trkpt lat="40.0105100" lon="-105.6494220">
    <ele>3456.2</ele>
    <time>2026-09-13T16:15:28Z</time>
    
   </trkpt>
   <trkpt lat="40.0105010" lon="-105.6494160">
    <ele>3456.0</ele>
    <time>2026-09-13T16:15:29Z</time>
    
   </trkpt>
   <trkpt lat="40.0104730" lon="-105.6493970">
    <ele>3455.0</ele>
    <time>2026-09-13T16:15:32Z</time>
    
   </trkpt>
   <trkpt lat="40.0104290" lon="-105.6493760">
    <ele>3453.8</ele>
    <time>2026-09-13T16:15:36Z</time>
    
   </trkpt>
   <trkpt lat="40.0104190" lon="-105.6493680">
    <ele>3453.8</ele>
    <time>2026-09-13T16:15:37Z</time>
    
   </trkpt>
   <trkpt lat="40.0103740" lon="-105.6493470">
    <ele>3452.8</ele>
    <time>2026-09-13T16:15:41Z</time>
    
   </trkpt>
   <trkpt lat="40.0103500" lon="-105.6493390">
    <ele>3451.8</ele>
    <time>2026-09-13T16:15:44Z</time>
    
   </trkpt>
   <trkpt lat="40.0103400" lon="-105.6493450">
    <ele>3451.6</ele>
    <time>2026-09-13T16:15:45Z</time>
    
   </trkpt>
   <trkpt lat="40.0103330" lon="-105.6493650">
    <ele>3450.8</ele>
    <time>2026-09-13T16:15:47Z</time>
    
   </trkpt>
   <trkpt lat="40.0103390" lon="-105.6493750">
    <ele>3450.4</ele>
    <time>2026-09-13T16:15:48Z</time>
    
   </trkpt>
   <trkpt lat="40.0103520" lon="-105.6494040">
    <ele>3449.0</ele>
    <time>2026-09-13T16:15:51Z</time>
    
   </trkpt>
   <trkpt lat="40.0103680" lon="-105.6494520">
    <ele>3448.2</ele>
    <time>2026-09-13T16:15:55Z</time>
    
   </trkpt>
   <trkpt lat="40.0103710" lon="-105.6494640">
    <ele>3447.8</ele>
    <time>2026-09-13T16:15:56Z</time>
    
   </trkpt>
   <trkpt lat="40.0104020" lon="-105.6495200">
    <ele>3447.0</ele>
    <time>2026-09-13T16:16:01Z</time>
    
   </trkpt>
   <trkpt lat="40.0104090" lon="-105.6495340">
    <ele>3446.6</ele>
    <time>2026-09-13T16:16:02Z</time>
    
   </trkpt>
   <trkpt lat="40.0104290" lon="-105.6495780">
    <ele>3446.2</ele>
    <time>2026-09-13T16:16:05Z</time>
    
   </trkpt>
   <trkpt lat="40.0104490" lon="-105.6496170">
    <ele>3445.8</ele>
    <time>2026-09-13T16:16:08Z</time>
    
   </trkpt>
   <trkpt lat="40.0104570" lon="-105.6496440">
    <ele>3445.4</ele>
    <time>2026-09-13T16:16:10Z</time>
    
   </trkpt>
   <trkpt lat="40.0104650" lon="-105.6497010">
    <ele>3444.4</ele>
    <time>2026-09-13T16:16:14Z</time>
    
   </trkpt>
   <trkpt lat="40.0104730" lon="-105.6497250">
    <ele>3443.8</ele>
    <time>2026-09-13T16:16:16Z</time>
    
   </trkpt>
   <trkpt lat="40.0104820" lon="-105.6497540">
    <ele>3443.4</ele>
    <time>2026-09-13T16:16:18Z</time>
    
   </trkpt>
   <trkpt lat="40.0104900" lon="-105.6497660">
    <ele>3443.0</ele>
    <time>2026-09-13T16:16:19Z</time>
    
   </trkpt>
   <trkpt lat="40.0105140" lon="-105.6498030">
    <ele>3442.6</ele>
    <time>2026-09-13T16:16:22Z</time>
    
   </trkpt>
   <trkpt lat="40.0105260" lon="-105.6498270">
    <ele>3442.4</ele>
    <time>2026-09-13T16:16:24Z</time>
    
   </trkpt>
   <trkpt lat="40.0105380" lon="-105.6498500">
    <ele>3442.0</ele>
    <time>2026-09-13T16:16:26Z</time>
    
   </trkpt>
   <trkpt lat="40.0105440" lon="-105.6498960">
    <ele>3441.2</ele>
    <time>2026-09-13T16:16:29Z</time>
    
   </trkpt>
   <trkpt lat="40.0105460" lon="-105.6499130">
    <ele>3440.8</ele>
    <time>2026-09-13T16:16:30Z</time>
    
   </trkpt>
   <trkpt lat="40.0105580" lon="-105.6499590">
    <ele>3439.6</ele>
    <time>2026-09-13T16:16:33Z</time>
    
   </trkpt>
   <trkpt lat="40.0105720" lon="-105.6500230">
    <ele>3438.8</ele>
    <time>2026-09-13T16:16:37Z</time>
    
   </trkpt>
   <trkpt lat="40.0105930" lon="-105.6500760">
    <ele>3438.6</ele>
    <time>2026-09-13T16:16:40Z</time>
    
   </trkpt>
   <trkpt lat="40.0106100" lon="-105.6501250">
    <ele>3438.0</ele>
    <time>2026-09-13T16:16:43Z</time>
    
   </trkpt>
   <trkpt lat="40.0106200" lon="-105.6501560">
    <ele>3437.4</ele>
    <time>2026-09-13T16:16:45Z</time>
    
   </trkpt>
   <trkpt lat="40.0106560" lon="-105.6502270">
    <ele>3436.6</ele>
    <time>2026-09-13T16:16:50Z</time>
    
   </trkpt>
   <trkpt lat="40.0106690" lon="-105.6502540">
    <ele>3436.4</ele>
    <time>2026-09-13T16:16:52Z</time>
    
   </trkpt>
   <trkpt lat="40.0106760" lon="-105.6502700">
    <ele>3436.4</ele>
    <time>2026-09-13T16:16:53Z</time>
    
   </trkpt>
   <trkpt lat="40.0107250" lon="-105.6503370">
    <ele>3435.4</ele>
    <time>2026-09-13T16:16:58Z</time>
    
   </trkpt>
   <trkpt lat="40.0107420" lon="-105.6503640">
    <ele>3435.6</ele>
    <time>2026-09-13T16:17:00Z</time>
    
   </trkpt>
   <trkpt lat="40.0107660" lon="-105.6504030">
    <ele>3435.6</ele>
    <time>2026-09-13T16:17:03Z</time>
    
   </trkpt>
   <trkpt lat="40.0107780" lon="-105.6504270">
    <ele>3435.4</ele>
    <time>2026-09-13T16:17:05Z</time>
    
   </trkpt>
   <trkpt lat="40.0107860" lon="-105.6504450">
    <ele>3435.0</ele>
    <time>2026-09-13T16:17:07Z</time>
    
   </trkpt>
   <trkpt lat="40.0108120" lon="-105.6504950">
    <ele>3434.2</ele>
    <time>2026-09-13T16:17:11Z</time>
    
   </trkpt>
   <trkpt lat="40.0108130" lon="-105.6505070">
    <ele>3434.0</ele>
    <time>2026-09-13T16:17:12Z</time>
    
   </trkpt>
   <trkpt lat="40.0108180" lon="-105.6505330">
    <ele>3433.4</ele>
    <time>2026-09-13T16:17:14Z</time>
    
   </trkpt>
   <trkpt lat="40.0108310" lon="-105.6505570">
    <ele>3433.0</ele>
    <time>2026-09-13T16:17:16Z</time>
    
   </trkpt>
   <trkpt lat="40.0108420" lon="-105.6505830">
    <ele>3432.4</ele>
    <time>2026-09-13T16:17:18Z</time>
    
   </trkpt>
   <trkpt lat="40.0108440" lon="-105.6505960">
    <ele>3431.8</ele>
    <time>2026-09-13T16:17:19Z</time>
    
   </trkpt>
   <trkpt lat="40.0108570" lon="-105.6506320">
    <ele>3430.8</ele>
    <time>2026-09-13T16:17:22Z</time>
    
   </trkpt>
   <trkpt lat="40.0108670" lon="-105.6506590">
    <ele>3430.4</ele>
    <time>2026-09-13T16:17:24Z</time>
    
   </trkpt>
   <trkpt lat="40.0108870" lon="-105.6506930">
    <ele>3429.8</ele>
    <time>2026-09-13T16:17:27Z</time>
    
   </trkpt>
   <trkpt lat="40.0109180" lon="-105.6507550">
    <ele>3428.8</ele>
    <time>2026-09-13T16:17:32Z</time>
    
   </trkpt>
   <trkpt lat="40.0109330" lon="-105.6507880">
    <ele>3427.8</ele>
    <time>2026-09-13T16:17:35Z</time>
    
   </trkpt>
   <trkpt lat="40.0109340" lon="-105.6508020">
    <ele>3427.6</ele>
    <time>2026-09-13T16:17:36Z</time>
    
   </trkpt>
   <trkpt lat="40.0109370" lon="-105.6508150">
    <ele>3427.4</ele>
    <time>2026-09-13T16:17:37Z</time>
    
   </trkpt>
   <trkpt lat="40.0109390" lon="-105.6508260">
    <ele>3427.0</ele>
    <time>2026-09-13T16:17:38Z</time>
    
   </trkpt>
   <trkpt lat="40.0109470" lon="-105.6508480">
    <ele>3426.2</ele>
    <time>2026-09-13T16:17:40Z</time>
    
   </trkpt>
   <trkpt lat="40.0109690" lon="-105.6508760">
    <ele>3425.0</ele>
    <time>2026-09-13T16:17:43Z</time>
    
   </trkpt>
   <trkpt lat="40.0109800" lon="-105.6508790">
    <ele>3424.4</ele>
    <time>2026-09-13T16:17:44Z</time>
    
   </trkpt>
   <trkpt lat="40.0109930" lon="-105.6508950">
    <ele>3423.8</ele>
    <time>2026-09-13T16:17:46Z</time>
    
   </trkpt>
   <trkpt lat="40.0110130" lon="-105.6509140">
    <ele>3423.0</ele>
    <time>2026-09-13T16:17:49Z</time>
    
   </trkpt>
   <trkpt lat="40.0110220" lon="-105.6509300">
    <ele>3422.6</ele>
    <time>2026-09-13T16:17:51Z</time>
    
   </trkpt>
   <trkpt lat="40.0110260" lon="-105.6509410">
    <ele>3422.4</ele>
    <time>2026-09-13T16:17:52Z</time>
    
   </trkpt>
   <trkpt lat="40.0110480" lon="-105.6509870">
    <ele>3421.8</ele>
    <time>2026-09-13T16:17:56Z</time>
    
   </trkpt>
   <trkpt lat="40.0110520" lon="-105.6510010">
    <ele>3421.6</ele>
    <time>2026-09-13T16:17:57Z</time>
    
   </trkpt>
   <trkpt lat="40.0110720" lon="-105.6510560">
    <ele>3420.6</ele>
    <time>2026-09-13T16:18:01Z</time>
    
   </trkpt>
   <trkpt lat="40.0110730" lon="-105.6510710">
    <ele>3420.6</ele>
    <time>2026-09-13T16:18:02Z</time>
    
   </trkpt>
   <trkpt lat="40.0110780" lon="-105.6510820">
    <ele>3420.4</ele>
    <time>2026-09-13T16:18:03Z</time>
    
   </trkpt>
   <trkpt lat="40.0111300" lon="-105.6511340">
    <ele>3419.4</ele>
    <time>2026-09-13T16:18:09Z</time>
    
   </trkpt>
   <trkpt lat="40.0111380" lon="-105.6511400">
    <ele>3419.2</ele>
    <time>2026-09-13T16:18:10Z</time>
    
   </trkpt>
   <trkpt lat="40.0111700" lon="-105.6511770">
    <ele>3418.2</ele>
    <time>2026-09-13T16:18:14Z</time>
    
   </trkpt>
   <trkpt lat="40.0111840" lon="-105.6511980">
    <ele>3417.8</ele>
    <time>2026-09-13T16:18:16Z</time>
    
   </trkpt>
   <trkpt lat="40.0111960" lon="-105.6512050">
    <ele>3417.6</ele>
    <time>2026-09-13T16:18:17Z</time>
    
   </trkpt>
   <trkpt lat="40.0112150" lon="-105.6512210">
    <ele>3417.0</ele>
    <time>2026-09-13T16:18:19Z</time>
    
   </trkpt>
   <trkpt lat="40.0112340" lon="-105.6512510">
    <ele>3416.4</ele>
    <time>2026-09-13T16:18:22Z</time>
    
   </trkpt>
   <trkpt lat="40.0112390" lon="-105.6512640">
    <ele>3416.2</ele>
    <time>2026-09-13T16:18:23Z</time>
    
   </trkpt>
   <trkpt lat="40.0112480" lon="-105.6512760">
    <ele>3416.0</ele>
    <time>2026-09-13T16:18:24Z</time>
    
   </trkpt>
   <trkpt lat="40.0112880" lon="-105.6513140">
    <ele>3415.4</ele>
    <time>2026-09-13T16:18:28Z</time>
    
   </trkpt>
   <trkpt lat="40.0112950" lon="-105.6513280">
    <ele>3415.2</ele>
    <time>2026-09-13T16:18:29Z</time>
    
   </trkpt>
   <trkpt lat="40.0113060" lon="-105.6513400">
    <ele>3415.2</ele>
    <time>2026-09-13T16:18:30Z</time>
    
   </trkpt>
   <trkpt lat="40.0113170" lon="-105.6513480">
    <ele>3415.2</ele>
    <time>2026-09-13T16:18:31Z</time>
    
   </trkpt>
   <trkpt lat="40.0113280" lon="-105.6513570">
    <ele>3414.8</ele>
    <time>2026-09-13T16:18:32Z</time>
    
   </trkpt>
   <trkpt lat="40.0113380" lon="-105.6513660">
    <ele>3414.4</ele>
    <time>2026-09-13T16:18:33Z</time>
    
   </trkpt>
   <trkpt lat="40.0113560" lon="-105.6513890">
    <ele>3413.8</ele>
    <time>2026-09-13T16:18:35Z</time>
    
   </trkpt>
   <trkpt lat="40.0113750" lon="-105.6514120">
    <ele>3413.6</ele>
    <time>2026-09-13T16:18:38Z</time>
    
   </trkpt>
   <trkpt lat="40.0113720" lon="-105.6514150">
    <ele>3413.8</ele>
    <time>2026-09-13T16:18:39Z</time>
    
   </trkpt>
   <trkpt lat="40.0113780" lon="-105.6514190">
    <ele>3414.0</ele>
    <time>2026-09-13T16:18:41Z</time>
    
   </trkpt>
   <trkpt lat="40.0113980" lon="-105.6514360">
    <ele>3414.0</ele>
    <time>2026-09-13T16:18:44Z</time>
    
   </trkpt>
   <trkpt lat="40.0114430" lon="-105.6514920">
    <ele>3413.0</ele>
    <time>2026-09-13T16:18:50Z</time>
    
   </trkpt>
   <trkpt lat="40.0114590" lon="-105.6515150">
    <ele>3412.6</ele>
    <time>2026-09-13T16:18:52Z</time>
    
   </trkpt>
   <trkpt lat="40.0114770" lon="-105.6515290">
    <ele>3412.2</ele>
    <time>2026-09-13T16:18:54Z</time>
    
   </trkpt>
   <trkpt lat="40.0114930" lon="-105.6515420">
    <ele>3411.6</ele>
    <time>2026-09-13T16:18:56Z</time>
    
   </trkpt>
   <trkpt lat="40.0115000" lon="-105.6515490">
    <ele>3411.2</ele>
    <time>2026-09-13T16:18:59Z</time>
    
   </trkpt>
   <trkpt lat="40.0115030" lon="-105.6515480">
    <ele>3411.2</ele>
    <time>2026-09-13T16:19:00Z</time>
    
   </trkpt>
   <trkpt lat="40.0115000" lon="-105.6515490">
    <ele>3411.0</ele>
    <time>2026-09-13T16:19:01Z</time>
    
   </trkpt>
   <trkpt lat="40.0115100" lon="-105.6515470">
    <ele>3410.6</ele>
    <time>2026-09-13T16:19:04Z</time>
    
   </trkpt>
   <trkpt lat="40.0115170" lon="-105.6515510">
    <ele>3410.4</ele>
    <time>2026-09-13T16:19:05Z</time>
    
   </trkpt>
   <trkpt lat="40.0115320" lon="-105.6515600">
    <ele>3410.0</ele>
    <time>2026-09-13T16:19:07Z</time>
    
   </trkpt>
   <trkpt lat="40.0115610" lon="-105.6515770">
    <ele>3409.4</ele>
    <time>2026-09-13T16:19:11Z</time>
    
   </trkpt>
   <trkpt lat="40.0115890" lon="-105.6516110">
    <ele>3408.2</ele>
    <time>2026-09-13T16:19:17Z</time>
    
   </trkpt>
   <trkpt lat="40.0115940" lon="-105.6516140">
    <ele>3408.0</ele>
    <time>2026-09-13T16:19:19Z</time>
    
   </trkpt>
   <trkpt lat="40.0116030" lon="-105.6516140">
    <ele>3407.6</ele>
    <time>2026-09-13T16:19:27Z</time>
    
   </trkpt>
   <trkpt lat="40.0116280" lon="-105.6516470">
    <ele>3407.8</ele>
    <time>2026-09-13T16:19:36Z</time>
    
   </trkpt>
   <trkpt lat="40.0116740" lon="-105.6516990">
    <ele>3407.4</ele>
    <time>2026-09-13T16:19:41Z</time>
    
   </trkpt>
   <trkpt lat="40.0116920" lon="-105.6517160">
    <ele>3407.2</ele>
    <time>2026-09-13T16:19:43Z</time>
    
   </trkpt>
   <trkpt lat="40.0116980" lon="-105.6517280">
    <ele>3407.0</ele>
    <time>2026-09-13T16:19:44Z</time>
    
   </trkpt>
   <trkpt lat="40.0117250" lon="-105.6517700">
    <ele>3406.0</ele>
    <time>2026-09-13T16:19:48Z</time>
    
   </trkpt>
   <trkpt lat="40.0117610" lon="-105.6518100">
    <ele>3405.0</ele>
    <time>2026-09-13T16:19:52Z</time>
    
   </trkpt>
   <trkpt lat="40.0118190" lon="-105.6518880">
    <ele>3404.2</ele>
    <time>2026-09-13T16:19:59Z</time>
    
   </trkpt>
   <trkpt lat="40.0118350" lon="-105.6519040">
    <ele>3403.8</ele>
    <time>2026-09-13T16:20:01Z</time>
    
   </trkpt>
   <trkpt lat="40.0118690" lon="-105.6519480">
    <ele>3402.6</ele>
    <time>2026-09-13T16:20:05Z</time>
    
   </trkpt>
   <trkpt lat="40.0118790" lon="-105.6519590">
    <ele>3402.4</ele>
    <time>2026-09-13T16:20:06Z</time>
    
   </trkpt>
   <trkpt lat="40.0119100" lon="-105.6519850">
    <ele>3401.6</ele>
    <time>2026-09-13T16:20:09Z</time>
    
   </trkpt>
   <trkpt lat="40.0119300" lon="-105.6520010">
    <ele>3400.6</ele>
    <time>2026-09-13T16:20:11Z</time>
    
   </trkpt>
   <trkpt lat="40.0119390" lon="-105.6520070">
    <ele>3400.4</ele>
    <time>2026-09-13T16:20:12Z</time>
    
   </trkpt>
   <trkpt lat="40.0119860" lon="-105.6520410">
    <ele>3399.2</ele>
    <time>2026-09-13T16:20:17Z</time>
    
   </trkpt>
   <trkpt lat="40.0120160" lon="-105.6520610">
    <ele>3398.4</ele>
    <time>2026-09-13T16:20:20Z</time>
    
   </trkpt>
   <trkpt lat="40.0120270" lon="-105.6520680">
    <ele>3398.2</ele>
    <time>2026-09-13T16:20:21Z</time>
    
   </trkpt>
   <trkpt lat="40.0120710" lon="-105.6520850">
    <ele>3397.8</ele>
    <time>2026-09-13T16:20:25Z</time>
    
   </trkpt>
   <trkpt lat="40.0120960" lon="-105.6521030">
    <ele>3397.4</ele>
    <time>2026-09-13T16:20:28Z</time>
    
   </trkpt>
   <trkpt lat="40.0121140" lon="-105.6521170">
    <ele>3397.0</ele>
    <time>2026-09-13T16:20:30Z</time>
    
   </trkpt>
   <trkpt lat="40.0121200" lon="-105.6521240">
    <ele>3396.8</ele>
    <time>2026-09-13T16:20:31Z</time>
    
   </trkpt>
   <trkpt lat="40.0121390" lon="-105.6521410">
    <ele>3396.4</ele>
    <time>2026-09-13T16:20:34Z</time>
    
   </trkpt>
   <trkpt lat="40.0121510" lon="-105.6521590">
    <ele>3396.0</ele>
    <time>2026-09-13T16:20:36Z</time>
    
   </trkpt>
   <trkpt lat="40.0121520" lon="-105.6521700">
    <ele>3395.6</ele>
    <time>2026-09-13T16:20:37Z</time>
    
   </trkpt>
   <trkpt lat="40.0121460" lon="-105.6521800">
    <ele>3395.4</ele>
    <time>2026-09-13T16:20:38Z</time>
    
   </trkpt>
   <trkpt lat="40.0121270" lon="-105.6521890">
    <ele>3395.0</ele>
    <time>2026-09-13T16:20:40Z</time>
    
   </trkpt>
   <trkpt lat="40.0121180" lon="-105.6521900">
    <ele>3394.8</ele>
    <time>2026-09-13T16:20:41Z</time>
    
   </trkpt>
   <trkpt lat="40.0120710" lon="-105.6522050">
    <ele>3393.8</ele>
    <time>2026-09-13T16:20:45Z</time>
    
   </trkpt>
   <trkpt lat="40.0120500" lon="-105.6522090">
    <ele>3393.2</ele>
    <time>2026-09-13T16:20:47Z</time>
    
   </trkpt>
   <trkpt lat="40.0120180" lon="-105.6522200">
    <ele>3392.6</ele>
    <time>2026-09-13T16:20:50Z</time>
    
   </trkpt>
   <trkpt lat="40.0119780" lon="-105.6522370">
    <ele>3392.0</ele>
    <time>2026-09-13T16:20:54Z</time>
    
   </trkpt>
   <trkpt lat="40.0119570" lon="-105.6522460">
    <ele>3391.2</ele>
    <time>2026-09-13T16:20:56Z</time>
    
   </trkpt>
   <trkpt lat="40.0119110" lon="-105.6522520">
    <ele>3390.6</ele>
    <time>2026-09-13T16:21:00Z</time>
    
   </trkpt>
   <trkpt lat="40.0119010" lon="-105.6522570">
    <ele>3390.4</ele>
    <time>2026-09-13T16:21:01Z</time>
    
   </trkpt>
   <trkpt lat="40.0118770" lon="-105.6522770">
    <ele>3390.0</ele>
    <time>2026-09-13T16:21:04Z</time>
    
   </trkpt>
   <trkpt lat="40.0118630" lon="-105.6522790">
    <ele>3389.8</ele>
    <time>2026-09-13T16:21:06Z</time>
    
   </trkpt>
   <trkpt lat="40.0118220" lon="-105.6522890">
    <ele>3389.8</ele>
    <time>2026-09-13T16:21:10Z</time>
    
   </trkpt>
   <trkpt lat="40.0118040" lon="-105.6522900">
    <ele>3389.8</ele>
    <time>2026-09-13T16:21:12Z</time>
    
   </trkpt>
   <trkpt lat="40.0117650" lon="-105.6522930">
    <ele>3388.8</ele>
    <time>2026-09-13T16:21:16Z</time>
    
   </trkpt>
   <trkpt lat="40.0117350" lon="-105.6523010">
    <ele>3387.8</ele>
    <time>2026-09-13T16:21:19Z</time>
    
   </trkpt>
   <trkpt lat="40.0117230" lon="-105.6523030">
    <ele>3387.4</ele>
    <time>2026-09-13T16:21:20Z</time>
    
   </trkpt>
   <trkpt lat="40.0116450" lon="-105.6523210">
    <ele>3387.0</ele>
    <time>2026-09-13T16:21:27Z</time>
    
   </trkpt>
   <trkpt lat="40.0116350" lon="-105.6523220">
    <ele>3387.0</ele>
    <time>2026-09-13T16:21:28Z</time>
    
   </trkpt>
   <trkpt lat="40.0116280" lon="-105.6523280">
    <ele>3386.4</ele>
    <time>2026-09-13T16:21:30Z</time>
    
   </trkpt>
   <trkpt lat="40.0116250" lon="-105.6523320">
    <ele>3386.2</ele>
    <time>2026-09-13T16:21:31Z</time>
    
   </trkpt>
   <trkpt lat="40.0116280" lon="-105.6523300">
    <ele>3386.2</ele>
    <time>2026-09-13T16:21:34Z</time>
    
   </trkpt>
   <trkpt lat="40.0116290" lon="-105.6523320">
    <ele>3386.4</ele>
    <time>2026-09-13T16:21:36Z</time>
    
   </trkpt>
   <trkpt lat="40.0116280" lon="-105.6523330">
    <ele>3386.6</ele>
    <time>2026-09-13T16:21:39Z</time>
    
   </trkpt>
   <trkpt lat="40.0116400" lon="-105.6523230">
    <ele>3386.2</ele>
    <time>2026-09-13T16:21:45Z</time>
    
   </trkpt>
   <trkpt lat="40.0116390" lon="-105.6523210">
    <ele>3385.8</ele>
    <time>2026-09-13T16:21:49Z</time>
    
   </trkpt>
   <trkpt lat="40.0116370" lon="-105.6523310">
    <ele>3386.0</ele>
    <time>2026-09-13T16:21:58Z</time>
    
   </trkpt>
   <trkpt lat="40.0116330" lon="-105.6523350">
    <ele>3385.8</ele>
    <time>2026-09-13T16:22:01Z</time>
    
   </trkpt>
   <trkpt lat="40.0115860" lon="-105.6523530">
    <ele>3385.4</ele>
    <time>2026-09-13T16:22:08Z</time>
    
   </trkpt>
   <trkpt lat="40.0115770" lon="-105.6523540">
    <ele>3385.6</ele>
    <time>2026-09-13T16:22:09Z</time>
    
   </trkpt>
   <trkpt lat="40.0115290" lon="-105.6523580">
    <ele>3385.4</ele>
    <time>2026-09-13T16:22:13Z</time>
    
   </trkpt>
   <trkpt lat="40.0114660" lon="-105.6523420">
    <ele>3384.2</ele>
    <time>2026-09-13T16:22:18Z</time>
    
   </trkpt>
   <trkpt lat="40.0114540" lon="-105.6523400">
    <ele>3383.8</ele>
    <time>2026-09-13T16:22:19Z</time>
    
   </trkpt>
   <trkpt lat="40.0114320" lon="-105.6523340">
    <ele>3383.4</ele>
    <time>2026-09-13T16:22:21Z</time>
    
   </trkpt>
   <trkpt lat="40.0114220" lon="-105.6523280">
    <ele>3383.2</ele>
    <time>2026-09-13T16:22:22Z</time>
    
   </trkpt>
   <trkpt lat="40.0113840" lon="-105.6523220">
    <ele>3382.0</ele>
    <time>2026-09-13T16:22:26Z</time>
    
   </trkpt>
   <trkpt lat="40.0113660" lon="-105.6523140">
    <ele>3381.0</ele>
    <time>2026-09-13T16:22:28Z</time>
    
   </trkpt>
   <trkpt lat="40.0113560" lon="-105.6523110">
    <ele>3380.8</ele>
    <time>2026-09-13T16:22:29Z</time>
    
   </trkpt>
   <trkpt lat="40.0113120" lon="-105.6522940">
    <ele>3379.8</ele>
    <time>2026-09-13T16:22:34Z</time>
    
   </trkpt>
   <trkpt lat="40.0113020" lon="-105.6522920">
    <ele>3379.6</ele>
    <time>2026-09-13T16:22:35Z</time>
    
   </trkpt>
   <trkpt lat="40.0112770" lon="-105.6522840">
    <ele>3378.8</ele>
    <time>2026-09-13T16:22:38Z</time>
    
   </trkpt>
   <trkpt lat="40.0112670" lon="-105.6522840">
    <ele>3378.6</ele>
    <time>2026-09-13T16:22:39Z</time>
    
   </trkpt>
   <trkpt lat="40.0112130" lon="-105.6522730">
    <ele>3377.4</ele>
    <time>2026-09-13T16:22:44Z</time>
    
   </trkpt>
   <trkpt lat="40.0111910" lon="-105.6522720">
    <ele>3376.6</ele>
    <time>2026-09-13T16:22:46Z</time>
    
   </trkpt>
   <trkpt lat="40.0111740" lon="-105.6522640">
    <ele>3376.4</ele>
    <time>2026-09-13T16:22:48Z</time>
    
   </trkpt>
   <trkpt lat="40.0110950" lon="-105.6522520">
    <ele>3375.4</ele>
    <time>2026-09-13T16:22:55Z</time>
    
   </trkpt>
   <trkpt lat="40.0110800" lon="-105.6522440">
    <ele>3375.2</ele>
    <time>2026-09-13T16:22:56Z</time>
    
   </trkpt>
   <trkpt lat="40.0110650" lon="-105.6522450">
    <ele>3375.0</ele>
    <time>2026-09-13T16:22:57Z</time>
    
   </trkpt>
   <trkpt lat="40.0110500" lon="-105.6522590">
    <ele>3374.2</ele>
    <time>2026-09-13T16:23:02Z</time>
    
   </trkpt>
   <trkpt lat="40.0110600" lon="-105.6522700">
    <ele>3374.2</ele>
    <time>2026-09-13T16:23:05Z</time>
    
   </trkpt>
   <trkpt lat="40.0110810" lon="-105.6523050">
    <ele>3373.8</ele>
    <time>2026-09-13T16:23:10Z</time>
    
   </trkpt>
   <trkpt lat="40.0111090" lon="-105.6523530">
    <ele>3373.0</ele>
    <time>2026-09-13T16:23:16Z</time>
    
   </trkpt>
   <trkpt lat="40.0111250" lon="-105.6523990">
    <ele>3372.8</ele>
    <time>2026-09-13T16:23:21Z</time>
    
   </trkpt>
   <trkpt lat="40.0111380" lon="-105.6524380">
    <ele>3372.4</ele>
    <time>2026-09-13T16:23:24Z</time>
    
   </trkpt>
   <trkpt lat="40.0111490" lon="-105.6524620">
    <ele>3372.4</ele>
    <time>2026-09-13T16:23:26Z</time>
    
   </trkpt>
   <trkpt lat="40.0111660" lon="-105.6524980">
    <ele>3372.2</ele>
    <time>2026-09-13T16:23:29Z</time>
    
   </trkpt>
   <trkpt lat="40.0111940" lon="-105.6525700">
    <ele>3372.0</ele>
    <time>2026-09-13T16:23:35Z</time>
    
   </trkpt>
   <trkpt lat="40.0112060" lon="-105.6525990">
    <ele>3371.8</ele>
    <time>2026-09-13T16:23:37Z</time>
    
   </trkpt>
   <trkpt lat="40.0112370" lon="-105.6526450">
    <ele>3371.4</ele>
    <time>2026-09-13T16:23:41Z</time>
    
   </trkpt>
   <trkpt lat="40.0112880" lon="-105.6527270">
    <ele>3371.2</ele>
    <time>2026-09-13T16:23:48Z</time>
    
   </trkpt>
   <trkpt lat="40.0112990" lon="-105.6527500">
    <ele>3371.0</ele>
    <time>2026-09-13T16:23:50Z</time>
    
   </trkpt>
   <trkpt lat="40.0113240" lon="-105.6528090">
    <ele>3370.8</ele>
    <time>2026-09-13T16:23:55Z</time>
    
   </trkpt>
   <trkpt lat="40.0113330" lon="-105.6528210">
    <ele>3370.6</ele>
    <time>2026-09-13T16:23:56Z</time>
    
   </trkpt>
   <trkpt lat="40.0113830" lon="-105.6528800">
    <ele>3370.0</ele>
    <time>2026-09-13T16:24:01Z</time>
    
   </trkpt>
   <trkpt lat="40.0114410" lon="-105.6529550">
    <ele>3370.6</ele>
    <time>2026-09-13T16:24:08Z</time>
    
   </trkpt>
   <trkpt lat="40.0114490" lon="-105.6529790">
    <ele>3370.4</ele>
    <time>2026-09-13T16:24:10Z</time>
    
   </trkpt>
   <trkpt lat="40.0114660" lon="-105.6530260">
    <ele>3370.0</ele>
    <time>2026-09-13T16:24:13Z</time>
    
   </trkpt>
   <trkpt lat="40.0114740" lon="-105.6530380">
    <ele>3369.8</ele>
    <time>2026-09-13T16:24:14Z</time>
    
   </trkpt>
   <trkpt lat="40.0115040" lon="-105.6530880">
    <ele>3369.6</ele>
    <time>2026-09-13T16:24:18Z</time>
    
   </trkpt>
   <trkpt lat="40.0115100" lon="-105.6531030">
    <ele>3369.6</ele>
    <time>2026-09-13T16:24:19Z</time>
    
   </trkpt>
   <trkpt lat="40.0115150" lon="-105.6531180">
    <ele>3369.6</ele>
    <time>2026-09-13T16:24:20Z</time>
    
   </trkpt>
   <trkpt lat="40.0115410" lon="-105.6531780">
    <ele>3370.0</ele>
    <time>2026-09-13T16:24:25Z</time>
    
   </trkpt>
   <trkpt lat="40.0115400" lon="-105.6531850">
    <ele>3370.2</ele>
    <time>2026-09-13T16:24:26Z</time>
    
   </trkpt>
   <trkpt lat="40.0115430" lon="-105.6531930">
    <ele>3370.2</ele>
    <time>2026-09-13T16:24:27Z</time>
    
   </trkpt>
   <trkpt lat="40.0115610" lon="-105.6532380">
    <ele>3370.2</ele>
    <time>2026-09-13T16:24:31Z</time>
    
   </trkpt>
   <trkpt lat="40.0115630" lon="-105.6532660">
    <ele>3370.0</ele>
    <time>2026-09-13T16:24:33Z</time>
    
   </trkpt>
   <trkpt lat="40.0115680" lon="-105.6533390">
    <ele>3369.6</ele>
    <time>2026-09-13T16:24:38Z</time>
    
   </trkpt>
   <trkpt lat="40.0115780" lon="-105.6534030">
    <ele>3369.4</ele>
    <time>2026-09-13T16:24:42Z</time>
    
   </trkpt>
   <trkpt lat="40.0116020" lon="-105.6534370">
    <ele>3368.8</ele>
    <time>2026-09-13T16:24:45Z</time>
    
   </trkpt>
   <trkpt lat="40.0116150" lon="-105.6534560">
    <ele>3367.8</ele>
    <time>2026-09-13T16:24:47Z</time>
    
   </trkpt>
   <trkpt lat="40.0116230" lon="-105.6534610">
    <ele>3367.4</ele>
    <time>2026-09-13T16:24:48Z</time>
    
   </trkpt>
   <trkpt lat="40.0116350" lon="-105.6534640">
    <ele>3367.2</ele>
    <time>2026-09-13T16:24:49Z</time>
    
   </trkpt>
   <trkpt lat="40.0116780" lon="-105.6534980">
    <ele>3366.2</ele>
    <time>2026-09-13T16:24:54Z</time>
    
   </trkpt>
   <trkpt lat="40.0116830" lon="-105.6535010">
    <ele>3366.0</ele>
    <time>2026-09-13T16:24:55Z</time>
    
   </trkpt>
   <trkpt lat="40.0116960" lon="-105.6535030">
    <ele>3365.2</ele>
    <time>2026-09-13T16:24:57Z</time>
    
   </trkpt>
   <trkpt lat="40.0117280" lon="-105.6535100">
    <ele>3364.2</ele>
    <time>2026-09-13T16:25:00Z</time>
    
   </trkpt>
   <trkpt lat="40.0117470" lon="-105.6535290">
    <ele>3363.6</ele>
    <time>2026-09-13T16:25:03Z</time>
    
   </trkpt>
   <trkpt lat="40.0117640" lon="-105.6535440">
    <ele>3363.4</ele>
    <time>2026-09-13T16:25:06Z</time>
    
   </trkpt>
   <trkpt lat="40.0117650" lon="-105.6535540">
    <ele>3362.6</ele>
    <time>2026-09-13T16:25:08Z</time>
    
   </trkpt>
   <trkpt lat="40.0117710" lon="-105.6535600">
    <ele>3361.8</ele>
    <time>2026-09-13T16:25:12Z</time>
    
   </trkpt>
   <trkpt lat="40.0117710" lon="-105.6535610">
    <ele>3361.6</ele>
    <time>2026-09-13T16:25:13Z</time>
    
   </trkpt>
   <trkpt lat="40.0117750" lon="-105.6535540">
    <ele>3361.8</ele>
    <time>2026-09-13T16:25:30Z</time>
    
   </trkpt>
   <trkpt lat="40.0117750" lon="-105.6535540">
    <ele>3361.6</ele>
    <time>2026-09-13T16:25:31Z</time>
    
   </trkpt>
   <trkpt lat="40.0117630" lon="-105.6535500">
    <ele>3362.8</ele>
    <time>2026-09-13T16:25:37Z</time>
    
   </trkpt>
   <trkpt lat="40.0117710" lon="-105.6535510">
    <ele>3362.6</ele>
    <time>2026-09-13T16:25:42Z</time>
    
   </trkpt>
   <trkpt lat="40.0117820" lon="-105.6535600">
    <ele>3362.0</ele>
    <time>2026-09-13T16:25:46Z</time>
    
   </trkpt>
   <trkpt lat="40.0117950" lon="-105.6535660">
    <ele>3361.6</ele>
    <time>2026-09-13T16:25:48Z</time>
    
   </trkpt>
   <trkpt lat="40.0118310" lon="-105.6535750">
    <ele>3361.6</ele>
    <time>2026-09-13T16:25:52Z</time>
    
   </trkpt>
   <trkpt lat="40.0118450" lon="-105.6535790">
    <ele>3361.4</ele>
    <time>2026-09-13T16:25:53Z</time>
    
   </trkpt>
   <trkpt lat="40.0118800" lon="-105.6535940">
    <ele>3360.6</ele>
    <time>2026-09-13T16:25:56Z</time>
    
   </trkpt>
   <trkpt lat="40.0119170" lon="-105.6535970">
    <ele>3360.0</ele>
    <time>2026-09-13T16:25:59Z</time>
    
   </trkpt>
   <trkpt lat="40.0119600" lon="-105.6536220">
    <ele>3359.6</ele>
    <time>2026-09-13T16:26:03Z</time>
    
   </trkpt>
   <trkpt lat="40.0119810" lon="-105.6536390">
    <ele>3359.4</ele>
    <time>2026-09-13T16:26:05Z</time>
    
   </trkpt>
   <trkpt lat="40.0119850" lon="-105.6536550">
    <ele>3359.4</ele>
    <time>2026-09-13T16:26:06Z</time>
    
   </trkpt>
   <trkpt lat="40.0119950" lon="-105.6536960">
    <ele>3359.0</ele>
    <time>2026-09-13T16:26:09Z</time>
    
   </trkpt>
   <trkpt lat="40.0120170" lon="-105.6537060">
    <ele>3359.0</ele>
    <time>2026-09-13T16:26:11Z</time>
    
   </trkpt>
   <trkpt lat="40.0120490" lon="-105.6537260">
    <ele>3359.0</ele>
    <time>2026-09-13T16:26:14Z</time>
    
   </trkpt>
   <trkpt lat="40.0120560" lon="-105.6537730">
    <ele>3358.6</ele>
    <time>2026-09-13T16:26:17Z</time>
    
   </trkpt>
   <trkpt lat="40.0120580" lon="-105.6537880">
    <ele>3358.4</ele>
    <time>2026-09-13T16:26:18Z</time>
    
   </trkpt>
   <trkpt lat="40.0120590" lon="-105.6538920">
    <ele>3357.0</ele>
    <time>2026-09-13T16:26:25Z</time>
    
   </trkpt>
   <trkpt lat="40.0120600" lon="-105.6539370">
    <ele>3356.0</ele>
    <time>2026-09-13T16:26:28Z</time>
    
   </trkpt>
   <trkpt lat="40.0120740" lon="-105.6540010">
    <ele>3355.4</ele>
    <time>2026-09-13T16:26:33Z</time>
    
   </trkpt>
   <trkpt lat="40.0120830" lon="-105.6540290">
    <ele>3355.0</ele>
    <time>2026-09-13T16:26:35Z</time>
    
   </trkpt>
   <trkpt lat="40.0121240" lon="-105.6540810">
    <ele>3354.4</ele>
    <time>2026-09-13T16:26:41Z</time>
    
   </trkpt>
   <trkpt lat="40.0121350" lon="-105.6540820">
    <ele>3354.2</ele>
    <time>2026-09-13T16:26:42Z</time>
    
   </trkpt>
   <trkpt lat="40.0121480" lon="-105.6540980">
    <ele>3354.0</ele>
    <time>2026-09-13T16:26:44Z</time>
    
   </trkpt>
   <trkpt lat="40.0121550" lon="-105.6541080">
    <ele>3353.8</ele>
    <time>2026-09-13T16:26:45Z</time>
    
   </trkpt>
   <trkpt lat="40.0121810" lon="-105.6541380">
    <ele>3353.4</ele>
    <time>2026-09-13T16:26:48Z</time>
    
   </trkpt>
   <trkpt lat="40.0122000" lon="-105.6541530">
    <ele>3353.0</ele>
    <time>2026-09-13T16:26:50Z</time>
    
   </trkpt>
   <trkpt lat="40.0122190" lon="-105.6541680">
    <ele>3352.8</ele>
    <time>2026-09-13T16:26:52Z</time>
    
   </trkpt>
   <trkpt lat="40.0122390" lon="-105.6541800">
    <ele>3352.4</ele>
    <time>2026-09-13T16:26:54Z</time>
    
   </trkpt>
   <trkpt lat="40.0122600" lon="-105.6541930">
    <ele>3352.2</ele>
    <time>2026-09-13T16:26:57Z</time>
    
   </trkpt>
   <trkpt lat="40.0122440" lon="-105.6542270">
    <ele>3351.6</ele>
    <time>2026-09-13T16:27:00Z</time>
    
   </trkpt>
   <trkpt lat="40.0122340" lon="-105.6542360">
    <ele>3351.4</ele>
    <time>2026-09-13T16:27:01Z</time>
    
   </trkpt>
   <trkpt lat="40.0122260" lon="-105.6542440">
    <ele>3351.2</ele>
    <time>2026-09-13T16:27:02Z</time>
    
   </trkpt>
   <trkpt lat="40.0122090" lon="-105.6542720">
    <ele>3351.0</ele>
    <time>2026-09-13T16:27:04Z</time>
    
   </trkpt>
   <trkpt lat="40.0122050" lon="-105.6542860">
    <ele>3350.8</ele>
    <time>2026-09-13T16:27:05Z</time>
    
   </trkpt>
   <trkpt lat="40.0122050" lon="-105.6542990">
    <ele>3350.6</ele>
    <time>2026-09-13T16:27:06Z</time>
    
   </trkpt>
   <trkpt lat="40.0122050" lon="-105.6543110">
    <ele>3350.4</ele>
    <time>2026-09-13T16:27:07Z</time>
    
   </trkpt>
   <trkpt lat="40.0121880" lon="-105.6543410">
    <ele>3349.6</ele>
    <time>2026-09-13T16:27:10Z</time>
    
   </trkpt>
   <trkpt lat="40.0121620" lon="-105.6543420">
    <ele>3349.4</ele>
    <time>2026-09-13T16:27:12Z</time>
    
   </trkpt>
   <trkpt lat="40.0121220" lon="-105.6543600">
    <ele>3349.0</ele>
    <time>2026-09-13T16:27:16Z</time>
    
   </trkpt>
   <trkpt lat="40.0120860" lon="-105.6543760">
    <ele>3348.4</ele>
    <time>2026-09-13T16:27:19Z</time>
    
   </trkpt>
   <trkpt lat="40.0120570" lon="-105.6544070">
    <ele>3347.6</ele>
    <time>2026-09-13T16:27:22Z</time>
    
   </trkpt>
   <trkpt lat="40.0120330" lon="-105.6544280">
    <ele>3347.4</ele>
    <time>2026-09-13T16:27:24Z</time>
    
   </trkpt>
   <trkpt lat="40.0119810" lon="-105.6544460">
    <ele>3347.2</ele>
    <time>2026-09-13T16:27:28Z</time>
    
   </trkpt>
   <trkpt lat="40.0119670" lon="-105.6544740">
    <ele>3347.0</ele>
    <time>2026-09-13T16:27:31Z</time>
    
   </trkpt>
   <trkpt lat="40.0119380" lon="-105.6545090">
    <ele>3346.4</ele>
    <time>2026-09-13T16:27:34Z</time>
    
   </trkpt>
   <trkpt lat="40.0119270" lon="-105.6545160">
    <ele>3346.2</ele>
    <time>2026-09-13T16:27:35Z</time>
    
   </trkpt>
   <trkpt lat="40.0118710" lon="-105.6545320">
    <ele>3345.2</ele>
    <time>2026-09-13T16:27:41Z</time>
    
   </trkpt>
   <trkpt lat="40.0118590" lon="-105.6545350">
    <ele>3344.8</ele>
    <time>2026-09-13T16:27:42Z</time>
    
   </trkpt>
   <trkpt lat="40.0117910" lon="-105.6545670">
    <ele>3344.2</ele>
    <time>2026-09-13T16:27:47Z</time>
    
   </trkpt>
   <trkpt lat="40.0117810" lon="-105.6545740">
    <ele>3344.0</ele>
    <time>2026-09-13T16:27:48Z</time>
    
   </trkpt>
   <trkpt lat="40.0117540" lon="-105.6546070">
    <ele>3343.2</ele>
    <time>2026-09-13T16:27:51Z</time>
    
   </trkpt>
   <trkpt lat="40.0117470" lon="-105.6546180">
    <ele>3342.8</ele>
    <time>2026-09-13T16:27:52Z</time>
    
   </trkpt>
   <trkpt lat="40.0117390" lon="-105.6546280">
    <ele>3342.2</ele>
    <time>2026-09-13T16:27:53Z</time>
    
   </trkpt>
   <trkpt lat="40.0117190" lon="-105.6546450">
    <ele>3341.6</ele>
    <time>2026-09-13T16:27:55Z</time>
    
   </trkpt>
   <trkpt lat="40.0116790" lon="-105.6546830">
    <ele>3341.0</ele>
    <time>2026-09-13T16:27:59Z</time>
    
   </trkpt>
   <trkpt lat="40.0116560" lon="-105.6546970">
    <ele>3340.6</ele>
    <time>2026-09-13T16:28:01Z</time>
    
   </trkpt>
   <trkpt lat="40.0116160" lon="-105.6547450">
    <ele>3340.0</ele>
    <time>2026-09-13T16:28:06Z</time>
    
   </trkpt>
   <trkpt lat="40.0115500" lon="-105.6547880">
    <ele>3339.6</ele>
    <time>2026-09-13T16:28:13Z</time>
    
   </trkpt>
   <trkpt lat="40.0115480" lon="-105.6547940">
    <ele>3339.6</ele>
    <time>2026-09-13T16:28:14Z</time>
    
   </trkpt>
   <trkpt lat="40.0115360" lon="-105.6547980">
    <ele>3339.6</ele>
    <time>2026-09-13T16:28:15Z</time>
    
   </trkpt>
   <trkpt lat="40.0115230" lon="-105.6548120">
    <ele>3339.4</ele>
    <time>2026-09-13T16:28:17Z</time>
    
   </trkpt>
   <trkpt lat="40.0115530" lon="-105.6548360">
    <ele>3339.4</ele>
    <time>2026-09-13T16:28:20Z</time>
    
   </trkpt>
   <trkpt lat="40.0115870" lon="-105.6548500">
    <ele>3338.4</ele>
    <time>2026-09-13T16:28:23Z</time>
    
   </trkpt>
   <trkpt lat="40.0116230" lon="-105.6548680">
    <ele>3337.6</ele>
    <time>2026-09-13T16:28:26Z</time>
    
   </trkpt>
   <trkpt lat="40.0116490" lon="-105.6548770">
    <ele>3337.2</ele>
    <time>2026-09-13T16:28:28Z</time>
    
   </trkpt>
   <trkpt lat="40.0116880" lon="-105.6548990">
    <ele>3336.8</ele>
    <time>2026-09-13T16:28:33Z</time>
    
   </trkpt>
   <trkpt lat="40.0117300" lon="-105.6549250">
    <ele>3336.2</ele>
    <time>2026-09-13T16:28:38Z</time>
    
   </trkpt>
   <trkpt lat="40.0117810" lon="-105.6549920">
    <ele>3335.4</ele>
    <time>2026-09-13T16:28:44Z</time>
    
   </trkpt>
   <trkpt lat="40.0117890" lon="-105.6550020">
    <ele>3335.2</ele>
    <time>2026-09-13T16:28:45Z</time>
    
   </trkpt>
   <trkpt lat="40.0118210" lon="-105.6550720">
    <ele>3334.4</ele>
    <time>2026-09-13T16:28:51Z</time>
    
   </trkpt>
   <trkpt lat="40.0118300" lon="-105.6550810">
    <ele>3334.4</ele>
    <time>2026-09-13T16:28:52Z</time>
    
   </trkpt>
   <trkpt lat="40.0118520" lon="-105.6551010">
    <ele>3334.0</ele>
    <time>2026-09-13T16:28:54Z</time>
    
   </trkpt>
   <trkpt lat="40.0118770" lon="-105.6551110">
    <ele>3333.8</ele>
    <time>2026-09-13T16:28:56Z</time>
    
   </trkpt>
   <trkpt lat="40.0118950" lon="-105.6551200">
    <ele>3333.4</ele>
    <time>2026-09-13T16:28:58Z</time>
    
   </trkpt>
   <trkpt lat="40.0119130" lon="-105.6551350">
    <ele>3333.0</ele>
    <time>2026-09-13T16:29:00Z</time>
    
   </trkpt>
   <trkpt lat="40.0119460" lon="-105.6551680">
    <ele>3331.8</ele>
    <time>2026-09-13T16:29:04Z</time>
    
   </trkpt>
   <trkpt lat="40.0119840" lon="-105.6551780">
    <ele>3331.6</ele>
    <time>2026-09-13T16:29:08Z</time>
    
   </trkpt>
   <trkpt lat="40.0119890" lon="-105.6551840">
    <ele>3331.6</ele>
    <time>2026-09-13T16:29:09Z</time>
    
   </trkpt>
   <trkpt lat="40.0119990" lon="-105.6551890">
    <ele>3331.6</ele>
    <time>2026-09-13T16:29:10Z</time>
    
   </trkpt>
   <trkpt lat="40.0120370" lon="-105.6552180">
    <ele>3331.6</ele>
    <time>2026-09-13T16:29:14Z</time>
    
   </trkpt>
   <trkpt lat="40.0120600" lon="-105.6552510">
    <ele>3330.8</ele>
    <time>2026-09-13T16:29:18Z</time>
    
   </trkpt>
   <trkpt lat="40.0120380" lon="-105.6552780">
    <ele>3330.2</ele>
    <time>2026-09-13T16:29:21Z</time>
    
   </trkpt>
   <trkpt lat="40.0120280" lon="-105.6552850">
    <ele>3329.6</ele>
    <time>2026-09-13T16:29:22Z</time>
    
   </trkpt>
   <trkpt lat="40.0119970" lon="-105.6553070">
    <ele>3328.6</ele>
    <time>2026-09-13T16:29:25Z</time>
    
   </trkpt>
   <trkpt lat="40.0119330" lon="-105.6553450">
    <ele>3327.6</ele>
    <time>2026-09-13T16:29:31Z</time>
    
   </trkpt>
   <trkpt lat="40.0119220" lon="-105.6553480">
    <ele>3327.2</ele>
    <time>2026-09-13T16:29:32Z</time>
    
   </trkpt>
   <trkpt lat="40.0118980" lon="-105.6553590">
    <ele>3326.2</ele>
    <time>2026-09-13T16:29:34Z</time>
    
   </trkpt>
   <trkpt lat="40.0118590" lon="-105.6553770">
    <ele>3325.4</ele>
    <time>2026-09-13T16:29:38Z</time>
    
   </trkpt>
   <trkpt lat="40.0118410" lon="-105.6553850">
    <ele>3325.2</ele>
    <time>2026-09-13T16:29:40Z</time>
    
   </trkpt>
   <trkpt lat="40.0118030" lon="-105.6554050">
    <ele>3324.6</ele>
    <time>2026-09-13T16:29:44Z</time>
    
   </trkpt>
   <trkpt lat="40.0117840" lon="-105.6554110">
    <ele>3324.0</ele>
    <time>2026-09-13T16:29:46Z</time>
    
   </trkpt>
   <trkpt lat="40.0117420" lon="-105.6554390">
    <ele>3323.2</ele>
    <time>2026-09-13T16:29:50Z</time>
    
   </trkpt>
   <trkpt lat="40.0117490" lon="-105.6554700">
    <ele>3323.2</ele>
    <time>2026-09-13T16:29:52Z</time>
    
   </trkpt>
   <trkpt lat="40.0117700" lon="-105.6554930">
    <ele>3323.0</ele>
    <time>2026-09-13T16:29:54Z</time>
    
   </trkpt>
   <trkpt lat="40.0118530" lon="-105.6554950">
    <ele>3322.6</ele>
    <time>2026-09-13T16:30:00Z</time>
    
   </trkpt>
   <trkpt lat="40.0118820" lon="-105.6554920">
    <ele>3322.4</ele>
    <time>2026-09-13T16:30:02Z</time>
    
   </trkpt>
   <trkpt lat="40.0118960" lon="-105.6554940">
    <ele>3322.2</ele>
    <time>2026-09-13T16:30:03Z</time>
    
   </trkpt>
   <trkpt lat="40.0119090" lon="-105.6554950">
    <ele>3322.0</ele>
    <time>2026-09-13T16:30:04Z</time>
    
   </trkpt>
   <trkpt lat="40.0119240" lon="-105.6554970">
    <ele>3321.8</ele>
    <time>2026-09-13T16:30:05Z</time>
    
   </trkpt>
   <trkpt lat="40.0119670" lon="-105.6554990">
    <ele>3321.4</ele>
    <time>2026-09-13T16:30:08Z</time>
    
   </trkpt>
   <trkpt lat="40.0120320" lon="-105.6555020">
    <ele>3321.2</ele>
    <time>2026-09-13T16:30:13Z</time>
    
   </trkpt>
   <trkpt lat="40.0120420" lon="-105.6555000">
    <ele>3321.2</ele>
    <time>2026-09-13T16:30:14Z</time>
    
   </trkpt>
   <trkpt lat="40.0120640" lon="-105.6554990">
    <ele>3321.0</ele>
    <time>2026-09-13T16:30:16Z</time>
    
   </trkpt>
   <trkpt lat="40.0120790" lon="-105.6554960">
    <ele>3320.6</ele>
    <time>2026-09-13T16:30:17Z</time>
    
   </trkpt>
   <trkpt lat="40.0121170" lon="-105.6554970">
    <ele>3319.6</ele>
    <time>2026-09-13T16:30:20Z</time>
    
   </trkpt>
   <trkpt lat="40.0121630" lon="-105.6554980">
    <ele>3318.6</ele>
    <time>2026-09-13T16:30:24Z</time>
    
   </trkpt>
   <trkpt lat="40.0121750" lon="-105.6554980">
    <ele>3318.4</ele>
    <time>2026-09-13T16:30:25Z</time>
    
   </trkpt>
   <trkpt lat="40.0122140" lon="-105.6554980">
    <ele>3318.0</ele>
    <time>2026-09-13T16:30:29Z</time>
    
   </trkpt>
   <trkpt lat="40.0122510" lon="-105.6555010">
    <ele>3317.4</ele>
    <time>2026-09-13T16:30:33Z</time>
    
   </trkpt>
   <trkpt lat="40.0122960" lon="-105.6555040">
    <ele>3317.4</ele>
    <time>2026-09-13T16:30:37Z</time>
    
   </trkpt>
   <trkpt lat="40.0123290" lon="-105.6555130">
    <ele>3317.0</ele>
    <time>2026-09-13T16:30:40Z</time>
    
   </trkpt>
   <trkpt lat="40.0123670" lon="-105.6555180">
    <ele>3316.0</ele>
    <time>2026-09-13T16:30:44Z</time>
    
   </trkpt>
   <trkpt lat="40.0123950" lon="-105.6555250">
    <ele>3315.8</ele>
    <time>2026-09-13T16:30:47Z</time>
    
   </trkpt>
   <trkpt lat="40.0124170" lon="-105.6555380">
    <ele>3315.0</ele>
    <time>2026-09-13T16:30:50Z</time>
    
   </trkpt>
   <trkpt lat="40.0124070" lon="-105.6555790">
    <ele>3314.4</ele>
    <time>2026-09-13T16:30:53Z</time>
    
   </trkpt>
   <trkpt lat="40.0123530" lon="-105.6556280">
    <ele>3313.8</ele>
    <time>2026-09-13T16:30:57Z</time>
    
   </trkpt>
   <trkpt lat="40.0123240" lon="-105.6556520">
    <ele>3313.2</ele>
    <time>2026-09-13T16:30:59Z</time>
    
   </trkpt>
   <trkpt lat="40.0122930" lon="-105.6556690">
    <ele>3312.6</ele>
    <time>2026-09-13T16:31:01Z</time>
    
   </trkpt>
   <trkpt lat="40.0122800" lon="-105.6556800">
    <ele>3312.4</ele>
    <time>2026-09-13T16:31:02Z</time>
    
   </trkpt>
   <trkpt lat="40.0122540" lon="-105.6556980">
    <ele>3312.0</ele>
    <time>2026-09-13T16:31:04Z</time>
    
   </trkpt>
   <trkpt lat="40.0122410" lon="-105.6557030">
    <ele>3311.8</ele>
    <time>2026-09-13T16:31:05Z</time>
    
   </trkpt>
   <trkpt lat="40.0121640" lon="-105.6557340">
    <ele>3311.8</ele>
    <time>2026-09-13T16:31:11Z</time>
    
   </trkpt>
   <trkpt lat="40.0121190" lon="-105.6557590">
    <ele>3311.6</ele>
    <time>2026-09-13T16:31:15Z</time>
    
   </trkpt>
   <trkpt lat="40.0120880" lon="-105.6557880">
    <ele>3311.4</ele>
    <time>2026-09-13T16:31:18Z</time>
    
   </trkpt>
   <trkpt lat="40.0120770" lon="-105.6557940">
    <ele>3311.4</ele>
    <time>2026-09-13T16:31:19Z</time>
    
   </trkpt>
   <trkpt lat="40.0120350" lon="-105.6558350">
    <ele>3311.2</ele>
    <time>2026-09-13T16:31:24Z</time>
    
   </trkpt>
   <trkpt lat="40.0120140" lon="-105.6558530">
    <ele>3311.0</ele>
    <time>2026-09-13T16:31:26Z</time>
    
   </trkpt>
   <trkpt lat="40.0120040" lon="-105.6558540">
    <ele>3310.8</ele>
    <time>2026-09-13T16:31:27Z</time>
    
   </trkpt>
   <trkpt lat="40.0119870" lon="-105.6558580">
    <ele>3310.8</ele>
    <time>2026-09-13T16:31:29Z</time>
    
   </trkpt>
   <trkpt lat="40.0119860" lon="-105.6558630">
    <ele>3310.6</ele>
    <time>2026-09-13T16:31:31Z</time>
    
   </trkpt>
   <trkpt lat="40.0119870" lon="-105.6558650">
    <ele>3310.6</ele>
    <time>2026-09-13T16:31:32Z</time>
    
   </trkpt>
   <trkpt lat="40.0119890" lon="-105.6558660">
    <ele>3310.4</ele>
    <time>2026-09-13T16:31:33Z</time>
    
   </trkpt>
   <trkpt lat="40.0119660" lon="-105.6558550">
    <ele>3310.0</ele>
    <time>2026-09-13T16:31:40Z</time>
    
   </trkpt>
   <trkpt lat="40.0119340" lon="-105.6558690">
    <ele>3310.2</ele>
    <time>2026-09-13T16:31:44Z</time>
    
   </trkpt>
   <trkpt lat="40.0119170" lon="-105.6558820">
    <ele>3309.8</ele>
    <time>2026-09-13T16:31:46Z</time>
    
   </trkpt>
   <trkpt lat="40.0118910" lon="-105.6559030">
    <ele>3309.6</ele>
    <time>2026-09-13T16:31:50Z</time>
    
   </trkpt>
   <trkpt lat="40.0118710" lon="-105.6559100">
    <ele>3309.4</ele>
    <time>2026-09-13T16:31:53Z</time>
    
   </trkpt>
   <trkpt lat="40.0118640" lon="-105.6559170">
    <ele>3309.4</ele>
    <time>2026-09-13T16:31:54Z</time>
    
   </trkpt>
   <trkpt lat="40.0118560" lon="-105.6559250">
    <ele>3309.4</ele>
    <time>2026-09-13T16:31:55Z</time>
    
   </trkpt>
   <trkpt lat="40.0118040" lon="-105.6559780">
    <ele>3308.4</ele>
    <time>2026-09-13T16:32:01Z</time>
    
   </trkpt>
   <trkpt lat="40.0117710" lon="-105.6559880">
    <ele>3307.8</ele>
    <time>2026-09-13T16:32:04Z</time>
    
   </trkpt>
   <trkpt lat="40.0117580" lon="-105.6559910">
    <ele>3307.4</ele>
    <time>2026-09-13T16:32:05Z</time>
    
   </trkpt>
   <trkpt lat="40.0117210" lon="-105.6560060">
    <ele>3306.4</ele>
    <time>2026-09-13T16:32:09Z</time>
    
   </trkpt>
   <trkpt lat="40.0117020" lon="-105.6560210">
    <ele>3306.2</ele>
    <time>2026-09-13T16:32:11Z</time>
    
   </trkpt>
   <trkpt lat="40.0116930" lon="-105.6560230">
    <ele>3306.0</ele>
    <time>2026-09-13T16:32:12Z</time>
    
   </trkpt>
   <trkpt lat="40.0116640" lon="-105.6560240">
    <ele>3305.2</ele>
    <time>2026-09-13T16:32:15Z</time>
    
   </trkpt>
   <trkpt lat="40.0116290" lon="-105.6560340">
    <ele>3304.2</ele>
    <time>2026-09-13T16:32:19Z</time>
    
   </trkpt>
   <trkpt lat="40.0116210" lon="-105.6560400">
    <ele>3304.0</ele>
    <time>2026-09-13T16:32:20Z</time>
    
   </trkpt>
   <trkpt lat="40.0115950" lon="-105.6560520">
    <ele>3303.4</ele>
    <time>2026-09-13T16:32:23Z</time>
    
   </trkpt>
   <trkpt lat="40.0115870" lon="-105.6560640">
    <ele>3303.0</ele>
    <time>2026-09-13T16:32:24Z</time>
    
   </trkpt>
   <trkpt lat="40.0115850" lon="-105.6560790">
    <ele>3302.6</ele>
    <time>2026-09-13T16:32:25Z</time>
    
   </trkpt>
   <trkpt lat="40.0115840" lon="-105.6561100">
    <ele>3302.0</ele>
    <time>2026-09-13T16:32:27Z</time>
    
   </trkpt>
   <trkpt lat="40.0115910" lon="-105.6561470">
    <ele>3301.6</ele>
    <time>2026-09-13T16:32:30Z</time>
    
   </trkpt>
   <trkpt lat="40.0115930" lon="-105.6561590">
    <ele>3301.4</ele>
    <time>2026-09-13T16:32:31Z</time>
    
   </trkpt>
   <trkpt lat="40.0116040" lon="-105.6561990">
    <ele>3300.8</ele>
    <time>2026-09-13T16:32:34Z</time>
    
   </trkpt>
   <trkpt lat="40.0115960" lon="-105.6562480">
    <ele>3299.6</ele>
    <time>2026-09-13T16:32:38Z</time>
    
   </trkpt>
   <trkpt lat="40.0115860" lon="-105.6562700">
    <ele>3299.2</ele>
    <time>2026-09-13T16:32:40Z</time>
    
   </trkpt>
   <trkpt lat="40.0115580" lon="-105.6563010">
    <ele>3298.6</ele>
    <time>2026-09-13T16:32:43Z</time>
    
   </trkpt>
   <trkpt lat="40.0115300" lon="-105.6563340">
    <ele>3298.0</ele>
    <time>2026-09-13T16:32:46Z</time>
    
   </trkpt>
   <trkpt lat="40.0115170" lon="-105.6563620">
    <ele>3297.6</ele>
    <time>2026-09-13T16:32:48Z</time>
    
   </trkpt>
   <trkpt lat="40.0114910" lon="-105.6564040">
    <ele>3297.0</ele>
    <time>2026-09-13T16:32:52Z</time>
    
   </trkpt>
   <trkpt lat="40.0114670" lon="-105.6564310">
    <ele>3296.8</ele>
    <time>2026-09-13T16:32:55Z</time>
    
   </trkpt>
   <trkpt lat="40.0114600" lon="-105.6564380">
    <ele>3296.6</ele>
    <time>2026-09-13T16:32:56Z</time>
    
   </trkpt>
   <trkpt lat="40.0114370" lon="-105.6564540">
    <ele>3295.8</ele>
    <time>2026-09-13T16:32:58Z</time>
    
   </trkpt>
   <trkpt lat="40.0114160" lon="-105.6564690">
    <ele>3295.6</ele>
    <time>2026-09-13T16:33:00Z</time>
    
   </trkpt>
   <trkpt lat="40.0113920" lon="-105.6564880">
    <ele>3295.2</ele>
    <time>2026-09-13T16:33:03Z</time>
    
   </trkpt>
   <trkpt lat="40.0113830" lon="-105.6564870">
    <ele>3295.2</ele>
    <time>2026-09-13T16:33:04Z</time>
    
   </trkpt>
   <trkpt lat="40.0113670" lon="-105.6564970">
    <ele>3295.0</ele>
    <time>2026-09-13T16:33:06Z</time>
    
   </trkpt>
   <trkpt lat="40.0113470" lon="-105.6565150">
    <ele>3294.4</ele>
    <time>2026-09-13T16:33:09Z</time>
    
   </trkpt>
   <trkpt lat="40.0113280" lon="-105.6565280">
    <ele>3294.2</ele>
    <time>2026-09-13T16:33:11Z</time>
    
   </trkpt>
   <trkpt lat="40.0113200" lon="-105.6565330">
    <ele>3294.0</ele>
    <time>2026-09-13T16:33:12Z</time>
    
   </trkpt>
   <trkpt lat="40.0113100" lon="-105.6565420">
    <ele>3293.8</ele>
    <time>2026-09-13T16:33:13Z</time>
    
   </trkpt>
   <trkpt lat="40.0112960" lon="-105.6565620">
    <ele>3293.6</ele>
    <time>2026-09-13T16:33:15Z</time>
    
   </trkpt>
   <trkpt lat="40.0112950" lon="-105.6565790">
    <ele>3293.6</ele>
    <time>2026-09-13T16:33:16Z</time>
    
   </trkpt>
   <trkpt lat="40.0113010" lon="-105.6566140">
    <ele>3293.4</ele>
    <time>2026-09-13T16:33:18Z</time>
    
   </trkpt>
   <trkpt lat="40.0113050" lon="-105.6566630">
    <ele>3293.2</ele>
    <time>2026-09-13T16:33:21Z</time>
    
   </trkpt>
   <trkpt lat="40.0113050" lon="-105.6566790">
    <ele>3293.2</ele>
    <time>2026-09-13T16:33:22Z</time>
    
   </trkpt>
   <trkpt lat="40.0113060" lon="-105.6566960">
    <ele>3293.2</ele>
    <time>2026-09-13T16:33:23Z</time>
    
   </trkpt>
   <trkpt lat="40.0113110" lon="-105.6567270">
    <ele>3293.4</ele>
    <time>2026-09-13T16:33:25Z</time>
    
   </trkpt>
   <trkpt lat="40.0113090" lon="-105.6567550">
    <ele>3293.4</ele>
    <time>2026-09-13T16:33:27Z</time>
    
   </trkpt>
   <trkpt lat="40.0112830" lon="-105.6568150">
    <ele>3292.8</ele>
    <time>2026-09-13T16:33:31Z</time>
    
   </trkpt>
   <trkpt lat="40.0112840" lon="-105.6568660">
    <ele>3292.4</ele>
    <time>2026-09-13T16:33:34Z</time>
    
   </trkpt>
   <trkpt lat="40.0112850" lon="-105.6569080">
    <ele>3292.4</ele>
    <time>2026-09-13T16:33:37Z</time>
    
   </trkpt>
   <trkpt lat="40.0112660" lon="-105.6569470">
    <ele>3292.6</ele>
    <time>2026-09-13T16:33:40Z</time>
    
   </trkpt>
   <trkpt lat="40.0112650" lon="-105.6569600">
    <ele>3292.4</ele>
    <time>2026-09-13T16:33:41Z</time>
    
   </trkpt>
   <trkpt lat="40.0112650" lon="-105.6569910">
    <ele>3292.4</ele>
    <time>2026-09-13T16:33:43Z</time>
    
   </trkpt>
   <trkpt lat="40.0112670" lon="-105.6570080">
    <ele>3292.0</ele>
    <time>2026-09-13T16:33:44Z</time>
    
   </trkpt>
   <trkpt lat="40.0112640" lon="-105.6570380">
    <ele>3291.2</ele>
    <time>2026-09-13T16:33:46Z</time>
    
   </trkpt>
   <trkpt lat="40.0112600" lon="-105.6570700">
    <ele>3290.6</ele>
    <time>2026-09-13T16:33:48Z</time>
    
   </trkpt>
   <trkpt lat="40.0112520" lon="-105.6571170">
    <ele>3290.2</ele>
    <time>2026-09-13T16:33:51Z</time>
    
   </trkpt>
   <trkpt lat="40.0112590" lon="-105.6571360">
    <ele>3290.2</ele>
    <time>2026-09-13T16:33:52Z</time>
    
   </trkpt>
   <trkpt lat="40.0112810" lon="-105.6571760">
    <ele>3289.8</ele>
    <time>2026-09-13T16:33:55Z</time>
    
   </trkpt>
   <trkpt lat="40.0113020" lon="-105.6572110">
    <ele>3289.8</ele>
    <time>2026-09-13T16:33:58Z</time>
    
   </trkpt>
   <trkpt lat="40.0113140" lon="-105.6572540">
    <ele>3290.0</ele>
    <time>2026-09-13T16:34:01Z</time>
    
   </trkpt>
   <trkpt lat="40.0113270" lon="-105.6573160">
    <ele>3289.2</ele>
    <time>2026-09-13T16:34:05Z</time>
    
   </trkpt>
   <trkpt lat="40.0113260" lon="-105.6573300">
    <ele>3288.8</ele>
    <time>2026-09-13T16:34:06Z</time>
    
   </trkpt>
   <trkpt lat="40.0113230" lon="-105.6573440">
    <ele>3288.4</ele>
    <time>2026-09-13T16:34:07Z</time>
    
   </trkpt>
   <trkpt lat="40.0113190" lon="-105.6573580">
    <ele>3288.2</ele>
    <time>2026-09-13T16:34:08Z</time>
    
   </trkpt>
   <trkpt lat="40.0113030" lon="-105.6574470">
    <ele>3287.4</ele>
    <time>2026-09-13T16:34:14Z</time>
    
   </trkpt>
   <trkpt lat="40.0113070" lon="-105.6574590">
    <ele>3287.2</ele>
    <time>2026-09-13T16:34:15Z</time>
    
   </trkpt>
   <trkpt lat="40.0113150" lon="-105.6575350">
    <ele>3286.4</ele>
    <time>2026-09-13T16:34:20Z</time>
    
   </trkpt>
   <trkpt lat="40.0113140" lon="-105.6575610">
    <ele>3286.2</ele>
    <time>2026-09-13T16:34:22Z</time>
    
   </trkpt>
   <trkpt lat="40.0113060" lon="-105.6575860">
    <ele>3286.0</ele>
    <time>2026-09-13T16:34:24Z</time>
    
   </trkpt>
   <trkpt lat="40.0112920" lon="-105.6576070">
    <ele>3285.8</ele>
    <time>2026-09-13T16:34:26Z</time>
    
   </trkpt>
   <trkpt lat="40.0112830" lon="-105.6576260">
    <ele>3285.6</ele>
    <time>2026-09-13T16:34:28Z</time>
    
   </trkpt>
   <trkpt lat="40.0112740" lon="-105.6576320">
    <ele>3285.0</ele>
    <time>2026-09-13T16:34:30Z</time>
    
   </trkpt>
   <trkpt lat="40.0112660" lon="-105.6576380">
    <ele>3284.8</ele>
    <time>2026-09-13T16:34:31Z</time>
    
   </trkpt>
   <trkpt lat="40.0112560" lon="-105.6576420">
    <ele>3284.4</ele>
    <time>2026-09-13T16:34:32Z</time>
    
   </trkpt>
   <trkpt lat="40.0112380" lon="-105.6576460">
    <ele>3284.0</ele>
    <time>2026-09-13T16:34:34Z</time>
    
   </trkpt>
   <trkpt lat="40.0112020" lon="-105.6577030">
    <ele>3283.0</ele>
    <time>2026-09-13T16:34:41Z</time>
    
   </trkpt>
   <trkpt lat="40.0111960" lon="-105.6577360">
    <ele>3283.0</ele>
    <time>2026-09-13T16:34:44Z</time>
    
   </trkpt>
   <trkpt lat="40.0111970" lon="-105.6577790">
    <ele>3281.6</ele>
    <time>2026-09-13T16:34:49Z</time>
    
   </trkpt>
   <trkpt lat="40.0111950" lon="-105.6577850">
    <ele>3281.4</ele>
    <time>2026-09-13T16:34:50Z</time>
    
   </trkpt>
   <trkpt lat="40.0111880" lon="-105.6578030">
    <ele>3280.8</ele>
    <time>2026-09-13T16:34:53Z</time>
    
   </trkpt>
   <trkpt lat="40.0111660" lon="-105.6578500">
    <ele>3280.6</ele>
    <time>2026-09-13T16:34:58Z</time>
    
   </trkpt>
   <trkpt lat="40.0111630" lon="-105.6578590">
    <ele>3280.4</ele>
    <time>2026-09-13T16:34:59Z</time>
    
   </trkpt>
   <trkpt lat="40.0111580" lon="-105.6578700">
    <ele>3280.2</ele>
    <time>2026-09-13T16:35:00Z</time>
    
   </trkpt>
   <trkpt lat="40.0111410" lon="-105.6578930">
    <ele>3279.6</ele>
    <time>2026-09-13T16:35:02Z</time>
    
   </trkpt>
   <trkpt lat="40.0111320" lon="-105.6579000">
    <ele>3279.4</ele>
    <time>2026-09-13T16:35:03Z</time>
    
   </trkpt>
   <trkpt lat="40.0111190" lon="-105.6579190">
    <ele>3279.2</ele>
    <time>2026-09-13T16:35:05Z</time>
    
   </trkpt>
   <trkpt lat="40.0111180" lon="-105.6579310">
    <ele>3279.2</ele>
    <time>2026-09-13T16:35:06Z</time>
    
   </trkpt>
   <trkpt lat="40.0111300" lon="-105.6580040">
    <ele>3278.8</ele>
    <time>2026-09-13T16:35:11Z</time>
    
   </trkpt>
   <trkpt lat="40.0111380" lon="-105.6580140">
    <ele>3278.8</ele>
    <time>2026-09-13T16:35:12Z</time>
    
   </trkpt>
   <trkpt lat="40.0111670" lon="-105.6580680">
    <ele>3279.0</ele>
    <time>2026-09-13T16:35:17Z</time>
    
   </trkpt>
   <trkpt lat="40.0111740" lon="-105.6580820">
    <ele>3279.0</ele>
    <time>2026-09-13T16:35:18Z</time>
    
   </trkpt>
   <trkpt lat="40.0111830" lon="-105.6581610">
    <ele>3279.0</ele>
    <time>2026-09-13T16:35:24Z</time>
    
   </trkpt>
   <trkpt lat="40.0111740" lon="-105.6581690">
    <ele>3279.0</ele>
    <time>2026-09-13T16:35:25Z</time>
    
   </trkpt>
   <trkpt lat="40.0111530" lon="-105.6581870">
    <ele>3278.6</ele>
    <time>2026-09-13T16:35:27Z</time>
    
   </trkpt>
   <trkpt lat="40.0111360" lon="-105.6582060">
    <ele>3278.4</ele>
    <time>2026-09-13T16:35:29Z</time>
    
   </trkpt>
   <trkpt lat="40.0111210" lon="-105.6582400">
    <ele>3278.2</ele>
    <time>2026-09-13T16:35:31Z</time>
    
   </trkpt>
   <trkpt lat="40.0111200" lon="-105.6582570">
    <ele>3277.8</ele>
    <time>2026-09-13T16:35:32Z</time>
    
   </trkpt>
   <trkpt lat="40.0111190" lon="-105.6582740">
    <ele>3277.2</ele>
    <time>2026-09-13T16:35:33Z</time>
    
   </trkpt>
   <trkpt lat="40.0111080" lon="-105.6583110">
    <ele>3276.6</ele>
    <time>2026-09-13T16:35:36Z</time>
    
   </trkpt>
   <trkpt lat="40.0110730" lon="-105.6583340">
    <ele>3276.4</ele>
    <time>2026-09-13T16:35:40Z</time>
    
   </trkpt>
   <trkpt lat="40.0110540" lon="-105.6583420">
    <ele>3276.6</ele>
    <time>2026-09-13T16:35:42Z</time>
    
   </trkpt>
   <trkpt lat="40.0110310" lon="-105.6583660">
    <ele>3277.2</ele>
    <time>2026-09-13T16:35:46Z</time>
    
   </trkpt>
   <trkpt lat="40.0110170" lon="-105.6583930">
    <ele>3277.4</ele>
    <time>2026-09-13T16:35:48Z</time>
    
   </trkpt>
   <trkpt lat="40.0109900" lon="-105.6584230">
    <ele>3277.4</ele>
    <time>2026-09-13T16:35:51Z</time>
    
   </trkpt>
   <trkpt lat="40.0109030" lon="-105.6584670">
    <ele>3277.4</ele>
    <time>2026-09-13T16:35:58Z</time>
    
   </trkpt>
   <trkpt lat="40.0108280" lon="-105.6585010">
    <ele>3277.6</ele>
    <time>2026-09-13T16:36:04Z</time>
    
   </trkpt>
   <trkpt lat="40.0107800" lon="-105.6585190">
    <ele>3277.4</ele>
    <time>2026-09-13T16:36:08Z</time>
    
   </trkpt>
   <trkpt lat="40.0107560" lon="-105.6585330">
    <ele>3277.4</ele>
    <time>2026-09-13T16:36:10Z</time>
    
   </trkpt>
   <trkpt lat="40.0106710" lon="-105.6585630">
    <ele>3277.2</ele>
    <time>2026-09-13T16:36:17Z</time>
    
   </trkpt>
   <trkpt lat="40.0106610" lon="-105.6585670">
    <ele>3277.2</ele>
    <time>2026-09-13T16:36:18Z</time>
    
   </trkpt>
   <trkpt lat="40.0106500" lon="-105.6585680">
    <ele>3277.0</ele>
    <time>2026-09-13T16:36:20Z</time>
    
   </trkpt>
   <trkpt lat="40.0106540" lon="-105.6585740">
    <ele>3277.0</ele>
    <time>2026-09-13T16:36:23Z</time>
    
   </trkpt>
   <trkpt lat="40.0106710" lon="-105.6585740">
    <ele>3277.0</ele>
    <time>2026-09-13T16:36:35Z</time>
    
   </trkpt>
   <trkpt lat="40.0106790" lon="-105.6585740">
    <ele>3277.0</ele>
    <time>2026-09-13T16:36:37Z</time>
    
   </trkpt>
   <trkpt lat="40.0106880" lon="-105.6585800">
    <ele>3277.0</ele>
    <time>2026-09-13T16:36:45Z</time>
    
   </trkpt>
   <trkpt lat="40.0106830" lon="-105.6585770">
    <ele>3276.8</ele>
    <time>2026-09-13T16:36:48Z</time>
    
   </trkpt>
   <trkpt lat="40.0106160" lon="-105.6585610">
    <ele>3276.8</ele>
    <time>2026-09-13T16:36:57Z</time>
    
   </trkpt>
   <trkpt lat="40.0105680" lon="-105.6585420">
    <ele>3276.6</ele>
    <time>2026-09-13T16:37:02Z</time>
    
   </trkpt>
   <trkpt lat="40.0105370" lon="-105.6585280">
    <ele>3276.4</ele>
    <time>2026-09-13T16:37:05Z</time>
    
   </trkpt>
   <trkpt lat="40.0104940" lon="-105.6585260">
    <ele>3276.2</ele>
    <time>2026-09-13T16:37:08Z</time>
    
   </trkpt>
   <trkpt lat="40.0104800" lon="-105.6585230">
    <ele>3276.4</ele>
    <time>2026-09-13T16:37:09Z</time>
    
   </trkpt>
   <trkpt lat="40.0103920" lon="-105.6584850">
    <ele>3276.0</ele>
    <time>2026-09-13T16:37:16Z</time>
    
   </trkpt>
   <trkpt lat="40.0103770" lon="-105.6584640">
    <ele>3275.6</ele>
    <time>2026-09-13T16:37:18Z</time>
    
   </trkpt>
   <trkpt lat="40.0103610" lon="-105.6584390">
    <ele>3275.4</ele>
    <time>2026-09-13T16:37:20Z</time>
    
   </trkpt>
   <trkpt lat="40.0103200" lon="-105.6583630">
    <ele>3275.2</ele>
    <time>2026-09-13T16:37:25Z</time>
    
   </trkpt>
   <trkpt lat="40.0102950" lon="-105.6583280">
    <ele>3275.0</ele>
    <time>2026-09-13T16:37:28Z</time>
    
   </trkpt>
   <trkpt lat="40.0102870" lon="-105.6583180">
    <ele>3275.0</ele>
    <time>2026-09-13T16:37:29Z</time>
    
   </trkpt>
   <trkpt lat="40.0102340" lon="-105.6582590">
    <ele>3274.4</ele>
    <time>2026-09-13T16:37:35Z</time>
    
   </trkpt>
   <trkpt lat="40.0102170" lon="-105.6582430">
    <ele>3274.2</ele>
    <time>2026-09-13T16:37:37Z</time>
    
   </trkpt>
   <trkpt lat="40.0101800" lon="-105.6582080">
    <ele>3273.8</ele>
    <time>2026-09-13T16:37:41Z</time>
    
   </trkpt>
   <trkpt lat="40.0101470" lon="-105.6581690">
    <ele>3273.6</ele>
    <time>2026-09-13T16:37:44Z</time>
    
   </trkpt>
   <trkpt lat="40.0100790" lon="-105.6580730">
    <ele>3273.2</ele>
    <time>2026-09-13T16:37:52Z</time>
    
   </trkpt>
   <trkpt lat="40.0100540" lon="-105.6580540">
    <ele>3273.2</ele>
    <time>2026-09-13T16:37:54Z</time>
    
   </trkpt>
   <trkpt lat="40.0100120" lon="-105.6580120">
    <ele>3272.8</ele>
    <time>2026-09-13T16:37:58Z</time>
    
   </trkpt>
   <trkpt lat="40.0100010" lon="-105.6580010">
    <ele>3272.8</ele>
    <time>2026-09-13T16:37:59Z</time>
    
   </trkpt>
   <trkpt lat="40.0099600" lon="-105.6579300">
    <ele>3272.8</ele>
    <time>2026-09-13T16:38:04Z</time>
    
   </trkpt>
   <trkpt lat="40.0099540" lon="-105.6579170">
    <ele>3272.8</ele>
    <time>2026-09-13T16:38:05Z</time>
    
   </trkpt>
   <trkpt lat="40.0099220" lon="-105.6578610">
    <ele>3272.2</ele>
    <time>2026-09-13T16:38:09Z</time>
    
   </trkpt>
   <trkpt lat="40.0099110" lon="-105.6578480">
    <ele>3272.2</ele>
    <time>2026-09-13T16:38:10Z</time>
    
   </trkpt>
   <trkpt lat="40.0099030" lon="-105.6578320">
    <ele>3272.0</ele>
    <time>2026-09-13T16:38:11Z</time>
    
   </trkpt>
   <trkpt lat="40.0098790" lon="-105.6577460">
    <ele>3271.6</ele>
    <time>2026-09-13T16:38:16Z</time>
    
   </trkpt>
   <trkpt lat="40.0098770" lon="-105.6577300">
    <ele>3271.6</ele>
    <time>2026-09-13T16:38:17Z</time>
    
   </trkpt>
   <trkpt lat="40.0098620" lon="-105.6576390">
    <ele>3271.8</ele>
    <time>2026-09-13T16:38:22Z</time>
    
   </trkpt>
   <trkpt lat="40.0098160" lon="-105.6575440">
    <ele>3271.8</ele>
    <time>2026-09-13T16:38:28Z</time>
    
   </trkpt>
   <trkpt lat="40.0097550" lon="-105.6574680">
    <ele>3271.6</ele>
    <time>2026-09-13T16:38:34Z</time>
    
   </trkpt>
   <trkpt lat="40.0097100" lon="-105.6573790">
    <ele>3271.6</ele>
    <time>2026-09-13T16:38:40Z</time>
    
   </trkpt>
   <trkpt lat="40.0096770" lon="-105.6573030">
    <ele>3271.6</ele>
    <time>2026-09-13T16:38:45Z</time>
    
   </trkpt>
   <trkpt lat="40.0096640" lon="-105.6572720">
    <ele>3271.2</ele>
    <time>2026-09-13T16:38:47Z</time>
    
   </trkpt>
   <trkpt lat="40.0096530" lon="-105.6572420">
    <ele>3271.0</ele>
    <time>2026-09-13T16:38:49Z</time>
    
   </trkpt>
   <trkpt lat="40.0096310" lon="-105.6571860">
    <ele>3270.4</ele>
    <time>2026-09-13T16:38:53Z</time>
    
   </trkpt>
   <trkpt lat="40.0096180" lon="-105.6571540">
    <ele>3270.0</ele>
    <time>2026-09-13T16:38:55Z</time>
    
   </trkpt>
   <trkpt lat="40.0095810" lon="-105.6570370">
    <ele>3269.4</ele>
    <time>2026-09-13T16:39:02Z</time>
    
   </trkpt>
   <trkpt lat="40.0095500" lon="-105.6569230">
    <ele>3268.6</ele>
    <time>2026-09-13T16:39:09Z</time>
    
   </trkpt>
   <trkpt lat="40.0095370" lon="-105.6568910">
    <ele>3268.4</ele>
    <time>2026-09-13T16:39:11Z</time>
    
   </trkpt>
   <trkpt lat="40.0095160" lon="-105.6568620">
    <ele>3268.2</ele>
    <time>2026-09-13T16:39:13Z</time>
    
   </trkpt>
   <trkpt lat="40.0095020" lon="-105.6568130">
    <ele>3267.8</ele>
    <time>2026-09-13T16:39:16Z</time>
    
   </trkpt>
   <trkpt lat="40.0094930" lon="-105.6567290">
    <ele>3267.6</ele>
    <time>2026-09-13T16:39:21Z</time>
    
   </trkpt>
   <trkpt lat="40.0094840" lon="-105.6566970">
    <ele>3267.2</ele>
    <time>2026-09-13T16:39:23Z</time>
    
   </trkpt>
   <trkpt lat="40.0094760" lon="-105.6566830">
    <ele>3267.0</ele>
    <time>2026-09-13T16:39:24Z</time>
    
   </trkpt>
   <trkpt lat="40.0094230" lon="-105.6565960">
    <ele>3266.8</ele>
    <time>2026-09-13T16:39:30Z</time>
    
   </trkpt>
   <trkpt lat="40.0093770" lon="-105.6565190">
    <ele>3266.6</ele>
    <time>2026-09-13T16:39:36Z</time>
    
   </trkpt>
   <trkpt lat="40.0093240" lon="-105.6564360">
    <ele>3266.4</ele>
    <time>2026-09-13T16:39:42Z</time>
    
   </trkpt>
   <trkpt lat="40.0092870" lon="-105.6563820">
    <ele>3266.4</ele>
    <time>2026-09-13T16:39:46Z</time>
    
   </trkpt>
   <trkpt lat="40.0092650" lon="-105.6563590">
    <ele>3266.2</ele>
    <time>2026-09-13T16:39:48Z</time>
    
   </trkpt>
   <trkpt lat="40.0092400" lon="-105.6563340">
    <ele>3265.8</ele>
    <time>2026-09-13T16:39:50Z</time>
    
   </trkpt>
   <trkpt lat="40.0091560" lon="-105.6562440">
    <ele>3265.4</ele>
    <time>2026-09-13T16:39:58Z</time>
    
   </trkpt>
   <trkpt lat="40.0090790" lon="-105.6561890">
    <ele>3265.0</ele>
    <time>2026-09-13T16:40:05Z</time>
    
   </trkpt>
   <trkpt lat="40.0090460" lon="-105.6561720">
    <ele>3264.8</ele>
    <time>2026-09-13T16:40:08Z</time>
    
   </trkpt>
   <trkpt lat="40.0090140" lon="-105.6561680">
    <ele>3264.6</ele>
    <time>2026-09-13T16:40:10Z</time>
    
   </trkpt>
   <trkpt lat="40.0090030" lon="-105.6561680">
    <ele>3264.4</ele>
    <time>2026-09-13T16:40:11Z</time>
    
   </trkpt>
   <trkpt lat="40.0089930" lon="-105.6561630">
    <ele>3264.2</ele>
    <time>2026-09-13T16:40:12Z</time>
    
   </trkpt>
   <trkpt lat="40.0089780" lon="-105.6561580">
    <ele>3264.0</ele>
    <time>2026-09-13T16:40:13Z</time>
    
   </trkpt>
   <trkpt lat="40.0089680" lon="-105.6561490">
    <ele>3263.8</ele>
    <time>2026-09-13T16:40:14Z</time>
    
   </trkpt>
   <trkpt lat="40.0089460" lon="-105.6561130">
    <ele>3263.6</ele>
    <time>2026-09-13T16:40:17Z</time>
    
   </trkpt>
   <trkpt lat="40.0089190" lon="-105.6560050">
    <ele>3263.4</ele>
    <time>2026-09-13T16:40:23Z</time>
    
   </trkpt>
   <trkpt lat="40.0089090" lon="-105.6559740">
    <ele>3263.2</ele>
    <time>2026-09-13T16:40:25Z</time>
    
   </trkpt>
   <trkpt lat="40.0088890" lon="-105.6559290">
    <ele>3262.8</ele>
    <time>2026-09-13T16:40:28Z</time>
    
   </trkpt>
   <trkpt lat="40.0088570" lon="-105.6558940">
    <ele>3262.6</ele>
    <time>2026-09-13T16:40:31Z</time>
    
   </trkpt>
   <trkpt lat="40.0088310" lon="-105.6558470">
    <ele>3262.2</ele>
    <time>2026-09-13T16:40:35Z</time>
    
   </trkpt>
   <trkpt lat="40.0088220" lon="-105.6558170">
    <ele>3261.6</ele>
    <time>2026-09-13T16:40:37Z</time>
    
   </trkpt>
   <trkpt lat="40.0088160" lon="-105.6558000">
    <ele>3261.6</ele>
    <time>2026-09-13T16:40:38Z</time>
    
   </trkpt>
   <trkpt lat="40.0087890" lon="-105.6557410">
    <ele>3261.0</ele>
    <time>2026-09-13T16:40:42Z</time>
    
   </trkpt>
   <trkpt lat="40.0087830" lon="-105.6557230">
    <ele>3260.6</ele>
    <time>2026-09-13T16:40:43Z</time>
    
   </trkpt>
   <trkpt lat="40.0087490" lon="-105.6556930">
    <ele>3260.0</ele>
    <time>2026-09-13T16:40:46Z</time>
    
   </trkpt>
   <trkpt lat="40.0087090" lon="-105.6556130">
    <ele>3259.6</ele>
    <time>2026-09-13T16:40:51Z</time>
    
   </trkpt>
   <trkpt lat="40.0086900" lon="-105.6555870">
    <ele>3259.2</ele>
    <time>2026-09-13T16:40:53Z</time>
    
   </trkpt>
   <trkpt lat="40.0086670" lon="-105.6555510">
    <ele>3258.6</ele>
    <time>2026-09-13T16:40:56Z</time>
    
   </trkpt>
   <trkpt lat="40.0086570" lon="-105.6555410">
    <ele>3258.4</ele>
    <time>2026-09-13T16:40:57Z</time>
    
   </trkpt>
   <trkpt lat="40.0086420" lon="-105.6555330">
    <ele>3258.4</ele>
    <time>2026-09-13T16:40:58Z</time>
    
   </trkpt>
   <trkpt lat="40.0086020" lon="-105.6555170">
    <ele>3258.0</ele>
    <time>2026-09-13T16:41:01Z</time>
    
   </trkpt>
   <trkpt lat="40.0085780" lon="-105.6555030">
    <ele>3257.6</ele>
    <time>2026-09-13T16:41:03Z</time>
    
   </trkpt>
   <trkpt lat="40.0085260" lon="-105.6554500">
    <ele>3256.6</ele>
    <time>2026-09-13T16:41:08Z</time>
    
   </trkpt>
   <trkpt lat="40.0085120" lon="-105.6554410">
    <ele>3256.4</ele>
    <time>2026-09-13T16:41:09Z</time>
    
   </trkpt>
   <trkpt lat="40.0084980" lon="-105.6554360">
    <ele>3256.2</ele>
    <time>2026-09-13T16:41:10Z</time>
    
   </trkpt>
   <trkpt lat="40.0084670" lon="-105.6554210">
    <ele>3255.8</ele>
    <time>2026-09-13T16:41:12Z</time>
    
   </trkpt>
   <trkpt lat="40.0084380" lon="-105.6554060">
    <ele>3255.6</ele>
    <time>2026-09-13T16:41:14Z</time>
    
   </trkpt>
   <trkpt lat="40.0083990" lon="-105.6553790">
    <ele>3255.2</ele>
    <time>2026-09-13T16:41:17Z</time>
    
   </trkpt>
   <trkpt lat="40.0083630" lon="-105.6553630">
    <ele>3254.6</ele>
    <time>2026-09-13T16:41:20Z</time>
    
   </trkpt>
   <trkpt lat="40.0083440" lon="-105.6553530">
    <ele>3254.0</ele>
    <time>2026-09-13T16:41:22Z</time>
    
   </trkpt>
   <trkpt lat="40.0083300" lon="-105.6553300">
    <ele>3253.8</ele>
    <time>2026-09-13T16:41:25Z</time>
    
   </trkpt>
   <trkpt lat="40.0083130" lon="-105.6553100">
    <ele>3253.8</ele>
    <time>2026-09-13T16:41:27Z</time>
    
   </trkpt>
   <trkpt lat="40.0083050" lon="-105.6553040">
    <ele>3253.6</ele>
    <time>2026-09-13T16:41:28Z</time>
    
   </trkpt>
   <trkpt lat="40.0082960" lon="-105.6552980">
    <ele>3253.6</ele>
    <time>2026-09-13T16:41:29Z</time>
    
   </trkpt>
   <trkpt lat="40.0082710" lon="-105.6552750">
    <ele>3253.6</ele>
    <time>2026-09-13T16:41:32Z</time>
    
   </trkpt>
   <trkpt lat="40.0082550" lon="-105.6552500">
    <ele>3253.4</ele>
    <time>2026-09-13T16:41:34Z</time>
    
   </trkpt>
   <trkpt lat="40.0082360" lon="-105.6552200">
    <ele>3253.0</ele>
    <time>2026-09-13T16:41:36Z</time>
    
   </trkpt>
   <trkpt lat="40.0081930" lon="-105.6551430">
    <ele>3252.4</ele>
    <time>2026-09-13T16:41:42Z</time>
    
   </trkpt>
   <trkpt lat="40.0081720" lon="-105.6551150">
    <ele>3252.0</ele>
    <time>2026-09-13T16:41:44Z</time>
    
   </trkpt>
   <trkpt lat="40.0081430" lon="-105.6550460">
    <ele>3251.4</ele>
    <time>2026-09-13T16:41:49Z</time>
    
   </trkpt>
   <trkpt lat="40.0081180" lon="-105.6549950">
    <ele>3251.2</ele>
    <time>2026-09-13T16:41:52Z</time>
    
   </trkpt>
   <trkpt lat="40.0080760" lon="-105.6549280">
    <ele>3251.0</ele>
    <time>2026-09-13T16:41:56Z</time>
    
   </trkpt>
   <trkpt lat="40.0080690" lon="-105.6549080">
    <ele>3250.8</ele>
    <time>2026-09-13T16:41:57Z</time>
    
   </trkpt>
   <trkpt lat="40.0080170" lon="-105.6548180">
    <ele>3249.8</ele>
    <time>2026-09-13T16:42:03Z</time>
    
   </trkpt>
   <trkpt lat="40.0080040" lon="-105.6548060">
    <ele>3249.8</ele>
    <time>2026-09-13T16:42:04Z</time>
    
   </trkpt>
   <trkpt lat="40.0079590" lon="-105.6547230">
    <ele>3249.4</ele>
    <time>2026-09-13T16:42:10Z</time>
    
   </trkpt>
   <trkpt lat="40.0079540" lon="-105.6547100">
    <ele>3249.0</ele>
    <time>2026-09-13T16:42:11Z</time>
    
   </trkpt>
   <trkpt lat="40.0079450" lon="-105.6546800">
    <ele>3248.8</ele>
    <time>2026-09-13T16:42:13Z</time>
    
   </trkpt>
   <trkpt lat="40.0079340" lon="-105.6546150">
    <ele>3248.4</ele>
    <time>2026-09-13T16:42:17Z</time>
    
   </trkpt>
   <trkpt lat="40.0079350" lon="-105.6545280">
    <ele>3248.6</ele>
    <time>2026-09-13T16:42:22Z</time>
    
   </trkpt>
   <trkpt lat="40.0079300" lon="-105.6544500">
    <ele>3248.2</ele>
    <time>2026-09-13T16:42:27Z</time>
    
   </trkpt>
   <trkpt lat="40.0078820" lon="-105.6543390">
    <ele>3248.2</ele>
    <time>2026-09-13T16:42:34Z</time>
    
   </trkpt>
   <trkpt lat="40.0078390" lon="-105.6542580">
    <ele>3248.4</ele>
    <time>2026-09-13T16:42:40Z</time>
    
   </trkpt>
   <trkpt lat="40.0078170" lon="-105.6541810">
    <ele>3248.4</ele>
    <time>2026-09-13T16:42:46Z</time>
    
   </trkpt>
   <trkpt lat="40.0078110" lon="-105.6541380">
    <ele>3248.6</ele>
    <time>2026-09-13T16:42:49Z</time>
    
   </trkpt>
   <trkpt lat="40.0077880" lon="-105.6540980">
    <ele>3248.4</ele>
    <time>2026-09-13T16:42:52Z</time>
    
   </trkpt>
   <trkpt lat="40.0077800" lon="-105.6540080">
    <ele>3248.4</ele>
    <time>2026-09-13T16:42:58Z</time>
    
   </trkpt>
   <trkpt lat="40.0077780" lon="-105.6539910">
    <ele>3248.4</ele>
    <time>2026-09-13T16:42:59Z</time>
    
   </trkpt>
   <trkpt lat="40.0077600" lon="-105.6539380">
    <ele>3248.2</ele>
    <time>2026-09-13T16:43:02Z</time>
    
   </trkpt>
   <trkpt lat="40.0077380" lon="-105.6538820">
    <ele>3247.8</ele>
    <time>2026-09-13T16:43:06Z</time>
    
   </trkpt>
   <trkpt lat="40.0077350" lon="-105.6538760">
    <ele>3247.8</ele>
    <time>2026-09-13T16:43:07Z</time>
    
   </trkpt>
   <trkpt lat="40.0077360" lon="-105.6538700">
    <ele>3247.8</ele>
    <time>2026-09-13T16:43:09Z</time>
    
   </trkpt>
   <trkpt lat="40.0077390" lon="-105.6538600">
    <ele>3247.8</ele>
    <time>2026-09-13T16:43:13Z</time>
    
   </trkpt>
   <trkpt lat="40.0077340" lon="-105.6538340">
    <ele>3247.6</ele>
    <time>2026-09-13T16:43:15Z</time>
    
   </trkpt>
   <trkpt lat="40.0077270" lon="-105.6538060">
    <ele>3247.6</ele>
    <time>2026-09-13T16:43:17Z</time>
    
   </trkpt>
   <trkpt lat="40.0076980" lon="-105.6537730">
    <ele>3247.6</ele>
    <time>2026-09-13T16:43:20Z</time>
    
   </trkpt>
   <trkpt lat="40.0076760" lon="-105.6537590">
    <ele>3247.4</ele>
    <time>2026-09-13T16:43:22Z</time>
    
   </trkpt>
   <trkpt lat="40.0076250" lon="-105.6537490">
    <ele>3247.0</ele>
    <time>2026-09-13T16:43:26Z</time>
    
   </trkpt>
   <trkpt lat="40.0075900" lon="-105.6537290">
    <ele>3247.0</ele>
    <time>2026-09-13T16:43:29Z</time>
    
   </trkpt>
   <trkpt lat="40.0075590" lon="-105.6537080">
    <ele>3246.6</ele>
    <time>2026-09-13T16:43:32Z</time>
    
   </trkpt>
   <trkpt lat="40.0075500" lon="-105.6536960">
    <ele>3246.6</ele>
    <time>2026-09-13T16:43:33Z</time>
    
   </trkpt>
   <trkpt lat="40.0075060" lon="-105.6536020">
    <ele>3245.8</ele>
    <time>2026-09-13T16:43:39Z</time>
    
   </trkpt>
   <trkpt lat="40.0074750" lon="-105.6535250">
    <ele>3245.6</ele>
    <time>2026-09-13T16:43:44Z</time>
    
   </trkpt>
   <trkpt lat="40.0074720" lon="-105.6535090">
    <ele>3245.6</ele>
    <time>2026-09-13T16:43:45Z</time>
    
   </trkpt>
   <trkpt lat="40.0074500" lon="-105.6534530">
    <ele>3245.2</ele>
    <time>2026-09-13T16:43:49Z</time>
    
   </trkpt>
   <trkpt lat="40.0074200" lon="-105.6533900">
    <ele>3245.0</ele>
    <time>2026-09-13T16:43:53Z</time>
    
   </trkpt>
   <trkpt lat="40.0074110" lon="-105.6533780">
    <ele>3245.0</ele>
    <time>2026-09-13T16:43:54Z</time>
    
   </trkpt>
   <trkpt lat="40.0073740" lon="-105.6532670">
    <ele>3245.0</ele>
    <time>2026-09-13T16:44:01Z</time>
    
   </trkpt>
   <trkpt lat="40.0073420" lon="-105.6531730">
    <ele>3244.6</ele>
    <time>2026-09-13T16:44:07Z</time>
    
   </trkpt>
   <trkpt lat="40.0073360" lon="-105.6531560">
    <ele>3244.4</ele>
    <time>2026-09-13T16:44:08Z</time>
    
   </trkpt>
   <trkpt lat="40.0073190" lon="-105.6530760">
    <ele>3244.4</ele>
    <time>2026-09-13T16:44:14Z</time>
    
   </trkpt>
   <trkpt lat="40.0073110" lon="-105.6530510">
    <ele>3244.4</ele>
    <time>2026-09-13T16:44:16Z</time>
    
   </trkpt>
   <trkpt lat="40.0073090" lon="-105.6530440">
    <ele>3244.6</ele>
    <time>2026-09-13T16:44:17Z</time>
    
   </trkpt>
   <trkpt lat="40.0073110" lon="-105.6530170">
    <ele>3244.6</ele>
    <time>2026-09-13T16:44:19Z</time>
    
   </trkpt>
   <trkpt lat="40.0073120" lon="-105.6530020">
    <ele>3244.6</ele>
    <time>2026-09-13T16:44:20Z</time>
    
   </trkpt>
   <trkpt lat="40.0072900" lon="-105.6529040">
    <ele>3244.8</ele>
    <time>2026-09-13T16:44:26Z</time>
    
   </trkpt>
   <trkpt lat="40.0072810" lon="-105.6528750">
    <ele>3244.4</ele>
    <time>2026-09-13T16:44:28Z</time>
    
   </trkpt>
   <trkpt lat="40.0072780" lon="-105.6528580">
    <ele>3244.2</ele>
    <time>2026-09-13T16:44:29Z</time>
    
   </trkpt>
   <trkpt lat="40.0072510" lon="-105.6527750">
    <ele>3243.8</ele>
    <time>2026-09-13T16:44:34Z</time>
    
   </trkpt>
   <trkpt lat="40.0072270" lon="-105.6527050">
    <ele>3243.6</ele>
    <time>2026-09-13T16:44:39Z</time>
    
   </trkpt>
   <trkpt lat="40.0072050" lon="-105.6526120">
    <ele>3243.4</ele>
    <time>2026-09-13T16:44:45Z</time>
    
   </trkpt>
   <trkpt lat="40.0072050" lon="-105.6525970">
    <ele>3243.4</ele>
    <time>2026-09-13T16:44:46Z</time>
    
   </trkpt>
   <trkpt lat="40.0072070" lon="-105.6524880">
    <ele>3243.4</ele>
    <time>2026-09-13T16:44:52Z</time>
    
   </trkpt>
   <trkpt lat="40.0071940" lon="-105.6524020">
    <ele>3243.2</ele>
    <time>2026-09-13T16:44:57Z</time>
    
   </trkpt>
   <trkpt lat="40.0071790" lon="-105.6522900">
    <ele>3243.0</ele>
    <time>2026-09-13T16:45:04Z</time>
    
   </trkpt>
   <trkpt lat="40.0071590" lon="-105.6522020">
    <ele>3242.4</ele>
    <time>2026-09-13T16:45:10Z</time>
    
   </trkpt>
   <trkpt lat="40.0071500" lon="-105.6521380">
    <ele>3241.8</ele>
    <time>2026-09-13T16:45:14Z</time>
    
   </trkpt>
   <trkpt lat="40.0071290" lon="-105.6520950">
    <ele>3241.2</ele>
    <time>2026-09-13T16:45:17Z</time>
    
   </trkpt>
   <trkpt lat="40.0070970" lon="-105.6520050">
    <ele>3240.6</ele>
    <time>2026-09-13T16:45:23Z</time>
    
   </trkpt>
   <trkpt lat="40.0070930" lon="-105.6519230">
    <ele>3240.0</ele>
    <time>2026-09-13T16:45:28Z</time>
    
   </trkpt>
   <trkpt lat="40.0070940" lon="-105.6519040">
    <ele>3239.8</ele>
    <time>2026-09-13T16:45:29Z</time>
    
   </trkpt>
   <trkpt lat="40.0070810" lon="-105.6518050">
    <ele>3239.0</ele>
    <time>2026-09-13T16:45:35Z</time>
    
   </trkpt>
   <trkpt lat="40.0070770" lon="-105.6517900">
    <ele>3238.8</ele>
    <time>2026-09-13T16:45:36Z</time>
    
   </trkpt>
   <trkpt lat="40.0070480" lon="-105.6516870">
    <ele>3238.0</ele>
    <time>2026-09-13T16:45:43Z</time>
    
   </trkpt>
   <trkpt lat="40.0070400" lon="-105.6516830">
    <ele>3237.8</ele>
    <time>2026-09-13T16:45:44Z</time>
    
   </trkpt>
   <trkpt lat="40.0069920" lon="-105.6516490">
    <ele>3236.8</ele>
    <time>2026-09-13T16:45:49Z</time>
    
   </trkpt>
   <trkpt lat="40.0069750" lon="-105.6516320">
    <ele>3236.4</ele>
    <time>2026-09-13T16:45:51Z</time>
    
   </trkpt>
   <trkpt lat="40.0069530" lon="-105.6516010">
    <ele>3236.0</ele>
    <time>2026-09-13T16:45:54Z</time>
    
   </trkpt>
   <trkpt lat="40.0069460" lon="-105.6515880">
    <ele>3235.6</ele>
    <time>2026-09-13T16:45:55Z</time>
    
   </trkpt>
   <trkpt lat="40.0069060" lon="-105.6515770">
    <ele>3234.4</ele>
    <time>2026-09-13T16:45:58Z</time>
    
   </trkpt>
   <trkpt lat="40.0068950" lon="-105.6515730">
    <ele>3234.2</ele>
    <time>2026-09-13T16:45:59Z</time>
    
   </trkpt>
   <trkpt lat="40.0068840" lon="-105.6515620">
    <ele>3234.0</ele>
    <time>2026-09-13T16:46:00Z</time>
    
   </trkpt>
   <trkpt lat="40.0068660" lon="-105.6515320">
    <ele>3233.4</ele>
    <time>2026-09-13T16:46:02Z</time>
    
   </trkpt>
   <trkpt lat="40.0068430" lon="-105.6514880">
    <ele>3232.4</ele>
    <time>2026-09-13T16:46:05Z</time>
    
   </trkpt>
   <trkpt lat="40.0068400" lon="-105.6514710">
    <ele>3232.2</ele>
    <time>2026-09-13T16:46:06Z</time>
    
   </trkpt>
   <trkpt lat="40.0068410" lon="-105.6514500">
    <ele>3232.0</ele>
    <time>2026-09-13T16:46:07Z</time>
    
   </trkpt>
   <trkpt lat="40.0068400" lon="-105.6514150">
    <ele>3231.4</ele>
    <time>2026-09-13T16:46:09Z</time>
    
   </trkpt>
   <trkpt lat="40.0068320" lon="-105.6514040">
    <ele>3231.2</ele>
    <time>2026-09-13T16:46:10Z</time>
    
   </trkpt>
   <trkpt lat="40.0068260" lon="-105.6513920">
    <ele>3231.0</ele>
    <time>2026-09-13T16:46:11Z</time>
    
   </trkpt>
   <trkpt lat="40.0068110" lon="-105.6513650">
    <ele>3230.0</ele>
    <time>2026-09-13T16:46:13Z</time>
    
   </trkpt>
   <trkpt lat="40.0068040" lon="-105.6513510">
    <ele>3229.8</ele>
    <time>2026-09-13T16:46:14Z</time>
    
   </trkpt>
   <trkpt lat="40.0067640" lon="-105.6512590">
    <ele>3228.8</ele>
    <time>2026-09-13T16:46:20Z</time>
    
   </trkpt>
   <trkpt lat="40.0067610" lon="-105.6512460">
    <ele>3228.6</ele>
    <time>2026-09-13T16:46:21Z</time>
    
   </trkpt>
   <trkpt lat="40.0067550" lon="-105.6512370">
    <ele>3228.2</ele>
    <time>2026-09-13T16:46:22Z</time>
    
   </trkpt>
   <trkpt lat="40.0067350" lon="-105.6512210">
    <ele>3227.6</ele>
    <time>2026-09-13T16:46:24Z</time>
    
   </trkpt>
   <trkpt lat="40.0067280" lon="-105.6512110">
    <ele>3227.4</ele>
    <time>2026-09-13T16:46:25Z</time>
    
   </trkpt>
   <trkpt lat="40.0067220" lon="-105.6511820">
    <ele>3227.0</ele>
    <time>2026-09-13T16:46:27Z</time>
    
   </trkpt>
   <trkpt lat="40.0067170" lon="-105.6511560">
    <ele>3226.6</ele>
    <time>2026-09-13T16:46:29Z</time>
    
   </trkpt>
   <trkpt lat="40.0067010" lon="-105.6511310">
    <ele>3226.2</ele>
    <time>2026-09-13T16:46:32Z</time>
    
   </trkpt>
   <trkpt lat="40.0066860" lon="-105.6511250">
    <ele>3225.8</ele>
    <time>2026-09-13T16:46:34Z</time>
    
   </trkpt>
   <trkpt lat="40.0066780" lon="-105.6511220">
    <ele>3225.2</ele>
    <time>2026-09-13T16:46:35Z</time>
    
   </trkpt>
   <trkpt lat="40.0066250" lon="-105.6510990">
    <ele>3224.2</ele>
    <time>2026-09-13T16:46:40Z</time>
    
   </trkpt>
   <trkpt lat="40.0065960" lon="-105.6510740">
    <ele>3222.8</ele>
    <time>2026-09-13T16:46:43Z</time>
    
   </trkpt>
   <trkpt lat="40.0065800" lon="-105.6510490">
    <ele>3221.6</ele>
    <time>2026-09-13T16:46:45Z</time>
    
   </trkpt>
   <trkpt lat="40.0065730" lon="-105.6510390">
    <ele>3221.4</ele>
    <time>2026-09-13T16:46:46Z</time>
    
   </trkpt>
   <trkpt lat="40.0065280" lon="-105.6510020">
    <ele>3220.6</ele>
    <time>2026-09-13T16:46:50Z</time>
    
   </trkpt>
   <trkpt lat="40.0065160" lon="-105.6509910">
    <ele>3220.4</ele>
    <time>2026-09-13T16:46:51Z</time>
    
   </trkpt>
   <trkpt lat="40.0065030" lon="-105.6509800">
    <ele>3220.0</ele>
    <time>2026-09-13T16:46:52Z</time>
    
   </trkpt>
   <trkpt lat="40.0064890" lon="-105.6509700">
    <ele>3219.4</ele>
    <time>2026-09-13T16:46:53Z</time>
    
   </trkpt>
   <trkpt lat="40.0064450" lon="-105.6509380">
    <ele>3218.2</ele>
    <time>2026-09-13T16:46:56Z</time>
    
   </trkpt>
   <trkpt lat="40.0064210" lon="-105.6509140">
    <ele>3217.8</ele>
    <time>2026-09-13T16:46:58Z</time>
    
   </trkpt>
   <trkpt lat="40.0063960" lon="-105.6508890">
    <ele>3217.2</ele>
    <time>2026-09-13T16:47:00Z</time>
    
   </trkpt>
   <trkpt lat="40.0063690" lon="-105.6508490">
    <ele>3216.0</ele>
    <time>2026-09-13T16:47:03Z</time>
    
   </trkpt>
   <trkpt lat="40.0063370" lon="-105.6508140">
    <ele>3215.2</ele>
    <time>2026-09-13T16:47:06Z</time>
    
   </trkpt>
   <trkpt lat="40.0063290" lon="-105.6507990">
    <ele>3214.6</ele>
    <time>2026-09-13T16:47:07Z</time>
    
   </trkpt>
   <trkpt lat="40.0062940" lon="-105.6507340">
    <ele>3213.4</ele>
    <time>2026-09-13T16:47:11Z</time>
    
   </trkpt>
   <trkpt lat="40.0062720" lon="-105.6507050">
    <ele>3213.2</ele>
    <time>2026-09-13T16:47:13Z</time>
    
   </trkpt>
   <trkpt lat="40.0062580" lon="-105.6506920">
    <ele>3213.0</ele>
    <time>2026-09-13T16:47:14Z</time>
    
   </trkpt>
   <trkpt lat="40.0062140" lon="-105.6506580">
    <ele>3212.4</ele>
    <time>2026-09-13T16:47:17Z</time>
    
   </trkpt>
   <trkpt lat="40.0062040" lon="-105.6506460">
    <ele>3212.2</ele>
    <time>2026-09-13T16:47:18Z</time>
    
   </trkpt>
   <trkpt lat="40.0061890" lon="-105.6505970">
    <ele>3211.4</ele>
    <time>2026-09-13T16:47:21Z</time>
    
   </trkpt>
   <trkpt lat="40.0061740" lon="-105.6505550">
    <ele>3210.8</ele>
    <time>2026-09-13T16:47:24Z</time>
    
   </trkpt>
   <trkpt lat="40.0061620" lon="-105.6505220">
    <ele>3210.4</ele>
    <time>2026-09-13T16:47:26Z</time>
    
   </trkpt>
   <trkpt lat="40.0061570" lon="-105.6504900">
    <ele>3210.0</ele>
    <time>2026-09-13T16:47:28Z</time>
    
   </trkpt>
   <trkpt lat="40.0061520" lon="-105.6504630">
    <ele>3209.8</ele>
    <time>2026-09-13T16:47:30Z</time>
    
   </trkpt>
   <trkpt lat="40.0061510" lon="-105.6504300">
    <ele>3209.8</ele>
    <time>2026-09-13T16:47:32Z</time>
    
   </trkpt>
   <trkpt lat="40.0061460" lon="-105.6503970">
    <ele>3209.2</ele>
    <time>2026-09-13T16:47:34Z</time>
    
   </trkpt>
   <trkpt lat="40.0061380" lon="-105.6503520">
    <ele>3208.6</ele>
    <time>2026-09-13T16:47:37Z</time>
    
   </trkpt>
   <trkpt lat="40.0061200" lon="-105.6503290">
    <ele>3208.2</ele>
    <time>2026-09-13T16:47:39Z</time>
    
   </trkpt>
   <trkpt lat="40.0060940" lon="-105.6502680">
    <ele>3207.4</ele>
    <time>2026-09-13T16:47:43Z</time>
    
   </trkpt>
   <trkpt lat="40.0060880" lon="-105.6502510">
    <ele>3207.0</ele>
    <time>2026-09-13T16:47:44Z</time>
    
   </trkpt>
   <trkpt lat="40.0060820" lon="-105.6502360">
    <ele>3206.8</ele>
    <time>2026-09-13T16:47:45Z</time>
    
   </trkpt>
   <trkpt lat="40.0060550" lon="-105.6501770">
    <ele>3206.2</ele>
    <time>2026-09-13T16:47:49Z</time>
    
   </trkpt>
   <trkpt lat="40.0060490" lon="-105.6501630">
    <ele>3206.0</ele>
    <time>2026-09-13T16:47:50Z</time>
    
   </trkpt>
   <trkpt lat="40.0060350" lon="-105.6500890">
    <ele>3204.8</ele>
    <time>2026-09-13T16:47:54Z</time>
    
   </trkpt>
   <trkpt lat="40.0060270" lon="-105.6500350">
    <ele>3203.8</ele>
    <time>2026-09-13T16:47:57Z</time>
    
   </trkpt>
   <trkpt lat="40.0060220" lon="-105.6500190">
    <ele>3203.4</ele>
    <time>2026-09-13T16:47:58Z</time>
    
   </trkpt>
   <trkpt lat="40.0059930" lon="-105.6499120">
    <ele>3202.2</ele>
    <time>2026-09-13T16:48:04Z</time>
    
   </trkpt>
   <trkpt lat="40.0059870" lon="-105.6498940">
    <ele>3201.8</ele>
    <time>2026-09-13T16:48:05Z</time>
    
   </trkpt>
   <trkpt lat="40.0059730" lon="-105.6498560">
    <ele>3201.0</ele>
    <time>2026-09-13T16:48:07Z</time>
    
   </trkpt>
   <trkpt lat="40.0059550" lon="-105.6498000">
    <ele>3200.4</ele>
    <time>2026-09-13T16:48:10Z</time>
    
   </trkpt>
   <trkpt lat="40.0059430" lon="-105.6497620">
    <ele>3199.8</ele>
    <time>2026-09-13T16:48:12Z</time>
    
   </trkpt>
   <trkpt lat="40.0059170" lon="-105.6496620">
    <ele>3199.2</ele>
    <time>2026-09-13T16:48:17Z</time>
    
   </trkpt>
   <trkpt lat="40.0058900" lon="-105.6496090">
    <ele>3198.8</ele>
    <time>2026-09-13T16:48:20Z</time>
    
   </trkpt>
   <trkpt lat="40.0058620" lon="-105.6495390">
    <ele>3197.4</ele>
    <time>2026-09-13T16:48:24Z</time>
    
   </trkpt>
   <trkpt lat="40.0058380" lon="-105.6494680">
    <ele>3196.2</ele>
    <time>2026-09-13T16:48:28Z</time>
    
   </trkpt>
   <trkpt lat="40.0058240" lon="-105.6494140">
    <ele>3195.4</ele>
    <time>2026-09-13T16:48:31Z</time>
    
   </trkpt>
   <trkpt lat="40.0058200" lon="-105.6493960">
    <ele>3195.2</ele>
    <time>2026-09-13T16:48:32Z</time>
    
   </trkpt>
   <trkpt lat="40.0058150" lon="-105.6493800">
    <ele>3195.0</ele>
    <time>2026-09-13T16:48:33Z</time>
    
   </trkpt>
   <trkpt lat="40.0057780" lon="-105.6492800">
    <ele>3194.2</ele>
    <time>2026-09-13T16:48:39Z</time>
    
   </trkpt>
   <trkpt lat="40.0057660" lon="-105.6492460">
    <ele>3194.0</ele>
    <time>2026-09-13T16:48:41Z</time>
    
   </trkpt>
   <trkpt lat="40.0057300" lon="-105.6491670">
    <ele>3192.8</ele>
    <time>2026-09-13T16:48:46Z</time>
    
   </trkpt>
   <trkpt lat="40.0057100" lon="-105.6491200">
    <ele>3192.4</ele>
    <time>2026-09-13T16:48:49Z</time>
    
   </trkpt>
   <trkpt lat="40.0056970" lon="-105.6490910">
    <ele>3192.2</ele>
    <time>2026-09-13T16:48:51Z</time>
    
   </trkpt>
   <trkpt lat="40.0056780" lon="-105.6490480">
    <ele>3191.8</ele>
    <time>2026-09-13T16:48:54Z</time>
    
   </trkpt>
   <trkpt lat="40.0056680" lon="-105.6490340">
    <ele>3191.6</ele>
    <time>2026-09-13T16:48:55Z</time>
    
   </trkpt>
   <trkpt lat="40.0056580" lon="-105.6490050">
    <ele>3191.0</ele>
    <time>2026-09-13T16:48:57Z</time>
    
   </trkpt>
   <trkpt lat="40.0056540" lon="-105.6489880">
    <ele>3190.6</ele>
    <time>2026-09-13T16:48:58Z</time>
    
   </trkpt>
   <trkpt lat="40.0056280" lon="-105.6489250">
    <ele>3189.6</ele>
    <time>2026-09-13T16:49:02Z</time>
    
   </trkpt>
   <trkpt lat="40.0056070" lon="-105.6488720">
    <ele>3188.8</ele>
    <time>2026-09-13T16:49:05Z</time>
    
   </trkpt>
   <trkpt lat="40.0055960" lon="-105.6488380">
    <ele>3188.4</ele>
    <time>2026-09-13T16:49:07Z</time>
    
   </trkpt>
   <trkpt lat="40.0055630" lon="-105.6487640">
    <ele>3188.2</ele>
    <time>2026-09-13T16:49:12Z</time>
    
   </trkpt>
   <trkpt lat="40.0055350" lon="-105.6486820">
    <ele>3187.8</ele>
    <time>2026-09-13T16:49:17Z</time>
    
   </trkpt>
   <trkpt lat="40.0055200" lon="-105.6486520">
    <ele>3187.4</ele>
    <time>2026-09-13T16:49:19Z</time>
    
   </trkpt>
   <trkpt lat="40.0054990" lon="-105.6486190">
    <ele>3186.8</ele>
    <time>2026-09-13T16:49:21Z</time>
    
   </trkpt>
   <trkpt lat="40.0054830" lon="-105.6485870">
    <ele>3186.2</ele>
    <time>2026-09-13T16:49:23Z</time>
    
   </trkpt>
   <trkpt lat="40.0054550" lon="-105.6485080">
    <ele>3185.0</ele>
    <time>2026-09-13T16:49:28Z</time>
    
   </trkpt>
   <trkpt lat="40.0054230" lon="-105.6484490">
    <ele>3184.0</ele>
    <time>2026-09-13T16:49:32Z</time>
    
   </trkpt>
   <trkpt lat="40.0054040" lon="-105.6484230">
    <ele>3183.6</ele>
    <time>2026-09-13T16:49:34Z</time>
    
   </trkpt>
   <trkpt lat="40.0053950" lon="-105.6484100">
    <ele>3183.4</ele>
    <time>2026-09-13T16:49:35Z</time>
    
   </trkpt>
   <trkpt lat="40.0053760" lon="-105.6483600">
    <ele>3182.8</ele>
    <time>2026-09-13T16:49:38Z</time>
    
   </trkpt>
   <trkpt lat="40.0053590" lon="-105.6482980">
    <ele>3182.4</ele>
    <time>2026-09-13T16:49:42Z</time>
    
   </trkpt>
   <trkpt lat="40.0053210" lon="-105.6482620">
    <ele>3181.8</ele>
    <time>2026-09-13T16:49:46Z</time>
    
   </trkpt>
   <trkpt lat="40.0053060" lon="-105.6482350">
    <ele>3181.0</ele>
    <time>2026-09-13T16:49:48Z</time>
    
   </trkpt>
   <trkpt lat="40.0053030" lon="-105.6482190">
    <ele>3180.6</ele>
    <time>2026-09-13T16:49:49Z</time>
    
   </trkpt>
   <trkpt lat="40.0052590" lon="-105.6481450">
    <ele>3179.6</ele>
    <time>2026-09-13T16:49:54Z</time>
    
   </trkpt>
   <trkpt lat="40.0052520" lon="-105.6481310">
    <ele>3179.4</ele>
    <time>2026-09-13T16:49:55Z</time>
    
   </trkpt>
   <trkpt lat="40.0052460" lon="-105.6481190">
    <ele>3179.2</ele>
    <time>2026-09-13T16:49:56Z</time>
    
   </trkpt>
   <trkpt lat="40.0052210" lon="-105.6480730">
    <ele>3178.2</ele>
    <time>2026-09-13T16:50:00Z</time>
    
   </trkpt>
   <trkpt lat="40.0052040" lon="-105.6480330">
    <ele>3177.0</ele>
    <time>2026-09-13T16:50:03Z</time>
    
   </trkpt>
   <trkpt lat="40.0052000" lon="-105.6480200">
    <ele>3176.8</ele>
    <time>2026-09-13T16:50:04Z</time>
    
   </trkpt>
   <trkpt lat="40.0051950" lon="-105.6480030">
    <ele>3176.6</ele>
    <time>2026-09-13T16:50:05Z</time>
    
   </trkpt>
   <trkpt lat="40.0051730" lon="-105.6479750">
    <ele>3175.6</ele>
    <time>2026-09-13T16:50:07Z</time>
    
   </trkpt>
   <trkpt lat="40.0051430" lon="-105.6479360">
    <ele>3175.0</ele>
    <time>2026-09-13T16:50:10Z</time>
    
   </trkpt>
   <trkpt lat="40.0051030" lon="-105.6478330">
    <ele>3175.0</ele>
    <time>2026-09-13T16:50:17Z</time>
    
   </trkpt>
   <trkpt lat="40.0050860" lon="-105.6477900">
    <ele>3174.4</ele>
    <time>2026-09-13T16:50:20Z</time>
    
   </trkpt>
   <trkpt lat="40.0050730" lon="-105.6477620">
    <ele>3173.8</ele>
    <time>2026-09-13T16:50:22Z</time>
    
   </trkpt>
   <trkpt lat="40.0050660" lon="-105.6477510">
    <ele>3173.4</ele>
    <time>2026-09-13T16:50:23Z</time>
    
   </trkpt>
   <trkpt lat="40.0050420" lon="-105.6477220">
    <ele>3172.8</ele>
    <time>2026-09-13T16:50:26Z</time>
    
   </trkpt>
   <trkpt lat="40.0050220" lon="-105.6477030">
    <ele>3172.4</ele>
    <time>2026-09-13T16:50:28Z</time>
    
   </trkpt>
   <trkpt lat="40.0050130" lon="-105.6476930">
    <ele>3172.0</ele>
    <time>2026-09-13T16:50:29Z</time>
    
   </trkpt>
   <trkpt lat="40.0049770" lon="-105.6476290">
    <ele>3171.4</ele>
    <time>2026-09-13T16:50:34Z</time>
    
   </trkpt>
   <trkpt lat="40.0049720" lon="-105.6476150">
    <ele>3171.2</ele>
    <time>2026-09-13T16:50:35Z</time>
    
   </trkpt>
   <trkpt lat="40.0049630" lon="-105.6475930">
    <ele>3170.0</ele>
    <time>2026-09-13T16:50:37Z</time>
    
   </trkpt>
   <trkpt lat="40.0049560" lon="-105.6475670">
    <ele>3169.0</ele>
    <time>2026-09-13T16:50:39Z</time>
    
   </trkpt>
   <trkpt lat="40.0049500" lon="-105.6475380">
    <ele>3168.2</ele>
    <time>2026-09-13T16:50:41Z</time>
    
   </trkpt>
   <trkpt lat="40.0049520" lon="-105.6475070">
    <ele>3168.0</ele>
    <time>2026-09-13T16:50:43Z</time>
    
   </trkpt>
   <trkpt lat="40.0049520" lon="-105.6474920">
    <ele>3167.8</ele>
    <time>2026-09-13T16:50:44Z</time>
    
   </trkpt>
   <trkpt lat="40.0049540" lon="-105.6474780">
    <ele>3167.8</ele>
    <time>2026-09-13T16:50:45Z</time>
    
   </trkpt>
   <trkpt lat="40.0049510" lon="-105.6474620">
    <ele>3167.8</ele>
    <time>2026-09-13T16:50:46Z</time>
    
   </trkpt>
   <trkpt lat="40.0049490" lon="-105.6474450">
    <ele>3167.8</ele>
    <time>2026-09-13T16:50:47Z</time>
    
   </trkpt>
   <trkpt lat="40.0049470" lon="-105.6474280">
    <ele>3167.8</ele>
    <time>2026-09-13T16:50:48Z</time>
    
   </trkpt>
   <trkpt lat="40.0049440" lon="-105.6474130">
    <ele>3167.8</ele>
    <time>2026-09-13T16:50:49Z</time>
    
   </trkpt>
   <trkpt lat="40.0049360" lon="-105.6474010">
    <ele>3167.8</ele>
    <time>2026-09-13T16:50:50Z</time>
    
   </trkpt>
   <trkpt lat="40.0049280" lon="-105.6473920">
    <ele>3167.8</ele>
    <time>2026-09-13T16:50:51Z</time>
    
   </trkpt>
   <trkpt lat="40.0049130" lon="-105.6473720">
    <ele>3167.8</ele>
    <time>2026-09-13T16:50:53Z</time>
    
   </trkpt>
   <trkpt lat="40.0049060" lon="-105.6473610">
    <ele>3167.8</ele>
    <time>2026-09-13T16:50:54Z</time>
    
   </trkpt>
   <trkpt lat="40.0048780" lon="-105.6473030">
    <ele>3167.2</ele>
    <time>2026-09-13T16:50:59Z</time>
    
   </trkpt>
   <trkpt lat="40.0048680" lon="-105.6472890">
    <ele>3167.0</ele>
    <time>2026-09-13T16:51:00Z</time>
    
   </trkpt>
   <trkpt lat="40.0048560" lon="-105.6472580">
    <ele>3166.6</ele>
    <time>2026-09-13T16:51:02Z</time>
    
   </trkpt>
   <trkpt lat="40.0048100" lon="-105.6471850">
    <ele>3165.6</ele>
    <time>2026-09-13T16:51:08Z</time>
    
   </trkpt>
   <trkpt lat="40.0048010" lon="-105.6471740">
    <ele>3165.4</ele>
    <time>2026-09-13T16:51:09Z</time>
    
   </trkpt>
   <trkpt lat="40.0047950" lon="-105.6471520">
    <ele>3165.0</ele>
    <time>2026-09-13T16:51:11Z</time>
    
   </trkpt>
   <trkpt lat="40.0047860" lon="-105.6470980">
    <ele>3164.8</ele>
    <time>2026-09-13T16:51:15Z</time>
    
   </trkpt>
   <trkpt lat="40.0047580" lon="-105.6470570">
    <ele>3164.6</ele>
    <time>2026-09-13T16:51:19Z</time>
    
   </trkpt>
   <trkpt lat="40.0047240" lon="-105.6470400">
    <ele>3164.2</ele>
    <time>2026-09-13T16:51:22Z</time>
    
   </trkpt>
   <trkpt lat="40.0047150" lon="-105.6470290">
    <ele>3164.2</ele>
    <time>2026-09-13T16:51:23Z</time>
    
   </trkpt>
   <trkpt lat="40.0047080" lon="-105.6469640">
    <ele>3163.8</ele>
    <time>2026-09-13T16:51:27Z</time>
    
   </trkpt>
   <trkpt lat="40.0046760" lon="-105.6468920">
    <ele>3163.6</ele>
    <time>2026-09-13T16:51:33Z</time>
    
   </trkpt>
   <trkpt lat="40.0046620" lon="-105.6468690">
    <ele>3163.4</ele>
    <time>2026-09-13T16:51:35Z</time>
    
   </trkpt>
   <trkpt lat="40.0046100" lon="-105.6468250">
    <ele>3162.4</ele>
    <time>2026-09-13T16:51:39Z</time>
    
   </trkpt>
   <trkpt lat="40.0045990" lon="-105.6468150">
    <ele>3162.0</ele>
    <time>2026-09-13T16:51:40Z</time>
    
   </trkpt>
   <trkpt lat="40.0045760" lon="-105.6467560">
    <ele>3161.2</ele>
    <time>2026-09-13T16:51:44Z</time>
    
   </trkpt>
   <trkpt lat="40.0045760" lon="-105.6467030">
    <ele>3161.0</ele>
    <time>2026-09-13T16:51:47Z</time>
    
   </trkpt>
   <trkpt lat="40.0045500" lon="-105.6466260">
    <ele>3160.0</ele>
    <time>2026-09-13T16:51:52Z</time>
    
   </trkpt>
   <trkpt lat="40.0045420" lon="-105.6466100">
    <ele>3159.6</ele>
    <time>2026-09-13T16:51:53Z</time>
    
   </trkpt>
   <trkpt lat="40.0045260" lon="-105.6465810">
    <ele>3158.8</ele>
    <time>2026-09-13T16:51:55Z</time>
    
   </trkpt>
   <trkpt lat="40.0044970" lon="-105.6464960">
    <ele>3157.8</ele>
    <time>2026-09-13T16:52:01Z</time>
    
   </trkpt>
   <trkpt lat="40.0044740" lon="-105.6464280">
    <ele>3156.6</ele>
    <time>2026-09-13T16:52:05Z</time>
    
   </trkpt>
   <trkpt lat="40.0044460" lon="-105.6463890">
    <ele>3155.6</ele>
    <time>2026-09-13T16:52:08Z</time>
    
   </trkpt>
   <trkpt lat="40.0044180" lon="-105.6463450">
    <ele>3154.6</ele>
    <time>2026-09-13T16:52:11Z</time>
    
   </trkpt>
   <trkpt lat="40.0043890" lon="-105.6462840">
    <ele>3153.6</ele>
    <time>2026-09-13T16:52:15Z</time>
    
   </trkpt>
   <trkpt lat="40.0043830" lon="-105.6462660">
    <ele>3153.4</ele>
    <time>2026-09-13T16:52:16Z</time>
    
   </trkpt>
   <trkpt lat="40.0043790" lon="-105.6462490">
    <ele>3153.2</ele>
    <time>2026-09-13T16:52:17Z</time>
    
   </trkpt>
   <trkpt lat="40.0043560" lon="-105.6462070">
    <ele>3152.2</ele>
    <time>2026-09-13T16:52:20Z</time>
    
   </trkpt>
   <trkpt lat="40.0043380" lon="-105.6461880">
    <ele>3151.6</ele>
    <time>2026-09-13T16:52:22Z</time>
    
   </trkpt>
   <trkpt lat="40.0043200" lon="-105.6461670">
    <ele>3151.2</ele>
    <time>2026-09-13T16:52:24Z</time>
    
   </trkpt>
   <trkpt lat="40.0042940" lon="-105.6461260">
    <ele>3150.0</ele>
    <time>2026-09-13T16:52:28Z</time>
    
   </trkpt>
   <trkpt lat="40.0042890" lon="-105.6461160">
    <ele>3149.6</ele>
    <time>2026-09-13T16:52:29Z</time>
    
   </trkpt>
   <trkpt lat="40.0042740" lon="-105.6461000">
    <ele>3148.8</ele>
    <time>2026-09-13T16:52:31Z</time>
    
   </trkpt>
   <trkpt lat="40.0042700" lon="-105.6460870">
    <ele>3148.6</ele>
    <time>2026-09-13T16:52:32Z</time>
    
   </trkpt>
   <trkpt lat="40.0042670" lon="-105.6460770">
    <ele>3148.2</ele>
    <time>2026-09-13T16:52:33Z</time>
    
   </trkpt>
   <trkpt lat="40.0042660" lon="-105.6460660">
    <ele>3148.0</ele>
    <time>2026-09-13T16:52:34Z</time>
    
   </trkpt>
   <trkpt lat="40.0042640" lon="-105.6460540">
    <ele>3147.6</ele>
    <time>2026-09-13T16:52:35Z</time>
    
   </trkpt>
   <trkpt lat="40.0042530" lon="-105.6460320">
    <ele>3147.2</ele>
    <time>2026-09-13T16:52:37Z</time>
    
   </trkpt>
   <trkpt lat="40.0042290" lon="-105.6460090">
    <ele>3146.8</ele>
    <time>2026-09-13T16:52:40Z</time>
    
   </trkpt>
   <trkpt lat="40.0042110" lon="-105.6460040">
    <ele>3146.2</ele>
    <time>2026-09-13T16:52:42Z</time>
    
   </trkpt>
   <trkpt lat="40.0042000" lon="-105.6460000">
    <ele>3145.8</ele>
    <time>2026-09-13T16:52:43Z</time>
    
   </trkpt>
   <trkpt lat="40.0041730" lon="-105.6459960">
    <ele>3145.2</ele>
    <time>2026-09-13T16:52:45Z</time>
    
   </trkpt>
   <trkpt lat="40.0041460" lon="-105.6460050">
    <ele>3144.8</ele>
    <time>2026-09-13T16:52:47Z</time>
    
   </trkpt>
   <trkpt lat="40.0041220" lon="-105.6460220">
    <ele>3143.8</ele>
    <time>2026-09-13T16:52:49Z</time>
    
   </trkpt>
   <trkpt lat="40.0040840" lon="-105.6460750">
    <ele>3143.2</ele>
    <time>2026-09-13T16:52:53Z</time>
    
   </trkpt>
   <trkpt lat="40.0040650" lon="-105.6460970">
    <ele>3142.8</ele>
    <time>2026-09-13T16:52:56Z</time>
    
   </trkpt>
   <trkpt lat="40.0040620" lon="-105.6461070">
    <ele>3142.6</ele>
    <time>2026-09-13T16:52:57Z</time>
    
   </trkpt>
   <trkpt lat="40.0040570" lon="-105.6461340">
    <ele>3141.8</ele>
    <time>2026-09-13T16:52:59Z</time>
    
   </trkpt>
   <trkpt lat="40.0040600" lon="-105.6461610">
    <ele>3141.0</ele>
    <time>2026-09-13T16:53:01Z</time>
    
   </trkpt>
   <trkpt lat="40.0040690" lon="-105.6461860">
    <ele>3140.8</ele>
    <time>2026-09-13T16:53:03Z</time>
    
   </trkpt>
   <trkpt lat="40.0040740" lon="-105.6462020">
    <ele>3140.6</ele>
    <time>2026-09-13T16:53:04Z</time>
    
   </trkpt>
   <trkpt lat="40.0040920" lon="-105.6462510">
    <ele>3139.6</ele>
    <time>2026-09-13T16:53:08Z</time>
    
   </trkpt>
   <trkpt lat="40.0040960" lon="-105.6462600">
    <ele>3139.2</ele>
    <time>2026-09-13T16:53:09Z</time>
    
   </trkpt>
   <trkpt lat="40.0041030" lon="-105.6463020">
    <ele>3138.6</ele>
    <time>2026-09-13T16:53:12Z</time>
    
   </trkpt>
   <trkpt lat="40.0041100" lon="-105.6463400">
    <ele>3138.4</ele>
    <time>2026-09-13T16:53:15Z</time>
    
   </trkpt>
   <trkpt lat="40.0041080" lon="-105.6463480">
    <ele>3138.4</ele>
    <time>2026-09-13T16:53:16Z</time>
    
   </trkpt>
   <trkpt lat="40.0041010" lon="-105.6463330">
    <ele>3137.8</ele>
    <time>2026-09-13T16:53:20Z</time>
    
   </trkpt>
   <trkpt lat="40.0040980" lon="-105.6463300">
    <ele>3137.4</ele>
    <time>2026-09-13T16:53:21Z</time>
    
   </trkpt>
   <trkpt lat="40.0040880" lon="-105.6463010">
    <ele>3136.4</ele>
    <time>2026-09-13T16:53:25Z</time>
    
   </trkpt>
   <trkpt lat="40.0040610" lon="-105.6462670">
    <ele>3135.2</ele>
    <time>2026-09-13T16:53:30Z</time>
    
   </trkpt>
   <trkpt lat="40.0040550" lon="-105.6462170">
    <ele>3135.0</ele>
    <time>2026-09-13T16:53:34Z</time>
    
   </trkpt>
   <trkpt lat="40.0040210" lon="-105.6460930">
    <ele>3134.4</ele>
    <time>2026-09-13T16:53:43Z</time>
    
   </trkpt>
   <trkpt lat="40.0040180" lon="-105.6460780">
    <ele>3134.0</ele>
    <time>2026-09-13T16:53:44Z</time>
    
   </trkpt>
   <trkpt lat="40.0040150" lon="-105.6460640">
    <ele>3133.8</ele>
    <time>2026-09-13T16:53:45Z</time>
    
   </trkpt>
   <trkpt lat="40.0039890" lon="-105.6459750">
    <ele>3133.4</ele>
    <time>2026-09-13T16:53:50Z</time>
    
   </trkpt>
   <trkpt lat="40.0039600" lon="-105.6459240">
    <ele>3133.2</ele>
    <time>2026-09-13T16:53:54Z</time>
    
   </trkpt>
   <trkpt lat="40.0039540" lon="-105.6459190">
    <ele>3133.0</ele>
    <time>2026-09-13T16:53:55Z</time>
    
   </trkpt>
   <trkpt lat="40.0039420" lon="-105.6459130">
    <ele>3132.8</ele>
    <time>2026-09-13T16:53:57Z</time>
    
   </trkpt>
   <trkpt lat="40.0039290" lon="-105.6459000">
    <ele>3132.2</ele>
    <time>2026-09-13T16:53:59Z</time>
    
   </trkpt>
   <trkpt lat="40.0039270" lon="-105.6458880">
    <ele>3131.8</ele>
    <time>2026-09-13T16:54:00Z</time>
    
   </trkpt>
   <trkpt lat="40.0039240" lon="-105.6458600">
    <ele>3131.6</ele>
    <time>2026-09-13T16:54:02Z</time>
    
   </trkpt>
   <trkpt lat="40.0039030" lon="-105.6457700">
    <ele>3131.0</ele>
    <time>2026-09-13T16:54:09Z</time>
    
   </trkpt>
   <trkpt lat="40.0039040" lon="-105.6457600">
    <ele>3130.8</ele>
    <time>2026-09-13T16:54:10Z</time>
    
   </trkpt>
   <trkpt lat="40.0039020" lon="-105.6457330">
    <ele>3130.6</ele>
    <time>2026-09-13T16:54:13Z</time>
    
   </trkpt>
   <trkpt lat="40.0038960" lon="-105.6457100">
    <ele>3130.6</ele>
    <time>2026-09-13T16:54:15Z</time>
    
   </trkpt>
   <trkpt lat="40.0038860" lon="-105.6456740">
    <ele>3130.8</ele>
    <time>2026-09-13T16:54:17Z</time>
    
   </trkpt>
   <trkpt lat="40.0038800" lon="-105.6455980">
    <ele>3131.0</ele>
    <time>2026-09-13T16:54:23Z</time>
    
   </trkpt>
   <trkpt lat="40.0038640" lon="-105.6455280">
    <ele>3130.4</ele>
    <time>2026-09-13T16:54:27Z</time>
    
   </trkpt>
   <trkpt lat="40.0038610" lon="-105.6455120">
    <ele>3130.2</ele>
    <time>2026-09-13T16:54:28Z</time>
    
   </trkpt>
   <trkpt lat="40.0038450" lon="-105.6454560">
    <ele>3130.0</ele>
    <time>2026-09-13T16:54:31Z</time>
    
   </trkpt>
   <trkpt lat="40.0038290" lon="-105.6454250">
    <ele>3129.8</ele>
    <time>2026-09-13T16:54:33Z</time>
    
   </trkpt>
   <trkpt lat="40.0038060" lon="-105.6454060">
    <ele>3129.4</ele>
    <time>2026-09-13T16:54:36Z</time>
    
   </trkpt>
   <trkpt lat="40.0038010" lon="-105.6454000">
    <ele>3129.4</ele>
    <time>2026-09-13T16:54:37Z</time>
    
   </trkpt>
   <trkpt lat="40.0037960" lon="-105.6453910">
    <ele>3129.2</ele>
    <time>2026-09-13T16:54:38Z</time>
    
   </trkpt>
   <trkpt lat="40.0037720" lon="-105.6453530">
    <ele>3129.0</ele>
    <time>2026-09-13T16:54:45Z</time>
    
   </trkpt>
   <trkpt lat="40.0037680" lon="-105.6453510">
    <ele>3129.0</ele>
    <time>2026-09-13T16:54:46Z</time>
    
   </trkpt>
   <trkpt lat="40.0037580" lon="-105.6453360">
    <ele>3128.8</ele>
    <time>2026-09-13T16:54:50Z</time>
    
   </trkpt>
   <trkpt lat="40.0037400" lon="-105.6453330">
    <ele>3128.6</ele>
    <time>2026-09-13T16:54:51Z</time>
    
   </trkpt>
   <trkpt lat="40.0037290" lon="-105.6453250">
    <ele>3128.6</ele>
    <time>2026-09-13T16:54:52Z</time>
    
   </trkpt>
   <trkpt lat="40.0037170" lon="-105.6453150">
    <ele>3128.4</ele>
    <time>2026-09-13T16:54:53Z</time>
    
   </trkpt>
   <trkpt lat="40.0037020" lon="-105.6452930">
    <ele>3128.2</ele>
    <time>2026-09-13T16:54:55Z</time>
    
   </trkpt>
   <trkpt lat="40.0036840" lon="-105.6452410">
    <ele>3127.6</ele>
    <time>2026-09-13T16:54:58Z</time>
    
   </trkpt>
   <trkpt lat="40.0036650" lon="-105.6452180">
    <ele>3127.2</ele>
    <time>2026-09-13T16:55:00Z</time>
    
   </trkpt>
   <trkpt lat="40.0036400" lon="-105.6451880">
    <ele>3126.6</ele>
    <time>2026-09-13T16:55:02Z</time>
    
   </trkpt>
   <trkpt lat="40.0036280" lon="-105.6450990">
    <ele>3125.8</ele>
    <time>2026-09-13T16:55:06Z</time>
    
   </trkpt>
   <trkpt lat="40.0036200" lon="-105.6450530">
    <ele>3125.6</ele>
    <time>2026-09-13T16:55:08Z</time>
    
   </trkpt>
   <trkpt lat="40.0036030" lon="-105.6449850">
    <ele>3124.6</ele>
    <time>2026-09-13T16:55:13Z</time>
    
   </trkpt>
   <trkpt lat="40.0036020" lon="-105.6449800">
    <ele>3124.4</ele>
    <time>2026-09-13T16:55:14Z</time>
    
   </trkpt>
   <trkpt lat="40.0035990" lon="-105.6449700">
    <ele>3124.2</ele>
    <time>2026-09-13T16:55:16Z</time>
    
   </trkpt>
   <trkpt lat="40.0035830" lon="-105.6449200">
    <ele>3123.4</ele>
    <time>2026-09-13T16:55:21Z</time>
    
   </trkpt>
   <trkpt lat="40.0035800" lon="-105.6449170">
    <ele>3123.4</ele>
    <time>2026-09-13T16:55:22Z</time>
    
   </trkpt>
   <trkpt lat="40.0035770" lon="-105.6449020">
    <ele>3122.8</ele>
    <time>2026-09-13T16:55:25Z</time>
    
   </trkpt>
   <trkpt lat="40.0035660" lon="-105.6449090">
    <ele>3122.4</ele>
    <time>2026-09-13T16:55:27Z</time>
    
   </trkpt>
   <trkpt lat="40.0035570" lon="-105.6449210">
    <ele>3122.4</ele>
    <time>2026-09-13T16:55:29Z</time>
    
   </trkpt>
   <trkpt lat="40.0035360" lon="-105.6449030">
    <ele>3122.2</ele>
    <time>2026-09-13T16:55:39Z</time>
    
   </trkpt>
   <trkpt lat="40.0035210" lon="-105.6448640">
    <ele>3122.4</ele>
    <time>2026-09-13T16:55:48Z</time>
    
   </trkpt>
   <trkpt lat="40.0034950" lon="-105.6448030">
    <ele>3122.0</ele>
    <time>2026-09-13T16:55:55Z</time>
    
   </trkpt>
   <trkpt lat="40.0034870" lon="-105.6447960">
    <ele>3121.6</ele>
    <time>2026-09-13T16:55:56Z</time>
    
   </trkpt>
   <trkpt lat="40.0034810" lon="-105.6447900">
    <ele>3121.4</ele>
    <time>2026-09-13T16:55:57Z</time>
    
   </trkpt>
   <trkpt lat="40.0034630" lon="-105.6447740">
    <ele>3120.6</ele>
    <time>2026-09-13T16:56:01Z</time>
    
   </trkpt>
   <trkpt lat="40.0034590" lon="-105.6447690">
    <ele>3120.4</ele>
    <time>2026-09-13T16:56:03Z</time>
    
   </trkpt>
   <trkpt lat="40.0034610" lon="-105.6447660">
    <ele>3120.4</ele>
    <time>2026-09-13T16:56:04Z</time>
    
   </trkpt>
   <trkpt lat="40.0034620" lon="-105.6447660">
    <ele>3120.2</ele>
    <time>2026-09-13T16:56:06Z</time>
    
   </trkpt>
   <trkpt lat="40.0034770" lon="-105.6447560">
    <ele>3120.2</ele>
    <time>2026-09-13T16:56:15Z</time>
    
   </trkpt>
   <trkpt lat="40.0034810" lon="-105.6446920">
    <ele>3120.2</ele>
    <time>2026-09-13T16:56:22Z</time>
    
   </trkpt>
   <trkpt lat="40.0034850" lon="-105.6446120">
    <ele>3120.6</ele>
    <time>2026-09-13T16:56:27Z</time>
    
   </trkpt>
   <trkpt lat="40.0034870" lon="-105.6445950">
    <ele>3120.6</ele>
    <time>2026-09-13T16:56:28Z</time>
    
   </trkpt>
   <trkpt lat="40.0034890" lon="-105.6445780">
    <ele>3120.4</ele>
    <time>2026-09-13T16:56:29Z</time>
    
   </trkpt>
   <trkpt lat="40.0034590" lon="-105.6444630">
    <ele>3120.2</ele>
    <time>2026-09-13T16:56:36Z</time>
    
   </trkpt>
   <trkpt lat="40.0034120" lon="-105.6443340">
    <ele>3120.0</ele>
    <time>2026-09-13T16:56:44Z</time>
    
   </trkpt>
   <trkpt lat="40.0033940" lon="-105.6442810">
    <ele>3119.6</ele>
    <time>2026-09-13T16:56:47Z</time>
    
   </trkpt>
   <trkpt lat="40.0033910" lon="-105.6442460">
    <ele>3119.4</ele>
    <time>2026-09-13T16:56:49Z</time>
    
   </trkpt>
   <trkpt lat="40.0033860" lon="-105.6442280">
    <ele>3119.2</ele>
    <time>2026-09-13T16:56:50Z</time>
    
   </trkpt>
   <trkpt lat="40.0033730" lon="-105.6441950">
    <ele>3119.0</ele>
    <time>2026-09-13T16:56:52Z</time>
    
   </trkpt>
   <trkpt lat="40.0033470" lon="-105.6441340">
    <ele>3118.8</ele>
    <time>2026-09-13T16:56:56Z</time>
    
   </trkpt>
   <trkpt lat="40.0033270" lon="-105.6440910">
    <ele>3118.2</ele>
    <time>2026-09-13T16:56:59Z</time>
    
   </trkpt>
   <trkpt lat="40.0033210" lon="-105.6440570">
    <ele>3117.4</ele>
    <time>2026-09-13T16:57:01Z</time>
    
   </trkpt>
   <trkpt lat="40.0033220" lon="-105.6440350">
    <ele>3116.8</ele>
    <time>2026-09-13T16:57:02Z</time>
    
   </trkpt>
   <trkpt lat="40.0033110" lon="-105.6439860">
    <ele>3116.2</ele>
    <time>2026-09-13T16:57:05Z</time>
    
   </trkpt>
   <trkpt lat="40.0032940" lon="-105.6439280">
    <ele>3115.6</ele>
    <time>2026-09-13T16:57:08Z</time>
    
   </trkpt>
   <trkpt lat="40.0032830" lon="-105.6438730">
    <ele>3115.4</ele>
    <time>2026-09-13T16:57:14Z</time>
    
   </trkpt>
   <trkpt lat="40.0032670" lon="-105.6438360">
    <ele>3115.8</ele>
    <time>2026-09-13T16:57:24Z</time>
    
   </trkpt>
   <trkpt lat="40.0032640" lon="-105.6438260">
    <ele>3115.6</ele>
    <time>2026-09-13T16:57:25Z</time>
    
   </trkpt>
   <trkpt lat="40.0032600" lon="-105.6438160">
    <ele>3115.2</ele>
    <time>2026-09-13T16:57:26Z</time>
    
   </trkpt>
   <trkpt lat="40.0032550" lon="-105.6437960">
    <ele>3114.6</ele>
    <time>2026-09-13T16:57:28Z</time>
    
   </trkpt>
   <trkpt lat="40.0032470" lon="-105.6437450">
    <ele>3113.6</ele>
    <time>2026-09-13T16:57:33Z</time>
    
   </trkpt>
   <trkpt lat="40.0032430" lon="-105.6437340">
    <ele>3113.4</ele>
    <time>2026-09-13T16:57:34Z</time>
    
   </trkpt>
   <trkpt lat="40.0032370" lon="-105.6437210">
    <ele>3113.2</ele>
    <time>2026-09-13T16:57:35Z</time>
    
   </trkpt>
   <trkpt lat="40.0031560" lon="-105.6436150">
    <ele>3112.6</ele>
    <time>2026-09-13T16:57:44Z</time>
    
   </trkpt>
   <trkpt lat="40.0031410" lon="-105.6435910">
    <ele>3112.4</ele>
    <time>2026-09-13T16:57:46Z</time>
    
   </trkpt>
   <trkpt lat="40.0031340" lon="-105.6435680">
    <ele>3112.2</ele>
    <time>2026-09-13T16:57:48Z</time>
    
   </trkpt>
   <trkpt lat="40.0031300" lon="-105.6435570">
    <ele>3112.2</ele>
    <time>2026-09-13T16:57:49Z</time>
    
   </trkpt>
   <trkpt lat="40.0031260" lon="-105.6435430">
    <ele>3112.2</ele>
    <time>2026-09-13T16:57:50Z</time>
    
   </trkpt>
   <trkpt lat="40.0031030" lon="-105.6434710">
    <ele>3112.2</ele>
    <time>2026-09-13T16:57:55Z</time>
    
   </trkpt>
   <trkpt lat="40.0030960" lon="-105.6434550">
    <ele>3112.0</ele>
    <time>2026-09-13T16:57:56Z</time>
    
   </trkpt>
   <trkpt lat="40.0030640" lon="-105.6433530">
    <ele>3111.4</ele>
    <time>2026-09-13T16:58:03Z</time>
    
   </trkpt>
   <trkpt lat="40.0030460" lon="-105.6432810">
    <ele>3110.2</ele>
    <time>2026-09-13T16:58:07Z</time>
    
   </trkpt>
   <trkpt lat="40.0030400" lon="-105.6432300">
    <ele>3109.4</ele>
    <time>2026-09-13T16:58:10Z</time>
    
   </trkpt>
   <trkpt lat="40.0030370" lon="-105.6431950">
    <ele>3109.2</ele>
    <time>2026-09-13T16:58:12Z</time>
    
   </trkpt>
   <trkpt lat="40.0030290" lon="-105.6431570">
    <ele>3109.0</ele>
    <time>2026-09-13T16:58:14Z</time>
    
   </trkpt>
   <trkpt lat="40.0030150" lon="-105.6431040">
    <ele>3108.8</ele>
    <time>2026-09-13T16:58:17Z</time>
    
   </trkpt>
   <trkpt lat="40.0030130" lon="-105.6430850">
    <ele>3108.8</ele>
    <time>2026-09-13T16:58:18Z</time>
    
   </trkpt>
   <trkpt lat="40.0030040" lon="-105.6430130">
    <ele>3108.8</ele>
    <time>2026-09-13T16:58:22Z</time>
    
   </trkpt>
   <trkpt lat="40.0029930" lon="-105.6429150">
    <ele>3109.4</ele>
    <time>2026-09-13T16:58:28Z</time>
    
   </trkpt>
   <trkpt lat="40.0029700" lon="-105.6428500">
    <ele>3109.2</ele>
    <time>2026-09-13T16:58:32Z</time>
    
   </trkpt>
   <trkpt lat="40.0029580" lon="-105.6428260">
    <ele>3109.0</ele>
    <time>2026-09-13T16:58:34Z</time>
    
   </trkpt>
   <trkpt lat="40.0029520" lon="-105.6427940">
    <ele>3109.0</ele>
    <time>2026-09-13T16:58:36Z</time>
    
   </trkpt>
   <trkpt lat="40.0029080" lon="-105.6427130">
    <ele>3108.4</ele>
    <time>2026-09-13T16:58:43Z</time>
    
   </trkpt>
   <trkpt lat="40.0028650" lon="-105.6426550">
    <ele>3108.2</ele>
    <time>2026-09-13T16:58:50Z</time>
    
   </trkpt>
   <trkpt lat="40.0028600" lon="-105.6426430">
    <ele>3108.0</ele>
    <time>2026-09-13T16:58:51Z</time>
    
   </trkpt>
   <trkpt lat="40.0028460" lon="-105.6426090">
    <ele>3107.8</ele>
    <time>2026-09-13T16:58:53Z</time>
    
   </trkpt>
   <trkpt lat="40.0028370" lon="-105.6425660">
    <ele>3107.4</ele>
    <time>2026-09-13T16:58:56Z</time>
    
   </trkpt>
   <trkpt lat="40.0028360" lon="-105.6425490">
    <ele>3107.2</ele>
    <time>2026-09-13T16:58:57Z</time>
    
   </trkpt>
   <trkpt lat="40.0028180" lon="-105.6424640">
    <ele>3106.8</ele>
    <time>2026-09-13T16:59:02Z</time>
    
   </trkpt>
   <trkpt lat="40.0027880" lon="-105.6424160">
    <ele>3106.4</ele>
    <time>2026-09-13T16:59:07Z</time>
    
   </trkpt>
   <trkpt lat="40.0027810" lon="-105.6423930">
    <ele>3106.2</ele>
    <time>2026-09-13T16:59:09Z</time>
    
   </trkpt>
   <trkpt lat="40.0027670" lon="-105.6423520">
    <ele>3105.8</ele>
    <time>2026-09-13T16:59:12Z</time>
    
   </trkpt>
   <trkpt lat="40.0027500" lon="-105.6423100">
    <ele>3105.2</ele>
    <time>2026-09-13T16:59:15Z</time>
    
   </trkpt>
   <trkpt lat="40.0027480" lon="-105.6423000">
    <ele>3105.2</ele>
    <time>2026-09-13T16:59:16Z</time>
    
   </trkpt>
   <trkpt lat="40.0027530" lon="-105.6422350">
    <ele>3105.2</ele>
    <time>2026-09-13T16:59:21Z</time>
    
   </trkpt>
   <trkpt lat="40.0027490" lon="-105.6422240">
    <ele>3105.2</ele>
    <time>2026-09-13T16:59:22Z</time>
    
   </trkpt>
   <trkpt lat="40.0027460" lon="-105.6422110">
    <ele>3105.4</ele>
    <time>2026-09-13T16:59:23Z</time>
    
   </trkpt>
   <trkpt lat="40.0027400" lon="-105.6421840">
    <ele>3105.6</ele>
    <time>2026-09-13T16:59:25Z</time>
    
   </trkpt>
   <trkpt lat="40.0027280" lon="-105.6421650">
    <ele>3106.0</ele>
    <time>2026-09-13T16:59:27Z</time>
    
   </trkpt>
   <trkpt lat="40.0027260" lon="-105.6421430">
    <ele>3106.4</ele>
    <time>2026-09-13T16:59:29Z</time>
    
   </trkpt>
   <trkpt lat="40.0027240" lon="-105.6421290">
    <ele>3106.4</ele>
    <time>2026-09-13T16:59:30Z</time>
    
   </trkpt>
   <trkpt lat="40.0027130" lon="-105.6421160">
    <ele>3106.6</ele>
    <time>2026-09-13T16:59:31Z</time>
    
   </trkpt>
   <trkpt lat="40.0027050" lon="-105.6420740">
    <ele>3106.6</ele>
    <time>2026-09-13T16:59:34Z</time>
    
   </trkpt>
   <trkpt lat="40.0027050" lon="-105.6420620">
    <ele>3106.6</ele>
    <time>2026-09-13T16:59:35Z</time>
    
   </trkpt>
   <trkpt lat="40.0026960" lon="-105.6420260">
    <ele>3106.6</ele>
    <time>2026-09-13T16:59:37Z</time>
    
   </trkpt>
   <trkpt lat="40.0026780" lon="-105.6419770">
    <ele>3106.6</ele>
    <time>2026-09-13T16:59:40Z</time>
    
   </trkpt>
   <trkpt lat="40.0026700" lon="-105.6419480">
    <ele>3105.8</ele>
    <time>2026-09-13T16:59:42Z</time>
    
   </trkpt>
   <trkpt lat="40.0026650" lon="-105.6419280">
    <ele>3105.6</ele>
    <time>2026-09-13T16:59:43Z</time>
    
   </trkpt>
   <trkpt lat="40.0026510" lon="-105.6419040">
    <ele>3105.4</ele>
    <time>2026-09-13T16:59:44Z</time>
    
   </trkpt>
   <trkpt lat="40.0026430" lon="-105.6417660">
    <ele>3105.8</ele>
    <time>2026-09-13T16:59:51Z</time>
    
   </trkpt>
   <trkpt lat="40.0026220" lon="-105.6416520">
    <ele>3105.4</ele>
    <time>2026-09-13T16:59:58Z</time>
    
   </trkpt>
   <trkpt lat="40.0026180" lon="-105.6416350">
    <ele>3105.4</ele>
    <time>2026-09-13T16:59:59Z</time>
    
   </trkpt>
   <trkpt lat="40.0026080" lon="-105.6415700">
    <ele>3105.0</ele>
    <time>2026-09-13T17:00:03Z</time>
    
   </trkpt>
   <trkpt lat="40.0026110" lon="-105.6415530">
    <ele>3105.2</ele>
    <time>2026-09-13T17:00:04Z</time>
    
   </trkpt>
   <trkpt lat="40.0026040" lon="-105.6415200">
    <ele>3105.4</ele>
    <time>2026-09-13T17:00:06Z</time>
    
   </trkpt>
   <trkpt lat="40.0025800" lon="-105.6414880">
    <ele>3105.4</ele>
    <time>2026-09-13T17:00:09Z</time>
    
   </trkpt>
   <trkpt lat="40.0025700" lon="-105.6414760">
    <ele>3105.4</ele>
    <time>2026-09-13T17:00:10Z</time>
    
   </trkpt>
   <trkpt lat="40.0025350" lon="-105.6414410">
    <ele>3104.4</ele>
    <time>2026-09-13T17:00:13Z</time>
    
   </trkpt>
   <trkpt lat="40.0025210" lon="-105.6414210">
    <ele>3104.2</ele>
    <time>2026-09-13T17:00:14Z</time>
    
   </trkpt>
   <trkpt lat="40.0024930" lon="-105.6413580">
    <ele>3103.4</ele>
    <time>2026-09-13T17:00:17Z</time>
    
   </trkpt>
   <trkpt lat="40.0024820" lon="-105.6413350">
    <ele>3103.2</ele>
    <time>2026-09-13T17:00:18Z</time>
    
   </trkpt>
   <trkpt lat="40.0024590" lon="-105.6413010">
    <ele>3102.8</ele>
    <time>2026-09-13T17:00:20Z</time>
    
   </trkpt>
   <trkpt lat="40.0024330" lon="-105.6412420">
    <ele>3102.2</ele>
    <time>2026-09-13T17:00:23Z</time>
    
   </trkpt>
   <trkpt lat="40.0024230" lon="-105.6412100">
    <ele>3102.0</ele>
    <time>2026-09-13T17:00:25Z</time>
    
   </trkpt>
   <trkpt lat="40.0024030" lon="-105.6411680">
    <ele>3102.0</ele>
    <time>2026-09-13T17:00:29Z</time>
    
   </trkpt>
   <trkpt lat="40.0023720" lon="-105.6411440">
    <ele>3101.6</ele>
    <time>2026-09-13T17:00:33Z</time>
    
   </trkpt>
   <trkpt lat="40.0023610" lon="-105.6411400">
    <ele>3101.2</ele>
    <time>2026-09-13T17:00:35Z</time>
    
   </trkpt>
   <trkpt lat="40.0023550" lon="-105.6411340">
    <ele>3101.0</ele>
    <time>2026-09-13T17:00:36Z</time>
    
   </trkpt>
   <trkpt lat="40.0023480" lon="-105.6411210">
    <ele>3100.8</ele>
    <time>2026-09-13T17:00:37Z</time>
    
   </trkpt>
   <trkpt lat="40.0023370" lon="-105.6411110">
    <ele>3100.6</ele>
    <time>2026-09-13T17:00:38Z</time>
    
   </trkpt>
   <trkpt lat="40.0023010" lon="-105.6410940">
    <ele>3100.2</ele>
    <time>2026-09-13T17:00:41Z</time>
    
   </trkpt>
   <trkpt lat="40.0022930" lon="-105.6410850">
    <ele>3100.0</ele>
    <time>2026-09-13T17:00:42Z</time>
    
   </trkpt>
   <trkpt lat="40.0022720" lon="-105.6410670">
    <ele>3099.6</ele>
    <time>2026-09-13T17:00:44Z</time>
    
   </trkpt>
   <trkpt lat="40.0022480" lon="-105.6410420">
    <ele>3098.8</ele>
    <time>2026-09-13T17:00:46Z</time>
    
   </trkpt>
   <trkpt lat="40.0022190" lon="-105.6410140">
    <ele>3098.0</ele>
    <time>2026-09-13T17:00:48Z</time>
    
   </trkpt>
   <trkpt lat="40.0022090" lon="-105.6410000">
    <ele>3097.6</ele>
    <time>2026-09-13T17:00:49Z</time>
    
   </trkpt>
   <trkpt lat="40.0021600" lon="-105.6409160">
    <ele>3096.6</ele>
    <time>2026-09-13T17:00:54Z</time>
    
   </trkpt>
   <trkpt lat="40.0021230" lon="-105.6408520">
    <ele>3096.0</ele>
    <time>2026-09-13T17:00:59Z</time>
    
   </trkpt>
   <trkpt lat="40.0020840" lon="-105.6408260">
    <ele>3095.6</ele>
    <time>2026-09-13T17:01:03Z</time>
    
   </trkpt>
   <trkpt lat="40.0020740" lon="-105.6408200">
    <ele>3095.4</ele>
    <time>2026-09-13T17:01:04Z</time>
    
   </trkpt>
   <trkpt lat="40.0020410" lon="-105.6408010">
    <ele>3094.6</ele>
    <time>2026-09-13T17:01:07Z</time>
    
   </trkpt>
   <trkpt lat="40.0020320" lon="-105.6407940">
    <ele>3094.4</ele>
    <time>2026-09-13T17:01:08Z</time>
    
   </trkpt>
   <trkpt lat="40.0019950" lon="-105.6407550">
    <ele>3093.6</ele>
    <time>2026-09-13T17:01:12Z</time>
    
   </trkpt>
   <trkpt lat="40.0019810" lon="-105.6407330">
    <ele>3093.4</ele>
    <time>2026-09-13T17:01:14Z</time>
    
   </trkpt>
   <trkpt lat="40.0019750" lon="-105.6407240">
    <ele>3093.2</ele>
    <time>2026-09-13T17:01:15Z</time>
    
   </trkpt>
   <trkpt lat="40.0019690" lon="-105.6407150">
    <ele>3093.2</ele>
    <time>2026-09-13T17:01:16Z</time>
    
   </trkpt>
   <trkpt lat="40.0019440" lon="-105.6406660">
    <ele>3092.8</ele>
    <time>2026-09-13T17:01:20Z</time>
    
   </trkpt>
   <trkpt lat="40.0019310" lon="-105.6406430">
    <ele>3093.0</ele>
    <time>2026-09-13T17:01:22Z</time>
    
   </trkpt>
   <trkpt lat="40.0018580" lon="-105.6405330">
    <ele>3092.2</ele>
    <time>2026-09-13T17:01:32Z</time>
    
   </trkpt>
   <trkpt lat="40.0018550" lon="-105.6404970">
    <ele>3091.8</ele>
    <time>2026-09-13T17:01:34Z</time>
    
   </trkpt>
   <trkpt lat="40.0018460" lon="-105.6404970">
    <ele>3091.8</ele>
    <time>2026-09-13T17:01:35Z</time>
    
   </trkpt>
   <trkpt lat="40.0018130" lon="-105.6404220">
    <ele>3091.4</ele>
    <time>2026-09-13T17:01:41Z</time>
    
   </trkpt>
   <trkpt lat="40.0018080" lon="-105.6404050">
    <ele>3091.4</ele>
    <time>2026-09-13T17:01:42Z</time>
    
   </trkpt>
   <trkpt lat="40.0017900" lon="-105.6403710">
    <ele>3091.2</ele>
    <time>2026-09-13T17:01:45Z</time>
    
   </trkpt>
   <trkpt lat="40.0017830" lon="-105.6403400">
    <ele>3091.0</ele>
    <time>2026-09-13T17:01:47Z</time>
    
   </trkpt>
   <trkpt lat="40.0017330" lon="-105.6402280">
    <ele>3090.0</ele>
    <time>2026-09-13T17:01:54Z</time>
    
   </trkpt>
   <trkpt lat="40.0017280" lon="-105.6402140">
    <ele>3089.8</ele>
    <time>2026-09-13T17:01:55Z</time>
    
   </trkpt>
   <trkpt lat="40.0017190" lon="-105.6401760">
    <ele>3089.6</ele>
    <time>2026-09-13T17:01:57Z</time>
    
   </trkpt>
   <trkpt lat="40.0016970" lon="-105.6401260">
    <ele>3089.6</ele>
    <time>2026-09-13T17:02:01Z</time>
    
   </trkpt>
   <trkpt lat="40.0016690" lon="-105.6400420">
    <ele>3089.2</ele>
    <time>2026-09-13T17:02:07Z</time>
    
   </trkpt>
   <trkpt lat="40.0016640" lon="-105.6400260">
    <ele>3089.0</ele>
    <time>2026-09-13T17:02:08Z</time>
    
   </trkpt>
   <trkpt lat="40.0016300" lon="-105.6398630">
    <ele>3088.4</ele>
    <time>2026-09-13T17:02:17Z</time>
    
   </trkpt>
   <trkpt lat="40.0016090" lon="-105.6398160">
    <ele>3088.0</ele>
    <time>2026-09-13T17:02:20Z</time>
    
   </trkpt>
   <trkpt lat="40.0016020" lon="-105.6397990">
    <ele>3087.8</ele>
    <time>2026-09-13T17:02:21Z</time>
    
   </trkpt>
   <trkpt lat="40.0015960" lon="-105.6397850">
    <ele>3087.8</ele>
    <time>2026-09-13T17:02:22Z</time>
    
   </trkpt>
   <trkpt lat="40.0015670" lon="-105.6397220">
    <ele>3088.0</ele>
    <time>2026-09-13T17:02:27Z</time>
    
   </trkpt>
   <trkpt lat="40.0015560" lon="-105.6396900">
    <ele>3087.8</ele>
    <time>2026-09-13T17:02:29Z</time>
    
   </trkpt>
   <trkpt lat="40.0015410" lon="-105.6396620">
    <ele>3087.6</ele>
    <time>2026-09-13T17:02:31Z</time>
    
   </trkpt>
   <trkpt lat="40.0015260" lon="-105.6396380">
    <ele>3087.4</ele>
    <time>2026-09-13T17:02:33Z</time>
    
   </trkpt>
   <trkpt lat="40.0014940" lon="-105.6396070">
    <ele>3086.8</ele>
    <time>2026-09-13T17:02:36Z</time>
    
   </trkpt>
   <trkpt lat="40.0014850" lon="-105.6395920">
    <ele>3086.4</ele>
    <time>2026-09-13T17:02:37Z</time>
    
   </trkpt>
   <trkpt lat="40.0014740" lon="-105.6395700">
    <ele>3086.0</ele>
    <time>2026-09-13T17:02:39Z</time>
    
   </trkpt>
   <trkpt lat="40.0014560" lon="-105.6395600">
    <ele>3085.6</ele>
    <time>2026-09-13T17:02:41Z</time>
    
   </trkpt>
   <trkpt lat="40.0014200" lon="-105.6395400">
    <ele>3085.0</ele>
    <time>2026-09-13T17:02:45Z</time>
    
   </trkpt>
   <trkpt lat="40.0013880" lon="-105.6395290">
    <ele>3084.4</ele>
    <time>2026-09-13T17:02:49Z</time>
    
   </trkpt>
   <trkpt lat="40.0013430" lon="-105.6394890">
    <ele>3083.4</ele>
    <time>2026-09-13T17:02:54Z</time>
    
   </trkpt>
   <trkpt lat="40.0013100" lon="-105.6394550">
    <ele>3082.4</ele>
    <time>2026-09-13T17:02:58Z</time>
    
   </trkpt>
   <trkpt lat="40.0012990" lon="-105.6394490">
    <ele>3082.4</ele>
    <time>2026-09-13T17:02:59Z</time>
    
   </trkpt>
   <trkpt lat="40.0012660" lon="-105.6394100">
    <ele>3081.2</ele>
    <time>2026-09-13T17:03:03Z</time>
    
   </trkpt>
   <trkpt lat="40.0012340" lon="-105.6393690">
    <ele>3080.8</ele>
    <time>2026-09-13T17:03:06Z</time>
    
   </trkpt>
   <trkpt lat="40.0012150" lon="-105.6393450">
    <ele>3080.2</ele>
    <time>2026-09-13T17:03:08Z</time>
    
   </trkpt>
   <trkpt lat="40.0011880" lon="-105.6393170">
    <ele>3079.8</ele>
    <time>2026-09-13T17:03:11Z</time>
    
   </trkpt>
   <trkpt lat="40.0011580" lon="-105.6392930">
    <ele>3079.4</ele>
    <time>2026-09-13T17:03:14Z</time>
    
   </trkpt>
   <trkpt lat="40.0011500" lon="-105.6392840">
    <ele>3079.0</ele>
    <time>2026-09-13T17:03:15Z</time>
    
   </trkpt>
   <trkpt lat="40.0011280" lon="-105.6392500">
    <ele>3078.2</ele>
    <time>2026-09-13T17:03:19Z</time>
    
   </trkpt>
   <trkpt lat="40.0011110" lon="-105.6391870">
    <ele>3077.6</ele>
    <time>2026-09-13T17:03:23Z</time>
    
   </trkpt>
   <trkpt lat="40.0010970" lon="-105.6391620">
    <ele>3077.4</ele>
    <time>2026-09-13T17:03:25Z</time>
    
   </trkpt>
   <trkpt lat="40.0010830" lon="-105.6391340">
    <ele>3077.2</ele>
    <time>2026-09-13T17:03:27Z</time>
    
   </trkpt>
   <trkpt lat="40.0010010" lon="-105.6390250">
    <ele>3077.4</ele>
    <time>2026-09-13T17:03:36Z</time>
    
   </trkpt>
   <trkpt lat="40.0009800" lon="-105.6390080">
    <ele>3077.4</ele>
    <time>2026-09-13T17:03:38Z</time>
    
   </trkpt>
   <trkpt lat="40.0009700" lon="-105.6389970">
    <ele>3077.2</ele>
    <time>2026-09-13T17:03:39Z</time>
    
   </trkpt>
   <trkpt lat="40.0009510" lon="-105.6389690">
    <ele>3076.6</ele>
    <time>2026-09-13T17:03:41Z</time>
    
   </trkpt>
   <trkpt lat="40.0009040" lon="-105.6388830">
    <ele>3075.4</ele>
    <time>2026-09-13T17:03:45Z</time>
    
   </trkpt>
   <trkpt lat="40.0008830" lon="-105.6388540">
    <ele>3074.8</ele>
    <time>2026-09-13T17:03:47Z</time>
    
   </trkpt>
   <trkpt lat="40.0008500" lon="-105.6387980">
    <ele>3074.4</ele>
    <time>2026-09-13T17:03:51Z</time>
    
   </trkpt>
   <trkpt lat="40.0008250" lon="-105.6387690">
    <ele>3074.4</ele>
    <time>2026-09-13T17:03:53Z</time>
    
   </trkpt>
   <trkpt lat="40.0008060" lon="-105.6387330">
    <ele>3074.2</ele>
    <time>2026-09-13T17:03:55Z</time>
    
   </trkpt>
   <trkpt lat="40.0006960" lon="-105.6386540">
    <ele>3073.4</ele>
    <time>2026-09-13T17:04:02Z</time>
    
   </trkpt>
   <trkpt lat="40.0006820" lon="-105.6386430">
    <ele>3073.0</ele>
    <time>2026-09-13T17:04:03Z</time>
    
   </trkpt>
   <trkpt lat="40.0006570" lon="-105.6386210">
    <ele>3072.2</ele>
    <time>2026-09-13T17:04:05Z</time>
    
   </trkpt>
   <trkpt lat="40.0006240" lon="-105.6385900">
    <ele>3071.6</ele>
    <time>2026-09-13T17:04:08Z</time>
    
   </trkpt>
   <trkpt lat="40.0006130" lon="-105.6385820">
    <ele>3071.4</ele>
    <time>2026-09-13T17:04:09Z</time>
    
   </trkpt>
   <trkpt lat="40.0005930" lon="-105.6385620">
    <ele>3071.4</ele>
    <time>2026-09-13T17:04:11Z</time>
    
   </trkpt>
   <trkpt lat="40.0005670" lon="-105.6385370">
    <ele>3071.4</ele>
    <time>2026-09-13T17:04:14Z</time>
    
   </trkpt>
   <trkpt lat="40.0005510" lon="-105.6385020">
    <ele>3071.4</ele>
    <time>2026-09-13T17:04:17Z</time>
    
   </trkpt>
   <trkpt lat="40.0005430" lon="-105.6384900">
    <ele>3071.2</ele>
    <time>2026-09-13T17:04:18Z</time>
    
   </trkpt>
   <trkpt lat="40.0004790" lon="-105.6383490">
    <ele>3070.8</ele>
    <time>2026-09-13T17:04:26Z</time>
    
   </trkpt>
   <trkpt lat="40.0004020" lon="-105.6382560">
    <ele>3070.4</ele>
    <time>2026-09-13T17:04:33Z</time>
    
   </trkpt>
   <trkpt lat="40.0003940" lon="-105.6382460">
    <ele>3070.4</ele>
    <time>2026-09-13T17:04:34Z</time>
    
   </trkpt>
   <trkpt lat="40.0003710" lon="-105.6382200">
    <ele>3070.0</ele>
    <time>2026-09-13T17:04:36Z</time>
    
   </trkpt>
   <trkpt lat="40.0003390" lon="-105.6381970">
    <ele>3069.6</ele>
    <time>2026-09-13T17:04:38Z</time>
    
   </trkpt>
   <trkpt lat="40.0003160" lon="-105.6381800">
    <ele>3069.2</ele>
    <time>2026-09-13T17:04:40Z</time>
    
   </trkpt>
   <trkpt lat="40.0003080" lon="-105.6381690">
    <ele>3069.0</ele>
    <time>2026-09-13T17:04:41Z</time>
    
   </trkpt>
   <trkpt lat="40.0002980" lon="-105.6381580">
    <ele>3068.8</ele>
    <time>2026-09-13T17:04:42Z</time>
    
   </trkpt>
   <trkpt lat="40.0002570" lon="-105.6381300">
    <ele>3067.8</ele>
    <time>2026-09-13T17:04:46Z</time>
    
   </trkpt>
   <trkpt lat="40.0002290" lon="-105.6381090">
    <ele>3067.0</ele>
    <time>2026-09-13T17:04:49Z</time>
    
   </trkpt>
   <trkpt lat="40.0002160" lon="-105.6380910">
    <ele>3066.8</ele>
    <time>2026-09-13T17:04:51Z</time>
    
   </trkpt>
   <trkpt lat="40.0001880" lon="-105.6380670">
    <ele>3066.4</ele>
    <time>2026-09-13T17:04:55Z</time>
    
   </trkpt>
   <trkpt lat="40.0001930" lon="-105.6380760">
    <ele>3066.2</ele>
    <time>2026-09-13T17:04:56Z</time>
    
   </trkpt>
   <trkpt lat="40.0002050" lon="-105.6380870">
    <ele>3065.8</ele>
    <time>2026-09-13T17:04:58Z</time>
    
   </trkpt>
   <trkpt lat="40.0002170" lon="-105.6381050">
    <ele>3065.4</ele>
    <time>2026-09-13T17:05:00Z</time>
    
   </trkpt>
   <trkpt lat="40.0002250" lon="-105.6381140">
    <ele>3065.2</ele>
    <time>2026-09-13T17:05:02Z</time>
    
   </trkpt>
   <trkpt lat="40.0002230" lon="-105.6381160">
    <ele>3065.2</ele>
    <time>2026-09-13T17:05:04Z</time>
    
   </trkpt>
   <trkpt lat="40.0002150" lon="-105.6381240">
    <ele>3065.2</ele>
    <time>2026-09-13T17:05:06Z</time>
    
   </trkpt>
   <trkpt lat="40.0002350" lon="-105.6381720">
    <ele>3064.8</ele>
    <time>2026-09-13T17:05:14Z</time>
    
   </trkpt>
   <trkpt lat="40.0002590" lon="-105.6382020">
    <ele>3064.8</ele>
    <time>2026-09-13T17:05:17Z</time>
    
   </trkpt>
   <trkpt lat="40.0002790" lon="-105.6382510">
    <ele>3064.4</ele>
    <time>2026-09-13T17:05:21Z</time>
    
   </trkpt>
   <trkpt lat="40.0002920" lon="-105.6383100">
    <ele>3063.6</ele>
    <time>2026-09-13T17:05:25Z</time>
    
   </trkpt>
   <trkpt lat="40.0002930" lon="-105.6383690">
    <ele>3062.6</ele>
    <time>2026-09-13T17:05:29Z</time>
    
   </trkpt>
   <trkpt lat="40.0002990" lon="-105.6384800">
    <ele>3061.4</ele>
    <time>2026-09-13T17:05:35Z</time>
    
   </trkpt>
   <trkpt lat="40.0003140" lon="-105.6385690">
    <ele>3060.6</ele>
    <time>2026-09-13T17:05:40Z</time>
    
   </trkpt>
   <trkpt lat="40.0003180" lon="-105.6385860">
    <ele>3060.4</ele>
    <time>2026-09-13T17:05:41Z</time>
    
   </trkpt>
   <trkpt lat="40.0003210" lon="-105.6386030">
    <ele>3060.2</ele>
    <time>2026-09-13T17:05:42Z</time>
    
   </trkpt>
   <trkpt lat="40.0003220" lon="-105.6386400">
    <ele>3060.0</ele>
    <time>2026-09-13T17:05:44Z</time>
    
   </trkpt>
   <trkpt lat="40.0003330" lon="-105.6387030">
    <ele>3059.4</ele>
    <time>2026-09-13T17:05:47Z</time>
    
   </trkpt>
   <trkpt lat="40.0003420" lon="-105.6387430">
    <ele>3059.0</ele>
    <time>2026-09-13T17:05:50Z</time>
    
   </trkpt>
   <trkpt lat="40.0003710" lon="-105.6387960">
    <ele>3058.2</ele>
    <time>2026-09-13T17:05:54Z</time>
    
   </trkpt>
   <trkpt lat="40.0003880" lon="-105.6388210">
    <ele>3058.0</ele>
    <time>2026-09-13T17:05:56Z</time>
    
   </trkpt>
   <trkpt lat="40.0003980" lon="-105.6388290">
    <ele>3057.8</ele>
    <time>2026-09-13T17:05:57Z</time>
    
   </trkpt>
   <trkpt lat="40.0004210" lon="-105.6388720">
    <ele>3057.0</ele>
    <time>2026-09-13T17:06:01Z</time>
    
   </trkpt>
   <trkpt lat="40.0004270" lon="-105.6388890">
    <ele>3057.0</ele>
    <time>2026-09-13T17:06:02Z</time>
    
   </trkpt>
   <trkpt lat="40.0004320" lon="-105.6388990">
    <ele>3056.8</ele>
    <time>2026-09-13T17:06:03Z</time>
    
   </trkpt>
   <trkpt lat="40.0004520" lon="-105.6389290">
    <ele>3056.6</ele>
    <time>2026-09-13T17:06:06Z</time>
    
   </trkpt>
   <trkpt lat="40.0004690" lon="-105.6389610">
    <ele>3056.4</ele>
    <time>2026-09-13T17:06:08Z</time>
    
   </trkpt>
   <trkpt lat="40.0005080" lon="-105.6390100">
    <ele>3056.2</ele>
    <time>2026-09-13T17:06:11Z</time>
    
   </trkpt>
   <trkpt lat="40.0005310" lon="-105.6390410">
    <ele>3055.8</ele>
    <time>2026-09-13T17:06:14Z</time>
    
   </trkpt>
   <trkpt lat="40.0005070" lon="-105.6390750">
    <ele>3054.6</ele>
    <time>2026-09-13T17:06:17Z</time>
    
   </trkpt>
   <trkpt lat="40.0005000" lon="-105.6390770">
    <ele>3054.2</ele>
    <time>2026-09-13T17:06:19Z</time>
    
   </trkpt>
   <trkpt lat="40.0004970" lon="-105.6390790">
    <ele>3054.2</ele>
    <time>2026-09-13T17:06:20Z</time>
    
   </trkpt>
   <trkpt lat="40.0004910" lon="-105.6390820">
    <ele>3054.0</ele>
    <time>2026-09-13T17:06:22Z</time>
    
   </trkpt>
   <trkpt lat="40.0004900" lon="-105.6390720">
    <ele>3053.8</ele>
    <time>2026-09-13T17:06:23Z</time>
    
   </trkpt>
   <trkpt lat="40.0004730" lon="-105.6390680">
    <ele>3053.4</ele>
    <time>2026-09-13T17:06:25Z</time>
    
   </trkpt>
   <trkpt lat="40.0004600" lon="-105.6390650">
    <ele>3053.4</ele>
    <time>2026-09-13T17:06:26Z</time>
    
   </trkpt>
   <trkpt lat="40.0003970" lon="-105.6390510">
    <ele>3052.4</ele>
    <time>2026-09-13T17:06:31Z</time>
    
   </trkpt>
   <trkpt lat="40.0003670" lon="-105.6390320">
    <ele>3052.0</ele>
    <time>2026-09-13T17:06:34Z</time>
    
   </trkpt>
   <trkpt lat="40.0003410" lon="-105.6389850">
    <ele>3051.2</ele>
    <time>2026-09-13T17:06:37Z</time>
    
   </trkpt>
   <trkpt lat="40.0003340" lon="-105.6389710">
    <ele>3050.8</ele>
    <time>2026-09-13T17:06:38Z</time>
    
   </trkpt>
   <trkpt lat="40.0003280" lon="-105.6389590">
    <ele>3050.6</ele>
    <time>2026-09-13T17:06:39Z</time>
    
   </trkpt>
   <trkpt lat="40.0002970" lon="-105.6389470">
    <ele>3050.0</ele>
    <time>2026-09-13T17:06:42Z</time>
    
   </trkpt>
   <trkpt lat="40.0002590" lon="-105.6389160">
    <ele>3049.0</ele>
    <time>2026-09-13T17:06:46Z</time>
    
   </trkpt>
   <trkpt lat="40.0002370" lon="-105.6388910">
    <ele>3048.2</ele>
    <time>2026-09-13T17:06:49Z</time>
    
   </trkpt>
   <trkpt lat="40.0002190" lon="-105.6388740">
    <ele>3047.8</ele>
    <time>2026-09-13T17:06:52Z</time>
    
   </trkpt>
   <trkpt lat="40.0001630" lon="-105.6388330">
    <ele>3046.8</ele>
    <time>2026-09-13T17:06:58Z</time>
    
   </trkpt>
   <trkpt lat="40.0001490" lon="-105.6388100">
    <ele>3046.4</ele>
    <time>2026-09-13T17:07:01Z</time>
    
   </trkpt>
   <trkpt lat="40.0001430" lon="-105.6387940">
    <ele>3046.4</ele>
    <time>2026-09-13T17:07:03Z</time>
    
   </trkpt>
   <trkpt lat="40.0001350" lon="-105.6387850">
    <ele>3046.2</ele>
    <time>2026-09-13T17:07:06Z</time>
    
   </trkpt>
   <trkpt lat="40.0001290" lon="-105.6387730">
    <ele>3046.2</ele>
    <time>2026-09-13T17:07:08Z</time>
    
   </trkpt>
   <trkpt lat="40.0001250" lon="-105.6387710">
    <ele>3046.2</ele>
    <time>2026-09-13T17:07:09Z</time>
    
   </trkpt>
   <trkpt lat="40.0001050" lon="-105.6387570">
    <ele>3045.8</ele>
    <time>2026-09-13T17:07:11Z</time>
    
   </trkpt>
   <trkpt lat="40.0000970" lon="-105.6387460">
    <ele>3045.6</ele>
    <time>2026-09-13T17:07:12Z</time>
    
   </trkpt>
   <trkpt lat="40.0000650" lon="-105.6386990">
    <ele>3044.6</ele>
    <time>2026-09-13T17:07:15Z</time>
    
   </trkpt>
   <trkpt lat="40.0000240" lon="-105.6386170">
    <ele>3043.8</ele>
    <time>2026-09-13T17:07:20Z</time>
    
   </trkpt>
   <trkpt lat="40.0000190" lon="-105.6385990">
    <ele>3043.6</ele>
    <time>2026-09-13T17:07:21Z</time>
    
   </trkpt>
   <trkpt lat="40.0000140" lon="-105.6385830">
    <ele>3043.6</ele>
    <time>2026-09-13T17:07:22Z</time>
    
   </trkpt>
   <trkpt lat="39.9999620" lon="-105.6384750">
    <ele>3043.6</ele>
    <time>2026-09-13T17:07:31Z</time>
    
   </trkpt>
   <trkpt lat="39.9999470" lon="-105.6384660">
    <ele>3043.6</ele>
    <time>2026-09-13T17:07:33Z</time>
    
   </trkpt>
   <trkpt lat="39.9999390" lon="-105.6384600">
    <ele>3043.4</ele>
    <time>2026-09-13T17:07:34Z</time>
    
   </trkpt>
   <trkpt lat="39.9998980" lon="-105.6384210">
    <ele>3042.6</ele>
    <time>2026-09-13T17:07:39Z</time>
    
   </trkpt>
   <trkpt lat="39.9998500" lon="-105.6383650">
    <ele>3041.4</ele>
    <time>2026-09-13T17:07:46Z</time>
    
   </trkpt>
   <trkpt lat="39.9998280" lon="-105.6383240">
    <ele>3040.6</ele>
    <time>2026-09-13T17:07:49Z</time>
    
   </trkpt>
   <trkpt lat="39.9998140" lon="-105.6383060">
    <ele>3040.2</ele>
    <time>2026-09-13T17:07:51Z</time>
    
   </trkpt>
   <trkpt lat="39.9997690" lon="-105.6382650">
    <ele>3040.0</ele>
    <time>2026-09-13T17:07:56Z</time>
    
   </trkpt>
   <trkpt lat="39.9997320" lon="-105.6382440">
    <ele>3039.6</ele>
    <time>2026-09-13T17:08:00Z</time>
    
   </trkpt>
   <trkpt lat="39.9997020" lon="-105.6382050">
    <ele>3039.2</ele>
    <time>2026-09-13T17:08:02Z</time>
    
   </trkpt>
   <trkpt lat="39.9996950" lon="-105.6381890">
    <ele>3039.0</ele>
    <time>2026-09-13T17:08:03Z</time>
    
   </trkpt>
   <trkpt lat="39.9996640" lon="-105.6381620">
    <ele>3038.4</ele>
    <time>2026-09-13T17:08:06Z</time>
    
   </trkpt>
   <trkpt lat="39.9996460" lon="-105.6381360">
    <ele>3038.2</ele>
    <time>2026-09-13T17:08:08Z</time>
    
   </trkpt>
   <trkpt lat="39.9996070" lon="-105.6380610">
    <ele>3037.6</ele>
    <time>2026-09-13T17:08:13Z</time>
    
   </trkpt>
   <trkpt lat="39.9995970" lon="-105.6380550">
    <ele>3037.6</ele>
    <time>2026-09-13T17:08:14Z</time>
    
   </trkpt>
   <trkpt lat="39.9995150" lon="-105.6379850">
    <ele>3037.0</ele>
    <time>2026-09-13T17:08:23Z</time>
    
   </trkpt>
   <trkpt lat="39.9995120" lon="-105.6379670">
    <ele>3037.0</ele>
    <time>2026-09-13T17:08:24Z</time>
    
   </trkpt>
   <trkpt lat="39.9994860" lon="-105.6379100">
    <ele>3036.4</ele>
    <time>2026-09-13T17:08:28Z</time>
    
   </trkpt>
   <trkpt lat="39.9994030" lon="-105.6378030">
    <ele>3036.2</ele>
    <time>2026-09-13T17:08:36Z</time>
    
   </trkpt>
   <trkpt lat="39.9993950" lon="-105.6377850">
    <ele>3036.0</ele>
    <time>2026-09-13T17:08:37Z</time>
    
   </trkpt>
   <trkpt lat="39.9993300" lon="-105.6377380">
    <ele>3035.8</ele>
    <time>2026-09-13T17:08:43Z</time>
    
   </trkpt>
   <trkpt lat="39.9993200" lon="-105.6377320">
    <ele>3035.8</ele>
    <time>2026-09-13T17:08:44Z</time>
    
   </trkpt>
   <trkpt lat="39.9993110" lon="-105.6377200">
    <ele>3035.6</ele>
    <time>2026-09-13T17:08:45Z</time>
    
   </trkpt>
   <trkpt lat="39.9993040" lon="-105.6377050">
    <ele>3035.4</ele>
    <time>2026-09-13T17:08:46Z</time>
    
   </trkpt>
   <trkpt lat="39.9992730" lon="-105.6376710">
    <ele>3034.8</ele>
    <time>2026-09-13T17:08:49Z</time>
    
   </trkpt>
   <trkpt lat="39.9992120" lon="-105.6376020">
    <ele>3034.2</ele>
    <time>2026-09-13T17:08:55Z</time>
    
   </trkpt>
   <trkpt lat="39.9991890" lon="-105.6375740">
    <ele>3033.6</ele>
    <time>2026-09-13T17:08:57Z</time>
    
   </trkpt>
   <trkpt lat="39.9991690" lon="-105.6375520">
    <ele>3033.6</ele>
    <time>2026-09-13T17:08:59Z</time>
    
   </trkpt>
   <trkpt lat="39.9990750" lon="-105.6374800">
    <ele>3032.6</ele>
    <time>2026-09-13T17:09:08Z</time>
    
   </trkpt>
   <trkpt lat="39.9990570" lon="-105.6374530">
    <ele>3032.6</ele>
    <time>2026-09-13T17:09:10Z</time>
    
   </trkpt>
   <trkpt lat="39.9990180" lon="-105.6374140">
    <ele>3032.4</ele>
    <time>2026-09-13T17:09:14Z</time>
    
   </trkpt>
   <trkpt lat="39.9989810" lon="-105.6373970">
    <ele>3031.4</ele>
    <time>2026-09-13T17:09:18Z</time>
    
   </trkpt>
   <trkpt lat="39.9989490" lon="-105.6373690">
    <ele>3031.0</ele>
    <time>2026-09-13T17:09:22Z</time>
    
   </trkpt>
   <trkpt lat="39.9989200" lon="-105.6373320">
    <ele>3030.4</ele>
    <time>2026-09-13T17:09:27Z</time>
    
   </trkpt>
   <trkpt lat="39.9989090" lon="-105.6373140">
    <ele>3030.0</ele>
    <time>2026-09-13T17:09:29Z</time>
    
   </trkpt>
   <trkpt lat="39.9989030" lon="-105.6373000">
    <ele>3029.8</ele>
    <time>2026-09-13T17:09:30Z</time>
    
   </trkpt>
   <trkpt lat="39.9988780" lon="-105.6372510">
    <ele>3029.6</ele>
    <time>2026-09-13T17:09:34Z</time>
    
   </trkpt>
   <trkpt lat="39.9988660" lon="-105.6372180">
    <ele>3029.4</ele>
    <time>2026-09-13T17:09:36Z</time>
    
   </trkpt>
   <trkpt lat="39.9988010" lon="-105.6371490">
    <ele>3028.2</ele>
    <time>2026-09-13T17:09:42Z</time>
    
   </trkpt>
   <trkpt lat="39.9987780" lon="-105.6371340">
    <ele>3028.2</ele>
    <time>2026-09-13T17:09:44Z</time>
    
   </trkpt>
   <trkpt lat="39.9987430" lon="-105.6371080">
    <ele>3027.6</ele>
    <time>2026-09-13T17:09:48Z</time>
    
   </trkpt>
   <trkpt lat="39.9987320" lon="-105.6371030">
    <ele>3027.4</ele>
    <time>2026-09-13T17:09:49Z</time>
    
   </trkpt>
   <trkpt lat="39.9987220" lon="-105.6370980">
    <ele>3027.0</ele>
    <time>2026-09-13T17:09:50Z</time>
    
   </trkpt>
   <trkpt lat="39.9987130" lon="-105.6370930">
    <ele>3027.0</ele>
    <time>2026-09-13T17:09:51Z</time>
    
   </trkpt>
   <trkpt lat="39.9987050" lon="-105.6370860">
    <ele>3026.6</ele>
    <time>2026-09-13T17:09:52Z</time>
    
   </trkpt>
   <trkpt lat="39.9986970" lon="-105.6370810">
    <ele>3026.4</ele>
    <time>2026-09-13T17:09:53Z</time>
    
   </trkpt>
   <trkpt lat="39.9986900" lon="-105.6370790">
    <ele>3026.0</ele>
    <time>2026-09-13T17:09:54Z</time>
    
   </trkpt>
   <trkpt lat="39.9986530" lon="-105.6370750">
    <ele>3025.0</ele>
    <time>2026-09-13T17:09:57Z</time>
    
   </trkpt>
   <trkpt lat="39.9986420" lon="-105.6370720">
    <ele>3024.8</ele>
    <time>2026-09-13T17:09:58Z</time>
    
   </trkpt>
   <trkpt lat="39.9985560" lon="-105.6370280">
    <ele>3023.8</ele>
    <time>2026-09-13T17:10:08Z</time>
    
   </trkpt>
   <trkpt lat="39.9985450" lon="-105.6370170">
    <ele>3023.2</ele>
    <time>2026-09-13T17:10:10Z</time>
    
   </trkpt>
   <trkpt lat="39.9985210" lon="-105.6369690">
    <ele>3022.6</ele>
    <time>2026-09-13T17:10:13Z</time>
    
   </trkpt>
   <trkpt lat="39.9984720" lon="-105.6368690">
    <ele>3022.6</ele>
    <time>2026-09-13T17:10:20Z</time>
    
   </trkpt>
   <trkpt lat="39.9984230" lon="-105.6368000">
    <ele>3021.6</ele>
    <time>2026-09-13T17:10:27Z</time>
    
   </trkpt>
   <trkpt lat="39.9984140" lon="-105.6367920">
    <ele>3021.6</ele>
    <time>2026-09-13T17:10:28Z</time>
    
   </trkpt>
   <trkpt lat="39.9983780" lon="-105.6367530">
    <ele>3021.2</ele>
    <time>2026-09-13T17:10:32Z</time>
    
   </trkpt>
   <trkpt lat="39.9983570" lon="-105.6367330">
    <ele>3021.0</ele>
    <time>2026-09-13T17:10:34Z</time>
    
   </trkpt>
   <trkpt lat="39.9983460" lon="-105.6367230">
    <ele>3020.8</ele>
    <time>2026-09-13T17:10:35Z</time>
    
   </trkpt>
   <trkpt lat="39.9983360" lon="-105.6367120">
    <ele>3020.6</ele>
    <time>2026-09-13T17:10:36Z</time>
    
   </trkpt>
   <trkpt lat="39.9983130" lon="-105.6366690">
    <ele>3020.2</ele>
    <time>2026-09-13T17:10:39Z</time>
    
   </trkpt>
   <trkpt lat="39.9982470" lon="-105.6366290">
    <ele>3019.4</ele>
    <time>2026-09-13T17:10:44Z</time>
    
   </trkpt>
   <trkpt lat="39.9982090" lon="-105.6366030">
    <ele>3019.0</ele>
    <time>2026-09-13T17:10:47Z</time>
    
   </trkpt>
   <trkpt lat="39.9981790" lon="-105.6365730">
    <ele>3018.4</ele>
    <time>2026-09-13T17:10:50Z</time>
    
   </trkpt>
   <trkpt lat="39.9981390" lon="-105.6365200">
    <ele>3018.0</ele>
    <time>2026-09-13T17:10:53Z</time>
    
   </trkpt>
   <trkpt lat="39.9980960" lon="-105.6364660">
    <ele>3017.6</ele>
    <time>2026-09-13T17:10:57Z</time>
    
   </trkpt>
   <trkpt lat="39.9980860" lon="-105.6364530">
    <ele>3017.4</ele>
    <time>2026-09-13T17:10:58Z</time>
    
   </trkpt>
   <trkpt lat="39.9980760" lon="-105.6364440">
    <ele>3017.4</ele>
    <time>2026-09-13T17:10:59Z</time>
    
   </trkpt>
   <trkpt lat="39.9980250" lon="-105.6363560">
    <ele>3016.2</ele>
    <time>2026-09-13T17:11:06Z</time>
    
   </trkpt>
   <trkpt lat="39.9979960" lon="-105.6362720">
    <ele>3015.2</ele>
    <time>2026-09-13T17:11:11Z</time>
    
   </trkpt>
   <trkpt lat="39.9979860" lon="-105.6362550">
    <ele>3015.2</ele>
    <time>2026-09-13T17:11:12Z</time>
    
   </trkpt>
   <trkpt lat="39.9979540" lon="-105.6361880">
    <ele>3014.2</ele>
    <time>2026-09-13T17:11:16Z</time>
    
   </trkpt>
   <trkpt lat="39.9979070" lon="-105.6361350">
    <ele>3013.2</ele>
    <time>2026-09-13T17:11:20Z</time>
    
   </trkpt>
   <trkpt lat="39.9978940" lon="-105.6361250">
    <ele>3012.8</ele>
    <time>2026-09-13T17:11:21Z</time>
    
   </trkpt>
   <trkpt lat="39.9978710" lon="-105.6361110">
    <ele>3012.6</ele>
    <time>2026-09-13T17:11:23Z</time>
    
   </trkpt>
   <trkpt lat="39.9978340" lon="-105.6360890">
    <ele>3012.4</ele>
    <time>2026-09-13T17:11:26Z</time>
    
   </trkpt>
   <trkpt lat="39.9978200" lon="-105.6360820">
    <ele>3012.2</ele>
    <time>2026-09-13T17:11:27Z</time>
    
   </trkpt>
   <trkpt lat="39.9978080" lon="-105.6360730">
    <ele>3011.8</ele>
    <time>2026-09-13T17:11:28Z</time>
    
   </trkpt>
   <trkpt lat="39.9977590" lon="-105.6360340">
    <ele>3010.8</ele>
    <time>2026-09-13T17:11:32Z</time>
    
   </trkpt>
   <trkpt lat="39.9977270" lon="-105.6360010">
    <ele>3010.0</ele>
    <time>2026-09-13T17:11:35Z</time>
    
   </trkpt>
   <trkpt lat="39.9977180" lon="-105.6359880">
    <ele>3009.8</ele>
    <time>2026-09-13T17:11:36Z</time>
    
   </trkpt>
   <trkpt lat="39.9977020" lon="-105.6359720">
    <ele>3009.6</ele>
    <time>2026-09-13T17:11:38Z</time>
    
   </trkpt>
   <trkpt lat="39.9976790" lon="-105.6359580">
    <ele>3009.4</ele>
    <time>2026-09-13T17:11:40Z</time>
    
   </trkpt>
   <trkpt lat="39.9976550" lon="-105.6359370">
    <ele>3009.0</ele>
    <time>2026-09-13T17:11:42Z</time>
    
   </trkpt>
   <trkpt lat="39.9976210" lon="-105.6359270">
    <ele>3008.6</ele>
    <time>2026-09-13T17:11:45Z</time>
    
   </trkpt>
   <trkpt lat="39.9975940" lon="-105.6359310">
    <ele>3007.4</ele>
    <time>2026-09-13T17:11:48Z</time>
    
   </trkpt>
   <trkpt lat="39.9975480" lon="-105.6359190">
    <ele>3006.4</ele>
    <time>2026-09-13T17:11:53Z</time>
    
   </trkpt>
   <trkpt lat="39.9975150" lon="-105.6359160">
    <ele>3005.8</ele>
    <time>2026-09-13T17:11:56Z</time>
    
   </trkpt>
   <trkpt lat="39.9974960" lon="-105.6359190">
    <ele>3005.0</ele>
    <time>2026-09-13T17:11:58Z</time>
    
   </trkpt>
   <trkpt lat="39.9974610" lon="-105.6359220">
    <ele>3004.0</ele>
    <time>2026-09-13T17:12:02Z</time>
    
   </trkpt>
   <trkpt lat="39.9974410" lon="-105.6359070">
    <ele>3003.8</ele>
    <time>2026-09-13T17:12:04Z</time>
    
   </trkpt>
   <trkpt lat="39.9973890" lon="-105.6358860">
    <ele>3003.0</ele>
    <time>2026-09-13T17:12:09Z</time>
    
   </trkpt>
   <trkpt lat="39.9973750" lon="-105.6358780">
    <ele>3002.6</ele>
    <time>2026-09-13T17:12:11Z</time>
    
   </trkpt>
   <trkpt lat="39.9973510" lon="-105.6358510">
    <ele>3002.2</ele>
    <time>2026-09-13T17:12:14Z</time>
    
   </trkpt>
   <trkpt lat="39.9973360" lon="-105.6358350">
    <ele>3001.6</ele>
    <time>2026-09-13T17:12:16Z</time>
    
   </trkpt>
   <trkpt lat="39.9973290" lon="-105.6358310">
    <ele>3001.4</ele>
    <time>2026-09-13T17:12:17Z</time>
    
   </trkpt>
   <trkpt lat="39.9972880" lon="-105.6358130">
    <ele>3000.6</ele>
    <time>2026-09-13T17:12:21Z</time>
    
   </trkpt>
   <trkpt lat="39.9972650" lon="-105.6358070">
    <ele>3000.2</ele>
    <time>2026-09-13T17:12:23Z</time>
    
   </trkpt>
   <trkpt lat="39.9972440" lon="-105.6357850">
    <ele>2999.6</ele>
    <time>2026-09-13T17:12:25Z</time>
    
   </trkpt>
   <trkpt lat="39.9972320" lon="-105.6357720">
    <ele>2999.4</ele>
    <time>2026-09-13T17:12:26Z</time>
    
   </trkpt>
   <trkpt lat="39.9971770" lon="-105.6357420">
    <ele>2998.8</ele>
    <time>2026-09-13T17:12:29Z</time>
    
   </trkpt>
   <trkpt lat="39.9971270" lon="-105.6357140">
    <ele>2998.2</ele>
    <time>2026-09-13T17:12:33Z</time>
    
   </trkpt>
   <trkpt lat="39.9971040" lon="-105.6356920">
    <ele>2997.8</ele>
    <time>2026-09-13T17:12:35Z</time>
    
   </trkpt>
   <trkpt lat="39.9970940" lon="-105.6356770">
    <ele>2997.4</ele>
    <time>2026-09-13T17:12:36Z</time>
    
   </trkpt>
   <trkpt lat="39.9970860" lon="-105.6356670">
    <ele>2997.2</ele>
    <time>2026-09-13T17:12:37Z</time>
    
   </trkpt>
   <trkpt lat="39.9970600" lon="-105.6356160">
    <ele>2997.0</ele>
    <time>2026-09-13T17:12:40Z</time>
    
   </trkpt>
   <trkpt lat="39.9970460" lon="-105.6355940">
    <ele>2997.0</ele>
    <time>2026-09-13T17:12:42Z</time>
    
   </trkpt>
   <trkpt lat="39.9970190" lon="-105.6355820">
    <ele>2996.6</ele>
    <time>2026-09-13T17:12:45Z</time>
    
   </trkpt>
   <trkpt lat="39.9969910" lon="-105.6355820">
    <ele>2996.2</ele>
    <time>2026-09-13T17:12:47Z</time>
    
   </trkpt>
   <trkpt lat="39.9969610" lon="-105.6355730">
    <ele>2995.8</ele>
    <time>2026-09-13T17:12:49Z</time>
    
   </trkpt>
   <trkpt lat="39.9969250" lon="-105.6355470">
    <ele>2995.2</ele>
    <time>2026-09-13T17:12:52Z</time>
    
   </trkpt>
   <trkpt lat="39.9969120" lon="-105.6355320">
    <ele>2995.0</ele>
    <time>2026-09-13T17:12:53Z</time>
    
   </trkpt>
   <trkpt lat="39.9968740" lon="-105.6354920">
    <ele>2994.8</ele>
    <time>2026-09-13T17:12:56Z</time>
    
   </trkpt>
   <trkpt lat="39.9968310" lon="-105.6354680">
    <ele>2994.2</ele>
    <time>2026-09-13T17:13:01Z</time>
    
   </trkpt>
   <trkpt lat="39.9968210" lon="-105.6354750">
    <ele>2994.0</ele>
    <time>2026-09-13T17:13:02Z</time>
    
   </trkpt>
   <trkpt lat="39.9968100" lon="-105.6354820">
    <ele>2994.0</ele>
    <time>2026-09-13T17:13:03Z</time>
    
   </trkpt>
   <trkpt lat="39.9967860" lon="-105.6354930">
    <ele>2993.6</ele>
    <time>2026-09-13T17:13:05Z</time>
    
   </trkpt>
   <trkpt lat="39.9967720" lon="-105.6354950">
    <ele>2993.6</ele>
    <time>2026-09-13T17:13:06Z</time>
    
   </trkpt>
   <trkpt lat="39.9967610" lon="-105.6354920">
    <ele>2993.4</ele>
    <time>2026-09-13T17:13:07Z</time>
    
   </trkpt>
   <trkpt lat="39.9967510" lon="-105.6354890">
    <ele>2993.4</ele>
    <time>2026-09-13T17:13:08Z</time>
    
   </trkpt>
   <trkpt lat="39.9967390" lon="-105.6354850">
    <ele>2993.2</ele>
    <time>2026-09-13T17:13:09Z</time>
    
   </trkpt>
   <trkpt lat="39.9967270" lon="-105.6354810">
    <ele>2993.0</ele>
    <time>2026-09-13T17:13:10Z</time>
    
   </trkpt>
   <trkpt lat="39.9966690" lon="-105.6354480">
    <ele>2992.0</ele>
    <time>2026-09-13T17:13:16Z</time>
    
   </trkpt>
   <trkpt lat="39.9966500" lon="-105.6354380">
    <ele>2991.6</ele>
    <time>2026-09-13T17:13:18Z</time>
    
   </trkpt>
   <trkpt lat="39.9965780" lon="-105.6354140">
    <ele>2991.0</ele>
    <time>2026-09-13T17:13:26Z</time>
    
   </trkpt>
   <trkpt lat="39.9965650" lon="-105.6354000">
    <ele>2990.8</ele>
    <time>2026-09-13T17:13:28Z</time>
    
   </trkpt>
   <trkpt lat="39.9965430" lon="-105.6353690">
    <ele>2990.4</ele>
    <time>2026-09-13T17:13:31Z</time>
    
   </trkpt>
   <trkpt lat="39.9965340" lon="-105.6353500">
    <ele>2989.8</ele>
    <time>2026-09-13T17:13:33Z</time>
    
   </trkpt>
   <trkpt lat="39.9965310" lon="-105.6353440">
    <ele>2989.6</ele>
    <time>2026-09-13T17:13:34Z</time>
    
   </trkpt>
   <trkpt lat="39.9965170" lon="-105.6353100">
    <ele>2989.0</ele>
    <time>2026-09-13T17:13:38Z</time>
    
   </trkpt>
   <trkpt lat="39.9965060" lon="-105.6352750">
    <ele>2988.4</ele>
    <time>2026-09-13T17:13:40Z</time>
    
   </trkpt>
   <trkpt lat="39.9965010" lon="-105.6352570">
    <ele>2988.0</ele>
    <time>2026-09-13T17:13:41Z</time>
    
   </trkpt>
   <trkpt lat="39.9964990" lon="-105.6352400">
    <ele>2987.8</ele>
    <time>2026-09-13T17:13:42Z</time>
    
   </trkpt>
   <trkpt lat="39.9964870" lon="-105.6351330">
    <ele>2987.2</ele>
    <time>2026-09-13T17:13:48Z</time>
    
   </trkpt>
   <trkpt lat="39.9964910" lon="-105.6351130">
    <ele>2986.8</ele>
    <time>2026-09-13T17:13:50Z</time>
    
   </trkpt>
   <trkpt lat="39.9964850" lon="-105.6350850">
    <ele>2986.6</ele>
    <time>2026-09-13T17:13:53Z</time>
    
   </trkpt>
   <trkpt lat="39.9964730" lon="-105.6350660">
    <ele>2986.4</ele>
    <time>2026-09-13T17:13:55Z</time>
    
   </trkpt>
   <trkpt lat="39.9964390" lon="-105.6349990">
    <ele>2986.0</ele>
    <time>2026-09-13T17:14:01Z</time>
    
   </trkpt>
   <trkpt lat="39.9964300" lon="-105.6349890">
    <ele>2986.0</ele>
    <time>2026-09-13T17:14:02Z</time>
    
   </trkpt>
   <trkpt lat="39.9963810" lon="-105.6349460">
    <ele>2985.0</ele>
    <time>2026-09-13T17:14:08Z</time>
    
   </trkpt>
   <trkpt lat="39.9963570" lon="-105.6349180">
    <ele>2984.8</ele>
    <time>2026-09-13T17:14:11Z</time>
    
   </trkpt>
   <trkpt lat="39.9963510" lon="-105.6348580">
    <ele>2984.8</ele>
    <time>2026-09-13T17:14:15Z</time>
    
   </trkpt>
   <trkpt lat="39.9963470" lon="-105.6348300">
    <ele>2984.6</ele>
    <time>2026-09-13T17:14:17Z</time>
    
   </trkpt>
   <trkpt lat="39.9963260" lon="-105.6348090">
    <ele>2984.4</ele>
    <time>2026-09-13T17:14:19Z</time>
    
   </trkpt>
   <trkpt lat="39.9963180" lon="-105.6347960">
    <ele>2984.2</ele>
    <time>2026-09-13T17:14:20Z</time>
    
   </trkpt>
   <trkpt lat="39.9963010" lon="-105.6347620">
    <ele>2984.0</ele>
    <time>2026-09-13T17:14:23Z</time>
    
   </trkpt>
   <trkpt lat="39.9962970" lon="-105.6347530">
    <ele>2983.8</ele>
    <time>2026-09-13T17:14:24Z</time>
    
   </trkpt>
   <trkpt lat="39.9962970" lon="-105.6347410">
    <ele>2983.8</ele>
    <time>2026-09-13T17:14:25Z</time>
    
   </trkpt>
   <trkpt lat="39.9962790" lon="-105.6347250">
    <ele>2983.8</ele>
    <time>2026-09-13T17:14:28Z</time>
    
   </trkpt>
   <trkpt lat="39.9962590" lon="-105.6347100">
    <ele>2983.6</ele>
    <time>2026-09-13T17:14:30Z</time>
    
   </trkpt>
   <trkpt lat="39.9962480" lon="-105.6347040">
    <ele>2983.4</ele>
    <time>2026-09-13T17:14:31Z</time>
    
   </trkpt>
   <trkpt lat="39.9962350" lon="-105.6346950">
    <ele>2983.4</ele>
    <time>2026-09-13T17:14:32Z</time>
    
   </trkpt>
   <trkpt lat="39.9962190" lon="-105.6346780">
    <ele>2983.0</ele>
    <time>2026-09-13T17:14:33Z</time>
    
   </trkpt>
   <trkpt lat="39.9962110" lon="-105.6346630">
    <ele>2982.8</ele>
    <time>2026-09-13T17:14:34Z</time>
    
   </trkpt>
   <trkpt lat="39.9962070" lon="-105.6346430">
    <ele>2982.6</ele>
    <time>2026-09-13T17:14:35Z</time>
    
   </trkpt>
   <trkpt lat="39.9962000" lon="-105.6346260">
    <ele>2982.2</ele>
    <time>2026-09-13T17:14:36Z</time>
    
   </trkpt>
   <trkpt lat="39.9961390" lon="-105.6345130">
    <ele>2981.8</ele>
    <time>2026-09-13T17:14:43Z</time>
    
   </trkpt>
   <trkpt lat="39.9961360" lon="-105.6344990">
    <ele>2981.6</ele>
    <time>2026-09-13T17:14:44Z</time>
    
   </trkpt>
   <trkpt lat="39.9961200" lon="-105.6344690">
    <ele>2981.4</ele>
    <time>2026-09-13T17:14:47Z</time>
    
   </trkpt>
   <trkpt lat="39.9960900" lon="-105.6344390">
    <ele>2981.4</ele>
    <time>2026-09-13T17:14:51Z</time>
    
   </trkpt>
   <trkpt lat="39.9960500" lon="-105.6343620">
    <ele>2981.6</ele>
    <time>2026-09-13T17:14:55Z</time>
    
   </trkpt>
   <trkpt lat="39.9960270" lon="-105.6343360">
    <ele>2981.6</ele>
    <time>2026-09-13T17:14:57Z</time>
    
   </trkpt>
   <trkpt lat="39.9959580" lon="-105.6342920">
    <ele>2981.6</ele>
    <time>2026-09-13T17:15:03Z</time>
    
   </trkpt>
   <trkpt lat="39.9959350" lon="-105.6342960">
    <ele>2981.2</ele>
    <time>2026-09-13T17:15:05Z</time>
    
   </trkpt>
   <trkpt lat="39.9958730" lon="-105.6342910">
    <ele>2980.6</ele>
    <time>2026-09-13T17:15:09Z</time>
    
   </trkpt>
   <trkpt lat="39.9958500" lon="-105.6342740">
    <ele>2980.6</ele>
    <time>2026-09-13T17:15:11Z</time>
    
   </trkpt>
   <trkpt lat="39.9958230" lon="-105.6342320">
    <ele>2980.4</ele>
    <time>2026-09-13T17:15:15Z</time>
    
   </trkpt>
   <trkpt lat="39.9958200" lon="-105.6342120">
    <ele>2980.2</ele>
    <time>2026-09-13T17:15:16Z</time>
    
   </trkpt>
   <trkpt lat="39.9958110" lon="-105.6341720">
    <ele>2979.8</ele>
    <time>2026-09-13T17:15:18Z</time>
    
   </trkpt>
   <trkpt lat="39.9957940" lon="-105.6341380">
    <ele>2979.6</ele>
    <time>2026-09-13T17:15:20Z</time>
    
   </trkpt>
   <trkpt lat="39.9957440" lon="-105.6341130">
    <ele>2978.8</ele>
    <time>2026-09-13T17:15:24Z</time>
    
   </trkpt>
   <trkpt lat="39.9957330" lon="-105.6340940">
    <ele>2978.6</ele>
    <time>2026-09-13T17:15:25Z</time>
    
   </trkpt>
   <trkpt lat="39.9957230" lon="-105.6340820">
    <ele>2978.4</ele>
    <time>2026-09-13T17:15:26Z</time>
    
   </trkpt>
   <trkpt lat="39.9957150" lon="-105.6340760">
    <ele>2978.2</ele>
    <time>2026-09-13T17:15:27Z</time>
    
   </trkpt>
   <trkpt lat="39.9957070" lon="-105.6340680">
    <ele>2978.0</ele>
    <time>2026-09-13T17:15:28Z</time>
    
   </trkpt>
   <trkpt lat="39.9956950" lon="-105.6340400">
    <ele>2977.8</ele>
    <time>2026-09-13T17:15:30Z</time>
    
   </trkpt>
   <trkpt lat="39.9956870" lon="-105.6340250">
    <ele>2977.8</ele>
    <time>2026-09-13T17:15:31Z</time>
    
   </trkpt>
   <trkpt lat="39.9956810" lon="-105.6340100">
    <ele>2977.8</ele>
    <time>2026-09-13T17:15:32Z</time>
    
   </trkpt>
   <trkpt lat="39.9956770" lon="-105.6339890">
    <ele>2977.8</ele>
    <time>2026-09-13T17:15:33Z</time>
    
   </trkpt>
   <trkpt lat="39.9956520" lon="-105.6338880">
    <ele>2977.6</ele>
    <time>2026-09-13T17:15:38Z</time>
    
   </trkpt>
   <trkpt lat="39.9956450" lon="-105.6338050">
    <ele>2977.2</ele>
    <time>2026-09-13T17:15:43Z</time>
    
   </trkpt>
   <trkpt lat="39.9956310" lon="-105.6337910">
    <ele>2977.2</ele>
    <time>2026-09-13T17:15:45Z</time>
    
   </trkpt>
   <trkpt lat="39.9956120" lon="-105.6337590">
    <ele>2977.0</ele>
    <time>2026-09-13T17:15:48Z</time>
    
   </trkpt>
   <trkpt lat="39.9956080" lon="-105.6337490">
    <ele>2977.0</ele>
    <time>2026-09-13T17:15:49Z</time>
    
   </trkpt>
   <trkpt lat="39.9955960" lon="-105.6337170">
    <ele>2976.4</ele>
    <time>2026-09-13T17:15:51Z</time>
    
   </trkpt>
   <trkpt lat="39.9955870" lon="-105.6337060">
    <ele>2976.0</ele>
    <time>2026-09-13T17:15:52Z</time>
    
   </trkpt>
   <trkpt lat="39.9955680" lon="-105.6336950">
    <ele>2975.4</ele>
    <time>2026-09-13T17:15:54Z</time>
    
   </trkpt>
   <trkpt lat="39.9955410" lon="-105.6336890">
    <ele>2975.0</ele>
    <time>2026-09-13T17:15:57Z</time>
    
   </trkpt>
   <trkpt lat="39.9955150" lon="-105.6336840">
    <ele>2974.6</ele>
    <time>2026-09-13T17:15:59Z</time>
    
   </trkpt>
   <trkpt lat="39.9955010" lon="-105.6336890">
    <ele>2974.4</ele>
    <time>2026-09-13T17:16:00Z</time>
    
   </trkpt>
   <trkpt lat="39.9954830" lon="-105.6336760">
    <ele>2974.0</ele>
    <time>2026-09-13T17:16:02Z</time>
    
   </trkpt>
   <trkpt lat="39.9954630" lon="-105.6336660">
    <ele>2973.8</ele>
    <time>2026-09-13T17:16:04Z</time>
    
   </trkpt>
   <trkpt lat="39.9954420" lon="-105.6336590">
    <ele>2973.6</ele>
    <time>2026-09-13T17:16:06Z</time>
    
   </trkpt>
   <trkpt lat="39.9954320" lon="-105.6336540">
    <ele>2973.4</ele>
    <time>2026-09-13T17:16:08Z</time>
    
   </trkpt>
   <trkpt lat="39.9954320" lon="-105.6336590">
    <ele>2973.2</ele>
    <time>2026-09-13T17:16:09Z</time>
    
   </trkpt>
   <trkpt lat="39.9954320" lon="-105.6336600">
    <ele>2973.0</ele>
    <time>2026-09-13T17:16:10Z</time>
    
   </trkpt>
   <trkpt lat="39.9954290" lon="-105.6336580">
    <ele>2973.0</ele>
    <time>2026-09-13T17:16:11Z</time>
    
   </trkpt>
   <trkpt lat="39.9954200" lon="-105.6336690">
    <ele>2973.0</ele>
    <time>2026-09-13T17:16:13Z</time>
    
   </trkpt>
   <trkpt lat="39.9954000" lon="-105.6337180">
    <ele>2972.4</ele>
    <time>2026-09-13T17:16:17Z</time>
    
   </trkpt>
   <trkpt lat="39.9953980" lon="-105.6337300">
    <ele>2972.2</ele>
    <time>2026-09-13T17:16:18Z</time>
    
   </trkpt>
   <trkpt lat="39.9953820" lon="-105.6337850">
    <ele>2971.6</ele>
    <time>2026-09-13T17:16:23Z</time>
    
   </trkpt>
   <trkpt lat="39.9953730" lon="-105.6337950">
    <ele>2971.6</ele>
    <time>2026-09-13T17:16:25Z</time>
    
   </trkpt>
   <trkpt lat="39.9953660" lon="-105.6338270">
    <ele>2971.4</ele>
    <time>2026-09-13T17:16:28Z</time>
    
   </trkpt>
   <trkpt lat="39.9953570" lon="-105.6338640">
    <ele>2971.2</ele>
    <time>2026-09-13T17:16:31Z</time>
    
   </trkpt>
   <trkpt lat="39.9953530" lon="-105.6338780">
    <ele>2971.0</ele>
    <time>2026-09-13T17:16:32Z</time>
    
   </trkpt>
   <trkpt lat="39.9953260" lon="-105.6339760">
    <ele>2970.8</ele>
    <time>2026-09-13T17:16:38Z</time>
    
   </trkpt>
   <trkpt lat="39.9952950" lon="-105.6340320">
    <ele>2970.0</ele>
    <time>2026-09-13T17:16:43Z</time>
    
   </trkpt>
   <trkpt lat="39.9952880" lon="-105.6340440">
    <ele>2970.0</ele>
    <time>2026-09-13T17:16:44Z</time>
    
   </trkpt>
   <trkpt lat="39.9952840" lon="-105.6340600">
    <ele>2970.0</ele>
    <time>2026-09-13T17:16:45Z</time>
    
   </trkpt>
   <trkpt lat="39.9952830" lon="-105.6340810">
    <ele>2969.8</ele>
    <time>2026-09-13T17:16:46Z</time>
    
   </trkpt>
   <trkpt lat="39.9952820" lon="-105.6341330">
    <ele>2969.8</ele>
    <time>2026-09-13T17:16:49Z</time>
    
   </trkpt>
   <trkpt lat="39.9952800" lon="-105.6341610">
    <ele>2969.6</ele>
    <time>2026-09-13T17:16:51Z</time>
    
   </trkpt>
   <trkpt lat="39.9952580" lon="-105.6341860">
    <ele>2968.8</ele>
    <time>2026-09-13T17:16:53Z</time>
    
   </trkpt>
   <trkpt lat="39.9952460" lon="-105.6341980">
    <ele>2968.6</ele>
    <time>2026-09-13T17:16:54Z</time>
    
   </trkpt>
   <trkpt lat="39.9951730" lon="-105.6342510">
    <ele>2967.6</ele>
    <time>2026-09-13T17:17:00Z</time>
    
   </trkpt>
   <trkpt lat="39.9951460" lon="-105.6342570">
    <ele>2966.4</ele>
    <time>2026-09-13T17:17:02Z</time>
    
   </trkpt>
   <trkpt lat="39.9951390" lon="-105.6342310">
    <ele>2966.0</ele>
    <time>2026-09-13T17:17:05Z</time>
    
   </trkpt>
   <trkpt lat="39.9951420" lon="-105.6342010">
    <ele>2966.0</ele>
    <time>2026-09-13T17:17:07Z</time>
    
   </trkpt>
   <trkpt lat="39.9951420" lon="-105.6341720">
    <ele>2966.0</ele>
    <time>2026-09-13T17:17:09Z</time>
    
   </trkpt>
   <trkpt lat="39.9951270" lon="-105.6341140">
    <ele>2966.0</ele>
    <time>2026-09-13T17:17:13Z</time>
    
   </trkpt>
   <trkpt lat="39.9950990" lon="-105.6340110">
    <ele>2965.6</ele>
    <time>2026-09-13T17:17:20Z</time>
    
   </trkpt>
   <trkpt lat="39.9950660" lon="-105.6339600">
    <ele>2965.6</ele>
    <time>2026-09-13T17:17:25Z</time>
    
   </trkpt>
   <trkpt lat="39.9950450" lon="-105.6339460">
    <ele>2965.4</ele>
    <time>2026-09-13T17:17:27Z</time>
    
   </trkpt>
   <trkpt lat="39.9950340" lon="-105.6339420">
    <ele>2965.4</ele>
    <time>2026-09-13T17:17:28Z</time>
    
   </trkpt>
   <trkpt lat="39.9949960" lon="-105.6339380">
    <ele>2964.6</ele>
    <time>2026-09-13T17:17:31Z</time>
    
   </trkpt>
   <trkpt lat="39.9949840" lon="-105.6339400">
    <ele>2964.2</ele>
    <time>2026-09-13T17:17:32Z</time>
    
   </trkpt>
   <trkpt lat="39.9949590" lon="-105.6339450">
    <ele>2963.6</ele>
    <time>2026-09-13T17:17:34Z</time>
    
   </trkpt>
   <trkpt lat="39.9949480" lon="-105.6339470">
    <ele>2963.4</ele>
    <time>2026-09-13T17:17:35Z</time>
    
   </trkpt>
   <trkpt lat="39.9949340" lon="-105.6339490">
    <ele>2963.2</ele>
    <time>2026-09-13T17:17:36Z</time>
    
   </trkpt>
   <trkpt lat="39.9948710" lon="-105.6339820">
    <ele>2962.0</ele>
    <time>2026-09-13T17:17:42Z</time>
    
   </trkpt>
   <trkpt lat="39.9948560" lon="-105.6339880">
    <ele>2961.8</ele>
    <time>2026-09-13T17:17:44Z</time>
    
   </trkpt>
   <trkpt lat="39.9948440" lon="-105.6339760">
    <ele>2961.8</ele>
    <time>2026-09-13T17:17:47Z</time>
    
   </trkpt>
   <trkpt lat="39.9948320" lon="-105.6339710">
    <ele>2961.4</ele>
    <time>2026-09-13T17:17:51Z</time>
    
   </trkpt>
   <trkpt lat="39.9948110" lon="-105.6339600">
    <ele>2961.4</ele>
    <time>2026-09-13T17:17:58Z</time>
    
   </trkpt>
   <trkpt lat="39.9948090" lon="-105.6339660">
    <ele>2960.8</ele>
    <time>2026-09-13T17:18:02Z</time>
    
   </trkpt>
   <trkpt lat="39.9948090" lon="-105.6339670">
    <ele>2960.8</ele>
    <time>2026-09-13T17:18:03Z</time>
    
   </trkpt>
   <trkpt lat="39.9948130" lon="-105.6339760">
    <ele>2961.0</ele>
    <time>2026-09-13T17:18:18Z</time>
    
   </trkpt>
   <trkpt lat="39.9948130" lon="-105.6339760">
    <ele>2961.0</ele>
    <time>2026-09-13T17:18:19Z</time>
    
   </trkpt>
   <trkpt lat="39.9948100" lon="-105.6339780">
    <ele>2961.0</ele>
    <time>2026-09-13T17:18:26Z</time>
    
   </trkpt>
   <trkpt lat="39.9948110" lon="-105.6339790">
    <ele>2960.6</ele>
    <time>2026-09-13T17:18:30Z</time>
    
   </trkpt>
   <trkpt lat="39.9948220" lon="-105.6339890">
    <ele>2961.0</ele>
    <time>2026-09-13T17:18:39Z</time>
    
   </trkpt>
   <trkpt lat="39.9948180" lon="-105.6339910">
    <ele>2961.2</ele>
    <time>2026-09-13T17:18:50Z</time>
    
   </trkpt>
   <trkpt lat="39.9948220" lon="-105.6339890">
    <ele>2961.2</ele>
    <time>2026-09-13T17:18:53Z</time>
    
   </trkpt>
   <trkpt lat="39.9948260" lon="-105.6339790">
    <ele>2960.6</ele>
    <time>2026-09-13T17:18:59Z</time>
    
   </trkpt>
   <trkpt lat="39.9948250" lon="-105.6339760">
    <ele>2960.8</ele>
    <time>2026-09-13T17:19:01Z</time>
    
   </trkpt>
   <trkpt lat="39.9948110" lon="-105.6339830">
    <ele>2960.4</ele>
    <time>2026-09-13T17:19:08Z</time>
    
   </trkpt>
   <trkpt lat="39.9948110" lon="-105.6339840">
    <ele>2960.4</ele>
    <time>2026-09-13T17:19:09Z</time>
    
   </trkpt>
   <trkpt lat="39.9948150" lon="-105.6339930">
    <ele>2960.2</ele>
    <time>2026-09-13T17:19:11Z</time>
    
   </trkpt>
   <trkpt lat="39.9948180" lon="-105.6339960">
    <ele>2960.0</ele>
    <time>2026-09-13T17:19:14Z</time>
    
   </trkpt>
   <trkpt lat="39.9948220" lon="-105.6340020">
    <ele>2960.0</ele>
    <time>2026-09-13T17:19:18Z</time>
    
   </trkpt>
   <trkpt lat="39.9948160" lon="-105.6340110">
    <ele>2959.8</ele>
    <time>2026-09-13T17:19:23Z</time>
    
   </trkpt>
   <trkpt lat="39.9948160" lon="-105.6340120">
    <ele>2959.8</ele>
    <time>2026-09-13T17:19:24Z</time>
    
   </trkpt>
   <trkpt lat="39.9947780" lon="-105.6340060">
    <ele>2959.8</ele>
    <time>2026-09-13T17:19:32Z</time>
    
   </trkpt>
   <trkpt lat="39.9947540" lon="-105.6340180">
    <ele>2959.6</ele>
    <time>2026-09-13T17:19:35Z</time>
    
   </trkpt>
   <trkpt lat="39.9947200" lon="-105.6340380">
    <ele>2959.0</ele>
    <time>2026-09-13T17:19:40Z</time>
    
   </trkpt>
   <trkpt lat="39.9946880" lon="-105.6340530">
    <ele>2958.6</ele>
    <time>2026-09-13T17:19:43Z</time>
    
   </trkpt>
   <trkpt lat="39.9946030" lon="-105.6341210">
    <ele>2958.2</ele>
    <time>2026-09-13T17:19:54Z</time>
    
   </trkpt>
   <trkpt lat="39.9945420" lon="-105.6341700">
    <ele>2958.0</ele>
    <time>2026-09-13T17:20:04Z</time>
    
   </trkpt>
   <trkpt lat="39.9945400" lon="-105.6341650">
    <ele>2957.6</ele>
    <time>2026-09-13T17:20:11Z</time>
    
   </trkpt>
   <trkpt lat="39.9945410" lon="-105.6341650">
    <ele>2957.6</ele>
    <time>2026-09-13T17:20:13Z</time>
    
   </trkpt>
   <trkpt lat="39.9945420" lon="-105.6341690">
    <ele>2957.6</ele>
    <time>2026-09-13T17:20:15Z</time>
    
   </trkpt>
   <trkpt lat="39.9945470" lon="-105.6341780">
    <ele>2957.8</ele>
    <time>2026-09-13T17:20:19Z</time>
    
   </trkpt>
   <trkpt lat="39.9945510" lon="-105.6341770">
    <ele>2958.8</ele>
    <time>2026-09-13T17:20:22Z</time>
    
   </trkpt>
   <trkpt lat="39.9945530" lon="-105.6341810">
    <ele>2959.2</ele>
    <time>2026-09-13T17:20:26Z</time>
    
   </trkpt>
   <trkpt lat="39.9945590" lon="-105.6341820">
    <ele>2959.4</ele>
    <time>2026-09-13T17:20:27Z</time>
    
   </trkpt>
   <trkpt lat="39.9945650" lon="-105.6341850">
    <ele>2959.2</ele>
    <time>2026-09-13T17:20:29Z</time>
    
   </trkpt>
   <trkpt lat="39.9945660" lon="-105.6341700">
    <ele>2958.6</ele>
    <time>2026-09-13T17:20:34Z</time>
    
   </trkpt>
   <trkpt lat="39.9945620" lon="-105.6341570">
    <ele>2958.8</ele>
    <time>2026-09-13T17:20:36Z</time>
    
   </trkpt>
   <trkpt lat="39.9945620" lon="-105.6341640">
    <ele>2958.8</ele>
    <time>2026-09-13T17:20:44Z</time>
    
   </trkpt>
   <trkpt lat="39.9945560" lon="-105.6341690">
    <ele>2958.8</ele>
    <time>2026-09-13T17:20:45Z</time>
    
   </trkpt>
   <trkpt lat="39.9945500" lon="-105.6341940">
    <ele>2958.8</ele>
    <time>2026-09-13T17:20:49Z</time>
    
   </trkpt>
   <trkpt lat="39.9945500" lon="-105.6342020">
    <ele>2959.0</ele>
    <time>2026-09-13T17:20:51Z</time>
    
   </trkpt>
   <trkpt lat="39.9945690" lon="-105.6342090">
    <ele>2959.8</ele>
    <time>2026-09-13T17:20:59Z</time>
    
   </trkpt>
   <trkpt lat="39.9945820" lon="-105.6341970">
    <ele>2959.8</ele>
    <time>2026-09-13T17:21:00Z</time>
    
   </trkpt>
   <trkpt lat="39.9945900" lon="-105.6341880">
    <ele>2960.0</ele>
    <time>2026-09-13T17:21:01Z</time>
    
   </trkpt>
   <trkpt lat="39.9946600" lon="-105.6341270">
    <ele>2959.4</ele>
    <time>2026-09-13T17:21:08Z</time>
    
   </trkpt>
   <trkpt lat="39.9947460" lon="-105.6340170">
    <ele>2959.6</ele>
    <time>2026-09-13T17:21:18Z</time>
    
   </trkpt>
   <trkpt lat="39.9948110" lon="-105.6340230">
    <ele>2960.4</ele>
    <time>2026-09-13T17:21:25Z</time>
    
   </trkpt>
   <trkpt lat="39.9948140" lon="-105.6340260">
    <ele>2960.6</ele>
    <time>2026-09-13T17:21:26Z</time>
    
   </trkpt>
   <trkpt lat="39.9948180" lon="-105.6340260">
    <ele>2960.8</ele>
    <time>2026-09-13T17:21:27Z</time>
    
   </trkpt>
   <trkpt lat="39.9948220" lon="-105.6340270">
    <ele>2961.2</ele>
    <time>2026-09-13T17:21:29Z</time>
    
   </trkpt>
   <trkpt lat="39.9948090" lon="-105.6340260">
    <ele>2960.6</ele>
    <time>2026-09-13T17:21:38Z</time>
    
   </trkpt>
   <trkpt lat="39.9948100" lon="-105.6340260">
    <ele>2960.6</ele>
    <time>2026-09-13T17:21:39Z</time>
    
   </trkpt>
   <trkpt lat="39.9948110" lon="-105.6340260">
    <ele>2960.4</ele>
    <time>2026-09-13T17:21:40Z</time>
    
   </trkpt>
   <trkpt lat="39.9948100" lon="-105.6340260">
    <ele>2960.4</ele>
    <time>2026-09-13T17:21:41Z</time>
    
   </trkpt>
   <trkpt lat="39.9948100" lon="-105.6340270">
    <ele>2960.4</ele>
    <time>2026-09-13T17:21:42Z</time>
    
   </trkpt>
   <trkpt lat="39.9948090" lon="-105.6340270">
    <ele>2960.4</ele>
    <time>2026-09-13T17:21:43Z</time>
    
   </trkpt>
   <trkpt lat="39.9948080" lon="-105.6340290">
    <ele>2960.4</ele>
    <time>2026-09-13T17:21:44Z</time>
    
   </trkpt>
   <trkpt lat="39.9948090" lon="-105.6340300">
    <ele>2960.4</ele>
    <time>2026-09-13T17:21:45Z</time>
    
   </trkpt>
   <trkpt lat="39.9948100" lon="-105.6340300">
    <ele>2960.8</ele>
    <time>2026-09-13T17:21:47Z</time>
    
   </trkpt>
   <trkpt lat="39.9948130" lon="-105.6340310">
    <ele>2961.0</ele>
    <time>2026-09-13T17:21:50Z</time>
    
   </trkpt>
   <trkpt lat="39.9948140" lon="-105.6340290">
    <ele>2961.2</ele>
    <time>2026-09-13T17:21:52Z</time>
    
   </trkpt>
   <trkpt lat="39.9948120" lon="-105.6340330">
    <ele>2961.2</ele>
    <time>2026-09-13T17:21:56Z</time>
    
   </trkpt>
   <trkpt lat="39.9948050" lon="-105.6340390">
    <ele>2961.2</ele>
    <time>2026-09-13T17:21:59Z</time>
    
   </trkpt>
   <trkpt lat="39.9947960" lon="-105.6340430">
    <ele>2961.2</ele>
    <time>2026-09-13T17:22:08Z</time>
    
   </trkpt>
   <trkpt lat="39.9948030" lon="-105.6340370">
    <ele>2961.0</ele>
    <time>2026-09-13T17:22:13Z</time>
    
   </trkpt>
   <trkpt lat="39.9947980" lon="-105.6340310">
    <ele>2961.0</ele>
    <time>2026-09-13T17:22:21Z</time>
    
   </trkpt>
   <trkpt lat="39.9947950" lon="-105.6340220">
    <ele>2960.8</ele>
    <time>2026-09-13T17:22:27Z</time>
    
   </trkpt>
   <trkpt lat="39.9947940" lon="-105.6340250">
    <ele>2961.0</ele>
    <time>2026-09-13T17:22:32Z</time>
    
   </trkpt>
   <trkpt lat="39.9947950" lon="-105.6340270">
    <ele>2961.0</ele>
    <time>2026-09-13T17:22:34Z</time>
    
   </trkpt>
   <trkpt lat="39.9947950" lon="-105.6340280">
    <ele>2961.0</ele>
    <time>2026-09-13T17:22:36Z</time>
    
   </trkpt>
   <trkpt lat="39.9947900" lon="-105.6340300">
    <ele>2961.4</ele>
    <time>2026-09-13T17:22:49Z</time>
    
   </trkpt>
   <trkpt lat="39.9947880" lon="-105.6340310">
    <ele>2961.4</ele>
    <time>2026-09-13T17:22:51Z</time>
    
   </trkpt>
   <trkpt lat="39.9947860" lon="-105.6340290">
    <ele>2961.2</ele>
    <time>2026-09-13T17:22:53Z</time>
    
   </trkpt>
   <trkpt lat="39.9947830" lon="-105.6340190">
    <ele>2961.2</ele>
    <time>2026-09-13T17:22:56Z</time>
    
   </trkpt>
   <trkpt lat="39.9947860" lon="-105.6340140">
    <ele>2961.0</ele>
    <time>2026-09-13T17:22:58Z</time>
    
   </trkpt>
   <trkpt lat="39.9947870" lon="-105.6340140">
    <ele>2961.0</ele>
    <time>2026-09-13T17:22:59Z</time>
    
   </trkpt>
   <trkpt lat="39.9947880" lon="-105.6340120">
    <ele>2961.0</ele>
    <time>2026-09-13T17:23:00Z</time>
    
   </trkpt>
   <trkpt lat="39.9947880" lon="-105.6340080">
    <ele>2961.2</ele>
    <time>2026-09-13T17:23:03Z</time>
    
   </trkpt>
   <trkpt lat="39.9947910" lon="-105.6340050">
    <ele>2961.6</ele>
    <time>2026-09-13T17:23:07Z</time>
    
   </trkpt>
   <trkpt lat="39.9947920" lon="-105.6340060">
    <ele>2961.6</ele>
    <time>2026-09-13T17:23:08Z</time>
    
   </trkpt>
   <trkpt lat="39.9947930" lon="-105.6340070">
    <ele>2961.6</ele>
    <time>2026-09-13T17:23:11Z</time>
    
   </trkpt>
   <trkpt lat="39.9947940" lon="-105.6340070">
    <ele>2961.4</ele>
    <time>2026-09-13T17:23:12Z</time>
    
   </trkpt>
   <trkpt lat="39.9947930" lon="-105.6340090">
    <ele>2960.8</ele>
    <time>2026-09-13T17:23:15Z</time>
    
   </trkpt>
   <trkpt lat="39.9947920" lon="-105.6340110">
    <ele>2961.0</ele>
    <time>2026-09-13T17:23:25Z</time>
    
   </trkpt>
   <trkpt lat="39.9947920" lon="-105.6340120">
    <ele>2960.6</ele>
    <time>2026-09-13T17:23:27Z</time>
    
   </trkpt>
   <trkpt lat="39.9947890" lon="-105.6340100">
    <ele>2960.2</ele>
    <time>2026-09-13T17:23:34Z</time>
    
   </trkpt>
   <trkpt lat="39.9947880" lon="-105.6340100">
    <ele>2959.8</ele>
    <time>2026-09-13T17:23:36Z</time>
    
   </trkpt>
   <trkpt lat="39.9947890" lon="-105.6340100">
    <ele>2957.8</ele>
    <time>2026-09-13T17:23:38Z</time>
    
   </trkpt>
   <trkpt lat="39.9947890" lon="-105.6340100">
    <ele>2956.8</ele>
    <time>2026-09-13T17:23:39Z</time>
    
   </trkpt>
   <trkpt lat="39.9947900" lon="-105.6340120">
    <ele>2955.8</ele>
    <time>2026-09-13T17:23:41Z</time>
    
   </trkpt>
   <trkpt lat="39.9947910" lon="-105.6340130">
    <ele>2955.8</ele>
    <time>2026-09-13T17:23:42Z</time>
    
   </trkpt>
   <trkpt lat="39.9947890" lon="-105.6340140">
    <ele>2955.6</ele>
    <time>2026-09-13T17:23:43Z</time>
    
   </trkpt>
   <trkpt lat="39.9947840" lon="-105.6340270">
    <ele>2956.2</ele>
    <time>2026-09-13T17:23:49Z</time>
    
   </trkpt>
   <trkpt lat="39.9947780" lon="-105.6340380">
    <ele>2956.2</ele>
    <time>2026-09-13T17:23:54Z</time>
    
   </trkpt>
   <trkpt lat="39.9947770" lon="-105.6340410">
    <ele>2956.0</ele>
    <time>2026-09-13T17:23:58Z</time>
    
   </trkpt>
   <trkpt lat="39.9947780" lon="-105.6340460">
    <ele>2955.8</ele>
    <time>2026-09-13T17:24:02Z</time>
    
   </trkpt>
   <trkpt lat="39.9947820" lon="-105.6340410">
    <ele>2955.6</ele>
    <time>2026-09-13T17:24:05Z</time>
    
   </trkpt>
   <trkpt lat="39.9947830" lon="-105.6340630">
    <ele>2956.0</ele>
    <time>2026-09-13T17:24:12Z</time>
    
   </trkpt>
   <trkpt lat="39.9947820" lon="-105.6340630">
    <ele>2958.0</ele>
    <time>2026-09-13T17:24:27Z</time>
    
   </trkpt>
   <trkpt lat="39.9947810" lon="-105.6340610">
    <ele>2959.2</ele>
    <time>2026-09-13T17:24:28Z</time>
    
   </trkpt>
   <trkpt lat="39.9947800" lon="-105.6340600">
    <ele>2960.4</ele>
    <time>2026-09-13T17:24:30Z</time>
    
   </trkpt>
   <trkpt lat="39.9947770" lon="-105.6340510">
    <ele>2958.8</ele>
    <time>2026-09-13T17:24:36Z</time>
    
   </trkpt>
   <trkpt lat="39.9947760" lon="-105.6340510">
    <ele>2957.8</ele>
    <time>2026-09-13T17:24:37Z</time>
    
   </trkpt>
   <trkpt lat="39.9947760" lon="-105.6340510">
    <ele>2956.6</ele>
    <time>2026-09-13T17:24:39Z</time>
    
   </trkpt>
   <trkpt lat="39.9947730" lon="-105.6340250">
    <ele>2958.2</ele>
    <time>2026-09-13T17:24:45Z</time>
    
   </trkpt>
   <trkpt lat="39.9947710" lon="-105.6340140">
    <ele>2959.2</ele>
    <time>2026-09-13T17:24:46Z</time>
    
   </trkpt>
   <trkpt lat="39.9947680" lon="-105.6340010">
    <ele>2960.4</ele>
    <time>2026-09-13T17:24:48Z</time>
    
   </trkpt>
   <trkpt lat="39.9947730" lon="-105.6339810">
    <ele>2960.8</ele>
    <time>2026-09-13T17:24:53Z</time>
    
   </trkpt>
   <trkpt lat="39.9947640" lon="-105.6339890">
    <ele>2961.0</ele>
    <time>2026-09-13T17:24:57Z</time>
    
   </trkpt>
   <trkpt lat="39.9946610" lon="-105.6340450">
    <ele>2960.4</ele>
    <time>2026-09-13T17:25:04Z</time>
    
   </trkpt>
   <trkpt lat="39.9945090" lon="-105.6341320">
    <ele>2959.0</ele>
    <time>2026-09-13T17:25:09Z</time>
    
   </trkpt>
   <trkpt lat="39.9944280" lon="-105.6341560">
    <ele>2958.6</ele>
    <time>2026-09-13T17:25:11Z</time>
    
   </trkpt>
   <trkpt lat="39.9943410" lon="-105.6341550">
    <ele>2957.6</ele>
    <time>2026-09-13T17:25:13Z</time>
    
   </trkpt>
   <trkpt lat="39.9942580" lon="-105.6341320">
    <ele>2956.0</ele>
    <time>2026-09-13T17:25:15Z</time>
    
   </trkpt>
   <trkpt lat="39.9942170" lon="-105.6341130">
    <ele>2955.4</ele>
    <time>2026-09-13T17:25:16Z</time>
    
   </trkpt>
   <trkpt lat="39.9941340" lon="-105.6340770">
    <ele>2954.8</ele>
    <time>2026-09-13T17:25:18Z</time>
    
   </trkpt>
   <trkpt lat="39.9940650" lon="-105.6340460">
    <ele>2954.6</ele>
    <time>2026-09-13T17:25:20Z</time>
    
   </trkpt>
   <trkpt lat="39.9940390" lon="-105.6340260">
    <ele>2954.4</ele>
    <time>2026-09-13T17:25:21Z</time>
    
   </trkpt>
   <trkpt lat="39.9940160" lon="-105.6340010">
    <ele>2954.2</ele>
    <time>2026-09-13T17:25:22Z</time>
    
   </trkpt>
   <trkpt lat="39.9940020" lon="-105.6339710">
    <ele>2954.0</ele>
    <time>2026-09-13T17:25:23Z</time>
    
   </trkpt>
   <trkpt lat="39.9939870" lon="-105.6339400">
    <ele>2953.6</ele>
    <time>2026-09-13T17:25:24Z</time>
    
   </trkpt>
   <trkpt lat="39.9939720" lon="-105.6339030">
    <ele>2953.6</ele>
    <time>2026-09-13T17:25:25Z</time>
    
   </trkpt>
   <trkpt lat="39.9938980" lon="-105.6337340">
    <ele>2953.2</ele>
    <time>2026-09-13T17:25:29Z</time>
    
   </trkpt>
   <trkpt lat="39.9938380" lon="-105.6336120">
    <ele>2952.6</ele>
    <time>2026-09-13T17:25:32Z</time>
    
   </trkpt>
   <trkpt lat="39.9937510" lon="-105.6334200">
    <ele>2951.8</ele>
    <time>2026-09-13T17:25:37Z</time>
    
   </trkpt>
   <trkpt lat="39.9936640" lon="-105.6332110">
    <ele>2952.0</ele>
    <time>2026-09-13T17:25:42Z</time>
    
   </trkpt>
   <trkpt lat="39.9935930" lon="-105.6330710">
    <ele>2952.0</ele>
    <time>2026-09-13T17:25:46Z</time>
    
   </trkpt>
   <trkpt lat="39.9934740" lon="-105.6328850">
    <ele>2952.2</ele>
    <time>2026-09-13T17:25:51Z</time>
    
   </trkpt>
   <trkpt lat="39.9934420" lon="-105.6328400">
    <ele>2952.4</ele>
    <time>2026-09-13T17:25:52Z</time>
    
   </trkpt>
   <trkpt lat="39.9933250" lon="-105.6327190">
    <ele>2952.8</ele>
    <time>2026-09-13T17:25:55Z</time>
    
   </trkpt>
   <trkpt lat="39.9932400" lon="-105.6326590">
    <ele>2953.4</ele>
    <time>2026-09-13T17:25:57Z</time>
    
   </trkpt>
   <trkpt lat="39.9931990" lon="-105.6326330">
    <ele>2953.8</ele>
    <time>2026-09-13T17:25:58Z</time>
    
   </trkpt>
   <trkpt lat="39.9931620" lon="-105.6326050">
    <ele>2954.0</ele>
    <time>2026-09-13T17:25:59Z</time>
    
   </trkpt>
  </trkseg>
 </trk>
</gpx>
