<?xml version="1.0" encoding="UTF-8"?>
<gpx creator="StravaGPX" version="1.1" xmlns="http://www.topografix.com/GPX/1/1" xmlns:xsi="http://www.w3.org/2001/XMLSchema-instance" xsi:schemaLocation="http://www.topografix.com/GPX/1/1 http://www.topografix.com/GPX/1/1/gpx.xsd http://www.garmin.com/xmlschemas/GpxExtensions/v3 http://www.garmin.com/xmlschemas/GpxExtensionsv3.xsd http://www.garmin.com/xmlschemas/TrackPointExtension/v1 http://www.garmin.com/xmlschemas/TrackPointExtensionv1.xsd" xmlns:gpxtpx="http://www.garmin.com/xmlschemas/TrackPointExtension/v1" xmlns:gpxx="http://www.garmin.com/xmlschemas/GpxExtensions/v3">
 <metadata>
  <time>2026-06-14T16:55:23Z</time>
 </metadata>
 <trk>
  <name>Morning Hike</name>
  <type>hiking</type>
  <trkseg>
   <trkpt lat="48.3375330" lon="-121.7219900">
    <ele>1056.4</ele>
    <time>2026-06-14T16:55:23Z</time>
    
   </trkpt>
   <trkpt lat="48.3375340" lon="-121.7219970">
    <ele>1056.0</ele>
    <time>2026-06-14T16:55:26Z</time>
    
   </trkpt>
   <trkpt lat="48.3375330" lon="-121.7219980">
    <ele>1055.8</ele>
    <time>2026-06-14T16:55:27Z</time>
    
   </trkpt>
   <trkpt lat="48.3375340" lon="-121.7219930">
    <ele>1055.8</ele>
    <time>2026-06-14T16:55:29Z</time>
    
   </trkpt>
   <trkpt lat="48.3375140" lon="-121.7219700">
    <ele>1055.6</ele>
    <time>2026-06-14T16:55:37Z</time>
    
   </trkpt>
   <trkpt lat="48.3375470" lon="-121.7219910">
    <ele>1056.6</ele>
    <time>2026-06-14T16:55:53Z</time>
    
   </trkpt>
   <trkpt lat="48.3375440" lon="-121.7219850">
    <ele>1056.4</ele>
    <time>2026-06-14T16:55:59Z</time>
    
   </trkpt>
   <trkpt lat="48.3375430" lon="-121.7219800">
    <ele>1056.6</ele>
    <time>2026-06-14T16:56:05Z</time>
    
   </trkpt>
   <trkpt lat="48.3375370" lon="-121.7219800">
    <ele>1056.6</ele>
    <time>2026-06-14T16:56:10Z</time>
    
   </trkpt>
   <trkpt lat="48.3375320" lon="-121.7219780">
    <ele>1056.6</ele>
    <time>2026-06-14T16:56:14Z</time>
    
   </trkpt>
   <trkpt lat="48.3375310" lon="-121.7219790">
    <ele>1056.8</ele>
    <time>2026-06-14T16:56:15Z</time>
    
   </trkpt>
   <trkpt lat="48.3375260" lon="-121.7219720">
    <ele>1056.8</ele>
    <time>2026-06-14T16:56:17Z</time>
    
   </trkpt>
   <trkpt lat="48.3375200" lon="-121.7219730">
    <ele>1055.6</ele>
    <time>2026-06-14T16:56:19Z</time>
    
   </trkpt>
   <trkpt lat="48.3375100" lon="-121.7219680">
    <ele>1055.2</ele>
    <time>2026-06-14T16:56:22Z</time>
    
   </trkpt>
   <trkpt lat="48.3375080" lon="-121.7219760">
    <ele>1055.4</ele>
    <time>2026-06-14T16:56:26Z</time>
    
   </trkpt>
   <trkpt lat="48.3375080" lon="-121.7219740">
    <ele>1055.4</ele>
    <time>2026-06-14T16:56:36Z</time>
    
   </trkpt>
   <trkpt lat="48.3374810" lon="-121.7219830">
    <ele>1055.4</ele>
    <time>2026-06-14T16:56:38Z</time>
    
   </trkpt>
   <trkpt lat="48.3374490" lon="-121.7219810">
    <ele>1055.6</ele>
    <time>2026-06-14T16:56:42Z</time>
    
   </trkpt>
   <trkpt lat="48.3374410" lon="-121.7219820">
    <ele>1055.6</ele>
    <time>2026-06-14T16:56:43Z</time>
    
   </trkpt>
   <trkpt lat="48.3374310" lon="-121.7219810">
    <ele>1055.6</ele>
    <time>2026-06-14T16:56:46Z</time>
    
   </trkpt>
   <trkpt lat="48.3373970" lon="-121.7219700">
    <ele>1055.8</ele>
    <time>2026-06-14T16:56:51Z</time>
    
   </trkpt>
   <trkpt lat="48.3373760" lon="-121.7219770">
    <ele>1055.6</ele>
    <time>2026-06-14T16:56:53Z</time>
    
   </trkpt>
   <trkpt lat="48.3373320" lon="-121.7219890">
    <ele>1055.8</ele>
    <time>2026-06-14T16:56:57Z</time>
    
   </trkpt>
   <trkpt lat="48.3372840" lon="-121.7219760">
    <ele>1056.0</ele>
    <time>2026-06-14T16:57:01Z</time>
    
   </trkpt>
   <trkpt lat="48.3372630" lon="-121.7219730">
    <ele>1056.2</ele>
    <time>2026-06-14T16:57:03Z</time>
    
   </trkpt>
   <trkpt lat="48.3371460" lon="-121.7219950">
    <ele>1056.6</ele>
    <time>2026-06-14T16:57:15Z</time>
    
   </trkpt>
   <trkpt lat="48.3370120" lon="-121.7220240">
    <ele>1057.2</ele>
    <time>2026-06-14T16:57:26Z</time>
    
   </trkpt>
   <trkpt lat="48.3369920" lon="-121.7220200">
    <ele>1057.6</ele>
    <time>2026-06-14T16:57:28Z</time>
    
   </trkpt>
   <trkpt lat="48.3369720" lon="-121.7220190">
    <ele>1057.8</ele>
    <time>2026-06-14T16:57:30Z</time>
    
   </trkpt>
   <trkpt lat="48.3369150" lon="-121.7220300">
    <ele>1058.4</ele>
    <time>2026-06-14T16:57:35Z</time>
    
   </trkpt>
   <trkpt lat="48.3368950" lon="-121.7220380">
    <ele>1058.8</ele>
    <time>2026-06-14T16:57:37Z</time>
    
   </trkpt>
   <trkpt lat="48.3368420" lon="-121.7220490">
    <ele>1059.2</ele>
    <time>2026-06-14T16:57:41Z</time>
    
   </trkpt>
   <trkpt lat="48.3368100" lon="-121.7220770">
    <ele>1059.4</ele>
    <time>2026-06-14T16:57:44Z</time>
    
   </trkpt>
   <trkpt lat="48.3367110" lon="-121.7220740">
    <ele>1060.4</ele>
    <time>2026-06-14T16:57:52Z</time>
    
   </trkpt>
   <trkpt lat="48.3366620" lon="-121.7220760">
    <ele>1060.8</ele>
    <time>2026-06-14T16:57:56Z</time>
    
   </trkpt>
   <trkpt lat="48.3366300" lon="-121.7220650">
    <ele>1061.2</ele>
    <time>2026-06-14T16:57:58Z</time>
    
   </trkpt>
   <trkpt lat="48.3365370" lon="-121.7220150">
    <ele>1061.6</ele>
    <time>2026-06-14T16:58:03Z</time>
    
   </trkpt>
   <trkpt lat="48.3364810" lon="-121.7219970">
    <ele>1061.8</ele>
    <time>2026-06-14T16:58:06Z</time>
    
   </trkpt>
   <trkpt lat="48.3364030" lon="-121.7219840">
    <ele>1062.6</ele>
    <time>2026-06-14T16:58:11Z</time>
    
   </trkpt>
   <trkpt lat="48.3363530" lon="-121.7219900">
    <ele>1063.2</ele>
    <time>2026-06-14T16:58:15Z</time>
    
   </trkpt>
   <trkpt lat="48.3363240" lon="-121.7220040">
    <ele>1063.4</ele>
    <time>2026-06-14T16:58:18Z</time>
    
   </trkpt>
   <trkpt lat="48.3362730" lon="-121.7220010">
    <ele>1063.8</ele>
    <time>2026-06-14T16:58:21Z</time>
    
   </trkpt>
   <trkpt lat="48.3362610" lon="-121.7220120">
    <ele>1064.0</ele>
    <time>2026-06-14T16:58:22Z</time>
    
   </trkpt>
   <trkpt lat="48.3362500" lon="-121.7220190">
    <ele>1064.2</ele>
    <time>2026-06-14T16:58:23Z</time>
    
   </trkpt>
   <trkpt lat="48.3362360" lon="-121.7220210">
    <ele>1064.2</ele>
    <time>2026-06-14T16:58:24Z</time>
    
   </trkpt>
   <trkpt lat="48.3362200" lon="-121.7220380">
    <ele>1064.4</ele>
    <time>2026-06-14T16:58:26Z</time>
    
   </trkpt>
   <trkpt lat="48.3362050" lon="-121.7220560">
    <ele>1064.6</ele>
    <time>2026-06-14T16:58:28Z</time>
    
   </trkpt>
   <trkpt lat="48.3361840" lon="-121.7220660">
    <ele>1064.8</ele>
    <time>2026-06-14T16:58:30Z</time>
    
   </trkpt>
   <trkpt lat="48.3361740" lon="-121.7220740">
    <ele>1065.0</ele>
    <time>2026-06-14T16:58:31Z</time>
    
   </trkpt>
   <trkpt lat="48.3361570" lon="-121.7220960">
    <ele>1065.0</ele>
    <time>2026-06-14T16:58:33Z</time>
    
   </trkpt>
   <trkpt lat="48.3361400" lon="-121.7221170">
    <ele>1065.2</ele>
    <time>2026-06-14T16:58:35Z</time>
    
   </trkpt>
   <trkpt lat="48.3361030" lon="-121.7221460">
    <ele>1065.8</ele>
    <time>2026-06-14T16:58:39Z</time>
    
   </trkpt>
   <trkpt lat="48.3360920" lon="-121.7221520">
    <ele>1066.0</ele>
    <time>2026-06-14T16:58:40Z</time>
    
   </trkpt>
   <trkpt lat="48.3360780" lon="-121.7221540">
    <ele>1066.0</ele>
    <time>2026-06-14T16:58:41Z</time>
    
   </trkpt>
   <trkpt lat="48.3359860" lon="-121.7221830">
    <ele>1066.8</ele>
    <time>2026-06-14T16:58:48Z</time>
    
   </trkpt>
   <trkpt lat="48.3359390" lon="-121.7221950">
    <ele>1067.0</ele>
    <time>2026-06-14T16:58:52Z</time>
    
   </trkpt>
   <trkpt lat="48.3358850" lon="-121.7221910">
    <ele>1067.2</ele>
    <time>2026-06-14T16:58:57Z</time>
    
   </trkpt>
   <trkpt lat="48.3358440" lon="-121.7221770">
    <ele>1067.4</ele>
    <time>2026-06-14T16:59:01Z</time>
    
   </trkpt>
   <trkpt lat="48.3358100" lon="-121.7221750">
    <ele>1068.0</ele>
    <time>2026-06-14T16:59:04Z</time>
    
   </trkpt>
   <trkpt lat="48.3358020" lon="-121.7221760">
    <ele>1068.2</ele>
    <time>2026-06-14T16:59:05Z</time>
    
   </trkpt>
   <trkpt lat="48.3357780" lon="-121.7221700">
    <ele>1068.6</ele>
    <time>2026-06-14T16:59:07Z</time>
    
   </trkpt>
   <trkpt lat="48.3356850" lon="-121.7221670">
    <ele>1068.6</ele>
    <time>2026-06-14T16:59:14Z</time>
    
   </trkpt>
   <trkpt lat="48.3356300" lon="-121.7221690">
    <ele>1069.0</ele>
    <time>2026-06-14T16:59:18Z</time>
    
   </trkpt>
   <trkpt lat="48.3355960" lon="-121.7221920">
    <ele>1069.2</ele>
    <time>2026-06-14T16:59:21Z</time>
    
   </trkpt>
   <trkpt lat="48.3355430" lon="-121.7222380">
    <ele>1069.4</ele>
    <time>2026-06-14T16:59:25Z</time>
    
   </trkpt>
   <trkpt lat="48.3354530" lon="-121.7224320">
    <ele>1069.6</ele>
    <time>2026-06-14T16:59:37Z</time>
    
   </trkpt>
   <trkpt lat="48.3354200" lon="-121.7225420">
    <ele>1069.4</ele>
    <time>2026-06-14T16:59:43Z</time>
    
   </trkpt>
   <trkpt lat="48.3354000" lon="-121.7225680">
    <ele>1069.4</ele>
    <time>2026-06-14T16:59:45Z</time>
    
   </trkpt>
   <trkpt lat="48.3353750" lon="-121.7225960">
    <ele>1069.2</ele>
    <time>2026-06-14T16:59:49Z</time>
    
   </trkpt>
   <trkpt lat="48.3353710" lon="-121.7225970">
    <ele>1069.2</ele>
    <time>2026-06-14T16:59:51Z</time>
    
   </trkpt>
   <trkpt lat="48.3353430" lon="-121.7226720">
    <ele>1069.0</ele>
    <time>2026-06-14T16:59:58Z</time>
    
   </trkpt>
   <trkpt lat="48.3353170" lon="-121.7227610">
    <ele>1069.0</ele>
    <time>2026-06-14T17:00:03Z</time>
    
   </trkpt>
   <trkpt lat="48.3353050" lon="-121.7228140">
    <ele>1068.8</ele>
    <time>2026-06-14T17:00:06Z</time>
    
   </trkpt>
   <trkpt lat="48.3352800" lon="-121.7228920">
    <ele>1068.0</ele>
    <time>2026-06-14T17:00:11Z</time>
    
   </trkpt>
   <trkpt lat="48.3352730" lon="-121.7229080">
    <ele>1067.8</ele>
    <time>2026-06-14T17:00:12Z</time>
    
   </trkpt>
   <trkpt lat="48.3352040" lon="-121.7230260">
    <ele>1067.6</ele>
    <time>2026-06-14T17:00:21Z</time>
    
   </trkpt>
   <trkpt lat="48.3351830" lon="-121.7230420">
    <ele>1067.6</ele>
    <time>2026-06-14T17:00:23Z</time>
    
   </trkpt>
   <trkpt lat="48.3351080" lon="-121.7230650">
    <ele>1067.0</ele>
    <time>2026-06-14T17:00:29Z</time>
    
   </trkpt>
   <trkpt lat="48.3350590" lon="-121.7230770">
    <ele>1066.8</ele>
    <time>2026-06-14T17:00:33Z</time>
    
   </trkpt>
   <trkpt lat="48.3350250" lon="-121.7230770">
    <ele>1067.0</ele>
    <time>2026-06-14T17:00:36Z</time>
    
   </trkpt>
   <trkpt lat="48.3349920" lon="-121.7230800">
    <ele>1067.2</ele>
    <time>2026-06-14T17:00:39Z</time>
    
   </trkpt>
   <trkpt lat="48.3349490" lon="-121.7230730">
    <ele>1067.4</ele>
    <time>2026-06-14T17:00:43Z</time>
    
   </trkpt>
   <trkpt lat="48.3349390" lon="-121.7230690">
    <ele>1067.4</ele>
    <time>2026-06-14T17:00:44Z</time>
    
   </trkpt>
   <trkpt lat="48.3349290" lon="-121.7230660">
    <ele>1067.4</ele>
    <time>2026-06-14T17:00:45Z</time>
    
   </trkpt>
   <trkpt lat="48.3348900" lon="-121.7230520">
    <ele>1067.6</ele>
    <time>2026-06-14T17:00:51Z</time>
    
   </trkpt>
   <trkpt lat="48.3348150" lon="-121.7230080">
    <ele>1067.8</ele>
    <time>2026-06-14T17:00:58Z</time>
    
   </trkpt>
   <trkpt lat="48.3348060" lon="-121.7230020">
    <ele>1067.8</ele>
    <time>2026-06-14T17:00:59Z</time>
    
   </trkpt>
   <trkpt lat="48.3347070" lon="-121.7229490">
    <ele>1067.4</ele>
    <time>2026-06-14T17:01:07Z</time>
    
   </trkpt>
   <trkpt lat="48.3346260" lon="-121.7229340">
    <ele>1067.2</ele>
    <time>2026-06-14T17:01:14Z</time>
    
   </trkpt>
   <trkpt lat="48.3346200" lon="-121.7229330">
    <ele>1067.2</ele>
    <time>2026-06-14T17:01:15Z</time>
    
   </trkpt>
   <trkpt lat="48.3346080" lon="-121.7229290">
    <ele>1067.0</ele>
    <time>2026-06-14T17:01:17Z</time>
    
   </trkpt>
   <trkpt lat="48.3345930" lon="-121.7229330">
    <ele>1067.0</ele>
    <time>2026-06-14T17:01:20Z</time>
    
   </trkpt>
   <trkpt lat="48.3345780" lon="-121.7229430">
    <ele>1067.4</ele>
    <time>2026-06-14T17:01:24Z</time>
    
   </trkpt>
   <trkpt lat="48.3345680" lon="-121.7229390">
    <ele>1069.2</ele>
    <time>2026-06-14T17:01:26Z</time>
    
   </trkpt>
   <trkpt lat="48.3345110" lon="-121.7229160">
    <ele>1069.2</ele>
    <time>2026-06-14T17:01:38Z</time>
    
   </trkpt>
   <trkpt lat="48.3344560" lon="-121.7228560">
    <ele>1069.2</ele>
    <time>2026-06-14T17:01:51Z</time>
    
   </trkpt>
   <trkpt lat="48.3344250" lon="-121.7228450">
    <ele>1069.2</ele>
    <time>2026-06-14T17:01:55Z</time>
    
   </trkpt>
   <trkpt lat="48.3344000" lon="-121.7228380">
    <ele>1069.2</ele>
    <time>2026-06-14T17:01:57Z</time>
    
   </trkpt>
   <trkpt lat="48.3343860" lon="-121.7228310">
    <ele>1069.2</ele>
    <time>2026-06-14T17:01:59Z</time>
    
   </trkpt>
   <trkpt lat="48.3343750" lon="-121.7228220">
    <ele>1068.6</ele>
    <time>2026-06-14T17:02:01Z</time>
    
   </trkpt>
   <trkpt lat="48.3343690" lon="-121.7228240">
    <ele>1068.0</ele>
    <time>2026-06-14T17:02:02Z</time>
    
   </trkpt>
   <trkpt lat="48.3343550" lon="-121.7228460">
    <ele>1067.2</ele>
    <time>2026-06-14T17:02:05Z</time>
    
   </trkpt>
   <trkpt lat="48.3343370" lon="-121.7228710">
    <ele>1067.6</ele>
    <time>2026-06-14T17:02:10Z</time>
    
   </trkpt>
   <trkpt lat="48.3343170" lon="-121.7229000">
    <ele>1068.6</ele>
    <time>2026-06-14T17:02:14Z</time>
    
   </trkpt>
   <trkpt lat="48.3342750" lon="-121.7229370">
    <ele>1069.0</ele>
    <time>2026-06-14T17:02:19Z</time>
    
   </trkpt>
   <trkpt lat="48.3342700" lon="-121.7229600">
    <ele>1069.4</ele>
    <time>2026-06-14T17:02:21Z</time>
    
   </trkpt>
   <trkpt lat="48.3342630" lon="-121.7230110">
    <ele>1069.8</ele>
    <time>2026-06-14T17:02:25Z</time>
    
   </trkpt>
   <trkpt lat="48.3342620" lon="-121.7230230">
    <ele>1070.0</ele>
    <time>2026-06-14T17:02:26Z</time>
    
   </trkpt>
   <trkpt lat="48.3342600" lon="-121.7230450">
    <ele>1070.4</ele>
    <time>2026-06-14T17:02:28Z</time>
    
   </trkpt>
   <trkpt lat="48.3342590" lon="-121.7230540">
    <ele>1070.6</ele>
    <time>2026-06-14T17:02:29Z</time>
    
   </trkpt>
   <trkpt lat="48.3342580" lon="-121.7230700">
    <ele>1070.8</ele>
    <time>2026-06-14T17:02:30Z</time>
    
   </trkpt>
   <trkpt lat="48.3342570" lon="-121.7230860">
    <ele>1070.8</ele>
    <time>2026-06-14T17:02:31Z</time>
    
   </trkpt>
   <trkpt lat="48.3342550" lon="-121.7230980">
    <ele>1071.0</ele>
    <time>2026-06-14T17:02:32Z</time>
    
   </trkpt>
   <trkpt lat="48.3342510" lon="-121.7231140">
    <ele>1071.0</ele>
    <time>2026-06-14T17:02:33Z</time>
    
   </trkpt>
   <trkpt lat="48.3342480" lon="-121.7231310">
    <ele>1071.0</ele>
    <time>2026-06-14T17:02:34Z</time>
    
   </trkpt>
   <trkpt lat="48.3342470" lon="-121.7231580">
    <ele>1071.0</ele>
    <time>2026-06-14T17:02:36Z</time>
    
   </trkpt>
   <trkpt lat="48.3342450" lon="-121.7231860">
    <ele>1071.2</ele>
    <time>2026-06-14T17:02:38Z</time>
    
   </trkpt>
   <trkpt lat="48.3342420" lon="-121.7232170">
    <ele>1071.6</ele>
    <time>2026-06-14T17:02:40Z</time>
    
   </trkpt>
   <trkpt lat="48.3342400" lon="-121.7232290">
    <ele>1071.8</ele>
    <time>2026-06-14T17:02:41Z</time>
    
   </trkpt>
   <trkpt lat="48.3342390" lon="-121.7232410">
    <ele>1071.8</ele>
    <time>2026-06-14T17:02:42Z</time>
    
   </trkpt>
   <trkpt lat="48.3342370" lon="-121.7232510">
    <ele>1072.0</ele>
    <time>2026-06-14T17:02:43Z</time>
    
   </trkpt>
   <trkpt lat="48.3342340" lon="-121.7232590">
    <ele>1072.4</ele>
    <time>2026-06-14T17:02:44Z</time>
    
   </trkpt>
   <trkpt lat="48.3342300" lon="-121.7232940">
    <ele>1073.2</ele>
    <time>2026-06-14T17:02:48Z</time>
    
   </trkpt>
   <trkpt lat="48.3342350" lon="-121.7233560">
    <ele>1073.6</ele>
    <time>2026-06-14T17:02:52Z</time>
    
   </trkpt>
   <trkpt lat="48.3342220" lon="-121.7233930">
    <ele>1073.8</ele>
    <time>2026-06-14T17:02:55Z</time>
    
   </trkpt>
   <trkpt lat="48.3342150" lon="-121.7234010">
    <ele>1074.0</ele>
    <time>2026-06-14T17:02:56Z</time>
    
   </trkpt>
   <trkpt lat="48.3342110" lon="-121.7234090">
    <ele>1074.2</ele>
    <time>2026-06-14T17:02:57Z</time>
    
   </trkpt>
   <trkpt lat="48.3341920" lon="-121.7234300">
    <ele>1074.4</ele>
    <time>2026-06-14T17:02:59Z</time>
    
   </trkpt>
   <trkpt lat="48.3341780" lon="-121.7234390">
    <ele>1074.6</ele>
    <time>2026-06-14T17:03:01Z</time>
    
   </trkpt>
   <trkpt lat="48.3341680" lon="-121.7234570">
    <ele>1074.6</ele>
    <time>2026-06-14T17:03:03Z</time>
    
   </trkpt>
   <trkpt lat="48.3341580" lon="-121.7234790">
    <ele>1074.8</ele>
    <time>2026-06-14T17:03:05Z</time>
    
   </trkpt>
   <trkpt lat="48.3341390" lon="-121.7235110">
    <ele>1075.2</ele>
    <time>2026-06-14T17:03:08Z</time>
    
   </trkpt>
   <trkpt lat="48.3341280" lon="-121.7235270">
    <ele>1075.4</ele>
    <time>2026-06-14T17:03:10Z</time>
    
   </trkpt>
   <trkpt lat="48.3341150" lon="-121.7235570">
    <ele>1075.4</ele>
    <time>2026-06-14T17:03:13Z</time>
    
   </trkpt>
   <trkpt lat="48.3341080" lon="-121.7235710">
    <ele>1075.4</ele>
    <time>2026-06-14T17:03:15Z</time>
    
   </trkpt>
   <trkpt lat="48.3341040" lon="-121.7235890">
    <ele>1075.6</ele>
    <time>2026-06-14T17:03:17Z</time>
    
   </trkpt>
   <trkpt lat="48.3341060" lon="-121.7236210">
    <ele>1076.0</ele>
    <time>2026-06-14T17:03:20Z</time>
    
   </trkpt>
   <trkpt lat="48.3341120" lon="-121.7236500">
    <ele>1076.2</ele>
    <time>2026-06-14T17:03:22Z</time>
    
   </trkpt>
   <trkpt lat="48.3341060" lon="-121.7236780">
    <ele>1076.4</ele>
    <time>2026-06-14T17:03:24Z</time>
    
   </trkpt>
   <trkpt lat="48.3341030" lon="-121.7236940">
    <ele>1076.4</ele>
    <time>2026-06-14T17:03:25Z</time>
    
   </trkpt>
   <trkpt lat="48.3340940" lon="-121.7237320">
    <ele>1076.6</ele>
    <time>2026-06-14T17:03:28Z</time>
    
   </trkpt>
   <trkpt lat="48.3340880" lon="-121.7237870">
    <ele>1077.0</ele>
    <time>2026-06-14T17:03:32Z</time>
    
   </trkpt>
   <trkpt lat="48.3340760" lon="-121.7238130">
    <ele>1077.4</ele>
    <time>2026-06-14T17:03:34Z</time>
    
   </trkpt>
   <trkpt lat="48.3340640" lon="-121.7238380">
    <ele>1077.6</ele>
    <time>2026-06-14T17:03:37Z</time>
    
   </trkpt>
   <trkpt lat="48.3340630" lon="-121.7238530">
    <ele>1077.6</ele>
    <time>2026-06-14T17:03:38Z</time>
    
   </trkpt>
   <trkpt lat="48.3340570" lon="-121.7238660">
    <ele>1077.8</ele>
    <time>2026-06-14T17:03:39Z</time>
    
   </trkpt>
   <trkpt lat="48.3339880" lon="-121.7239760">
    <ele>1078.4</ele>
    <time>2026-06-14T17:03:49Z</time>
    
   </trkpt>
   <trkpt lat="48.3339840" lon="-121.7239760">
    <ele>1078.6</ele>
    <time>2026-06-14T17:03:50Z</time>
    
   </trkpt>
   <trkpt lat="48.3339560" lon="-121.7239990">
    <ele>1078.8</ele>
    <time>2026-06-14T17:03:56Z</time>
    
   </trkpt>
   <trkpt lat="48.3338880" lon="-121.7239240">
    <ele>1078.2</ele>
    <time>2026-06-14T17:04:06Z</time>
    
   </trkpt>
   <trkpt lat="48.3338790" lon="-121.7239170">
    <ele>1078.2</ele>
    <time>2026-06-14T17:04:09Z</time>
    
   </trkpt>
   <trkpt lat="48.3338700" lon="-121.7239040">
    <ele>1078.2</ele>
    <time>2026-06-14T17:04:11Z</time>
    
   </trkpt>
   <trkpt lat="48.3338660" lon="-121.7239030">
    <ele>1078.2</ele>
    <time>2026-06-14T17:04:13Z</time>
    
   </trkpt>
   <trkpt lat="48.3338560" lon="-121.7239000">
    <ele>1078.8</ele>
    <time>2026-06-14T17:04:18Z</time>
    
   </trkpt>
   <trkpt lat="48.3338420" lon="-121.7239080">
    <ele>1079.6</ele>
    <time>2026-06-14T17:04:21Z</time>
    
   </trkpt>
   <trkpt lat="48.3338360" lon="-121.7239100">
    <ele>1079.8</ele>
    <time>2026-06-14T17:04:22Z</time>
    
   </trkpt>
   <trkpt lat="48.3338200" lon="-121.7239220">
    <ele>1080.6</ele>
    <time>2026-06-14T17:04:26Z</time>
    
   </trkpt>
   <trkpt lat="48.3338270" lon="-121.7239490">
    <ele>1080.8</ele>
    <time>2026-06-14T17:04:27Z</time>
    
   </trkpt>
   <trkpt lat="48.3338300" lon="-121.7239680">
    <ele>1082.0</ele>
    <time>2026-06-14T17:04:32Z</time>
    
   </trkpt>
   <trkpt lat="48.3338340" lon="-121.7239740">
    <ele>1082.2</ele>
    <time>2026-06-14T17:04:33Z</time>
    
   </trkpt>
   <trkpt lat="48.3338390" lon="-121.7239800">
    <ele>1082.6</ele>
    <time>2026-06-14T17:04:34Z</time>
    
   </trkpt>
   <trkpt lat="48.3338540" lon="-121.7240040">
    <ele>1083.0</ele>
    <time>2026-06-14T17:04:36Z</time>
    
   </trkpt>
   <trkpt lat="48.3338650" lon="-121.7240280">
    <ele>1083.4</ele>
    <time>2026-06-14T17:04:38Z</time>
    
   </trkpt>
   <trkpt lat="48.3338720" lon="-121.7240960">
    <ele>1084.0</ele>
    <time>2026-06-14T17:04:42Z</time>
    
   </trkpt>
   <trkpt lat="48.3338750" lon="-121.7241260">
    <ele>1084.0</ele>
    <time>2026-06-14T17:04:44Z</time>
    
   </trkpt>
   <trkpt lat="48.3338660" lon="-121.7241410">
    <ele>1084.2</ele>
    <time>2026-06-14T17:04:46Z</time>
    
   </trkpt>
   <trkpt lat="48.3338420" lon="-121.7241580">
    <ele>1084.6</ele>
    <time>2026-06-14T17:04:48Z</time>
    
   </trkpt>
   <trkpt lat="48.3338160" lon="-121.7241820">
    <ele>1084.8</ele>
    <time>2026-06-14T17:04:51Z</time>
    
   </trkpt>
   <trkpt lat="48.3338040" lon="-121.7241970">
    <ele>1085.2</ele>
    <time>2026-06-14T17:04:53Z</time>
    
   </trkpt>
   <trkpt lat="48.3337940" lon="-121.7242520">
    <ele>1086.0</ele>
    <time>2026-06-14T17:04:58Z</time>
    
   </trkpt>
   <trkpt lat="48.3337880" lon="-121.7242690">
    <ele>1086.0</ele>
    <time>2026-06-14T17:05:00Z</time>
    
   </trkpt>
   <trkpt lat="48.3337520" lon="-121.7243060">
    <ele>1086.0</ele>
    <time>2026-06-14T17:05:05Z</time>
    
   </trkpt>
   <trkpt lat="48.3337450" lon="-121.7243170">
    <ele>1086.0</ele>
    <time>2026-06-14T17:05:06Z</time>
    
   </trkpt>
   <trkpt lat="48.3337370" lon="-121.7243250">
    <ele>1086.2</ele>
    <time>2026-06-14T17:05:07Z</time>
    
   </trkpt>
   <trkpt lat="48.3337310" lon="-121.7243320">
    <ele>1086.4</ele>
    <time>2026-06-14T17:05:08Z</time>
    
   </trkpt>
   <trkpt lat="48.3337160" lon="-121.7243230">
    <ele>1086.8</ele>
    <time>2026-06-14T17:05:10Z</time>
    
   </trkpt>
   <trkpt lat="48.3337100" lon="-121.7243340">
    <ele>1087.0</ele>
    <time>2026-06-14T17:05:11Z</time>
    
   </trkpt>
   <trkpt lat="48.3337020" lon="-121.7243400">
    <ele>1087.0</ele>
    <time>2026-06-14T17:05:12Z</time>
    
   </trkpt>
   <trkpt lat="48.3336950" lon="-121.7243490">
    <ele>1087.2</ele>
    <time>2026-06-14T17:05:13Z</time>
    
   </trkpt>
   <trkpt lat="48.3336610" lon="-121.7244220">
    <ele>1087.8</ele>
    <time>2026-06-14T17:05:20Z</time>
    
   </trkpt>
   <trkpt lat="48.3336620" lon="-121.7244430">
    <ele>1088.0</ele>
    <time>2026-06-14T17:05:21Z</time>
    
   </trkpt>
   <trkpt lat="48.3336650" lon="-121.7244640">
    <ele>1088.2</ele>
    <time>2026-06-14T17:05:22Z</time>
    
   </trkpt>
   <trkpt lat="48.3336640" lon="-121.7244890">
    <ele>1088.6</ele>
    <time>2026-06-14T17:05:24Z</time>
    
   </trkpt>
   <trkpt lat="48.3336640" lon="-121.7245110">
    <ele>1088.8</ele>
    <time>2026-06-14T17:05:25Z</time>
    
   </trkpt>
   <trkpt lat="48.3336600" lon="-121.7245260">
    <ele>1088.8</ele>
    <time>2026-06-14T17:05:26Z</time>
    
   </trkpt>
   <trkpt lat="48.3336420" lon="-121.7245720">
    <ele>1089.4</ele>
    <time>2026-06-14T17:05:30Z</time>
    
   </trkpt>
   <trkpt lat="48.3336400" lon="-121.7245830">
    <ele>1089.6</ele>
    <time>2026-06-14T17:05:31Z</time>
    
   </trkpt>
   <trkpt lat="48.3336370" lon="-121.7246150">
    <ele>1089.8</ele>
    <time>2026-06-14T17:05:34Z</time>
    
   </trkpt>
   <trkpt lat="48.3336300" lon="-121.7246410">
    <ele>1090.0</ele>
    <time>2026-06-14T17:05:36Z</time>
    
   </trkpt>
   <trkpt lat="48.3336320" lon="-121.7246940">
    <ele>1090.2</ele>
    <time>2026-06-14T17:05:38Z</time>
    
   </trkpt>
   <trkpt lat="48.3336320" lon="-121.7247100">
    <ele>1090.6</ele>
    <time>2026-06-14T17:05:39Z</time>
    
   </trkpt>
   <trkpt lat="48.3336280" lon="-121.7247530">
    <ele>1090.8</ele>
    <time>2026-06-14T17:05:41Z</time>
    
   </trkpt>
   <trkpt lat="48.3336210" lon="-121.7248800">
    <ele>1091.4</ele>
    <time>2026-06-14T17:05:49Z</time>
    
   </trkpt>
   <trkpt lat="48.3336250" lon="-121.7248950">
    <ele>1091.4</ele>
    <time>2026-06-14T17:05:50Z</time>
    
   </trkpt>
   <trkpt lat="48.3336260" lon="-121.7249070">
    <ele>1091.6</ele>
    <time>2026-06-14T17:05:51Z</time>
    
   </trkpt>
   <trkpt lat="48.3336290" lon="-121.7249200">
    <ele>1091.6</ele>
    <time>2026-06-14T17:05:52Z</time>
    
   </trkpt>
   <trkpt lat="48.3336300" lon="-121.7249470">
    <ele>1092.0</ele>
    <time>2026-06-14T17:05:54Z</time>
    
   </trkpt>
   <trkpt lat="48.3336260" lon="-121.7249670">
    <ele>1092.2</ele>
    <time>2026-06-14T17:05:56Z</time>
    
   </trkpt>
   <trkpt lat="48.3336150" lon="-121.7250120">
    <ele>1092.4</ele>
    <time>2026-06-14T17:05:59Z</time>
    
   </trkpt>
   <trkpt lat="48.3336160" lon="-121.7250440">
    <ele>1092.6</ele>
    <time>2026-06-14T17:06:01Z</time>
    
   </trkpt>
   <trkpt lat="48.3336200" lon="-121.7250730">
    <ele>1092.8</ele>
    <time>2026-06-14T17:06:03Z</time>
    
   </trkpt>
   <trkpt lat="48.3336210" lon="-121.7250840">
    <ele>1093.0</ele>
    <time>2026-06-14T17:06:04Z</time>
    
   </trkpt>
   <trkpt lat="48.3336230" lon="-121.7251050">
    <ele>1093.2</ele>
    <time>2026-06-14T17:06:05Z</time>
    
   </trkpt>
   <trkpt lat="48.3336170" lon="-121.7251350">
    <ele>1093.4</ele>
    <time>2026-06-14T17:06:07Z</time>
    
   </trkpt>
   <trkpt lat="48.3336130" lon="-121.7251700">
    <ele>1093.4</ele>
    <time>2026-06-14T17:06:09Z</time>
    
   </trkpt>
   <trkpt lat="48.3336050" lon="-121.7252580">
    <ele>1093.8</ele>
    <time>2026-06-14T17:06:16Z</time>
    
   </trkpt>
   <trkpt lat="48.3336060" lon="-121.7252880">
    <ele>1094.2</ele>
    <time>2026-06-14T17:06:18Z</time>
    
   </trkpt>
   <trkpt lat="48.3336050" lon="-121.7253720">
    <ele>1094.4</ele>
    <time>2026-06-14T17:06:25Z</time>
    
   </trkpt>
   <trkpt lat="48.3335780" lon="-121.7253900">
    <ele>1094.8</ele>
    <time>2026-06-14T17:06:28Z</time>
    
   </trkpt>
   <trkpt lat="48.3335450" lon="-121.7254010">
    <ele>1095.0</ele>
    <time>2026-06-14T17:06:30Z</time>
    
   </trkpt>
   <trkpt lat="48.3335350" lon="-121.7254050">
    <ele>1095.0</ele>
    <time>2026-06-14T17:06:31Z</time>
    
   </trkpt>
   <trkpt lat="48.3334510" lon="-121.7254130">
    <ele>1095.6</ele>
    <time>2026-06-14T17:06:36Z</time>
    
   </trkpt>
   <trkpt lat="48.3334280" lon="-121.7254160">
    <ele>1095.8</ele>
    <time>2026-06-14T17:06:38Z</time>
    
   </trkpt>
   <trkpt lat="48.3333970" lon="-121.7254240">
    <ele>1095.6</ele>
    <time>2026-06-14T17:06:40Z</time>
    
   </trkpt>
   <trkpt lat="48.3333840" lon="-121.7254240">
    <ele>1095.6</ele>
    <time>2026-06-14T17:06:41Z</time>
    
   </trkpt>
   <trkpt lat="48.3333610" lon="-121.7254280">
    <ele>1095.2</ele>
    <time>2026-06-14T17:06:43Z</time>
    
   </trkpt>
   <trkpt lat="48.3332820" lon="-121.7254490">
    <ele>1095.4</ele>
    <time>2026-06-14T17:06:51Z</time>
    
   </trkpt>
   <trkpt lat="48.3332730" lon="-121.7254490">
    <ele>1095.6</ele>
    <time>2026-06-14T17:06:52Z</time>
    
   </trkpt>
   <trkpt lat="48.3332560" lon="-121.7254640">
    <ele>1096.0</ele>
    <time>2026-06-14T17:06:54Z</time>
    
   </trkpt>
   <trkpt lat="48.3332470" lon="-121.7254770">
    <ele>1096.2</ele>
    <time>2026-06-14T17:06:56Z</time>
    
   </trkpt>
   <trkpt lat="48.3332290" lon="-121.7255090">
    <ele>1096.8</ele>
    <time>2026-06-14T17:07:00Z</time>
    
   </trkpt>
   <trkpt lat="48.3332270" lon="-121.7255240">
    <ele>1097.0</ele>
    <time>2026-06-14T17:07:01Z</time>
    
   </trkpt>
   <trkpt lat="48.3332230" lon="-121.7255340">
    <ele>1097.2</ele>
    <time>2026-06-14T17:07:02Z</time>
    
   </trkpt>
   <trkpt lat="48.3332140" lon="-121.7255560">
    <ele>1098.0</ele>
    <time>2026-06-14T17:07:04Z</time>
    
   </trkpt>
   <trkpt lat="48.3332140" lon="-121.7255720">
    <ele>1098.4</ele>
    <time>2026-06-14T17:07:05Z</time>
    
   </trkpt>
   <trkpt lat="48.3332080" lon="-121.7256210">
    <ele>1099.2</ele>
    <time>2026-06-14T17:07:08Z</time>
    
   </trkpt>
   <trkpt lat="48.3332050" lon="-121.7256280">
    <ele>1099.4</ele>
    <time>2026-06-14T17:07:09Z</time>
    
   </trkpt>
   <trkpt lat="48.3331930" lon="-121.7256480">
    <ele>1099.8</ele>
    <time>2026-06-14T17:07:12Z</time>
    
   </trkpt>
   <trkpt lat="48.3331860" lon="-121.7256690">
    <ele>1100.4</ele>
    <time>2026-06-14T17:07:14Z</time>
    
   </trkpt>
   <trkpt lat="48.3331780" lon="-121.7256890">
    <ele>1100.8</ele>
    <time>2026-06-14T17:07:16Z</time>
    
   </trkpt>
   <trkpt lat="48.3331650" lon="-121.7257000">
    <ele>1101.0</ele>
    <time>2026-06-14T17:07:18Z</time>
    
   </trkpt>
   <trkpt lat="48.3331550" lon="-121.7257260">
    <ele>1101.4</ele>
    <time>2026-06-14T17:07:21Z</time>
    
   </trkpt>
   <trkpt lat="48.3331460" lon="-121.7257310">
    <ele>1101.4</ele>
    <time>2026-06-14T17:07:22Z</time>
    
   </trkpt>
   <trkpt lat="48.3330880" lon="-121.7257430">
    <ele>1102.4</ele>
    <time>2026-06-14T17:07:29Z</time>
    
   </trkpt>
   <trkpt lat="48.3330530" lon="-121.7257410">
    <ele>1103.0</ele>
    <time>2026-06-14T17:07:33Z</time>
    
   </trkpt>
   <trkpt lat="48.3330440" lon="-121.7257390">
    <ele>1103.0</ele>
    <time>2026-06-14T17:07:34Z</time>
    
   </trkpt>
   <trkpt lat="48.3330170" lon="-121.7257480">
    <ele>1103.2</ele>
    <time>2026-06-14T17:07:38Z</time>
    
   </trkpt>
   <trkpt lat="48.3329940" lon="-121.7257530">
    <ele>1103.4</ele>
    <time>2026-06-14T17:07:40Z</time>
    
   </trkpt>
   <trkpt lat="48.3329880" lon="-121.7257580">
    <ele>1103.6</ele>
    <time>2026-06-14T17:07:41Z</time>
    
   </trkpt>
   <trkpt lat="48.3329770" lon="-121.7257780">
    <ele>1103.8</ele>
    <time>2026-06-14T17:07:43Z</time>
    
   </trkpt>
   <trkpt lat="48.3329430" lon="-121.7257910">
    <ele>1103.8</ele>
    <time>2026-06-14T17:07:47Z</time>
    
   </trkpt>
   <trkpt lat="48.3328850" lon="-121.7258420">
    <ele>1103.2</ele>
    <time>2026-06-14T17:07:57Z</time>
    
   </trkpt>
   <trkpt lat="48.3328670" lon="-121.7258690">
    <ele>1104.2</ele>
    <time>2026-06-14T17:08:01Z</time>
    
   </trkpt>
   <trkpt lat="48.3328410" lon="-121.7258740">
    <ele>1104.6</ele>
    <time>2026-06-14T17:08:03Z</time>
    
   </trkpt>
   <trkpt lat="48.3328270" lon="-121.7258810">
    <ele>1104.6</ele>
    <time>2026-06-14T17:08:04Z</time>
    
   </trkpt>
   <trkpt lat="48.3327920" lon="-121.7259280">
    <ele>1104.4</ele>
    <time>2026-06-14T17:08:10Z</time>
    
   </trkpt>
   <trkpt lat="48.3327950" lon="-121.7259340">
    <ele>1104.4</ele>
    <time>2026-06-14T17:08:11Z</time>
    
   </trkpt>
   <trkpt lat="48.3328130" lon="-121.7259580">
    <ele>1105.8</ele>
    <time>2026-06-14T17:08:19Z</time>
    
   </trkpt>
   <trkpt lat="48.3328190" lon="-121.7259720">
    <ele>1106.8</ele>
    <time>2026-06-14T17:08:23Z</time>
    
   </trkpt>
   <trkpt lat="48.3328550" lon="-121.7259890">
    <ele>1108.0</ele>
    <time>2026-06-14T17:08:28Z</time>
    
   </trkpt>
   <trkpt lat="48.3328710" lon="-121.7259960">
    <ele>1108.4</ele>
    <time>2026-06-14T17:08:31Z</time>
    
   </trkpt>
   <trkpt lat="48.3328760" lon="-121.7260110">
    <ele>1109.2</ele>
    <time>2026-06-14T17:08:33Z</time>
    
   </trkpt>
   <trkpt lat="48.3328450" lon="-121.7260310">
    <ele>1110.2</ele>
    <time>2026-06-14T17:08:38Z</time>
    
   </trkpt>
   <trkpt lat="48.3328410" lon="-121.7260420">
    <ele>1110.8</ele>
    <time>2026-06-14T17:08:42Z</time>
    
   </trkpt>
   <trkpt lat="48.3328400" lon="-121.7260550">
    <ele>1111.6</ele>
    <time>2026-06-14T17:08:44Z</time>
    
   </trkpt>
   <trkpt lat="48.3328420" lon="-121.7260780">
    <ele>1112.6</ele>
    <time>2026-06-14T17:08:48Z</time>
    
   </trkpt>
   <trkpt lat="48.3328410" lon="-121.7260940">
    <ele>1112.8</ele>
    <time>2026-06-14T17:08:54Z</time>
    
   </trkpt>
   <trkpt lat="48.3328290" lon="-121.7261200">
    <ele>1113.0</ele>
    <time>2026-06-14T17:09:12Z</time>
    
   </trkpt>
   <trkpt lat="48.3328340" lon="-121.7261630">
    <ele>1113.8</ele>
    <time>2026-06-14T17:09:21Z</time>
    
   </trkpt>
   <trkpt lat="48.3328330" lon="-121.7261930">
    <ele>1114.8</ele>
    <time>2026-06-14T17:09:25Z</time>
    
   </trkpt>
   <trkpt lat="48.3328320" lon="-121.7261920">
    <ele>1115.2</ele>
    <time>2026-06-14T17:09:27Z</time>
    
   </trkpt>
   <trkpt lat="48.3328480" lon="-121.7262020">
    <ele>1116.0</ele>
    <time>2026-06-14T17:09:31Z</time>
    
   </trkpt>
   <trkpt lat="48.3328600" lon="-121.7262050">
    <ele>1116.8</ele>
    <time>2026-06-14T17:09:34Z</time>
    
   </trkpt>
   <trkpt lat="48.3328650" lon="-121.7262030">
    <ele>1117.2</ele>
    <time>2026-06-14T17:09:35Z</time>
    
   </trkpt>
   <trkpt lat="48.3328700" lon="-121.7262030">
    <ele>1117.6</ele>
    <time>2026-06-14T17:09:36Z</time>
    
   </trkpt>
   <trkpt lat="48.3328790" lon="-121.7262130">
    <ele>1118.2</ele>
    <time>2026-06-14T17:09:38Z</time>
    
   </trkpt>
   <trkpt lat="48.3328850" lon="-121.7262180">
    <ele>1118.8</ele>
    <time>2026-06-14T17:09:40Z</time>
    
   </trkpt>
   <trkpt lat="48.3328930" lon="-121.7262300">
    <ele>1119.4</ele>
    <time>2026-06-14T17:09:42Z</time>
    
   </trkpt>
   <trkpt lat="48.3329140" lon="-121.7262340">
    <ele>1120.6</ele>
    <time>2026-06-14T17:09:47Z</time>
    
   </trkpt>
   <trkpt lat="48.3329270" lon="-121.7262480">
    <ele>1121.2</ele>
    <time>2026-06-14T17:09:51Z</time>
    
   </trkpt>
   <trkpt lat="48.3329310" lon="-121.7262560">
    <ele>1121.8</ele>
    <time>2026-06-14T17:09:53Z</time>
    
   </trkpt>
   <trkpt lat="48.3329550" lon="-121.7262780">
    <ele>1123.0</ele>
    <time>2026-06-14T17:09:58Z</time>
    
   </trkpt>
   <trkpt lat="48.3329680" lon="-121.7263190">
    <ele>1124.2</ele>
    <time>2026-06-14T17:10:02Z</time>
    
   </trkpt>
   <trkpt lat="48.3330030" lon="-121.7263730">
    <ele>1125.2</ele>
    <time>2026-06-14T17:10:09Z</time>
    
   </trkpt>
   <trkpt lat="48.3330080" lon="-121.7263770">
    <ele>1125.6</ele>
    <time>2026-06-14T17:10:10Z</time>
    
   </trkpt>
   <trkpt lat="48.3330360" lon="-121.7263970">
    <ele>1126.4</ele>
    <time>2026-06-14T17:10:16Z</time>
    
   </trkpt>
   <trkpt lat="48.3330540" lon="-121.7264160">
    <ele>1127.4</ele>
    <time>2026-06-14T17:10:20Z</time>
    
   </trkpt>
   <trkpt lat="48.3330640" lon="-121.7264610">
    <ele>1128.6</ele>
    <time>2026-06-14T17:10:26Z</time>
    
   </trkpt>
   <trkpt lat="48.3330760" lon="-121.7265030">
    <ele>1129.6</ele>
    <time>2026-06-14T17:10:33Z</time>
    
   </trkpt>
   <trkpt lat="48.3330710" lon="-121.7265170">
    <ele>1129.6</ele>
    <time>2026-06-14T17:10:37Z</time>
    
   </trkpt>
   <trkpt lat="48.3330610" lon="-121.7265200">
    <ele>1129.6</ele>
    <time>2026-06-14T17:10:40Z</time>
    
   </trkpt>
   <trkpt lat="48.3330580" lon="-121.7265280">
    <ele>1129.6</ele>
    <time>2026-06-14T17:10:44Z</time>
    
   </trkpt>
   <trkpt lat="48.3330560" lon="-121.7265290">
    <ele>1129.8</ele>
    <time>2026-06-14T17:10:47Z</time>
    
   </trkpt>
   <trkpt lat="48.3330530" lon="-121.7265270">
    <ele>1129.6</ele>
    <time>2026-06-14T17:10:50Z</time>
    
   </trkpt>
   <trkpt lat="48.3330490" lon="-121.7265170">
    <ele>1129.6</ele>
    <time>2026-06-14T17:10:53Z</time>
    
   </trkpt>
   <trkpt lat="48.3330510" lon="-121.7265150">
    <ele>1129.6</ele>
    <time>2026-06-14T17:10:57Z</time>
    
   </trkpt>
   <trkpt lat="48.3330580" lon="-121.7265280">
    <ele>1129.6</ele>
    <time>2026-06-14T17:11:02Z</time>
    
   </trkpt>
   <trkpt lat="48.3330630" lon="-121.7265270">
    <ele>1129.2</ele>
    <time>2026-06-14T17:11:10Z</time>
    
   </trkpt>
   <trkpt lat="48.3330600" lon="-121.7265140">
    <ele>1129.6</ele>
    <time>2026-06-14T17:11:14Z</time>
    
   </trkpt>
   <trkpt lat="48.3330580" lon="-121.7265030">
    <ele>1129.4</ele>
    <time>2026-06-14T17:11:16Z</time>
    
   </trkpt>
   <trkpt lat="48.3330460" lon="-121.7264720">
    <ele>1128.4</ele>
    <time>2026-06-14T17:11:21Z</time>
    
   </trkpt>
   <trkpt lat="48.3330500" lon="-121.7264720">
    <ele>1127.8</ele>
    <time>2026-06-14T17:11:27Z</time>
    
   </trkpt>
   <trkpt lat="48.3330390" lon="-121.7264810">
    <ele>1128.0</ele>
    <time>2026-06-14T17:11:33Z</time>
    
   </trkpt>
   <trkpt lat="48.3330430" lon="-121.7264880">
    <ele>1128.6</ele>
    <time>2026-06-14T17:11:35Z</time>
    
   </trkpt>
   <trkpt lat="48.3330450" lon="-121.7265000">
    <ele>1128.8</ele>
    <time>2026-06-14T17:11:37Z</time>
    
   </trkpt>
   <trkpt lat="48.3330490" lon="-121.7265130">
    <ele>1129.4</ele>
    <time>2026-06-14T17:11:38Z</time>
    
   </trkpt>
   <trkpt lat="48.3330560" lon="-121.7265280">
    <ele>1129.8</ele>
    <time>2026-06-14T17:11:40Z</time>
    
   </trkpt>
   <trkpt lat="48.3330690" lon="-121.7265360">
    <ele>1130.6</ele>
    <time>2026-06-14T17:11:43Z</time>
    
   </trkpt>
   <trkpt lat="48.3330680" lon="-121.7265280">
    <ele>1131.4</ele>
    <time>2026-06-14T17:11:45Z</time>
    
   </trkpt>
   <trkpt lat="48.3330700" lon="-121.7265250">
    <ele>1131.8</ele>
    <time>2026-06-14T17:11:46Z</time>
    
   </trkpt>
   <trkpt lat="48.3330790" lon="-121.7265280">
    <ele>1131.4</ele>
    <time>2026-06-14T17:11:48Z</time>
    
   </trkpt>
   <trkpt lat="48.3330840" lon="-121.7265340">
    <ele>1131.6</ele>
    <time>2026-06-14T17:11:49Z</time>
    
   </trkpt>
   <trkpt lat="48.3331230" lon="-121.7266210">
    <ele>1132.8</ele>
    <time>2026-06-14T17:11:57Z</time>
    
   </trkpt>
   <trkpt lat="48.3331350" lon="-121.7266520">
    <ele>1133.2</ele>
    <time>2026-06-14T17:12:00Z</time>
    
   </trkpt>
   <trkpt lat="48.3331350" lon="-121.7266700">
    <ele>1133.6</ele>
    <time>2026-06-14T17:12:02Z</time>
    
   </trkpt>
   <trkpt lat="48.3331380" lon="-121.7266810">
    <ele>1134.0</ele>
    <time>2026-06-14T17:12:03Z</time>
    
   </trkpt>
   <trkpt lat="48.3331460" lon="-121.7267240">
    <ele>1134.4</ele>
    <time>2026-06-14T17:12:06Z</time>
    
   </trkpt>
   <trkpt lat="48.3331590" lon="-121.7267550">
    <ele>1134.8</ele>
    <time>2026-06-14T17:12:08Z</time>
    
   </trkpt>
   <trkpt lat="48.3331790" lon="-121.7268000">
    <ele>1135.0</ele>
    <time>2026-06-14T17:12:12Z</time>
    
   </trkpt>
   <trkpt lat="48.3331920" lon="-121.7268160">
    <ele>1135.2</ele>
    <time>2026-06-14T17:12:14Z</time>
    
   </trkpt>
   <trkpt lat="48.3332150" lon="-121.7268720">
    <ele>1136.4</ele>
    <time>2026-06-14T17:12:18Z</time>
    
   </trkpt>
   <trkpt lat="48.3332330" lon="-121.7269070">
    <ele>1136.8</ele>
    <time>2026-06-14T17:12:21Z</time>
    
   </trkpt>
   <trkpt lat="48.3332530" lon="-121.7269900">
    <ele>1136.8</ele>
    <time>2026-06-14T17:12:27Z</time>
    
   </trkpt>
   <trkpt lat="48.3332720" lon="-121.7270420">
    <ele>1136.8</ele>
    <time>2026-06-14T17:12:32Z</time>
    
   </trkpt>
   <trkpt lat="48.3332800" lon="-121.7271040">
    <ele>1137.4</ele>
    <time>2026-06-14T17:12:37Z</time>
    
   </trkpt>
   <trkpt lat="48.3332740" lon="-121.7271560">
    <ele>1137.8</ele>
    <time>2026-06-14T17:12:42Z</time>
    
   </trkpt>
   <trkpt lat="48.3332770" lon="-121.7271720">
    <ele>1137.8</ele>
    <time>2026-06-14T17:12:44Z</time>
    
   </trkpt>
   <trkpt lat="48.3332730" lon="-121.7272100">
    <ele>1137.6</ele>
    <time>2026-06-14T17:12:46Z</time>
    
   </trkpt>
   <trkpt lat="48.3332700" lon="-121.7272810">
    <ele>1137.4</ele>
    <time>2026-06-14T17:12:50Z</time>
    
   </trkpt>
   <trkpt lat="48.3332600" lon="-121.7273290">
    <ele>1137.8</ele>
    <time>2026-06-14T17:12:54Z</time>
    
   </trkpt>
   <trkpt lat="48.3332200" lon="-121.7274350">
    <ele>1138.4</ele>
    <time>2026-06-14T17:13:04Z</time>
    
   </trkpt>
   <trkpt lat="48.3331950" lon="-121.7275030">
    <ele>1138.4</ele>
    <time>2026-06-14T17:13:09Z</time>
    
   </trkpt>
   <trkpt lat="48.3331700" lon="-121.7275570">
    <ele>1138.6</ele>
    <time>2026-06-14T17:13:13Z</time>
    
   </trkpt>
   <trkpt lat="48.3331640" lon="-121.7276090">
    <ele>1139.0</ele>
    <time>2026-06-14T17:13:16Z</time>
    
   </trkpt>
   <trkpt lat="48.3331550" lon="-121.7276840">
    <ele>1138.6</ele>
    <time>2026-06-14T17:13:21Z</time>
    
   </trkpt>
   <trkpt lat="48.3331490" lon="-121.7277020">
    <ele>1138.6</ele>
    <time>2026-06-14T17:13:23Z</time>
    
   </trkpt>
   <trkpt lat="48.3331300" lon="-121.7277880">
    <ele>1138.8</ele>
    <time>2026-06-14T17:13:31Z</time>
    
   </trkpt>
   <trkpt lat="48.3331080" lon="-121.7278330">
    <ele>1138.8</ele>
    <time>2026-06-14T17:13:35Z</time>
    
   </trkpt>
   <trkpt lat="48.3330950" lon="-121.7278590">
    <ele>1138.8</ele>
    <time>2026-06-14T17:13:37Z</time>
    
   </trkpt>
   <trkpt lat="48.3330830" lon="-121.7278710">
    <ele>1138.8</ele>
    <time>2026-06-14T17:13:39Z</time>
    
   </trkpt>
   <trkpt lat="48.3330660" lon="-121.7278990">
    <ele>1139.0</ele>
    <time>2026-06-14T17:13:42Z</time>
    
   </trkpt>
   <trkpt lat="48.3330330" lon="-121.7279040">
    <ele>1139.4</ele>
    <time>2026-06-14T17:13:47Z</time>
    
   </trkpt>
   <trkpt lat="48.3330250" lon="-121.7279260">
    <ele>1139.4</ele>
    <time>2026-06-14T17:13:50Z</time>
    
   </trkpt>
   <trkpt lat="48.3330030" lon="-121.7280990">
    <ele>1140.4</ele>
    <time>2026-06-14T17:14:02Z</time>
    
   </trkpt>
   <trkpt lat="48.3329980" lon="-121.7281120">
    <ele>1140.4</ele>
    <time>2026-06-14T17:14:03Z</time>
    
   </trkpt>
   <trkpt lat="48.3329890" lon="-121.7281400">
    <ele>1140.6</ele>
    <time>2026-06-14T17:14:05Z</time>
    
   </trkpt>
   <trkpt lat="48.3329870" lon="-121.7281560">
    <ele>1140.6</ele>
    <time>2026-06-14T17:14:06Z</time>
    
   </trkpt>
   <trkpt lat="48.3329810" lon="-121.7281650">
    <ele>1140.8</ele>
    <time>2026-06-14T17:14:07Z</time>
    
   </trkpt>
   <trkpt lat="48.3329480" lon="-121.7282240">
    <ele>1141.6</ele>
    <time>2026-06-14T17:14:14Z</time>
    
   </trkpt>
   <trkpt lat="48.3329190" lon="-121.7282930">
    <ele>1142.2</ele>
    <time>2026-06-14T17:14:19Z</time>
    
   </trkpt>
   <trkpt lat="48.3328910" lon="-121.7283330">
    <ele>1142.6</ele>
    <time>2026-06-14T17:14:22Z</time>
    
   </trkpt>
   <trkpt lat="48.3328800" lon="-121.7283410">
    <ele>1142.8</ele>
    <time>2026-06-14T17:14:23Z</time>
    
   </trkpt>
   <trkpt lat="48.3328570" lon="-121.7283610">
    <ele>1143.0</ele>
    <time>2026-06-14T17:14:26Z</time>
    
   </trkpt>
   <trkpt lat="48.3328350" lon="-121.7283880">
    <ele>1143.4</ele>
    <time>2026-06-14T17:14:30Z</time>
    
   </trkpt>
   <trkpt lat="48.3328320" lon="-121.7283990">
    <ele>1143.6</ele>
    <time>2026-06-14T17:14:32Z</time>
    
   </trkpt>
   <trkpt lat="48.3328230" lon="-121.7283990">
    <ele>1143.6</ele>
    <time>2026-06-14T17:14:35Z</time>
    
   </trkpt>
   <trkpt lat="48.3328020" lon="-121.7283980">
    <ele>1143.4</ele>
    <time>2026-06-14T17:14:39Z</time>
    
   </trkpt>
   <trkpt lat="48.3327920" lon="-121.7284020">
    <ele>1143.4</ele>
    <time>2026-06-14T17:14:41Z</time>
    
   </trkpt>
   <trkpt lat="48.3327540" lon="-121.7284340">
    <ele>1143.2</ele>
    <time>2026-06-14T17:14:46Z</time>
    
   </trkpt>
   <trkpt lat="48.3327310" lon="-121.7284660">
    <ele>1143.2</ele>
    <time>2026-06-14T17:14:49Z</time>
    
   </trkpt>
   <trkpt lat="48.3327070" lon="-121.7284880">
    <ele>1143.2</ele>
    <time>2026-06-14T17:14:51Z</time>
    
   </trkpt>
   <trkpt lat="48.3326700" lon="-121.7285540">
    <ele>1142.6</ele>
    <time>2026-06-14T17:14:56Z</time>
    
   </trkpt>
   <trkpt lat="48.3326230" lon="-121.7286330">
    <ele>1142.0</ele>
    <time>2026-06-14T17:15:03Z</time>
    
   </trkpt>
   <trkpt lat="48.3326180" lon="-121.7286640">
    <ele>1141.6</ele>
    <time>2026-06-14T17:15:06Z</time>
    
   </trkpt>
   <trkpt lat="48.3326160" lon="-121.7286750">
    <ele>1141.6</ele>
    <time>2026-06-14T17:15:07Z</time>
    
   </trkpt>
   <trkpt lat="48.3326150" lon="-121.7286890">
    <ele>1141.8</ele>
    <time>2026-06-14T17:15:09Z</time>
    
   </trkpt>
   <trkpt lat="48.3326050" lon="-121.7286930">
    <ele>1142.0</ele>
    <time>2026-06-14T17:15:12Z</time>
    
   </trkpt>
   <trkpt lat="48.3325960" lon="-121.7287110">
    <ele>1141.6</ele>
    <time>2026-06-14T17:15:14Z</time>
    
   </trkpt>
   <trkpt lat="48.3325920" lon="-121.7287270">
    <ele>1141.4</ele>
    <time>2026-06-14T17:15:15Z</time>
    
   </trkpt>
   <trkpt lat="48.3325820" lon="-121.7287490">
    <ele>1140.6</ele>
    <time>2026-06-14T17:15:17Z</time>
    
   </trkpt>
   <trkpt lat="48.3325750" lon="-121.7287660">
    <ele>1140.4</ele>
    <time>2026-06-14T17:15:18Z</time>
    
   </trkpt>
   <trkpt lat="48.3325460" lon="-121.7288200">
    <ele>1139.8</ele>
    <time>2026-06-14T17:15:24Z</time>
    
   </trkpt>
   <trkpt lat="48.3325390" lon="-121.7288360">
    <ele>1139.6</ele>
    <time>2026-06-14T17:15:26Z</time>
    
   </trkpt>
   <trkpt lat="48.3325310" lon="-121.7288490">
    <ele>1139.2</ele>
    <time>2026-06-14T17:15:28Z</time>
    
   </trkpt>
   <trkpt lat="48.3324920" lon="-121.7288440">
    <ele>1138.8</ele>
    <time>2026-06-14T17:15:36Z</time>
    
   </trkpt>
   <trkpt lat="48.3324700" lon="-121.7288780">
    <ele>1138.6</ele>
    <time>2026-06-14T17:15:39Z</time>
    
   </trkpt>
   <trkpt lat="48.3324630" lon="-121.7288900">
    <ele>1138.4</ele>
    <time>2026-06-14T17:15:40Z</time>
    
   </trkpt>
   <trkpt lat="48.3324550" lon="-121.7288980">
    <ele>1138.4</ele>
    <time>2026-06-14T17:15:41Z</time>
    
   </trkpt>
   <trkpt lat="48.3324420" lon="-121.7289200">
    <ele>1138.4</ele>
    <time>2026-06-14T17:15:43Z</time>
    
   </trkpt>
   <trkpt lat="48.3324330" lon="-121.7289370">
    <ele>1138.4</ele>
    <time>2026-06-14T17:15:44Z</time>
    
   </trkpt>
   <trkpt lat="48.3324160" lon="-121.7289580">
    <ele>1138.6</ele>
    <time>2026-06-14T17:15:46Z</time>
    
   </trkpt>
   <trkpt lat="48.3323920" lon="-121.7289940">
    <ele>1138.6</ele>
    <time>2026-06-14T17:15:49Z</time>
    
   </trkpt>
   <trkpt lat="48.3323470" lon="-121.7290610">
    <ele>1138.4</ele>
    <time>2026-06-14T17:15:55Z</time>
    
   </trkpt>
   <trkpt lat="48.3322970" lon="-121.7291610">
    <ele>1138.2</ele>
    <time>2026-06-14T17:16:04Z</time>
    
   </trkpt>
   <trkpt lat="48.3322640" lon="-121.7292270">
    <ele>1138.4</ele>
    <time>2026-06-14T17:16:09Z</time>
    
   </trkpt>
   <trkpt lat="48.3322460" lon="-121.7292850">
    <ele>1139.0</ele>
    <time>2026-06-14T17:16:13Z</time>
    
   </trkpt>
   <trkpt lat="48.3321930" lon="-121.7294790">
    <ele>1138.8</ele>
    <time>2026-06-14T17:16:27Z</time>
    
   </trkpt>
   <trkpt lat="48.3321670" lon="-121.7295740">
    <ele>1139.0</ele>
    <time>2026-06-14T17:16:34Z</time>
    
   </trkpt>
   <trkpt lat="48.3321430" lon="-121.7296980">
    <ele>1139.6</ele>
    <time>2026-06-14T17:16:41Z</time>
    
   </trkpt>
   <trkpt lat="48.3321440" lon="-121.7297300">
    <ele>1140.0</ele>
    <time>2026-06-14T17:16:43Z</time>
    
   </trkpt>
   <trkpt lat="48.3321290" lon="-121.7298000">
    <ele>1140.6</ele>
    <time>2026-06-14T17:16:49Z</time>
    
   </trkpt>
   <trkpt lat="48.3321120" lon="-121.7298600">
    <ele>1141.0</ele>
    <time>2026-06-14T17:16:53Z</time>
    
   </trkpt>
   <trkpt lat="48.3320980" lon="-121.7298940">
    <ele>1141.4</ele>
    <time>2026-06-14T17:16:56Z</time>
    
   </trkpt>
   <trkpt lat="48.3320800" lon="-121.7299100">
    <ele>1141.6</ele>
    <time>2026-06-14T17:16:59Z</time>
    
   </trkpt>
   <trkpt lat="48.3320710" lon="-121.7299140">
    <ele>1141.8</ele>
    <time>2026-06-14T17:17:00Z</time>
    
   </trkpt>
   <trkpt lat="48.3320660" lon="-121.7299200">
    <ele>1141.8</ele>
    <time>2026-06-14T17:17:01Z</time>
    
   </trkpt>
   <trkpt lat="48.3320580" lon="-121.7299210">
    <ele>1141.8</ele>
    <time>2026-06-14T17:17:02Z</time>
    
   </trkpt>
   <trkpt lat="48.3320480" lon="-121.7299270">
    <ele>1142.0</ele>
    <time>2026-06-14T17:17:04Z</time>
    
   </trkpt>
   <trkpt lat="48.3320260" lon="-121.7299510">
    <ele>1142.6</ele>
    <time>2026-06-14T17:17:07Z</time>
    
   </trkpt>
   <trkpt lat="48.3320190" lon="-121.7299590">
    <ele>1142.8</ele>
    <time>2026-06-14T17:17:08Z</time>
    
   </trkpt>
   <trkpt lat="48.3320110" lon="-121.7299670">
    <ele>1143.2</ele>
    <time>2026-06-14T17:17:09Z</time>
    
   </trkpt>
   <trkpt lat="48.3319830" lon="-121.7299840">
    <ele>1143.8</ele>
    <time>2026-06-14T17:17:12Z</time>
    
   </trkpt>
   <trkpt lat="48.3319650" lon="-121.7299960">
    <ele>1144.8</ele>
    <time>2026-06-14T17:17:15Z</time>
    
   </trkpt>
   <trkpt lat="48.3319600" lon="-121.7300020">
    <ele>1145.0</ele>
    <time>2026-06-14T17:17:16Z</time>
    
   </trkpt>
   <trkpt lat="48.3319540" lon="-121.7300060">
    <ele>1145.2</ele>
    <time>2026-06-14T17:17:17Z</time>
    
   </trkpt>
   <trkpt lat="48.3319380" lon="-121.7300350">
    <ele>1145.8</ele>
    <time>2026-06-14T17:17:22Z</time>
    
   </trkpt>
   <trkpt lat="48.3319240" lon="-121.7300540">
    <ele>1146.0</ele>
    <time>2026-06-14T17:17:24Z</time>
    
   </trkpt>
   <trkpt lat="48.3318920" lon="-121.7300910">
    <ele>1147.0</ele>
    <time>2026-06-14T17:17:31Z</time>
    
   </trkpt>
   <trkpt lat="48.3318890" lon="-121.7300980">
    <ele>1147.2</ele>
    <time>2026-06-14T17:17:32Z</time>
    
   </trkpt>
   <trkpt lat="48.3318860" lon="-121.7301270">
    <ele>1148.0</ele>
    <time>2026-06-14T17:17:35Z</time>
    
   </trkpt>
   <trkpt lat="48.3318760" lon="-121.7301520">
    <ele>1148.2</ele>
    <time>2026-06-14T17:17:38Z</time>
    
   </trkpt>
   <trkpt lat="48.3317690" lon="-121.7302100">
    <ele>1149.2</ele>
    <time>2026-06-14T17:17:47Z</time>
    
   </trkpt>
   <trkpt lat="48.3317400" lon="-121.7302180">
    <ele>1149.4</ele>
    <time>2026-06-14T17:17:49Z</time>
    
   </trkpt>
   <trkpt lat="48.3317240" lon="-121.7302200">
    <ele>1149.6</ele>
    <time>2026-06-14T17:17:50Z</time>
    
   </trkpt>
   <trkpt lat="48.3316860" lon="-121.7302130">
    <ele>1150.4</ele>
    <time>2026-06-14T17:17:53Z</time>
    
   </trkpt>
   <trkpt lat="48.3316690" lon="-121.7302090">
    <ele>1150.4</ele>
    <time>2026-06-14T17:17:54Z</time>
    
   </trkpt>
   <trkpt lat="48.3316120" lon="-121.7302270">
    <ele>1151.0</ele>
    <time>2026-06-14T17:17:58Z</time>
    
   </trkpt>
   <trkpt lat="48.3315930" lon="-121.7302400">
    <ele>1151.2</ele>
    <time>2026-06-14T17:18:00Z</time>
    
   </trkpt>
   <trkpt lat="48.3315760" lon="-121.7302550">
    <ele>1151.4</ele>
    <time>2026-06-14T17:18:02Z</time>
    
   </trkpt>
   <trkpt lat="48.3315510" lon="-121.7302760">
    <ele>1151.6</ele>
    <time>2026-06-14T17:18:04Z</time>
    
   </trkpt>
   <trkpt lat="48.3315170" lon="-121.7303120">
    <ele>1152.0</ele>
    <time>2026-06-14T17:18:08Z</time>
    
   </trkpt>
   <trkpt lat="48.3314900" lon="-121.7303320">
    <ele>1152.4</ele>
    <time>2026-06-14T17:18:12Z</time>
    
   </trkpt>
   <trkpt lat="48.3314750" lon="-121.7303690">
    <ele>1152.6</ele>
    <time>2026-06-14T17:18:14Z</time>
    
   </trkpt>
   <trkpt lat="48.3314670" lon="-121.7303860">
    <ele>1152.6</ele>
    <time>2026-06-14T17:18:15Z</time>
    
   </trkpt>
   <trkpt lat="48.3314590" lon="-121.7304000">
    <ele>1152.6</ele>
    <time>2026-06-14T17:18:16Z</time>
    
   </trkpt>
   <trkpt lat="48.3314040" lon="-121.7304790">
    <ele>1153.4</ele>
    <time>2026-06-14T17:18:25Z</time>
    
   </trkpt>
   <trkpt lat="48.3313830" lon="-121.7305040">
    <ele>1153.4</ele>
    <time>2026-06-14T17:18:28Z</time>
    
   </trkpt>
   <trkpt lat="48.3313720" lon="-121.7305270">
    <ele>1153.4</ele>
    <time>2026-06-14T17:18:30Z</time>
    
   </trkpt>
   <trkpt lat="48.3313690" lon="-121.7305420">
    <ele>1153.4</ele>
    <time>2026-06-14T17:18:31Z</time>
    
   </trkpt>
   <trkpt lat="48.3313670" lon="-121.7305580">
    <ele>1153.4</ele>
    <time>2026-06-14T17:18:32Z</time>
    
   </trkpt>
   <trkpt lat="48.3313820" lon="-121.7306270">
    <ele>1153.6</ele>
    <time>2026-06-14T17:18:36Z</time>
    
   </trkpt>
   <trkpt lat="48.3313660" lon="-121.7306950">
    <ele>1154.0</ele>
    <time>2026-06-14T17:18:40Z</time>
    
   </trkpt>
   <trkpt lat="48.3313620" lon="-121.7307170">
    <ele>1154.0</ele>
    <time>2026-06-14T17:18:41Z</time>
    
   </trkpt>
   <trkpt lat="48.3313350" lon="-121.7307980">
    <ele>1154.4</ele>
    <time>2026-06-14T17:18:47Z</time>
    
   </trkpt>
   <trkpt lat="48.3313270" lon="-121.7308680">
    <ele>1154.8</ele>
    <time>2026-06-14T17:18:52Z</time>
    
   </trkpt>
   <trkpt lat="48.3313260" lon="-121.7309110">
    <ele>1155.0</ele>
    <time>2026-06-14T17:18:55Z</time>
    
   </trkpt>
   <trkpt lat="48.3313260" lon="-121.7309190">
    <ele>1155.2</ele>
    <time>2026-06-14T17:18:56Z</time>
    
   </trkpt>
   <trkpt lat="48.3313240" lon="-121.7309380">
    <ele>1155.2</ele>
    <time>2026-06-14T17:18:58Z</time>
    
   </trkpt>
   <trkpt lat="48.3313220" lon="-121.7309460">
    <ele>1155.4</ele>
    <time>2026-06-14T17:18:59Z</time>
    
   </trkpt>
   <trkpt lat="48.3313120" lon="-121.7309890">
    <ele>1156.0</ele>
    <time>2026-06-14T17:19:02Z</time>
    
   </trkpt>
   <trkpt lat="48.3313100" lon="-121.7310220">
    <ele>1156.2</ele>
    <time>2026-06-14T17:19:04Z</time>
    
   </trkpt>
   <trkpt lat="48.3313130" lon="-121.7310500">
    <ele>1156.2</ele>
    <time>2026-06-14T17:19:06Z</time>
    
   </trkpt>
   <trkpt lat="48.3313150" lon="-121.7310880">
    <ele>1156.6</ele>
    <time>2026-06-14T17:19:08Z</time>
    
   </trkpt>
   <trkpt lat="48.3313160" lon="-121.7311110">
    <ele>1157.0</ele>
    <time>2026-06-14T17:19:10Z</time>
    
   </trkpt>
   <trkpt lat="48.3313180" lon="-121.7311280">
    <ele>1157.0</ele>
    <time>2026-06-14T17:19:11Z</time>
    
   </trkpt>
   <trkpt lat="48.3313180" lon="-121.7311650">
    <ele>1157.2</ele>
    <time>2026-06-14T17:19:13Z</time>
    
   </trkpt>
   <trkpt lat="48.3313400" lon="-121.7311910">
    <ele>1157.2</ele>
    <time>2026-06-14T17:19:15Z</time>
    
   </trkpt>
   <trkpt lat="48.3313610" lon="-121.7312430">
    <ele>1157.0</ele>
    <time>2026-06-14T17:19:18Z</time>
    
   </trkpt>
   <trkpt lat="48.3313630" lon="-121.7313520">
    <ele>1156.8</ele>
    <time>2026-06-14T17:19:23Z</time>
    
   </trkpt>
   <trkpt lat="48.3313650" lon="-121.7313850">
    <ele>1157.0</ele>
    <time>2026-06-14T17:19:25Z</time>
    
   </trkpt>
   <trkpt lat="48.3313580" lon="-121.7314570">
    <ele>1157.6</ele>
    <time>2026-06-14T17:19:30Z</time>
    
   </trkpt>
   <trkpt lat="48.3313750" lon="-121.7315190">
    <ele>1158.8</ele>
    <time>2026-06-14T17:19:35Z</time>
    
   </trkpt>
   <trkpt lat="48.3313690" lon="-121.7315640">
    <ele>1159.4</ele>
    <time>2026-06-14T17:19:39Z</time>
    
   </trkpt>
   <trkpt lat="48.3313610" lon="-121.7315830">
    <ele>1159.8</ele>
    <time>2026-06-14T17:19:41Z</time>
    
   </trkpt>
   <trkpt lat="48.3313380" lon="-121.7316280">
    <ele>1160.4</ele>
    <time>2026-06-14T17:19:47Z</time>
    
   </trkpt>
   <trkpt lat="48.3313280" lon="-121.7316380">
    <ele>1160.6</ele>
    <time>2026-06-14T17:19:49Z</time>
    
   </trkpt>
   <trkpt lat="48.3313110" lon="-121.7316840">
    <ele>1160.6</ele>
    <time>2026-06-14T17:19:54Z</time>
    
   </trkpt>
   <trkpt lat="48.3313090" lon="-121.7316900">
    <ele>1160.6</ele>
    <time>2026-06-14T17:19:55Z</time>
    
   </trkpt>
   <trkpt lat="48.3313040" lon="-121.7317090">
    <ele>1160.8</ele>
    <time>2026-06-14T17:19:59Z</time>
    
   </trkpt>
   <trkpt lat="48.3312990" lon="-121.7318220">
    <ele>1161.8</ele>
    <time>2026-06-14T17:20:08Z</time>
    
   </trkpt>
   <trkpt lat="48.3312740" lon="-121.7318510">
    <ele>1162.0</ele>
    <time>2026-06-14T17:20:10Z</time>
    
   </trkpt>
   <trkpt lat="48.3312280" lon="-121.7318720">
    <ele>1162.0</ele>
    <time>2026-06-14T17:20:13Z</time>
    
   </trkpt>
   <trkpt lat="48.3311920" lon="-121.7318870">
    <ele>1162.2</ele>
    <time>2026-06-14T17:20:15Z</time>
    
   </trkpt>
   <trkpt lat="48.3311680" lon="-121.7319000">
    <ele>1162.4</ele>
    <time>2026-06-14T17:20:17Z</time>
    
   </trkpt>
   <trkpt lat="48.3311520" lon="-121.7319120">
    <ele>1162.6</ele>
    <time>2026-06-14T17:20:19Z</time>
    
   </trkpt>
   <trkpt lat="48.3311430" lon="-121.7319110">
    <ele>1162.8</ele>
    <time>2026-06-14T17:20:20Z</time>
    
   </trkpt>
   <trkpt lat="48.3311230" lon="-121.7319110">
    <ele>1163.0</ele>
    <time>2026-06-14T17:20:23Z</time>
    
   </trkpt>
   <trkpt lat="48.3311070" lon="-121.7319180">
    <ele>1162.8</ele>
    <time>2026-06-14T17:20:30Z</time>
    
   </trkpt>
   <trkpt lat="48.3311160" lon="-121.7319540">
    <ele>1162.8</ele>
    <time>2026-06-14T17:20:33Z</time>
    
   </trkpt>
   <trkpt lat="48.3311160" lon="-121.7319840">
    <ele>1162.8</ele>
    <time>2026-06-14T17:20:38Z</time>
    
   </trkpt>
   <trkpt lat="48.3311120" lon="-121.7319900">
    <ele>1163.0</ele>
    <time>2026-06-14T17:20:43Z</time>
    
   </trkpt>
   <trkpt lat="48.3311110" lon="-121.7319980">
    <ele>1162.6</ele>
    <time>2026-06-14T17:20:51Z</time>
    
   </trkpt>
   <trkpt lat="48.3311050" lon="-121.7319640">
    <ele>1162.6</ele>
    <time>2026-06-14T17:20:59Z</time>
    
   </trkpt>
   <trkpt lat="48.3310970" lon="-121.7319400">
    <ele>1162.6</ele>
    <time>2026-06-14T17:21:01Z</time>
    
   </trkpt>
   <trkpt lat="48.3310860" lon="-121.7319240">
    <ele>1162.6</ele>
    <time>2026-06-14T17:21:03Z</time>
    
   </trkpt>
   <trkpt lat="48.3310890" lon="-121.7319250">
    <ele>1162.6</ele>
    <time>2026-06-14T17:21:04Z</time>
    
   </trkpt>
   <trkpt lat="48.3310830" lon="-121.7319200">
    <ele>1162.6</ele>
    <time>2026-06-14T17:21:05Z</time>
    
   </trkpt>
   <trkpt lat="48.3310720" lon="-121.7319090">
    <ele>1162.6</ele>
    <time>2026-06-14T17:21:07Z</time>
    
   </trkpt>
   <trkpt lat="48.3310780" lon="-121.7319140">
    <ele>1162.6</ele>
    <time>2026-06-14T17:21:08Z</time>
    
   </trkpt>
   <trkpt lat="48.3310850" lon="-121.7319190">
    <ele>1162.8</ele>
    <time>2026-06-14T17:21:12Z</time>
    
   </trkpt>
   <trkpt lat="48.3310860" lon="-121.7319210">
    <ele>1162.8</ele>
    <time>2026-06-14T17:21:15Z</time>
    
   </trkpt>
   <trkpt lat="48.3310890" lon="-121.7319220">
    <ele>1162.8</ele>
    <time>2026-06-14T17:21:17Z</time>
    
   </trkpt>
   <trkpt lat="48.3310870" lon="-121.7319190">
    <ele>1162.8</ele>
    <time>2026-06-14T17:21:19Z</time>
    
   </trkpt>
   <trkpt lat="48.3310870" lon="-121.7319110">
    <ele>1162.8</ele>
    <time>2026-06-14T17:21:21Z</time>
    
   </trkpt>
   <trkpt lat="48.3310870" lon="-121.7319080">
    <ele>1162.8</ele>
    <time>2026-06-14T17:21:24Z</time>
    
   </trkpt>
   <trkpt lat="48.3311120" lon="-121.7319170">
    <ele>1162.2</ele>
    <time>2026-06-14T17:21:42Z</time>
    
   </trkpt>
   <trkpt lat="48.3311160" lon="-121.7319130">
    <ele>1162.2</ele>
    <time>2026-06-14T17:21:48Z</time>
    
   </trkpt>
   <trkpt lat="48.3311150" lon="-121.7318810">
    <ele>1162.2</ele>
    <time>2026-06-14T17:21:58Z</time>
    
   </trkpt>
   <trkpt lat="48.3311180" lon="-121.7318760">
    <ele>1162.2</ele>
    <time>2026-06-14T17:22:03Z</time>
    
   </trkpt>
   <trkpt lat="48.3311340" lon="-121.7318730">
    <ele>1162.2</ele>
    <time>2026-06-14T17:22:13Z</time>
    
   </trkpt>
   <trkpt lat="48.3311380" lon="-121.7318820">
    <ele>1162.2</ele>
    <time>2026-06-14T17:22:19Z</time>
    
   </trkpt>
   <trkpt lat="48.3311380" lon="-121.7318810">
    <ele>1162.2</ele>
    <time>2026-06-14T17:22:20Z</time>
    
   </trkpt>
   <trkpt lat="48.3311400" lon="-121.7318860">
    <ele>1162.2</ele>
    <time>2026-06-14T17:22:22Z</time>
    
   </trkpt>
   <trkpt lat="48.3311410" lon="-121.7318870">
    <ele>1162.2</ele>
    <time>2026-06-14T17:22:23Z</time>
    
   </trkpt>
   <trkpt lat="48.3311410" lon="-121.7318930">
    <ele>1162.2</ele>
    <time>2026-06-14T17:22:25Z</time>
    
   </trkpt>
   <trkpt lat="48.3311390" lon="-121.7319010">
    <ele>1162.2</ele>
    <time>2026-06-14T17:22:27Z</time>
    
   </trkpt>
   <trkpt lat="48.3311420" lon="-121.7319080">
    <ele>1162.2</ele>
    <time>2026-06-14T17:22:29Z</time>
    
   </trkpt>
   <trkpt lat="48.3311470" lon="-121.7319230">
    <ele>1162.2</ele>
    <time>2026-06-14T17:22:34Z</time>
    
   </trkpt>
   <trkpt lat="48.3311410" lon="-121.7319350">
    <ele>1162.2</ele>
    <time>2026-06-14T17:22:38Z</time>
    
   </trkpt>
   <trkpt lat="48.3311380" lon="-121.7319380">
    <ele>1162.2</ele>
    <time>2026-06-14T17:22:39Z</time>
    
   </trkpt>
   <trkpt lat="48.3311350" lon="-121.7319420">
    <ele>1162.2</ele>
    <time>2026-06-14T17:22:40Z</time>
    
   </trkpt>
   <trkpt lat="48.3311310" lon="-121.7319470">
    <ele>1162.2</ele>
    <time>2026-06-14T17:22:41Z</time>
    
   </trkpt>
   <trkpt lat="48.3311280" lon="-121.7319520">
    <ele>1162.2</ele>
    <time>2026-06-14T17:22:42Z</time>
    
   </trkpt>
   <trkpt lat="48.3311250" lon="-121.7319550">
    <ele>1162.2</ele>
    <time>2026-06-14T17:22:43Z</time>
    
   </trkpt>
   <trkpt lat="48.3311220" lon="-121.7319580">
    <ele>1162.2</ele>
    <time>2026-06-14T17:22:44Z</time>
    
   </trkpt>
   <trkpt lat="48.3311160" lon="-121.7319650">
    <ele>1162.2</ele>
    <time>2026-06-14T17:22:46Z</time>
    
   </trkpt>
   <trkpt lat="48.3311050" lon="-121.7319790">
    <ele>1162.2</ele>
    <time>2026-06-14T17:22:49Z</time>
    
   </trkpt>
   <trkpt lat="48.3311680" lon="-121.7320370">
    <ele>1162.2</ele>
    <time>2026-06-14T17:23:04Z</time>
    
   </trkpt>
   <trkpt lat="48.3312330" lon="-121.7320580">
    <ele>1162.2</ele>
    <time>2026-06-14T17:23:12Z</time>
    
   </trkpt>
   <trkpt lat="48.3313060" lon="-121.7320600">
    <ele>1162.2</ele>
    <time>2026-06-14T17:23:23Z</time>
    
   </trkpt>
   <trkpt lat="48.3313170" lon="-121.7320580">
    <ele>1162.2</ele>
    <time>2026-06-14T17:23:25Z</time>
    
   </trkpt>
   <trkpt lat="48.3312870" lon="-121.7320230">
    <ele>1162.2</ele>
    <time>2026-06-14T17:23:36Z</time>
    
   </trkpt>
   <trkpt lat="48.3312790" lon="-121.7320160">
    <ele>1162.2</ele>
    <time>2026-06-14T17:23:39Z</time>
    
   </trkpt>
   <trkpt lat="48.3312800" lon="-121.7320120">
    <ele>1162.2</ele>
    <time>2026-06-14T17:23:42Z</time>
    
   </trkpt>
   <trkpt lat="48.3312150" lon="-121.7319800">
    <ele>1162.2</ele>
    <time>2026-06-14T17:23:51Z</time>
    
   </trkpt>
   <trkpt lat="48.3311340" lon="-121.7319590">
    <ele>1162.4</ele>
    <time>2026-06-14T17:23:58Z</time>
    
   </trkpt>
   <trkpt lat="48.3311480" lon="-121.7319640">
    <ele>1162.4</ele>
    <time>2026-06-14T17:24:02Z</time>
    
   </trkpt>
   <trkpt lat="48.3311500" lon="-121.7319630">
    <ele>1162.6</ele>
    <time>2026-06-14T17:24:07Z</time>
    
   </trkpt>
   <trkpt lat="48.3311520" lon="-121.7319550">
    <ele>1162.6</ele>
    <time>2026-06-14T17:24:08Z</time>
    
   </trkpt>
   <trkpt lat="48.3311560" lon="-121.7319550">
    <ele>1162.6</ele>
    <time>2026-06-14T17:24:09Z</time>
    
   </trkpt>
   <trkpt lat="48.3311630" lon="-121.7319470">
    <ele>1162.4</ele>
    <time>2026-06-14T17:24:11Z</time>
    
   </trkpt>
   <trkpt lat="48.3311650" lon="-121.7319420">
    <ele>1162.4</ele>
    <time>2026-06-14T17:24:12Z</time>
    
   </trkpt>
   <trkpt lat="48.3311650" lon="-121.7319450">
    <ele>1162.4</ele>
    <time>2026-06-14T17:24:13Z</time>
    
   </trkpt>
   <trkpt lat="48.3311760" lon="-121.7319370">
    <ele>1162.4</ele>
    <time>2026-06-14T17:24:18Z</time>
    
   </trkpt>
   <trkpt lat="48.3312080" lon="-121.7319420">
    <ele>1162.4</ele>
    <time>2026-06-14T17:24:22Z</time>
    
   </trkpt>
   <trkpt lat="48.3312320" lon="-121.7319470">
    <ele>1162.4</ele>
    <time>2026-06-14T17:24:26Z</time>
    
   </trkpt>
   <trkpt lat="48.3312240" lon="-121.7319550">
    <ele>1162.2</ele>
    <time>2026-06-14T17:24:30Z</time>
    
   </trkpt>
   <trkpt lat="48.3312210" lon="-121.7319590">
    <ele>1162.6</ele>
    <time>2026-06-14T17:24:41Z</time>
    
   </trkpt>
   <trkpt lat="48.3311630" lon="-121.7318530">
    <ele>1163.0</ele>
    <time>2026-06-14T17:24:49Z</time>
    
   </trkpt>
   <trkpt lat="48.3311380" lon="-121.7318640">
    <ele>1163.0</ele>
    <time>2026-06-14T17:24:55Z</time>
    
   </trkpt>
   <trkpt lat="48.3311000" lon="-121.7318680">
    <ele>1163.4</ele>
    <time>2026-06-14T17:24:58Z</time>
    
   </trkpt>
   <trkpt lat="48.3310900" lon="-121.7318730">
    <ele>1163.6</ele>
    <time>2026-06-14T17:24:59Z</time>
    
   </trkpt>
   <trkpt lat="48.3310780" lon="-121.7318750">
    <ele>1164.0</ele>
    <time>2026-06-14T17:25:00Z</time>
    
   </trkpt>
   <trkpt lat="48.3310680" lon="-121.7318760">
    <ele>1164.2</ele>
    <time>2026-06-14T17:25:01Z</time>
    
   </trkpt>
   <trkpt lat="48.3310410" lon="-121.7318750">
    <ele>1164.4</ele>
    <time>2026-06-14T17:25:03Z</time>
    
   </trkpt>
   <trkpt lat="48.3310250" lon="-121.7318800">
    <ele>1164.4</ele>
    <time>2026-06-14T17:25:04Z</time>
    
   </trkpt>
   <trkpt lat="48.3310160" lon="-121.7318830">
    <ele>1164.4</ele>
    <time>2026-06-14T17:25:05Z</time>
    
   </trkpt>
   <trkpt lat="48.3309990" lon="-121.7319000">
    <ele>1164.6</ele>
    <time>2026-06-14T17:25:07Z</time>
    
   </trkpt>
   <trkpt lat="48.3309900" lon="-121.7319090">
    <ele>1164.6</ele>
    <time>2026-06-14T17:25:08Z</time>
    
   </trkpt>
   <trkpt lat="48.3309820" lon="-121.7319210">
    <ele>1164.6</ele>
    <time>2026-06-14T17:25:09Z</time>
    
   </trkpt>
   <trkpt lat="48.3309570" lon="-121.7319490">
    <ele>1164.0</ele>
    <time>2026-06-14T17:25:12Z</time>
    
   </trkpt>
   <trkpt lat="48.3309410" lon="-121.7319840">
    <ele>1163.6</ele>
    <time>2026-06-14T17:25:15Z</time>
    
   </trkpt>
   <trkpt lat="48.3309270" lon="-121.7320090">
    <ele>1163.0</ele>
    <time>2026-06-14T17:25:18Z</time>
    
   </trkpt>
   <trkpt lat="48.3309260" lon="-121.7320140">
    <ele>1162.8</ele>
    <time>2026-06-14T17:25:20Z</time>
    
   </trkpt>
   <trkpt lat="48.3309250" lon="-121.7320180">
    <ele>1162.6</ele>
    <time>2026-06-14T17:25:22Z</time>
    
   </trkpt>
   <trkpt lat="48.3309020" lon="-121.7320040">
    <ele>1162.0</ele>
    <time>2026-06-14T17:25:31Z</time>
    
   </trkpt>
   <trkpt lat="48.3308640" lon="-121.7319680">
    <ele>1161.6</ele>
    <time>2026-06-14T17:25:37Z</time>
    
   </trkpt>
   <trkpt lat="48.3308330" lon="-121.7319560">
    <ele>1162.0</ele>
    <time>2026-06-14T17:25:42Z</time>
    
   </trkpt>
   <trkpt lat="48.3308270" lon="-121.7319510">
    <ele>1162.4</ele>
    <time>2026-06-14T17:25:44Z</time>
    
   </trkpt>
   <trkpt lat="48.3308190" lon="-121.7319510">
    <ele>1163.0</ele>
    <time>2026-06-14T17:25:46Z</time>
    
   </trkpt>
   <trkpt lat="48.3308170" lon="-121.7319570">
    <ele>1163.0</ele>
    <time>2026-06-14T17:25:47Z</time>
    
   </trkpt>
   <trkpt lat="48.3308020" lon="-121.7319810">
    <ele>1163.8</ele>
    <time>2026-06-14T17:25:51Z</time>
    
   </trkpt>
   <trkpt lat="48.3307770" lon="-121.7320100">
    <ele>1164.2</ele>
    <time>2026-06-14T17:25:54Z</time>
    
   </trkpt>
   <trkpt lat="48.3307630" lon="-121.7320380">
    <ele>1164.8</ele>
    <time>2026-06-14T17:25:57Z</time>
    
   </trkpt>
   <trkpt lat="48.3307520" lon="-121.7320610">
    <ele>1165.4</ele>
    <time>2026-06-14T17:25:59Z</time>
    
   </trkpt>
   <trkpt lat="48.3307470" lon="-121.7320690">
    <ele>1165.6</ele>
    <time>2026-06-14T17:26:00Z</time>
    
   </trkpt>
   <trkpt lat="48.3307270" lon="-121.7321070">
    <ele>1166.2</ele>
    <time>2026-06-14T17:26:03Z</time>
    
   </trkpt>
   <trkpt lat="48.3307170" lon="-121.7321130">
    <ele>1166.4</ele>
    <time>2026-06-14T17:26:04Z</time>
    
   </trkpt>
   <trkpt lat="48.3307090" lon="-121.7321200">
    <ele>1166.8</ele>
    <time>2026-06-14T17:26:05Z</time>
    
   </trkpt>
   <trkpt lat="48.3306870" lon="-121.7321390">
    <ele>1167.6</ele>
    <time>2026-06-14T17:26:08Z</time>
    
   </trkpt>
   <trkpt lat="48.3306740" lon="-121.7321440">
    <ele>1167.6</ele>
    <time>2026-06-14T17:26:09Z</time>
    
   </trkpt>
   <trkpt lat="48.3306580" lon="-121.7321550">
    <ele>1168.2</ele>
    <time>2026-06-14T17:26:11Z</time>
    
   </trkpt>
   <trkpt lat="48.3306440" lon="-121.7321510">
    <ele>1169.0</ele>
    <time>2026-06-14T17:26:13Z</time>
    
   </trkpt>
   <trkpt lat="48.3306380" lon="-121.7321440">
    <ele>1169.4</ele>
    <time>2026-06-14T17:26:14Z</time>
    
   </trkpt>
   <trkpt lat="48.3306290" lon="-121.7321390">
    <ele>1170.0</ele>
    <time>2026-06-14T17:26:16Z</time>
    
   </trkpt>
   <trkpt lat="48.3306210" lon="-121.7321350">
    <ele>1170.2</ele>
    <time>2026-06-14T17:26:17Z</time>
    
   </trkpt>
   <trkpt lat="48.3306080" lon="-121.7321360">
    <ele>1170.6</ele>
    <time>2026-06-14T17:26:20Z</time>
    
   </trkpt>
   <trkpt lat="48.3306020" lon="-121.7321360">
    <ele>1170.6</ele>
    <time>2026-06-14T17:26:21Z</time>
    
   </trkpt>
   <trkpt lat="48.3305950" lon="-121.7321340">
    <ele>1170.8</ele>
    <time>2026-06-14T17:26:22Z</time>
    
   </trkpt>
   <trkpt lat="48.3305870" lon="-121.7321200">
    <ele>1171.2</ele>
    <time>2026-06-14T17:26:24Z</time>
    
   </trkpt>
   <trkpt lat="48.3305810" lon="-121.7321180">
    <ele>1171.6</ele>
    <time>2026-06-14T17:26:26Z</time>
    
   </trkpt>
   <trkpt lat="48.3305610" lon="-121.7321150">
    <ele>1172.4</ele>
    <time>2026-06-14T17:26:30Z</time>
    
   </trkpt>
   <trkpt lat="48.3305440" lon="-121.7321040">
    <ele>1172.8</ele>
    <time>2026-06-14T17:26:34Z</time>
    
   </trkpt>
   <trkpt lat="48.3305360" lon="-121.7320970">
    <ele>1172.8</ele>
    <time>2026-06-14T17:26:36Z</time>
    
   </trkpt>
   <trkpt lat="48.3305300" lon="-121.7320970">
    <ele>1173.2</ele>
    <time>2026-06-14T17:26:40Z</time>
    
   </trkpt>
   <trkpt lat="48.3305240" lon="-121.7320940">
    <ele>1173.4</ele>
    <time>2026-06-14T17:26:41Z</time>
    
   </trkpt>
   <trkpt lat="48.3304410" lon="-121.7320840">
    <ele>1174.4</ele>
    <time>2026-06-14T17:26:53Z</time>
    
   </trkpt>
   <trkpt lat="48.3304310" lon="-121.7320730">
    <ele>1174.6</ele>
    <time>2026-06-14T17:26:54Z</time>
    
   </trkpt>
   <trkpt lat="48.3303800" lon="-121.7320440">
    <ele>1175.6</ele>
    <time>2026-06-14T17:26:58Z</time>
    
   </trkpt>
   <trkpt lat="48.3303540" lon="-121.7320160">
    <ele>1176.0</ele>
    <time>2026-06-14T17:27:00Z</time>
    
   </trkpt>
   <trkpt lat="48.3303320" lon="-121.7319920">
    <ele>1176.0</ele>
    <time>2026-06-14T17:27:04Z</time>
    
   </trkpt>
   <trkpt lat="48.3303160" lon="-121.7319800">
    <ele>1176.0</ele>
    <time>2026-06-14T17:27:07Z</time>
    
   </trkpt>
   <trkpt lat="48.3303040" lon="-121.7319700">
    <ele>1175.6</ele>
    <time>2026-06-14T17:27:09Z</time>
    
   </trkpt>
   <trkpt lat="48.3302450" lon="-121.7319590">
    <ele>1175.0</ele>
    <time>2026-06-14T17:27:15Z</time>
    
   </trkpt>
   <trkpt lat="48.3301900" lon="-121.7319470">
    <ele>1175.4</ele>
    <time>2026-06-14T17:27:21Z</time>
    
   </trkpt>
   <trkpt lat="48.3301830" lon="-121.7319390">
    <ele>1175.4</ele>
    <time>2026-06-14T17:27:23Z</time>
    
   </trkpt>
   <trkpt lat="48.3301620" lon="-121.7319350">
    <ele>1174.8</ele>
    <time>2026-06-14T17:27:25Z</time>
    
   </trkpt>
   <trkpt lat="48.3301530" lon="-121.7319330">
    <ele>1174.6</ele>
    <time>2026-06-14T17:27:26Z</time>
    
   </trkpt>
   <trkpt lat="48.3301460" lon="-121.7319320">
    <ele>1174.6</ele>
    <time>2026-06-14T17:27:27Z</time>
    
   </trkpt>
   <trkpt lat="48.3301340" lon="-121.7319330">
    <ele>1174.2</ele>
    <time>2026-06-14T17:27:29Z</time>
    
   </trkpt>
   <trkpt lat="48.3301120" lon="-121.7319290">
    <ele>1173.6</ele>
    <time>2026-06-14T17:27:32Z</time>
    
   </trkpt>
   <trkpt lat="48.3301040" lon="-121.7319260">
    <ele>1173.4</ele>
    <time>2026-06-14T17:27:33Z</time>
    
   </trkpt>
   <trkpt lat="48.3300650" lon="-121.7319120">
    <ele>1173.0</ele>
    <time>2026-06-14T17:27:38Z</time>
    
   </trkpt>
   <trkpt lat="48.3300380" lon="-121.7319050">
    <ele>1172.8</ele>
    <time>2026-06-14T17:27:40Z</time>
    
   </trkpt>
   <trkpt lat="48.3300280" lon="-121.7319030">
    <ele>1172.6</ele>
    <time>2026-06-14T17:27:41Z</time>
    
   </trkpt>
   <trkpt lat="48.3299980" lon="-121.7318930">
    <ele>1171.6</ele>
    <time>2026-06-14T17:27:44Z</time>
    
   </trkpt>
   <trkpt lat="48.3299890" lon="-121.7318910">
    <ele>1171.4</ele>
    <time>2026-06-14T17:27:45Z</time>
    
   </trkpt>
   <trkpt lat="48.3299580" lon="-121.7318830">
    <ele>1170.8</ele>
    <time>2026-06-14T17:27:48Z</time>
    
   </trkpt>
   <trkpt lat="48.3299390" lon="-121.7318760">
    <ele>1170.2</ele>
    <time>2026-06-14T17:27:50Z</time>
    
   </trkpt>
   <trkpt lat="48.3299210" lon="-121.7318690">
    <ele>1169.8</ele>
    <time>2026-06-14T17:27:52Z</time>
    
   </trkpt>
   <trkpt lat="48.3299060" lon="-121.7318640">
    <ele>1169.6</ele>
    <time>2026-06-14T17:27:54Z</time>
    
   </trkpt>
   <trkpt lat="48.3298840" lon="-121.7318620">
    <ele>1169.4</ele>
    <time>2026-06-14T17:27:57Z</time>
    
   </trkpt>
   <trkpt lat="48.3298770" lon="-121.7318630">
    <ele>1169.2</ele>
    <time>2026-06-14T17:27:58Z</time>
    
   </trkpt>
   <trkpt lat="48.3298660" lon="-121.7318660">
    <ele>1169.0</ele>
    <time>2026-06-14T17:27:59Z</time>
    
   </trkpt>
   <trkpt lat="48.3298490" lon="-121.7318700">
    <ele>1168.4</ele>
    <time>2026-06-14T17:28:01Z</time>
    
   </trkpt>
   <trkpt lat="48.3298410" lon="-121.7318700">
    <ele>1168.2</ele>
    <time>2026-06-14T17:28:02Z</time>
    
   </trkpt>
   <trkpt lat="48.3298320" lon="-121.7318770">
    <ele>1168.2</ele>
    <time>2026-06-14T17:28:03Z</time>
    
   </trkpt>
   <trkpt lat="48.3298140" lon="-121.7318830">
    <ele>1168.0</ele>
    <time>2026-06-14T17:28:05Z</time>
    
   </trkpt>
   <trkpt lat="48.3297980" lon="-121.7318810">
    <ele>1168.0</ele>
    <time>2026-06-14T17:28:07Z</time>
    
   </trkpt>
   <trkpt lat="48.3297740" lon="-121.7318840">
    <ele>1168.0</ele>
    <time>2026-06-14T17:28:09Z</time>
    
   </trkpt>
   <trkpt lat="48.3297420" lon="-121.7318900">
    <ele>1167.8</ele>
    <time>2026-06-14T17:28:12Z</time>
    
   </trkpt>
   <trkpt lat="48.3297370" lon="-121.7318890">
    <ele>1167.8</ele>
    <time>2026-06-14T17:28:13Z</time>
    
   </trkpt>
   <trkpt lat="48.3297190" lon="-121.7319020">
    <ele>1167.8</ele>
    <time>2026-06-14T17:28:15Z</time>
    
   </trkpt>
   <trkpt lat="48.3296670" lon="-121.7319470">
    <ele>1168.4</ele>
    <time>2026-06-14T17:28:20Z</time>
    
   </trkpt>
   <trkpt lat="48.3296480" lon="-121.7319600">
    <ele>1168.8</ele>
    <time>2026-06-14T17:28:22Z</time>
    
   </trkpt>
   <trkpt lat="48.3296330" lon="-121.7319810">
    <ele>1169.2</ele>
    <time>2026-06-14T17:28:24Z</time>
    
   </trkpt>
   <trkpt lat="48.3295980" lon="-121.7320250">
    <ele>1170.0</ele>
    <time>2026-06-14T17:28:29Z</time>
    
   </trkpt>
   <trkpt lat="48.3295820" lon="-121.7320420">
    <ele>1170.4</ele>
    <time>2026-06-14T17:28:32Z</time>
    
   </trkpt>
   <trkpt lat="48.3295740" lon="-121.7320470">
    <ele>1170.6</ele>
    <time>2026-06-14T17:28:33Z</time>
    
   </trkpt>
   <trkpt lat="48.3295470" lon="-121.7320650">
    <ele>1170.8</ele>
    <time>2026-06-14T17:28:36Z</time>
    
   </trkpt>
   <trkpt lat="48.3294990" lon="-121.7320940">
    <ele>1171.2</ele>
    <time>2026-06-14T17:28:43Z</time>
    
   </trkpt>
   <trkpt lat="48.3294920" lon="-121.7320890">
    <ele>1171.2</ele>
    <time>2026-06-14T17:28:44Z</time>
    
   </trkpt>
   <trkpt lat="48.3294830" lon="-121.7320910">
    <ele>1171.6</ele>
    <time>2026-06-14T17:28:45Z</time>
    
   </trkpt>
   <trkpt lat="48.3294760" lon="-121.7320890">
    <ele>1171.8</ele>
    <time>2026-06-14T17:28:46Z</time>
    
   </trkpt>
   <trkpt lat="48.3294460" lon="-121.7320970">
    <ele>1172.6</ele>
    <time>2026-06-14T17:28:50Z</time>
    
   </trkpt>
   <trkpt lat="48.3294000" lon="-121.7321110">
    <ele>1173.4</ele>
    <time>2026-06-14T17:28:55Z</time>
    
   </trkpt>
   <trkpt lat="48.3293830" lon="-121.7321170">
    <ele>1173.6</ele>
    <time>2026-06-14T17:28:57Z</time>
    
   </trkpt>
   <trkpt lat="48.3293720" lon="-121.7321200">
    <ele>1173.8</ele>
    <time>2026-06-14T17:28:58Z</time>
    
   </trkpt>
   <trkpt lat="48.3293530" lon="-121.7321280">
    <ele>1174.0</ele>
    <time>2026-06-14T17:29:00Z</time>
    
   </trkpt>
   <trkpt lat="48.3293430" lon="-121.7321290">
    <ele>1174.0</ele>
    <time>2026-06-14T17:29:01Z</time>
    
   </trkpt>
   <trkpt lat="48.3293360" lon="-121.7321330">
    <ele>1174.4</ele>
    <time>2026-06-14T17:29:02Z</time>
    
   </trkpt>
   <trkpt lat="48.3293300" lon="-121.7321410">
    <ele>1174.6</ele>
    <time>2026-06-14T17:29:03Z</time>
    
   </trkpt>
   <trkpt lat="48.3293220" lon="-121.7321480">
    <ele>1175.0</ele>
    <time>2026-06-14T17:29:05Z</time>
    
   </trkpt>
   <trkpt lat="48.3293040" lon="-121.7321560">
    <ele>1175.6</ele>
    <time>2026-06-14T17:29:09Z</time>
    
   </trkpt>
   <trkpt lat="48.3292560" lon="-121.7321620">
    <ele>1176.8</ele>
    <time>2026-06-14T17:29:15Z</time>
    
   </trkpt>
   <trkpt lat="48.3292400" lon="-121.7321640">
    <ele>1177.2</ele>
    <time>2026-06-14T17:29:17Z</time>
    
   </trkpt>
   <trkpt lat="48.3291950" lon="-121.7321790">
    <ele>1177.8</ele>
    <time>2026-06-14T17:29:23Z</time>
    
   </trkpt>
   <trkpt lat="48.3291410" lon="-121.7321710">
    <ele>1178.4</ele>
    <time>2026-06-14T17:29:31Z</time>
    
   </trkpt>
   <trkpt lat="48.3290970" lon="-121.7321900">
    <ele>1178.8</ele>
    <time>2026-06-14T17:29:35Z</time>
    
   </trkpt>
   <trkpt lat="48.3290850" lon="-121.7321990">
    <ele>1179.2</ele>
    <time>2026-06-14T17:29:36Z</time>
    
   </trkpt>
   <trkpt lat="48.3290410" lon="-121.7322090">
    <ele>1180.0</ele>
    <time>2026-06-14T17:29:41Z</time>
    
   </trkpt>
   <trkpt lat="48.3290210" lon="-121.7322100">
    <ele>1180.4</ele>
    <time>2026-06-14T17:29:43Z</time>
    
   </trkpt>
   <trkpt lat="48.3290120" lon="-121.7322130">
    <ele>1180.6</ele>
    <time>2026-06-14T17:29:44Z</time>
    
   </trkpt>
   <trkpt lat="48.3289940" lon="-121.7322160">
    <ele>1180.8</ele>
    <time>2026-06-14T17:29:47Z</time>
    
   </trkpt>
   <trkpt lat="48.3289850" lon="-121.7322140">
    <ele>1180.8</ele>
    <time>2026-06-14T17:29:49Z</time>
    
   </trkpt>
   <trkpt lat="48.3289770" lon="-121.7322120">
    <ele>1181.0</ele>
    <time>2026-06-14T17:29:50Z</time>
    
   </trkpt>
   <trkpt lat="48.3289450" lon="-121.7321810">
    <ele>1182.2</ele>
    <time>2026-06-14T17:29:56Z</time>
    
   </trkpt>
   <trkpt lat="48.3289350" lon="-121.7321770">
    <ele>1182.8</ele>
    <time>2026-06-14T17:29:58Z</time>
    
   </trkpt>
   <trkpt lat="48.3289290" lon="-121.7321760">
    <ele>1183.2</ele>
    <time>2026-06-14T17:30:02Z</time>
    
   </trkpt>
   <trkpt lat="48.3289030" lon="-121.7321550">
    <ele>1184.6</ele>
    <time>2026-06-14T17:30:08Z</time>
    
   </trkpt>
   <trkpt lat="48.3288730" lon="-121.7321240">
    <ele>1185.6</ele>
    <time>2026-06-14T17:30:13Z</time>
    
   </trkpt>
   <trkpt lat="48.3288100" lon="-121.7321420">
    <ele>1186.6</ele>
    <time>2026-06-14T17:30:21Z</time>
    
   </trkpt>
   <trkpt lat="48.3287960" lon="-121.7321380">
    <ele>1187.8</ele>
    <time>2026-06-14T17:30:27Z</time>
    
   </trkpt>
   <trkpt lat="48.3287750" lon="-121.7321370">
    <ele>1188.8</ele>
    <time>2026-06-14T17:30:32Z</time>
    
   </trkpt>
   <trkpt lat="48.3286980" lon="-121.7321410">
    <ele>1189.8</ele>
    <time>2026-06-14T17:30:37Z</time>
    
   </trkpt>
   <trkpt lat="48.3286700" lon="-121.7321230">
    <ele>1190.4</ele>
    <time>2026-06-14T17:30:42Z</time>
    
   </trkpt>
   <trkpt lat="48.3286050" lon="-121.7320810">
    <ele>1190.6</ele>
    <time>2026-06-14T17:30:50Z</time>
    
   </trkpt>
   <trkpt lat="48.3285810" lon="-121.7320680">
    <ele>1190.8</ele>
    <time>2026-06-14T17:30:58Z</time>
    
   </trkpt>
   <trkpt lat="48.3285810" lon="-121.7320640">
    <ele>1191.0</ele>
    <time>2026-06-14T17:30:59Z</time>
    
   </trkpt>
   <trkpt lat="48.3285990" lon="-121.7320700">
    <ele>1190.4</ele>
    <time>2026-06-14T17:31:06Z</time>
    
   </trkpt>
   <trkpt lat="48.3286100" lon="-121.7320580">
    <ele>1190.2</ele>
    <time>2026-06-14T17:31:14Z</time>
    
   </trkpt>
   <trkpt lat="48.3286090" lon="-121.7320600">
    <ele>1190.2</ele>
    <time>2026-06-14T17:31:15Z</time>
    
   </trkpt>
   <trkpt lat="48.3286280" lon="-121.7320510">
    <ele>1190.2</ele>
    <time>2026-06-14T17:31:19Z</time>
    
   </trkpt>
   <trkpt lat="48.3286170" lon="-121.7320410">
    <ele>1190.2</ele>
    <time>2026-06-14T17:31:26Z</time>
    
   </trkpt>
   <trkpt lat="48.3286300" lon="-121.7320390">
    <ele>1190.0</ele>
    <time>2026-06-14T17:31:31Z</time>
    
   </trkpt>
   <trkpt lat="48.3286380" lon="-121.7320420">
    <ele>1190.0</ele>
    <time>2026-06-14T17:31:34Z</time>
    
   </trkpt>
   <trkpt lat="48.3286380" lon="-121.7320500">
    <ele>1190.2</ele>
    <time>2026-06-14T17:31:41Z</time>
    
   </trkpt>
   <trkpt lat="48.3286420" lon="-121.7320520">
    <ele>1190.4</ele>
    <time>2026-06-14T17:31:44Z</time>
    
   </trkpt>
   <trkpt lat="48.3286440" lon="-121.7320470">
    <ele>1190.2</ele>
    <time>2026-06-14T17:31:45Z</time>
    
   </trkpt>
   <trkpt lat="48.3286410" lon="-121.7320470">
    <ele>1190.4</ele>
    <time>2026-06-14T17:31:47Z</time>
    
   </trkpt>
   <trkpt lat="48.3286360" lon="-121.7320470">
    <ele>1190.2</ele>
    <time>2026-06-14T17:31:51Z</time>
    
   </trkpt>
   <trkpt lat="48.3286380" lon="-121.7320430">
    <ele>1190.0</ele>
    <time>2026-06-14T17:31:57Z</time>
    
   </trkpt>
   <trkpt lat="48.3286440" lon="-121.7320440">
    <ele>1190.2</ele>
    <time>2026-06-14T17:32:01Z</time>
    
   </trkpt>
   <trkpt lat="48.3286480" lon="-121.7320470">
    <ele>1190.4</ele>
    <time>2026-06-14T17:32:07Z</time>
    
   </trkpt>
   <trkpt lat="48.3286630" lon="-121.7320320">
    <ele>1190.2</ele>
    <time>2026-06-14T17:32:20Z</time>
    
   </trkpt>
   <trkpt lat="48.3286650" lon="-121.7320320">
    <ele>1190.0</ele>
    <time>2026-06-14T17:32:22Z</time>
    
   </trkpt>
   <trkpt lat="48.3286690" lon="-121.7320320">
    <ele>1189.8</ele>
    <time>2026-06-14T17:32:27Z</time>
    
   </trkpt>
   <trkpt lat="48.3286830" lon="-121.7320260">
    <ele>1190.0</ele>
    <time>2026-06-14T17:32:39Z</time>
    
   </trkpt>
   <trkpt lat="48.3286820" lon="-121.7320310">
    <ele>1190.0</ele>
    <time>2026-06-14T17:32:41Z</time>
    
   </trkpt>
   <trkpt lat="48.3286890" lon="-121.7320330">
    <ele>1190.0</ele>
    <time>2026-06-14T17:32:44Z</time>
    
   </trkpt>
   <trkpt lat="48.3287020" lon="-121.7320300">
    <ele>1190.4</ele>
    <time>2026-06-14T17:32:57Z</time>
    
   </trkpt>
   <trkpt lat="48.3287030" lon="-121.7320280">
    <ele>1190.2</ele>
    <time>2026-06-14T17:32:59Z</time>
    
   </trkpt>
   <trkpt lat="48.3287010" lon="-121.7320340">
    <ele>1189.8</ele>
    <time>2026-06-14T17:33:03Z</time>
    
   </trkpt>
   <trkpt lat="48.3286300" lon="-121.7320550">
    <ele>1190.6</ele>
    <time>2026-06-14T17:33:11Z</time>
    
   </trkpt>
   <trkpt lat="48.3286170" lon="-121.7320550">
    <ele>1190.8</ele>
    <time>2026-06-14T17:33:12Z</time>
    
   </trkpt>
   <trkpt lat="48.3285630" lon="-121.7320810">
    <ele>1190.0</ele>
    <time>2026-06-14T17:34:13Z</time>
    
   </trkpt>
   <trkpt lat="48.3285530" lon="-121.7320810">
    <ele>1190.0</ele>
    <time>2026-06-14T17:34:14Z</time>
    
   </trkpt>
   <trkpt lat="48.3285450" lon="-121.7320650">
    <ele>1191.0</ele>
    <time>2026-06-14T17:34:17Z</time>
    
   </trkpt>
   <trkpt lat="48.3285430" lon="-121.7320660">
    <ele>1191.8</ele>
    <time>2026-06-14T17:34:18Z</time>
    
   </trkpt>
   <trkpt lat="48.3285360" lon="-121.7320610">
    <ele>1192.4</ele>
    <time>2026-06-14T17:34:19Z</time>
    
   </trkpt>
   <trkpt lat="48.3285240" lon="-121.7320540">
    <ele>1193.0</ele>
    <time>2026-06-14T17:34:22Z</time>
    
   </trkpt>
   <trkpt lat="48.3285170" lon="-121.7320540">
    <ele>1193.2</ele>
    <time>2026-06-14T17:34:23Z</time>
    
   </trkpt>
   <trkpt lat="48.3285130" lon="-121.7320520">
    <ele>1193.4</ele>
    <time>2026-06-14T17:34:24Z</time>
    
   </trkpt>
   <trkpt lat="48.3285040" lon="-121.7320510">
    <ele>1193.6</ele>
    <time>2026-06-14T17:34:25Z</time>
    
   </trkpt>
   <trkpt lat="48.3284980" lon="-121.7320460">
    <ele>1193.8</ele>
    <time>2026-06-14T17:34:26Z</time>
    
   </trkpt>
   <trkpt lat="48.3284890" lon="-121.7320420">
    <ele>1194.0</ele>
    <time>2026-06-14T17:34:27Z</time>
    
   </trkpt>
   <trkpt lat="48.3284750" lon="-121.7320370">
    <ele>1194.4</ele>
    <time>2026-06-14T17:34:29Z</time>
    
   </trkpt>
   <trkpt lat="48.3284720" lon="-121.7320340">
    <ele>1194.6</ele>
    <time>2026-06-14T17:34:30Z</time>
    
   </trkpt>
   <trkpt lat="48.3284650" lon="-121.7320310">
    <ele>1194.6</ele>
    <time>2026-06-14T17:34:31Z</time>
    
   </trkpt>
   <trkpt lat="48.3284480" lon="-121.7320350">
    <ele>1195.0</ele>
    <time>2026-06-14T17:34:33Z</time>
    
   </trkpt>
   <trkpt lat="48.3284390" lon="-121.7320340">
    <ele>1195.0</ele>
    <time>2026-06-14T17:34:34Z</time>
    
   </trkpt>
   <trkpt lat="48.3284240" lon="-121.7320280">
    <ele>1195.6</ele>
    <time>2026-06-14T17:34:37Z</time>
    
   </trkpt>
   <trkpt lat="48.3283780" lon="-121.7320150">
    <ele>1196.6</ele>
    <time>2026-06-14T17:34:43Z</time>
    
   </trkpt>
   <trkpt lat="48.3283710" lon="-121.7320150">
    <ele>1196.8</ele>
    <time>2026-06-14T17:34:44Z</time>
    
   </trkpt>
   <trkpt lat="48.3283630" lon="-121.7320180">
    <ele>1196.8</ele>
    <time>2026-06-14T17:34:45Z</time>
    
   </trkpt>
   <trkpt lat="48.3283410" lon="-121.7320110">
    <ele>1198.0</ele>
    <time>2026-06-14T17:34:50Z</time>
    
   </trkpt>
   <trkpt lat="48.3283140" lon="-121.7320010">
    <ele>1198.4</ele>
    <time>2026-06-14T17:34:54Z</time>
    
   </trkpt>
   <trkpt lat="48.3282780" lon="-121.7320040">
    <ele>1198.4</ele>
    <time>2026-06-14T17:35:00Z</time>
    
   </trkpt>
   <trkpt lat="48.3282550" lon="-121.7320020">
    <ele>1198.6</ele>
    <time>2026-06-14T17:35:04Z</time>
    
   </trkpt>
   <trkpt lat="48.3282220" lon="-121.7319970">
    <ele>1199.0</ele>
    <time>2026-06-14T17:35:09Z</time>
    
   </trkpt>
   <trkpt lat="48.3281880" lon="-121.7319880">
    <ele>1200.2</ele>
    <time>2026-06-14T17:35:15Z</time>
    
   </trkpt>
   <trkpt lat="48.3281280" lon="-121.7319750">
    <ele>1200.8</ele>
    <time>2026-06-14T17:35:20Z</time>
    
   </trkpt>
   <trkpt lat="48.3280900" lon="-121.7319690">
    <ele>1201.0</ele>
    <time>2026-06-14T17:35:24Z</time>
    
   </trkpt>
   <trkpt lat="48.3280780" lon="-121.7319640">
    <ele>1201.6</ele>
    <time>2026-06-14T17:35:26Z</time>
    
   </trkpt>
   <trkpt lat="48.3280380" lon="-121.7319440">
    <ele>1202.6</ele>
    <time>2026-06-14T17:35:32Z</time>
    
   </trkpt>
   <trkpt lat="48.3280130" lon="-121.7319450">
    <ele>1203.0</ele>
    <time>2026-06-14T17:35:34Z</time>
    
   </trkpt>
   <trkpt lat="48.3280050" lon="-121.7319420">
    <ele>1203.2</ele>
    <time>2026-06-14T17:35:35Z</time>
    
   </trkpt>
   <trkpt lat="48.3279950" lon="-121.7319380">
    <ele>1203.6</ele>
    <time>2026-06-14T17:35:38Z</time>
    
   </trkpt>
   <trkpt lat="48.3279630" lon="-121.7319210">
    <ele>1204.8</ele>
    <time>2026-06-14T17:35:44Z</time>
    
   </trkpt>
   <trkpt lat="48.3279570" lon="-121.7319080">
    <ele>1204.8</ele>
    <time>2026-06-14T17:35:47Z</time>
    
   </trkpt>
   <trkpt lat="48.3279390" lon="-121.7318640">
    <ele>1204.2</ele>
    <time>2026-06-14T17:36:00Z</time>
    
   </trkpt>
   <trkpt lat="48.3278700" lon="-121.7318860">
    <ele>1205.8</ele>
    <time>2026-06-14T17:36:13Z</time>
    
   </trkpt>
   <trkpt lat="48.3278690" lon="-121.7318870">
    <ele>1206.0</ele>
    <time>2026-06-14T17:36:14Z</time>
    
   </trkpt>
   <trkpt lat="48.3278610" lon="-121.7318860">
    <ele>1206.4</ele>
    <time>2026-06-14T17:36:16Z</time>
    
   </trkpt>
   <trkpt lat="48.3278510" lon="-121.7318870">
    <ele>1207.2</ele>
    <time>2026-06-14T17:36:18Z</time>
    
   </trkpt>
   <trkpt lat="48.3278330" lon="-121.7318880">
    <ele>1208.2</ele>
    <time>2026-06-14T17:36:22Z</time>
    
   </trkpt>
   <trkpt lat="48.3278080" lon="-121.7318940">
    <ele>1208.8</ele>
    <time>2026-06-14T17:36:25Z</time>
    
   </trkpt>
   <trkpt lat="48.3277850" lon="-121.7318880">
    <ele>1209.4</ele>
    <time>2026-06-14T17:36:27Z</time>
    
   </trkpt>
   <trkpt lat="48.3277800" lon="-121.7318860">
    <ele>1209.8</ele>
    <time>2026-06-14T17:36:28Z</time>
    
   </trkpt>
   <trkpt lat="48.3277660" lon="-121.7318880">
    <ele>1210.6</ele>
    <time>2026-06-14T17:36:31Z</time>
    
   </trkpt>
   <trkpt lat="48.3277340" lon="-121.7319090">
    <ele>1211.8</ele>
    <time>2026-06-14T17:36:36Z</time>
    
   </trkpt>
   <trkpt lat="48.3277210" lon="-121.7319100">
    <ele>1212.6</ele>
    <time>2026-06-14T17:36:41Z</time>
    
   </trkpt>
   <trkpt lat="48.3277160" lon="-121.7319120">
    <ele>1212.8</ele>
    <time>2026-06-14T17:36:43Z</time>
    
   </trkpt>
   <trkpt lat="48.3277140" lon="-121.7319040">
    <ele>1213.2</ele>
    <time>2026-06-14T17:36:46Z</time>
    
   </trkpt>
   <trkpt lat="48.3277070" lon="-121.7319010">
    <ele>1213.6</ele>
    <time>2026-06-14T17:36:48Z</time>
    
   </trkpt>
   <trkpt lat="48.3277020" lon="-121.7319020">
    <ele>1214.0</ele>
    <time>2026-06-14T17:36:49Z</time>
    
   </trkpt>
   <trkpt lat="48.3276820" lon="-121.7318950">
    <ele>1215.2</ele>
    <time>2026-06-14T17:36:52Z</time>
    
   </trkpt>
   <trkpt lat="48.3276470" lon="-121.7319050">
    <ele>1216.2</ele>
    <time>2026-06-14T17:36:58Z</time>
    
   </trkpt>
   <trkpt lat="48.3276180" lon="-121.7318870">
    <ele>1217.4</ele>
    <time>2026-06-14T17:37:05Z</time>
    
   </trkpt>
   <trkpt lat="48.3275740" lon="-121.7318630">
    <ele>1218.2</ele>
    <time>2026-06-14T17:37:11Z</time>
    
   </trkpt>
   <trkpt lat="48.3275520" lon="-121.7318620">
    <ele>1218.4</ele>
    <time>2026-06-14T17:37:14Z</time>
    
   </trkpt>
   <trkpt lat="48.3275450" lon="-121.7318360">
    <ele>1219.6</ele>
    <time>2026-06-14T17:37:21Z</time>
    
   </trkpt>
   <trkpt lat="48.3274990" lon="-121.7318350">
    <ele>1220.6</ele>
    <time>2026-06-14T17:37:27Z</time>
    
   </trkpt>
   <trkpt lat="48.3274930" lon="-121.7318400">
    <ele>1220.6</ele>
    <time>2026-06-14T17:37:28Z</time>
    
   </trkpt>
   <trkpt lat="48.3274730" lon="-121.7318670">
    <ele>1220.8</ele>
    <time>2026-06-14T17:37:33Z</time>
    
   </trkpt>
   <trkpt lat="48.3274000" lon="-121.7318960">
    <ele>1221.8</ele>
    <time>2026-06-14T17:37:42Z</time>
    
   </trkpt>
   <trkpt lat="48.3273730" lon="-121.7319250">
    <ele>1222.6</ele>
    <time>2026-06-14T17:37:46Z</time>
    
   </trkpt>
   <trkpt lat="48.3273610" lon="-121.7319640">
    <ele>1222.8</ele>
    <time>2026-06-14T17:37:52Z</time>
    
   </trkpt>
   <trkpt lat="48.3273490" lon="-121.7320190">
    <ele>1223.4</ele>
    <time>2026-06-14T17:37:57Z</time>
    
   </trkpt>
   <trkpt lat="48.3272970" lon="-121.7320760">
    <ele>1224.0</ele>
    <time>2026-06-14T17:38:04Z</time>
    
   </trkpt>
   <trkpt lat="48.3272780" lon="-121.7320910">
    <ele>1224.2</ele>
    <time>2026-06-14T17:38:07Z</time>
    
   </trkpt>
   <trkpt lat="48.3272580" lon="-121.7320980">
    <ele>1225.2</ele>
    <time>2026-06-14T17:38:11Z</time>
    
   </trkpt>
   <trkpt lat="48.3272030" lon="-121.7321240">
    <ele>1226.4</ele>
    <time>2026-06-14T17:38:16Z</time>
    
   </trkpt>
   <trkpt lat="48.3271570" lon="-121.7321740">
    <ele>1227.4</ele>
    <time>2026-06-14T17:38:24Z</time>
    
   </trkpt>
   <trkpt lat="48.3271530" lon="-121.7321820">
    <ele>1227.6</ele>
    <time>2026-06-14T17:38:25Z</time>
    
   </trkpt>
   <trkpt lat="48.3271150" lon="-121.7322160">
    <ele>1228.6</ele>
    <time>2026-06-14T17:38:31Z</time>
    
   </trkpt>
   <trkpt lat="48.3271030" lon="-121.7322510">
    <ele>1229.6</ele>
    <time>2026-06-14T17:38:37Z</time>
    
   </trkpt>
   <trkpt lat="48.3270760" lon="-121.7322840">
    <ele>1230.6</ele>
    <time>2026-06-14T17:38:43Z</time>
    
   </trkpt>
   <trkpt lat="48.3270730" lon="-121.7322870">
    <ele>1230.6</ele>
    <time>2026-06-14T17:38:44Z</time>
    
   </trkpt>
   <trkpt lat="48.3269920" lon="-121.7323840">
    <ele>1231.8</ele>
    <time>2026-06-14T17:38:56Z</time>
    
   </trkpt>
   <trkpt lat="48.3269890" lon="-121.7323930">
    <ele>1232.0</ele>
    <time>2026-06-14T17:38:57Z</time>
    
   </trkpt>
   <trkpt lat="48.3269730" lon="-121.7324220">
    <ele>1232.8</ele>
    <time>2026-06-14T17:39:01Z</time>
    
   </trkpt>
   <trkpt lat="48.3269710" lon="-121.7324280">
    <ele>1233.0</ele>
    <time>2026-06-14T17:39:02Z</time>
    
   </trkpt>
   <trkpt lat="48.3269700" lon="-121.7324650">
    <ele>1234.0</ele>
    <time>2026-06-14T17:39:08Z</time>
    
   </trkpt>
   <trkpt lat="48.3269710" lon="-121.7324990">
    <ele>1234.6</ele>
    <time>2026-06-14T17:39:14Z</time>
    
   </trkpt>
   <trkpt lat="48.3269650" lon="-121.7325780">
    <ele>1234.2</ele>
    <time>2026-06-14T17:39:29Z</time>
    
   </trkpt>
   <trkpt lat="48.3269720" lon="-121.7325960">
    <ele>1234.4</ele>
    <time>2026-06-14T17:39:31Z</time>
    
   </trkpt>
   <trkpt lat="48.3269790" lon="-121.7326970">
    <ele>1234.8</ele>
    <time>2026-06-14T17:39:41Z</time>
    
   </trkpt>
   <trkpt lat="48.3269760" lon="-121.7327260">
    <ele>1234.6</ele>
    <time>2026-06-14T17:39:43Z</time>
    
   </trkpt>
   <trkpt lat="48.3269740" lon="-121.7327590">
    <ele>1234.8</ele>
    <time>2026-06-14T17:39:45Z</time>
    
   </trkpt>
   <trkpt lat="48.3269730" lon="-121.7327760">
    <ele>1234.8</ele>
    <time>2026-06-14T17:39:46Z</time>
    
   </trkpt>
   <trkpt lat="48.3269700" lon="-121.7328050">
    <ele>1235.0</ele>
    <time>2026-06-14T17:39:48Z</time>
    
   </trkpt>
   <trkpt lat="48.3269660" lon="-121.7328210">
    <ele>1235.2</ele>
    <time>2026-06-14T17:39:49Z</time>
    
   </trkpt>
   <trkpt lat="48.3269350" lon="-121.7329040">
    <ele>1235.6</ele>
    <time>2026-06-14T17:39:56Z</time>
    
   </trkpt>
   <trkpt lat="48.3269320" lon="-121.7329190">
    <ele>1236.0</ele>
    <time>2026-06-14T17:39:58Z</time>
    
   </trkpt>
   <trkpt lat="48.3269340" lon="-121.7329340">
    <ele>1236.2</ele>
    <time>2026-06-14T17:39:59Z</time>
    
   </trkpt>
   <trkpt lat="48.3269320" lon="-121.7329730">
    <ele>1236.6</ele>
    <time>2026-06-14T17:40:02Z</time>
    
   </trkpt>
   <trkpt lat="48.3269370" lon="-121.7330360">
    <ele>1237.0</ele>
    <time>2026-06-14T17:40:08Z</time>
    
   </trkpt>
   <trkpt lat="48.3269370" lon="-121.7330560">
    <ele>1237.2</ele>
    <time>2026-06-14T17:40:10Z</time>
    
   </trkpt>
   <trkpt lat="48.3269360" lon="-121.7330640">
    <ele>1237.4</ele>
    <time>2026-06-14T17:40:11Z</time>
    
   </trkpt>
   <trkpt lat="48.3268950" lon="-121.7331460">
    <ele>1237.2</ele>
    <time>2026-06-14T17:40:17Z</time>
    
   </trkpt>
   <trkpt lat="48.3268820" lon="-121.7332060">
    <ele>1237.2</ele>
    <time>2026-06-14T17:40:21Z</time>
    
   </trkpt>
   <trkpt lat="48.3268800" lon="-121.7332240">
    <ele>1237.2</ele>
    <time>2026-06-14T17:40:22Z</time>
    
   </trkpt>
   <trkpt lat="48.3268660" lon="-121.7332670">
    <ele>1237.4</ele>
    <time>2026-06-14T17:40:24Z</time>
    
   </trkpt>
   <trkpt lat="48.3268110" lon="-121.7333950">
    <ele>1237.0</ele>
    <time>2026-06-14T17:40:35Z</time>
    
   </trkpt>
   <trkpt lat="48.3267960" lon="-121.7334100">
    <ele>1236.8</ele>
    <time>2026-06-14T17:40:43Z</time>
    
   </trkpt>
   <trkpt lat="48.3268080" lon="-121.7334250">
    <ele>1236.6</ele>
    <time>2026-06-14T17:40:47Z</time>
    
   </trkpt>
   <trkpt lat="48.3267910" lon="-121.7334600">
    <ele>1236.2</ele>
    <time>2026-06-14T17:40:52Z</time>
    
   </trkpt>
   <trkpt lat="48.3267690" lon="-121.7334980">
    <ele>1236.2</ele>
    <time>2026-06-14T17:40:55Z</time>
    
   </trkpt>
   <trkpt lat="48.3267570" lon="-121.7335180">
    <ele>1236.0</ele>
    <time>2026-06-14T17:40:57Z</time>
    
   </trkpt>
   <trkpt lat="48.3267440" lon="-121.7335420">
    <ele>1235.0</ele>
    <time>2026-06-14T17:41:00Z</time>
    
   </trkpt>
   <trkpt lat="48.3267380" lon="-121.7335480">
    <ele>1234.8</ele>
    <time>2026-06-14T17:41:01Z</time>
    
   </trkpt>
   <trkpt lat="48.3267290" lon="-121.7335600">
    <ele>1234.2</ele>
    <time>2026-06-14T17:41:03Z</time>
    
   </trkpt>
   <trkpt lat="48.3267290" lon="-121.7335630">
    <ele>1233.8</ele>
    <time>2026-06-14T17:41:04Z</time>
    
   </trkpt>
   <trkpt lat="48.3267020" lon="-121.7335590">
    <ele>1233.0</ele>
    <time>2026-06-14T17:41:11Z</time>
    
   </trkpt>
   <trkpt lat="48.3266970" lon="-121.7335570">
    <ele>1232.8</ele>
    <time>2026-06-14T17:41:13Z</time>
    
   </trkpt>
   <trkpt lat="48.3266600" lon="-121.7336010">
    <ele>1231.6</ele>
    <time>2026-06-14T17:41:20Z</time>
    
   </trkpt>
   <trkpt lat="48.3266440" lon="-121.7336150">
    <ele>1230.6</ele>
    <time>2026-06-14T17:41:23Z</time>
    
   </trkpt>
   <trkpt lat="48.3266340" lon="-121.7336230">
    <ele>1230.0</ele>
    <time>2026-06-14T17:41:25Z</time>
    
   </trkpt>
   <trkpt lat="48.3266080" lon="-121.7336620">
    <ele>1229.4</ele>
    <time>2026-06-14T17:41:28Z</time>
    
   </trkpt>
   <trkpt lat="48.3265950" lon="-121.7336910">
    <ele>1229.0</ele>
    <time>2026-06-14T17:41:30Z</time>
    
   </trkpt>
   <trkpt lat="48.3265810" lon="-121.7337330">
    <ele>1228.2</ele>
    <time>2026-06-14T17:41:33Z</time>
    
   </trkpt>
   <trkpt lat="48.3265650" lon="-121.7337710">
    <ele>1227.4</ele>
    <time>2026-06-14T17:41:36Z</time>
    
   </trkpt>
   <trkpt lat="48.3265560" lon="-121.7337860">
    <ele>1227.0</ele>
    <time>2026-06-14T17:41:38Z</time>
    
   </trkpt>
   <trkpt lat="48.3265290" lon="-121.7338510">
    <ele>1225.8</ele>
    <time>2026-06-14T17:41:42Z</time>
    
   </trkpt>
   <trkpt lat="48.3265210" lon="-121.7338650">
    <ele>1225.6</ele>
    <time>2026-06-14T17:41:43Z</time>
    
   </trkpt>
   <trkpt lat="48.3264820" lon="-121.7339200">
    <ele>1225.0</ele>
    <time>2026-06-14T17:41:47Z</time>
    
   </trkpt>
   <trkpt lat="48.3264780" lon="-121.7339330">
    <ele>1224.6</ele>
    <time>2026-06-14T17:41:48Z</time>
    
   </trkpt>
   <trkpt lat="48.3264540" lon="-121.7339950">
    <ele>1223.4</ele>
    <time>2026-06-14T17:41:54Z</time>
    
   </trkpt>
   <trkpt lat="48.3264470" lon="-121.7340150">
    <ele>1222.8</ele>
    <time>2026-06-14T17:41:56Z</time>
    
   </trkpt>
   <trkpt lat="48.3264390" lon="-121.7340320">
    <ele>1222.2</ele>
    <time>2026-06-14T17:41:58Z</time>
    
   </trkpt>
   <trkpt lat="48.3264330" lon="-121.7340490">
    <ele>1221.8</ele>
    <time>2026-06-14T17:42:00Z</time>
    
   </trkpt>
   <trkpt lat="48.3264300" lon="-121.7340690">
    <ele>1221.0</ele>
    <time>2026-06-14T17:42:02Z</time>
    
   </trkpt>
   <trkpt lat="48.3264240" lon="-121.7340730">
    <ele>1220.8</ele>
    <time>2026-06-14T17:42:03Z</time>
    
   </trkpt>
   <trkpt lat="48.3263990" lon="-121.7340920">
    <ele>1220.0</ele>
    <time>2026-06-14T17:42:07Z</time>
    
   </trkpt>
   <trkpt lat="48.3263970" lon="-121.7341010">
    <ele>1219.8</ele>
    <time>2026-06-14T17:42:08Z</time>
    
   </trkpt>
   <trkpt lat="48.3263910" lon="-121.7341340">
    <ele>1218.8</ele>
    <time>2026-06-14T17:42:11Z</time>
    
   </trkpt>
   <trkpt lat="48.3263880" lon="-121.7341590">
    <ele>1217.6</ele>
    <time>2026-06-14T17:42:14Z</time>
    
   </trkpt>
   <trkpt lat="48.3263880" lon="-121.7341660">
    <ele>1217.4</ele>
    <time>2026-06-14T17:42:15Z</time>
    
   </trkpt>
   <trkpt lat="48.3263860" lon="-121.7341790">
    <ele>1217.4</ele>
    <time>2026-06-14T17:42:17Z</time>
    
   </trkpt>
   <trkpt lat="48.3263250" lon="-121.7342510">
    <ele>1216.4</ele>
    <time>2026-06-14T17:42:26Z</time>
    
   </trkpt>
   <trkpt lat="48.3263170" lon="-121.7342600">
    <ele>1216.2</ele>
    <time>2026-06-14T17:42:27Z</time>
    
   </trkpt>
   <trkpt lat="48.3263100" lon="-121.7342680">
    <ele>1215.8</ele>
    <time>2026-06-14T17:42:28Z</time>
    
   </trkpt>
   <trkpt lat="48.3263000" lon="-121.7342870">
    <ele>1215.4</ele>
    <time>2026-06-14T17:42:30Z</time>
    
   </trkpt>
   <trkpt lat="48.3262890" lon="-121.7343080">
    <ele>1214.8</ele>
    <time>2026-06-14T17:42:32Z</time>
    
   </trkpt>
   <trkpt lat="48.3262800" lon="-121.7343200">
    <ele>1214.0</ele>
    <time>2026-06-14T17:42:34Z</time>
    
   </trkpt>
   <trkpt lat="48.3262730" lon="-121.7343400">
    <ele>1213.6</ele>
    <time>2026-06-14T17:42:36Z</time>
    
   </trkpt>
   <trkpt lat="48.3262610" lon="-121.7343710">
    <ele>1212.8</ele>
    <time>2026-06-14T17:42:39Z</time>
    
   </trkpt>
   <trkpt lat="48.3262440" lon="-121.7343800">
    <ele>1212.2</ele>
    <time>2026-06-14T17:42:41Z</time>
    
   </trkpt>
   <trkpt lat="48.3262250" lon="-121.7343920">
    <ele>1211.6</ele>
    <time>2026-06-14T17:42:43Z</time>
    
   </trkpt>
   <trkpt lat="48.3261690" lon="-121.7344330">
    <ele>1210.6</ele>
    <time>2026-06-14T17:42:49Z</time>
    
   </trkpt>
   <trkpt lat="48.3261450" lon="-121.7344970">
    <ele>1209.8</ele>
    <time>2026-06-14T17:42:54Z</time>
    
   </trkpt>
   <trkpt lat="48.3261330" lon="-121.7345420">
    <ele>1209.4</ele>
    <time>2026-06-14T17:42:56Z</time>
    
   </trkpt>
   <trkpt lat="48.3260520" lon="-121.7346520">
    <ele>1208.6</ele>
    <time>2026-06-14T17:43:04Z</time>
    
   </trkpt>
   <trkpt lat="48.3260450" lon="-121.7346630">
    <ele>1208.4</ele>
    <time>2026-06-14T17:43:05Z</time>
    
   </trkpt>
   <trkpt lat="48.3260320" lon="-121.7346770">
    <ele>1208.2</ele>
    <time>2026-06-14T17:43:07Z</time>
    
   </trkpt>
   <trkpt lat="48.3260290" lon="-121.7347010">
    <ele>1208.0</ele>
    <time>2026-06-14T17:43:09Z</time>
    
   </trkpt>
   <trkpt lat="48.3260210" lon="-121.7347280">
    <ele>1207.8</ele>
    <time>2026-06-14T17:43:12Z</time>
    
   </trkpt>
   <trkpt lat="48.3260000" lon="-121.7347380">
    <ele>1207.2</ele>
    <time>2026-06-14T17:43:15Z</time>
    
   </trkpt>
   <trkpt lat="48.3259940" lon="-121.7347400">
    <ele>1207.0</ele>
    <time>2026-06-14T17:43:16Z</time>
    
   </trkpt>
   <trkpt lat="48.3259710" lon="-121.7347440">
    <ele>1206.2</ele>
    <time>2026-06-14T17:43:19Z</time>
    
   </trkpt>
   <trkpt lat="48.3259710" lon="-121.7347810">
    <ele>1205.2</ele>
    <time>2026-06-14T17:43:22Z</time>
    
   </trkpt>
   <trkpt lat="48.3259630" lon="-121.7348160">
    <ele>1204.2</ele>
    <time>2026-06-14T17:43:26Z</time>
    
   </trkpt>
   <trkpt lat="48.3259560" lon="-121.7348270">
    <ele>1204.0</ele>
    <time>2026-06-14T17:43:27Z</time>
    
   </trkpt>
   <trkpt lat="48.3259310" lon="-121.7348760">
    <ele>1203.0</ele>
    <time>2026-06-14T17:43:31Z</time>
    
   </trkpt>
   <trkpt lat="48.3258940" lon="-121.7349440">
    <ele>1202.4</ele>
    <time>2026-06-14T17:43:36Z</time>
    
   </trkpt>
   <trkpt lat="48.3258830" lon="-121.7349640">
    <ele>1202.6</ele>
    <time>2026-06-14T17:43:39Z</time>
    
   </trkpt>
   <trkpt lat="48.3258780" lon="-121.7349740">
    <ele>1202.8</ele>
    <time>2026-06-14T17:43:40Z</time>
    
   </trkpt>
   <trkpt lat="48.3258180" lon="-121.7350320">
    <ele>1203.4</ele>
    <time>2026-06-14T17:43:46Z</time>
    
   </trkpt>
   <trkpt lat="48.3258060" lon="-121.7350610">
    <ele>1203.6</ele>
    <time>2026-06-14T17:43:48Z</time>
    
   </trkpt>
   <trkpt lat="48.3257940" lon="-121.7350990">
    <ele>1204.2</ele>
    <time>2026-06-14T17:43:50Z</time>
    
   </trkpt>
   <trkpt lat="48.3257850" lon="-121.7351420">
    <ele>1204.6</ele>
    <time>2026-06-14T17:43:53Z</time>
    
   </trkpt>
   <trkpt lat="48.3257820" lon="-121.7351560">
    <ele>1204.6</ele>
    <time>2026-06-14T17:43:54Z</time>
    
   </trkpt>
   <trkpt lat="48.3257790" lon="-121.7351860">
    <ele>1205.2</ele>
    <time>2026-06-14T17:43:57Z</time>
    
   </trkpt>
   <trkpt lat="48.3257760" lon="-121.7351950">
    <ele>1205.4</ele>
    <time>2026-06-14T17:43:58Z</time>
    
   </trkpt>
   <trkpt lat="48.3257680" lon="-121.7352340">
    <ele>1206.0</ele>
    <time>2026-06-14T17:44:01Z</time>
    
   </trkpt>
   <trkpt lat="48.3257620" lon="-121.7352460">
    <ele>1206.2</ele>
    <time>2026-06-14T17:44:02Z</time>
    
   </trkpt>
   <trkpt lat="48.3257630" lon="-121.7352760">
    <ele>1206.8</ele>
    <time>2026-06-14T17:44:05Z</time>
    
   </trkpt>
   <trkpt lat="48.3257630" lon="-121.7352950">
    <ele>1207.0</ele>
    <time>2026-06-14T17:44:07Z</time>
    
   </trkpt>
   <trkpt lat="48.3257640" lon="-121.7353030">
    <ele>1207.4</ele>
    <time>2026-06-14T17:44:08Z</time>
    
   </trkpt>
   <trkpt lat="48.3257320" lon="-121.7353750">
    <ele>1208.4</ele>
    <time>2026-06-14T17:44:16Z</time>
    
   </trkpt>
   <trkpt lat="48.3257070" lon="-121.7353900">
    <ele>1209.2</ele>
    <time>2026-06-14T17:44:20Z</time>
    
   </trkpt>
   <trkpt lat="48.3257020" lon="-121.7354010">
    <ele>1209.6</ele>
    <time>2026-06-14T17:44:21Z</time>
    
   </trkpt>
   <trkpt lat="48.3256910" lon="-121.7354100">
    <ele>1209.8</ele>
    <time>2026-06-14T17:44:22Z</time>
    
   </trkpt>
   <trkpt lat="48.3256610" lon="-121.7354560">
    <ele>1210.6</ele>
    <time>2026-06-14T17:44:28Z</time>
    
   </trkpt>
   <trkpt lat="48.3256550" lon="-121.7354970">
    <ele>1211.2</ele>
    <time>2026-06-14T17:44:32Z</time>
    
   </trkpt>
   <trkpt lat="48.3256500" lon="-121.7355120">
    <ele>1211.4</ele>
    <time>2026-06-14T17:44:34Z</time>
    
   </trkpt>
   <trkpt lat="48.3256500" lon="-121.7355190">
    <ele>1211.6</ele>
    <time>2026-06-14T17:44:35Z</time>
    
   </trkpt>
   <trkpt lat="48.3256470" lon="-121.7355220">
    <ele>1211.8</ele>
    <time>2026-06-14T17:44:36Z</time>
    
   </trkpt>
   <trkpt lat="48.3256350" lon="-121.7355510">
    <ele>1212.0</ele>
    <time>2026-06-14T17:44:39Z</time>
    
   </trkpt>
   <trkpt lat="48.3256040" lon="-121.7355950">
    <ele>1212.8</ele>
    <time>2026-06-14T17:44:45Z</time>
    
   </trkpt>
   <trkpt lat="48.3255950" lon="-121.7356260">
    <ele>1213.0</ele>
    <time>2026-06-14T17:44:48Z</time>
    
   </trkpt>
   <trkpt lat="48.3255990" lon="-121.7357070">
    <ele>1214.0</ele>
    <time>2026-06-14T17:44:55Z</time>
    
   </trkpt>
   <trkpt lat="48.3255990" lon="-121.7357850">
    <ele>1213.6</ele>
    <time>2026-06-14T17:45:01Z</time>
    
   </trkpt>
   <trkpt lat="48.3255930" lon="-121.7357990">
    <ele>1213.6</ele>
    <time>2026-06-14T17:45:02Z</time>
    
   </trkpt>
   <trkpt lat="48.3255810" lon="-121.7358790">
    <ele>1214.0</ele>
    <time>2026-06-14T17:45:08Z</time>
    
   </trkpt>
   <trkpt lat="48.3255620" lon="-121.7359340">
    <ele>1215.0</ele>
    <time>2026-06-14T17:45:13Z</time>
    
   </trkpt>
   <trkpt lat="48.3255610" lon="-121.7359450">
    <ele>1215.2</ele>
    <time>2026-06-14T17:45:14Z</time>
    
   </trkpt>
   <trkpt lat="48.3255590" lon="-121.7359570">
    <ele>1215.4</ele>
    <time>2026-06-14T17:45:15Z</time>
    
   </trkpt>
   <trkpt lat="48.3255550" lon="-121.7360000">
    <ele>1216.4</ele>
    <time>2026-06-14T17:45:19Z</time>
    
   </trkpt>
   <trkpt lat="48.3255490" lon="-121.7360210">
    <ele>1216.6</ele>
    <time>2026-06-14T17:45:21Z</time>
    
   </trkpt>
   <trkpt lat="48.3255320" lon="-121.7360480">
    <ele>1217.4</ele>
    <time>2026-06-14T17:45:24Z</time>
    
   </trkpt>
   <trkpt lat="48.3255170" lon="-121.7360750">
    <ele>1218.4</ele>
    <time>2026-06-14T17:45:29Z</time>
    
   </trkpt>
   <trkpt lat="48.3255170" lon="-121.7360790">
    <ele>1219.4</ele>
    <time>2026-06-14T17:45:35Z</time>
    
   </trkpt>
   <trkpt lat="48.3255430" lon="-121.7360870">
    <ele>1219.0</ele>
    <time>2026-06-14T17:45:53Z</time>
    
   </trkpt>
   <trkpt lat="48.3255450" lon="-121.7360910">
    <ele>1218.8</ele>
    <time>2026-06-14T17:45:57Z</time>
    
   </trkpt>
   <trkpt lat="48.3255440" lon="-121.7360900">
    <ele>1218.8</ele>
    <time>2026-06-14T17:46:03Z</time>
    
   </trkpt>
   <trkpt lat="48.3255500" lon="-121.7360880">
    <ele>1218.8</ele>
    <time>2026-06-14T17:46:11Z</time>
    
   </trkpt>
   <trkpt lat="48.3255540" lon="-121.7360960">
    <ele>1219.4</ele>
    <time>2026-06-14T17:46:19Z</time>
    
   </trkpt>
   <trkpt lat="48.3255530" lon="-121.7360990">
    <ele>1219.6</ele>
    <time>2026-06-14T17:46:20Z</time>
    
   </trkpt>
   <trkpt lat="48.3255480" lon="-121.7360960">
    <ele>1219.6</ele>
    <time>2026-06-14T17:46:25Z</time>
    
   </trkpt>
   <trkpt lat="48.3255470" lon="-121.7360940">
    <ele>1219.6</ele>
    <time>2026-06-14T17:46:32Z</time>
    
   </trkpt>
   <trkpt lat="48.3255550" lon="-121.7360620">
    <ele>1219.8</ele>
    <time>2026-06-14T17:46:46Z</time>
    
   </trkpt>
   <trkpt lat="48.3255490" lon="-121.7360270">
    <ele>1219.8</ele>
    <time>2026-06-14T17:46:52Z</time>
    
   </trkpt>
   <trkpt lat="48.3255330" lon="-121.7359930">
    <ele>1220.0</ele>
    <time>2026-06-14T17:46:59Z</time>
    
   </trkpt>
   <trkpt lat="48.3255280" lon="-121.7359920">
    <ele>1219.8</ele>
    <time>2026-06-14T17:47:01Z</time>
    
   </trkpt>
   <trkpt lat="48.3255250" lon="-121.7359810">
    <ele>1219.8</ele>
    <time>2026-06-14T17:47:03Z</time>
    
   </trkpt>
   <trkpt lat="48.3255250" lon="-121.7359800">
    <ele>1219.8</ele>
    <time>2026-06-14T17:47:04Z</time>
    
   </trkpt>
   <trkpt lat="48.3255240" lon="-121.7359810">
    <ele>1219.6</ele>
    <time>2026-06-14T17:47:06Z</time>
    
   </trkpt>
   <trkpt lat="48.3255210" lon="-121.7359830">
    <ele>1219.6</ele>
    <time>2026-06-14T17:47:08Z</time>
    
   </trkpt>
   <trkpt lat="48.3255170" lon="-121.7359840">
    <ele>1219.6</ele>
    <time>2026-06-14T17:47:09Z</time>
    
   </trkpt>
   <trkpt lat="48.3255210" lon="-121.7359940">
    <ele>1219.6</ele>
    <time>2026-06-14T17:47:16Z</time>
    
   </trkpt>
   <trkpt lat="48.3255220" lon="-121.7359970">
    <ele>1219.4</ele>
    <time>2026-06-14T17:47:18Z</time>
    
   </trkpt>
   <trkpt lat="48.3254990" lon="-121.7360080">
    <ele>1219.8</ele>
    <time>2026-06-14T17:47:34Z</time>
    
   </trkpt>
   <trkpt lat="48.3255220" lon="-121.7360290">
    <ele>1220.0</ele>
    <time>2026-06-14T17:47:49Z</time>
    
   </trkpt>
   <trkpt lat="48.3255130" lon="-121.7360420">
    <ele>1220.0</ele>
    <time>2026-06-14T17:48:04Z</time>
    
   </trkpt>
   <trkpt lat="48.3255040" lon="-121.7360670">
    <ele>1220.0</ele>
    <time>2026-06-14T17:48:19Z</time>
    
   </trkpt>
   <trkpt lat="48.3255090" lon="-121.7360560">
    <ele>1220.0</ele>
    <time>2026-06-14T17:48:24Z</time>
    
   </trkpt>
   <trkpt lat="48.3255600" lon="-121.7389790">
    <ele>1271.8</ele>
    <time>2026-06-14T18:00:34Z</time>
    
   </trkpt>
   <trkpt lat="48.3255820" lon="-121.7389540">
    <ele>1271.8</ele>
    <time>2026-06-14T18:00:42Z</time>
    
   </trkpt>
   <trkpt lat="48.3255860" lon="-121.7389510">
    <ele>1271.8</ele>
    <time>2026-06-14T18:00:43Z</time>
    
   </trkpt>
   <trkpt lat="48.3255990" lon="-121.7389570">
    <ele>1272.2</ele>
    <time>2026-06-14T18:00:50Z</time>
    
   </trkpt>
   <trkpt lat="48.3256000" lon="-121.7389570">
    <ele>1272.2</ele>
    <time>2026-06-14T18:00:52Z</time>
    
   </trkpt>
   <trkpt lat="48.3255930" lon="-121.7390060">
    <ele>1272.0</ele>
    <time>2026-06-14T18:00:56Z</time>
    
   </trkpt>
   <trkpt lat="48.3255860" lon="-121.7390160">
    <ele>1271.4</ele>
    <time>2026-06-14T18:00:58Z</time>
    
   </trkpt>
   <trkpt lat="48.3255790" lon="-121.7391500">
    <ele>1271.4</ele>
    <time>2026-06-14T18:01:12Z</time>
    
   </trkpt>
   <trkpt lat="48.3255760" lon="-121.7391830">
    <ele>1271.4</ele>
    <time>2026-06-14T18:01:15Z</time>
    
   </trkpt>
   <trkpt lat="48.3255590" lon="-121.7392110">
    <ele>1272.0</ele>
    <time>2026-06-14T18:01:20Z</time>
    
   </trkpt>
   <trkpt lat="48.3255480" lon="-121.7392090">
    <ele>1272.8</ele>
    <time>2026-06-14T18:01:24Z</time>
    
   </trkpt>
   <trkpt lat="48.3255650" lon="-121.7392440">
    <ele>1272.6</ele>
    <time>2026-06-14T18:01:36Z</time>
    
   </trkpt>
   <trkpt lat="48.3255770" lon="-121.7392660">
    <ele>1273.0</ele>
    <time>2026-06-14T18:01:50Z</time>
    
   </trkpt>
   <trkpt lat="48.3255600" lon="-121.7393060">
    <ele>1274.0</ele>
    <time>2026-06-14T18:02:01Z</time>
    
   </trkpt>
   <trkpt lat="48.3255550" lon="-121.7393250">
    <ele>1274.6</ele>
    <time>2026-06-14T18:02:03Z</time>
    
   </trkpt>
   <trkpt lat="48.3255530" lon="-121.7393330">
    <ele>1274.6</ele>
    <time>2026-06-14T18:02:04Z</time>
    
   </trkpt>
   <trkpt lat="48.3255480" lon="-121.7393470">
    <ele>1275.2</ele>
    <time>2026-06-14T18:02:06Z</time>
    
   </trkpt>
   <trkpt lat="48.3255400" lon="-121.7393900">
    <ele>1275.8</ele>
    <time>2026-06-14T18:02:13Z</time>
    
   </trkpt>
   <trkpt lat="48.3255370" lon="-121.7394130">
    <ele>1276.0</ele>
    <time>2026-06-14T18:02:15Z</time>
    
   </trkpt>
   <trkpt lat="48.3255380" lon="-121.7394220">
    <ele>1276.2</ele>
    <time>2026-06-14T18:02:16Z</time>
    
   </trkpt>
   <trkpt lat="48.3255330" lon="-121.7394420">
    <ele>1276.4</ele>
    <time>2026-06-14T18:02:18Z</time>
    
   </trkpt>
   <trkpt lat="48.3255240" lon="-121.7394630">
    <ele>1276.6</ele>
    <time>2026-06-14T18:02:20Z</time>
    
   </trkpt>
   <trkpt lat="48.3255140" lon="-121.7394780">
    <ele>1276.8</ele>
    <time>2026-06-14T18:02:22Z</time>
    
   </trkpt>
   <trkpt lat="48.3255030" lon="-121.7394990">
    <ele>1277.0</ele>
    <time>2026-06-14T18:02:24Z</time>
    
   </trkpt>
   <trkpt lat="48.3254950" lon="-121.7395180">
    <ele>1277.2</ele>
    <time>2026-06-14T18:02:27Z</time>
    
   </trkpt>
   <trkpt lat="48.3254930" lon="-121.7395230">
    <ele>1277.2</ele>
    <time>2026-06-14T18:02:28Z</time>
    
   </trkpt>
   <trkpt lat="48.3254940" lon="-121.7395320">
    <ele>1277.2</ele>
    <time>2026-06-14T18:02:29Z</time>
    
   </trkpt>
   <trkpt lat="48.3254650" lon="-121.7395810">
    <ele>1277.4</ele>
    <time>2026-06-14T18:02:33Z</time>
    
   </trkpt>
   <trkpt lat="48.3254550" lon="-121.7396110">
    <ele>1277.8</ele>
    <time>2026-06-14T18:02:36Z</time>
    
   </trkpt>
   <trkpt lat="48.3254510" lon="-121.7396240">
    <ele>1278.4</ele>
    <time>2026-06-14T18:02:38Z</time>
    
   </trkpt>
   <trkpt lat="48.3254550" lon="-121.7396610">
    <ele>1279.0</ele>
    <time>2026-06-14T18:02:40Z</time>
    
   </trkpt>
   <trkpt lat="48.3254530" lon="-121.7396780">
    <ele>1279.4</ele>
    <time>2026-06-14T18:02:42Z</time>
    
   </trkpt>
   <trkpt lat="48.3254550" lon="-121.7396880">
    <ele>1279.6</ele>
    <time>2026-06-14T18:02:43Z</time>
    
   </trkpt>
   <trkpt lat="48.3254540" lon="-121.7397150">
    <ele>1280.0</ele>
    <time>2026-06-14T18:02:45Z</time>
    
   </trkpt>
   <trkpt lat="48.3254410" lon="-121.7397600">
    <ele>1280.4</ele>
    <time>2026-06-14T18:02:48Z</time>
    
   </trkpt>
   <trkpt lat="48.3254330" lon="-121.7397720">
    <ele>1280.6</ele>
    <time>2026-06-14T18:02:49Z</time>
    
   </trkpt>
   <trkpt lat="48.3253960" lon="-121.7398520">
    <ele>1281.6</ele>
    <time>2026-06-14T18:02:57Z</time>
    
   </trkpt>
   <trkpt lat="48.3253910" lon="-121.7398610">
    <ele>1281.6</ele>
    <time>2026-06-14T18:02:58Z</time>
    
   </trkpt>
   <trkpt lat="48.3253820" lon="-121.7398810">
    <ele>1281.8</ele>
    <time>2026-06-14T18:03:00Z</time>
    
   </trkpt>
   <trkpt lat="48.3253740" lon="-121.7399050">
    <ele>1281.8</ele>
    <time>2026-06-14T18:03:02Z</time>
    
   </trkpt>
   <trkpt lat="48.3253650" lon="-121.7399210">
    <ele>1282.2</ele>
    <time>2026-06-14T18:03:04Z</time>
    
   </trkpt>
   <trkpt lat="48.3253530" lon="-121.7399420">
    <ele>1282.8</ele>
    <time>2026-06-14T18:03:06Z</time>
    
   </trkpt>
   <trkpt lat="48.3253420" lon="-121.7399690">
    <ele>1283.6</ele>
    <time>2026-06-14T18:03:09Z</time>
    
   </trkpt>
   <trkpt lat="48.3253280" lon="-121.7399890">
    <ele>1283.8</ele>
    <time>2026-06-14T18:03:12Z</time>
    
   </trkpt>
   <trkpt lat="48.3253180" lon="-121.7400050">
    <ele>1284.0</ele>
    <time>2026-06-14T18:03:14Z</time>
    
   </trkpt>
   <trkpt lat="48.3252930" lon="-121.7400250">
    <ele>1284.4</ele>
    <time>2026-06-14T18:03:16Z</time>
    
   </trkpt>
   <trkpt lat="48.3252760" lon="-121.7400480">
    <ele>1284.8</ele>
    <time>2026-06-14T18:03:20Z</time>
    
   </trkpt>
   <trkpt lat="48.3252740" lon="-121.7400540">
    <ele>1285.0</ele>
    <time>2026-06-14T18:03:21Z</time>
    
   </trkpt>
   <trkpt lat="48.3252570" lon="-121.7400590">
    <ele>1286.0</ele>
    <time>2026-06-14T18:03:25Z</time>
    
   </trkpt>
   <trkpt lat="48.3252300" lon="-121.7400990">
    <ele>1287.0</ele>
    <time>2026-06-14T18:03:32Z</time>
    
   </trkpt>
   <trkpt lat="48.3252250" lon="-121.7401040">
    <ele>1287.2</ele>
    <time>2026-06-14T18:03:33Z</time>
    
   </trkpt>
   <trkpt lat="48.3251840" lon="-121.7401230">
    <ele>1287.8</ele>
    <time>2026-06-14T18:03:37Z</time>
    
   </trkpt>
   <trkpt lat="48.3251830" lon="-121.7401690">
    <ele>1288.2</ele>
    <time>2026-06-14T18:03:41Z</time>
    
   </trkpt>
   <trkpt lat="48.3251910" lon="-121.7401990">
    <ele>1288.6</ele>
    <time>2026-06-14T18:03:43Z</time>
    
   </trkpt>
   <trkpt lat="48.3251900" lon="-121.7402150">
    <ele>1289.0</ele>
    <time>2026-06-14T18:03:44Z</time>
    
   </trkpt>
   <trkpt lat="48.3251860" lon="-121.7402310">
    <ele>1289.2</ele>
    <time>2026-06-14T18:03:45Z</time>
    
   </trkpt>
   <trkpt lat="48.3251790" lon="-121.7402520">
    <ele>1289.6</ele>
    <time>2026-06-14T18:03:47Z</time>
    
   </trkpt>
   <trkpt lat="48.3251580" lon="-121.7402840">
    <ele>1289.6</ele>
    <time>2026-06-14T18:03:50Z</time>
    
   </trkpt>
   <trkpt lat="48.3251530" lon="-121.7403040">
    <ele>1289.6</ele>
    <time>2026-06-14T18:03:52Z</time>
    
   </trkpt>
   <trkpt lat="48.3251250" lon="-121.7403810">
    <ele>1289.8</ele>
    <time>2026-06-14T18:03:57Z</time>
    
   </trkpt>
   <trkpt lat="48.3250860" lon="-121.7404740">
    <ele>1289.8</ele>
    <time>2026-06-14T18:04:04Z</time>
    
   </trkpt>
   <trkpt lat="48.3250800" lon="-121.7404830">
    <ele>1289.8</ele>
    <time>2026-06-14T18:04:06Z</time>
    
   </trkpt>
   <trkpt lat="48.3250690" lon="-121.7404880">
    <ele>1290.0</ele>
    <time>2026-06-14T18:04:09Z</time>
    
   </trkpt>
   <trkpt lat="48.3250510" lon="-121.7405200">
    <ele>1290.2</ele>
    <time>2026-06-14T18:04:13Z</time>
    
   </trkpt>
   <trkpt lat="48.3250140" lon="-121.7405580">
    <ele>1291.0</ele>
    <time>2026-06-14T18:04:19Z</time>
    
   </trkpt>
   <trkpt lat="48.3250020" lon="-121.7405650">
    <ele>1291.2</ele>
    <time>2026-06-14T18:04:21Z</time>
    
   </trkpt>
   <trkpt lat="48.3249940" lon="-121.7405750">
    <ele>1291.4</ele>
    <time>2026-06-14T18:04:23Z</time>
    
   </trkpt>
   <trkpt lat="48.3249600" lon="-121.7406130">
    <ele>1292.2</ele>
    <time>2026-06-14T18:04:29Z</time>
    
   </trkpt>
   <trkpt lat="48.3249230" lon="-121.7406420">
    <ele>1293.4</ele>
    <time>2026-06-14T18:04:34Z</time>
    
   </trkpt>
   <trkpt lat="48.3249140" lon="-121.7406540">
    <ele>1293.8</ele>
    <time>2026-06-14T18:04:36Z</time>
    
   </trkpt>
   <trkpt lat="48.3248940" lon="-121.7406870">
    <ele>1294.4</ele>
    <time>2026-06-14T18:04:40Z</time>
    
   </trkpt>
   <trkpt lat="48.3248630" lon="-121.7408100">
    <ele>1295.4</ele>
    <time>2026-06-14T18:04:49Z</time>
    
   </trkpt>
   <trkpt lat="48.3248600" lon="-121.7408240">
    <ele>1295.6</ele>
    <time>2026-06-14T18:04:50Z</time>
    
   </trkpt>
   <trkpt lat="48.3248380" lon="-121.7408530">
    <ele>1296.0</ele>
    <time>2026-06-14T18:04:53Z</time>
    
   </trkpt>
   <trkpt lat="48.3248260" lon="-121.7408690">
    <ele>1296.0</ele>
    <time>2026-06-14T18:04:55Z</time>
    
   </trkpt>
   <trkpt lat="48.3248130" lon="-121.7408800">
    <ele>1296.0</ele>
    <time>2026-06-14T18:04:57Z</time>
    
   </trkpt>
   <trkpt lat="48.3248110" lon="-121.7408960">
    <ele>1296.2</ele>
    <time>2026-06-14T18:04:59Z</time>
    
   </trkpt>
   <trkpt lat="48.3248080" lon="-121.7409200">
    <ele>1296.6</ele>
    <time>2026-06-14T18:05:01Z</time>
    
   </trkpt>
   <trkpt lat="48.3247950" lon="-121.7409570">
    <ele>1297.4</ele>
    <time>2026-06-14T18:05:04Z</time>
    
   </trkpt>
   <trkpt lat="48.3247920" lon="-121.7409650">
    <ele>1297.6</ele>
    <time>2026-06-14T18:05:05Z</time>
    
   </trkpt>
   <trkpt lat="48.3247910" lon="-121.7409680">
    <ele>1297.8</ele>
    <time>2026-06-14T18:05:06Z</time>
    
   </trkpt>
   <trkpt lat="48.3247470" lon="-121.7410480">
    <ele>1298.8</ele>
    <time>2026-06-14T18:05:18Z</time>
    
   </trkpt>
   <trkpt lat="48.3247400" lon="-121.7410690">
    <ele>1298.8</ele>
    <time>2026-06-14T18:05:19Z</time>
    
   </trkpt>
   <trkpt lat="48.3247220" lon="-121.7411150">
    <ele>1300.0</ele>
    <time>2026-06-14T18:05:23Z</time>
    
   </trkpt>
   <trkpt lat="48.3246900" lon="-121.7411630">
    <ele>1301.0</ele>
    <time>2026-06-14T18:05:29Z</time>
    
   </trkpt>
   <trkpt lat="48.3246840" lon="-121.7411750">
    <ele>1301.4</ele>
    <time>2026-06-14T18:05:31Z</time>
    
   </trkpt>
   <trkpt lat="48.3246710" lon="-121.7412080">
    <ele>1302.0</ele>
    <time>2026-06-14T18:05:35Z</time>
    
   </trkpt>
   <trkpt lat="48.3246630" lon="-121.7412250">
    <ele>1302.2</ele>
    <time>2026-06-14T18:05:37Z</time>
    
   </trkpt>
   <trkpt lat="48.3246180" lon="-121.7413010">
    <ele>1302.8</ele>
    <time>2026-06-14T18:05:49Z</time>
    
   </trkpt>
   <trkpt lat="48.3246000" lon="-121.7413150">
    <ele>1303.4</ele>
    <time>2026-06-14T18:05:52Z</time>
    
   </trkpt>
   <trkpt lat="48.3245900" lon="-121.7413350">
    <ele>1304.4</ele>
    <time>2026-06-14T18:05:56Z</time>
    
   </trkpt>
   <trkpt lat="48.3245800" lon="-121.7413470">
    <ele>1304.8</ele>
    <time>2026-06-14T18:05:59Z</time>
    
   </trkpt>
   <trkpt lat="48.3245640" lon="-121.7413920">
    <ele>1305.4</ele>
    <time>2026-06-14T18:06:07Z</time>
    
   </trkpt>
   <trkpt lat="48.3245700" lon="-121.7414220">
    <ele>1305.6</ele>
    <time>2026-06-14T18:06:18Z</time>
    
   </trkpt>
   <trkpt lat="48.3245860" lon="-121.7414130">
    <ele>1305.8</ele>
    <time>2026-06-14T18:06:28Z</time>
    
   </trkpt>
   <trkpt lat="48.3245820" lon="-121.7414010">
    <ele>1305.4</ele>
    <time>2026-06-14T18:06:35Z</time>
    
   </trkpt>
   <trkpt lat="48.3245800" lon="-121.7413930">
    <ele>1305.4</ele>
    <time>2026-06-14T18:06:41Z</time>
    
   </trkpt>
   <trkpt lat="48.3245400" lon="-121.7414330">
    <ele>1305.8</ele>
    <time>2026-06-14T18:06:47Z</time>
    
   </trkpt>
   <trkpt lat="48.3245290" lon="-121.7414400">
    <ele>1306.2</ele>
    <time>2026-06-14T18:06:49Z</time>
    
   </trkpt>
   <trkpt lat="48.3245310" lon="-121.7414460">
    <ele>1306.4</ele>
    <time>2026-06-14T18:06:50Z</time>
    
   </trkpt>
   <trkpt lat="48.3245190" lon="-121.7414690">
    <ele>1306.6</ele>
    <time>2026-06-14T18:06:52Z</time>
    
   </trkpt>
   <trkpt lat="48.3244950" lon="-121.7415030">
    <ele>1307.6</ele>
    <time>2026-06-14T18:06:55Z</time>
    
   </trkpt>
   <trkpt lat="48.3244890" lon="-121.7415160">
    <ele>1307.8</ele>
    <time>2026-06-14T18:06:56Z</time>
    
   </trkpt>
   <trkpt lat="48.3244760" lon="-121.7415370">
    <ele>1308.2</ele>
    <time>2026-06-14T18:06:58Z</time>
    
   </trkpt>
   <trkpt lat="48.3244630" lon="-121.7415620">
    <ele>1308.8</ele>
    <time>2026-06-14T18:07:00Z</time>
    
   </trkpt>
   <trkpt lat="48.3244590" lon="-121.7415740">
    <ele>1309.0</ele>
    <time>2026-06-14T18:07:01Z</time>
    
   </trkpt>
   <trkpt lat="48.3244520" lon="-121.7415880">
    <ele>1309.4</ele>
    <time>2026-06-14T18:07:03Z</time>
    
   </trkpt>
   <trkpt lat="48.3244470" lon="-121.7415970">
    <ele>1309.6</ele>
    <time>2026-06-14T18:07:04Z</time>
    
   </trkpt>
   <trkpt lat="48.3244440" lon="-121.7416070">
    <ele>1309.8</ele>
    <time>2026-06-14T18:07:05Z</time>
    
   </trkpt>
   <trkpt lat="48.3244230" lon="-121.7416490">
    <ele>1310.8</ele>
    <time>2026-06-14T18:07:11Z</time>
    
   </trkpt>
   <trkpt lat="48.3244190" lon="-121.7416510">
    <ele>1311.2</ele>
    <time>2026-06-14T18:07:12Z</time>
    
   </trkpt>
   <trkpt lat="48.3244030" lon="-121.7416880">
    <ele>1311.8</ele>
    <time>2026-06-14T18:07:16Z</time>
    
   </trkpt>
   <trkpt lat="48.3243910" lon="-121.7417100">
    <ele>1312.2</ele>
    <time>2026-06-14T18:07:19Z</time>
    
   </trkpt>
   <trkpt lat="48.3243860" lon="-121.7417400">
    <ele>1313.0</ele>
    <time>2026-06-14T18:07:24Z</time>
    
   </trkpt>
   <trkpt lat="48.3243860" lon="-121.7417460">
    <ele>1313.2</ele>
    <time>2026-06-14T18:07:25Z</time>
    
   </trkpt>
   <trkpt lat="48.3243860" lon="-121.7417920">
    <ele>1313.6</ele>
    <time>2026-06-14T18:07:31Z</time>
    
   </trkpt>
   <trkpt lat="48.3243750" lon="-121.7418180">
    <ele>1313.6</ele>
    <time>2026-06-14T18:07:33Z</time>
    
   </trkpt>
   <trkpt lat="48.3243470" lon="-121.7418550">
    <ele>1314.4</ele>
    <time>2026-06-14T18:07:38Z</time>
    
   </trkpt>
   <trkpt lat="48.3243050" lon="-121.7418560">
    <ele>1314.2</ele>
    <time>2026-06-14T18:07:45Z</time>
    
   </trkpt>
   <trkpt lat="48.3242900" lon="-121.7418870">
    <ele>1314.4</ele>
    <time>2026-06-14T18:07:50Z</time>
    
   </trkpt>
   <trkpt lat="48.3242730" lon="-121.7419920">
    <ele>1315.4</ele>
    <time>2026-06-14T18:07:58Z</time>
    
   </trkpt>
   <trkpt lat="48.3242630" lon="-121.7420240">
    <ele>1316.6</ele>
    <time>2026-06-14T18:08:02Z</time>
    
   </trkpt>
   <trkpt lat="48.3242420" lon="-121.7421110">
    <ele>1317.6</ele>
    <time>2026-06-14T18:08:12Z</time>
    
   </trkpt>
   <trkpt lat="48.3242400" lon="-121.7421460">
    <ele>1317.8</ele>
    <time>2026-06-14T18:08:14Z</time>
    
   </trkpt>
   <trkpt lat="48.3242240" lon="-121.7421820">
    <ele>1318.2</ele>
    <time>2026-06-14T18:08:17Z</time>
    
   </trkpt>
   <trkpt lat="48.3241950" lon="-121.7422010">
    <ele>1318.8</ele>
    <time>2026-06-14T18:08:21Z</time>
    
   </trkpt>
   <trkpt lat="48.3241830" lon="-121.7421950">
    <ele>1319.2</ele>
    <time>2026-06-14T18:08:27Z</time>
    
   </trkpt>
   <trkpt lat="48.3241160" lon="-121.7422740">
    <ele>1318.2</ele>
    <time>2026-06-14T18:08:42Z</time>
    
   </trkpt>
   <trkpt lat="48.3240550" lon="-121.7423690">
    <ele>1318.0</ele>
    <time>2026-06-14T18:08:50Z</time>
    
   </trkpt>
   <trkpt lat="48.3240380" lon="-121.7424000">
    <ele>1318.2</ele>
    <time>2026-06-14T18:08:53Z</time>
    
   </trkpt>
   <trkpt lat="48.3240330" lon="-121.7424090">
    <ele>1318.4</ele>
    <time>2026-06-14T18:08:54Z</time>
    
   </trkpt>
   <trkpt lat="48.3240190" lon="-121.7424320">
    <ele>1318.6</ele>
    <time>2026-06-14T18:08:57Z</time>
    
   </trkpt>
   <trkpt lat="48.3240080" lon="-121.7424510">
    <ele>1318.6</ele>
    <time>2026-06-14T18:08:59Z</time>
    
   </trkpt>
   <trkpt lat="48.3239980" lon="-121.7425070">
    <ele>1319.0</ele>
    <time>2026-06-14T18:09:04Z</time>
    
   </trkpt>
   <trkpt lat="48.3239760" lon="-121.7425590">
    <ele>1319.4</ele>
    <time>2026-06-14T18:09:10Z</time>
    
   </trkpt>
   <trkpt lat="48.3239660" lon="-121.7425730">
    <ele>1319.8</ele>
    <time>2026-06-14T18:09:13Z</time>
    
   </trkpt>
   <trkpt lat="48.3239460" lon="-121.7426240">
    <ele>1320.8</ele>
    <time>2026-06-14T18:09:18Z</time>
    
   </trkpt>
   <trkpt lat="48.3239220" lon="-121.7426680">
    <ele>1321.0</ele>
    <time>2026-06-14T18:09:22Z</time>
    
   </trkpt>
   <trkpt lat="48.3239120" lon="-121.7426770">
    <ele>1321.2</ele>
    <time>2026-06-14T18:09:23Z</time>
    
   </trkpt>
   <trkpt lat="48.3238810" lon="-121.7427350">
    <ele>1322.0</ele>
    <time>2026-06-14T18:09:30Z</time>
    
   </trkpt>
   <trkpt lat="48.3238570" lon="-121.7427630">
    <ele>1322.8</ele>
    <time>2026-06-14T18:09:38Z</time>
    
   </trkpt>
   <trkpt lat="48.3238400" lon="-121.7427640">
    <ele>1323.0</ele>
    <time>2026-06-14T18:09:40Z</time>
    
   </trkpt>
   <trkpt lat="48.3237900" lon="-121.7428580">
    <ele>1324.0</ele>
    <time>2026-06-14T18:09:48Z</time>
    
   </trkpt>
   <trkpt lat="48.3237790" lon="-121.7428830">
    <ele>1324.2</ele>
    <time>2026-06-14T18:09:50Z</time>
    
   </trkpt>
   <trkpt lat="48.3237720" lon="-121.7428930">
    <ele>1324.4</ele>
    <time>2026-06-14T18:09:51Z</time>
    
   </trkpt>
   <trkpt lat="48.3237460" lon="-121.7429320">
    <ele>1324.6</ele>
    <time>2026-06-14T18:09:55Z</time>
    
   </trkpt>
   <trkpt lat="48.3237360" lon="-121.7429590">
    <ele>1324.8</ele>
    <time>2026-06-14T18:09:57Z</time>
    
   </trkpt>
   <trkpt lat="48.3237250" lon="-121.7429780">
    <ele>1324.8</ele>
    <time>2026-06-14T18:09:59Z</time>
    
   </trkpt>
   <trkpt lat="48.3237110" lon="-121.7430280">
    <ele>1325.0</ele>
    <time>2026-06-14T18:10:04Z</time>
    
   </trkpt>
   <trkpt lat="48.3237080" lon="-121.7430510">
    <ele>1325.2</ele>
    <time>2026-06-14T18:10:06Z</time>
    
   </trkpt>
   <trkpt lat="48.3237030" lon="-121.7431200">
    <ele>1326.2</ele>
    <time>2026-06-14T18:10:14Z</time>
    
   </trkpt>
   <trkpt lat="48.3236770" lon="-121.7431520">
    <ele>1326.6</ele>
    <time>2026-06-14T18:10:20Z</time>
    
   </trkpt>
   <trkpt lat="48.3236650" lon="-121.7431790">
    <ele>1326.4</ele>
    <time>2026-06-14T18:10:23Z</time>
    
   </trkpt>
   <trkpt lat="48.3236290" lon="-121.7432550">
    <ele>1326.8</ele>
    <time>2026-06-14T18:10:31Z</time>
    
   </trkpt>
   <trkpt lat="48.3236280" lon="-121.7432760">
    <ele>1327.0</ele>
    <time>2026-06-14T18:10:33Z</time>
    
   </trkpt>
   <trkpt lat="48.3236260" lon="-121.7432890">
    <ele>1327.2</ele>
    <time>2026-06-14T18:10:34Z</time>
    
   </trkpt>
   <trkpt lat="48.3236310" lon="-121.7433490">
    <ele>1327.6</ele>
    <time>2026-06-14T18:10:41Z</time>
    
   </trkpt>
   <trkpt lat="48.3236270" lon="-121.7433820">
    <ele>1328.2</ele>
    <time>2026-06-14T18:10:44Z</time>
    
   </trkpt>
   <trkpt lat="48.3236190" lon="-121.7434040">
    <ele>1328.8</ele>
    <time>2026-06-14T18:10:46Z</time>
    
   </trkpt>
   <trkpt lat="48.3236040" lon="-121.7434380">
    <ele>1329.4</ele>
    <time>2026-06-14T18:10:49Z</time>
    
   </trkpt>
   <trkpt lat="48.3235790" lon="-121.7434740">
    <ele>1329.6</ele>
    <time>2026-06-14T18:10:53Z</time>
    
   </trkpt>
   <trkpt lat="48.3235750" lon="-121.7435060">
    <ele>1330.4</ele>
    <time>2026-06-14T18:10:59Z</time>
    
   </trkpt>
   <trkpt lat="48.3235740" lon="-121.7435110">
    <ele>1330.4</ele>
    <time>2026-06-14T18:11:00Z</time>
    
   </trkpt>
   <trkpt lat="48.3235770" lon="-121.7435640">
    <ele>1331.4</ele>
    <time>2026-06-14T18:11:07Z</time>
    
   </trkpt>
   <trkpt lat="48.3235620" lon="-121.7435860">
    <ele>1332.6</ele>
    <time>2026-06-14T18:11:11Z</time>
    
   </trkpt>
   <trkpt lat="48.3235380" lon="-121.7436030">
    <ele>1332.8</ele>
    <time>2026-06-14T18:11:15Z</time>
    
   </trkpt>
   <trkpt lat="48.3235290" lon="-121.7436400">
    <ele>1333.0</ele>
    <time>2026-06-14T18:11:20Z</time>
    
   </trkpt>
   <trkpt lat="48.3235140" lon="-121.7436800">
    <ele>1333.6</ele>
    <time>2026-06-14T18:11:24Z</time>
    
   </trkpt>
   <trkpt lat="48.3234920" lon="-121.7437420">
    <ele>1333.8</ele>
    <time>2026-06-14T18:11:29Z</time>
    
   </trkpt>
   <trkpt lat="48.3234680" lon="-121.7437930">
    <ele>1333.8</ele>
    <time>2026-06-14T18:11:35Z</time>
    
   </trkpt>
   <trkpt lat="48.3234460" lon="-121.7438290">
    <ele>1334.8</ele>
    <time>2026-06-14T18:11:40Z</time>
    
   </trkpt>
   <trkpt lat="48.3234410" lon="-121.7438390">
    <ele>1334.8</ele>
    <time>2026-06-14T18:11:45Z</time>
    
   </trkpt>
   <trkpt lat="48.3234250" lon="-121.7437860">
    <ele>1334.6</ele>
    <time>2026-06-14T18:11:57Z</time>
    
   </trkpt>
   <trkpt lat="48.3234230" lon="-121.7437780">
    <ele>1334.6</ele>
    <time>2026-06-14T18:12:02Z</time>
    
   </trkpt>
   <trkpt lat="48.3234240" lon="-121.7437730">
    <ele>1335.2</ele>
    <time>2026-06-14T18:12:13Z</time>
    
   </trkpt>
   <trkpt lat="48.3234250" lon="-121.7437780">
    <ele>1335.2</ele>
    <time>2026-06-14T18:12:15Z</time>
    
   </trkpt>
   <trkpt lat="48.3234360" lon="-121.7437940">
    <ele>1334.6</ele>
    <time>2026-06-14T18:12:28Z</time>
    
   </trkpt>
   <trkpt lat="48.3234360" lon="-121.7437970">
    <ele>1334.6</ele>
    <time>2026-06-14T18:12:29Z</time>
    
   </trkpt>
   <trkpt lat="48.3234350" lon="-121.7437990">
    <ele>1334.6</ele>
    <time>2026-06-14T18:12:30Z</time>
    
   </trkpt>
   <trkpt lat="48.3234260" lon="-121.7437870">
    <ele>1334.8</ele>
    <time>2026-06-14T18:12:35Z</time>
    
   </trkpt>
   <trkpt lat="48.3234130" lon="-121.7437980">
    <ele>1335.0</ele>
    <time>2026-06-14T18:12:39Z</time>
    
   </trkpt>
   <trkpt lat="48.3234120" lon="-121.7437990">
    <ele>1334.8</ele>
    <time>2026-06-14T18:12:46Z</time>
    
   </trkpt>
   <trkpt lat="48.3234120" lon="-121.7437990">
    <ele>1334.8</ele>
    <time>2026-06-14T18:12:47Z</time>
    
   </trkpt>
   <trkpt lat="48.3234230" lon="-121.7437990">
    <ele>1334.6</ele>
    <time>2026-06-14T18:12:55Z</time>
    
   </trkpt>
   <trkpt lat="48.3234280" lon="-121.7438220">
    <ele>1334.6</ele>
    <time>2026-06-14T18:13:05Z</time>
    
   </trkpt>
   <trkpt lat="48.3234050" lon="-121.7439290">
    <ele>1334.6</ele>
    <time>2026-06-14T18:13:18Z</time>
    
   </trkpt>
   <trkpt lat="48.3233970" lon="-121.7439410">
    <ele>1334.6</ele>
    <time>2026-06-14T18:13:20Z</time>
    
   </trkpt>
   <trkpt lat="48.3233880" lon="-121.7439510">
    <ele>1334.6</ele>
    <time>2026-06-14T18:13:22Z</time>
    
   </trkpt>
   <trkpt lat="48.3233810" lon="-121.7439590">
    <ele>1334.6</ele>
    <time>2026-06-14T18:13:23Z</time>
    
   </trkpt>
   <trkpt lat="48.3233540" lon="-121.7440140">
    <ele>1334.6</ele>
    <time>2026-06-14T18:13:31Z</time>
    
   </trkpt>
   <trkpt lat="48.3233340" lon="-121.7440820">
    <ele>1334.6</ele>
    <time>2026-06-14T18:13:36Z</time>
    
   </trkpt>
   <trkpt lat="48.3233310" lon="-121.7441250">
    <ele>1334.6</ele>
    <time>2026-06-14T18:13:39Z</time>
    
   </trkpt>
   <trkpt lat="48.3233300" lon="-121.7441600">
    <ele>1334.6</ele>
    <time>2026-06-14T18:13:42Z</time>
    
   </trkpt>
   <trkpt lat="48.3233240" lon="-121.7442060">
    <ele>1335.2</ele>
    <time>2026-06-14T18:13:45Z</time>
    
   </trkpt>
   <trkpt lat="48.3233260" lon="-121.7442300">
    <ele>1335.4</ele>
    <time>2026-06-14T18:13:47Z</time>
    
   </trkpt>
   <trkpt lat="48.3233260" lon="-121.7442690">
    <ele>1335.8</ele>
    <time>2026-06-14T18:13:50Z</time>
    
   </trkpt>
   <trkpt lat="48.3233230" lon="-121.7442810">
    <ele>1336.0</ele>
    <time>2026-06-14T18:13:51Z</time>
    
   </trkpt>
   <trkpt lat="48.3233140" lon="-121.7443130">
    <ele>1336.4</ele>
    <time>2026-06-14T18:13:54Z</time>
    
   </trkpt>
   <trkpt lat="48.3233120" lon="-121.7443310">
    <ele>1337.0</ele>
    <time>2026-06-14T18:13:56Z</time>
    
   </trkpt>
   <trkpt lat="48.3232900" lon="-121.7443680">
    <ele>1337.4</ele>
    <time>2026-06-14T18:13:59Z</time>
    
   </trkpt>
   <trkpt lat="48.3232840" lon="-121.7443820">
    <ele>1337.4</ele>
    <time>2026-06-14T18:14:00Z</time>
    
   </trkpt>
   <trkpt lat="48.3232810" lon="-121.7444090">
    <ele>1337.4</ele>
    <time>2026-06-14T18:14:02Z</time>
    
   </trkpt>
   <trkpt lat="48.3232630" lon="-121.7444660">
    <ele>1337.4</ele>
    <time>2026-06-14T18:14:06Z</time>
    
   </trkpt>
   <trkpt lat="48.3232470" lon="-121.7444990">
    <ele>1337.8</ele>
    <time>2026-06-14T18:14:10Z</time>
    
   </trkpt>
   <trkpt lat="48.3232440" lon="-121.7445080">
    <ele>1338.0</ele>
    <time>2026-06-14T18:14:11Z</time>
    
   </trkpt>
   <trkpt lat="48.3232370" lon="-121.7445350">
    <ele>1338.4</ele>
    <time>2026-06-14T18:14:14Z</time>
    
   </trkpt>
   <trkpt lat="48.3232300" lon="-121.7445750">
    <ele>1338.6</ele>
    <time>2026-06-14T18:14:17Z</time>
    
   </trkpt>
   <trkpt lat="48.3232260" lon="-121.7446250">
    <ele>1339.2</ele>
    <time>2026-06-14T18:14:21Z</time>
    
   </trkpt>
   <trkpt lat="48.3232140" lon="-121.7446660">
    <ele>1339.8</ele>
    <time>2026-06-14T18:14:25Z</time>
    
   </trkpt>
   <trkpt lat="48.3232090" lon="-121.7446760">
    <ele>1340.4</ele>
    <time>2026-06-14T18:14:26Z</time>
    
   </trkpt>
   <trkpt lat="48.3232000" lon="-121.7447000">
    <ele>1340.6</ele>
    <time>2026-06-14T18:14:29Z</time>
    
   </trkpt>
   <trkpt lat="48.3231800" lon="-121.7447380">
    <ele>1341.4</ele>
    <time>2026-06-14T18:14:36Z</time>
    
   </trkpt>
   <trkpt lat="48.3231680" lon="-121.7447550">
    <ele>1342.0</ele>
    <time>2026-06-14T18:14:39Z</time>
    
   </trkpt>
   <trkpt lat="48.3231670" lon="-121.7447720">
    <ele>1342.6</ele>
    <time>2026-06-14T18:14:41Z</time>
    
   </trkpt>
   <trkpt lat="48.3231620" lon="-121.7448310">
    <ele>1343.8</ele>
    <time>2026-06-14T18:14:48Z</time>
    
   </trkpt>
   <trkpt lat="48.3231490" lon="-121.7448670">
    <ele>1344.6</ele>
    <time>2026-06-14T18:14:53Z</time>
    
   </trkpt>
   <trkpt lat="48.3231470" lon="-121.7448760">
    <ele>1345.0</ele>
    <time>2026-06-14T18:14:54Z</time>
    
   </trkpt>
   <trkpt lat="48.3231280" lon="-121.7449210">
    <ele>1346.0</ele>
    <time>2026-06-14T18:14:59Z</time>
    
   </trkpt>
   <trkpt lat="48.3231280" lon="-121.7449830">
    <ele>1346.6</ele>
    <time>2026-06-14T18:15:06Z</time>
    
   </trkpt>
   <trkpt lat="48.3231350" lon="-121.7450060">
    <ele>1347.4</ele>
    <time>2026-06-14T18:15:09Z</time>
    
   </trkpt>
   <trkpt lat="48.3231240" lon="-121.7450410">
    <ele>1348.4</ele>
    <time>2026-06-14T18:15:19Z</time>
    
   </trkpt>
   <trkpt lat="48.3231210" lon="-121.7450340">
    <ele>1348.4</ele>
    <time>2026-06-14T18:15:21Z</time>
    
   </trkpt>
   <trkpt lat="48.3231120" lon="-121.7450300">
    <ele>1348.2</ele>
    <time>2026-06-14T18:15:31Z</time>
    
   </trkpt>
   <trkpt lat="48.3231080" lon="-121.7450540">
    <ele>1348.8</ele>
    <time>2026-06-14T18:15:39Z</time>
    
   </trkpt>
   <trkpt lat="48.3230910" lon="-121.7451350">
    <ele>1349.2</ele>
    <time>2026-06-14T18:15:45Z</time>
    
   </trkpt>
   <trkpt lat="48.3230850" lon="-121.7451530">
    <ele>1349.4</ele>
    <time>2026-06-14T18:15:47Z</time>
    
   </trkpt>
   <trkpt lat="48.3230850" lon="-121.7451550">
    <ele>1349.6</ele>
    <time>2026-06-14T18:15:48Z</time>
    
   </trkpt>
   <trkpt lat="48.3230810" lon="-121.7451790">
    <ele>1350.8</ele>
    <time>2026-06-14T18:15:52Z</time>
    
   </trkpt>
   <trkpt lat="48.3230620" lon="-121.7452050">
    <ele>1352.0</ele>
    <time>2026-06-14T18:15:57Z</time>
    
   </trkpt>
   <trkpt lat="48.3230640" lon="-121.7452430">
    <ele>1353.0</ele>
    <time>2026-06-14T18:16:01Z</time>
    
   </trkpt>
   <trkpt lat="48.3230600" lon="-121.7452550">
    <ele>1353.0</ele>
    <time>2026-06-14T18:16:03Z</time>
    
   </trkpt>
   <trkpt lat="48.3230630" lon="-121.7452830">
    <ele>1354.2</ele>
    <time>2026-06-14T18:16:07Z</time>
    
   </trkpt>
   <trkpt lat="48.3230630" lon="-121.7453150">
    <ele>1355.0</ele>
    <time>2026-06-14T18:16:12Z</time>
    
   </trkpt>
   <trkpt lat="48.3230630" lon="-121.7453180">
    <ele>1355.4</ele>
    <time>2026-06-14T18:16:13Z</time>
    
   </trkpt>
   <trkpt lat="48.3230520" lon="-121.7453220">
    <ele>1355.6</ele>
    <time>2026-06-14T18:16:23Z</time>
    
   </trkpt>
   <trkpt lat="48.3230560" lon="-121.7453230">
    <ele>1355.4</ele>
    <time>2026-06-14T18:16:26Z</time>
    
   </trkpt>
   <trkpt lat="48.3230820" lon="-121.7453700">
    <ele>1356.6</ele>
    <time>2026-06-14T18:16:35Z</time>
    
   </trkpt>
   <trkpt lat="48.3230880" lon="-121.7453850">
    <ele>1357.4</ele>
    <time>2026-06-14T18:16:37Z</time>
    
   </trkpt>
   <trkpt lat="48.3230830" lon="-121.7454010">
    <ele>1357.8</ele>
    <time>2026-06-14T18:16:38Z</time>
    
   </trkpt>
   <trkpt lat="48.3230740" lon="-121.7454320">
    <ele>1358.8</ele>
    <time>2026-06-14T18:16:42Z</time>
    
   </trkpt>
   <trkpt lat="48.3230620" lon="-121.7454660">
    <ele>1360.0</ele>
    <time>2026-06-14T18:16:45Z</time>
    
   </trkpt>
   <trkpt lat="48.3230540" lon="-121.7454890">
    <ele>1360.8</ele>
    <time>2026-06-14T18:16:48Z</time>
    
   </trkpt>
   <trkpt lat="48.3230540" lon="-121.7455120">
    <ele>1361.0</ele>
    <time>2026-06-14T18:16:53Z</time>
    
   </trkpt>
   <trkpt lat="48.3230470" lon="-121.7455280">
    <ele>1361.0</ele>
    <time>2026-06-14T18:16:57Z</time>
    
   </trkpt>
   <trkpt lat="48.3230400" lon="-121.7455410">
    <ele>1361.4</ele>
    <time>2026-06-14T18:16:59Z</time>
    
   </trkpt>
   <trkpt lat="48.3230360" lon="-121.7455610">
    <ele>1362.0</ele>
    <time>2026-06-14T18:17:01Z</time>
    
   </trkpt>
   <trkpt lat="48.3230340" lon="-121.7455670">
    <ele>1362.2</ele>
    <time>2026-06-14T18:17:02Z</time>
    
   </trkpt>
   <trkpt lat="48.3230380" lon="-121.7455910">
    <ele>1363.0</ele>
    <time>2026-06-14T18:17:05Z</time>
    
   </trkpt>
   <trkpt lat="48.3230430" lon="-121.7455960">
    <ele>1363.2</ele>
    <time>2026-06-14T18:17:06Z</time>
    
   </trkpt>
   <trkpt lat="48.3230700" lon="-121.7456440">
    <ele>1364.4</ele>
    <time>2026-06-14T18:17:11Z</time>
    
   </trkpt>
   <trkpt lat="48.3230650" lon="-121.7456860">
    <ele>1365.6</ele>
    <time>2026-06-14T18:17:16Z</time>
    
   </trkpt>
   <trkpt lat="48.3230800" lon="-121.7457070">
    <ele>1366.6</ele>
    <time>2026-06-14T18:17:21Z</time>
    
   </trkpt>
   <trkpt lat="48.3230810" lon="-121.7457100">
    <ele>1366.8</ele>
    <time>2026-06-14T18:17:22Z</time>
    
   </trkpt>
   <trkpt lat="48.3230870" lon="-121.7457600">
    <ele>1367.6</ele>
    <time>2026-06-14T18:17:34Z</time>
    
   </trkpt>
   <trkpt lat="48.3230840" lon="-121.7457690">
    <ele>1368.0</ele>
    <time>2026-06-14T18:17:35Z</time>
    
   </trkpt>
   <trkpt lat="48.3230700" lon="-121.7457850">
    <ele>1368.8</ele>
    <time>2026-06-14T18:17:37Z</time>
    
   </trkpt>
   <trkpt lat="48.3230480" lon="-121.7458200">
    <ele>1370.0</ele>
    <time>2026-06-14T18:17:42Z</time>
    
   </trkpt>
   <trkpt lat="48.3230300" lon="-121.7458470">
    <ele>1371.2</ele>
    <time>2026-06-14T18:17:46Z</time>
    
   </trkpt>
   <trkpt lat="48.3230190" lon="-121.7458650">
    <ele>1372.0</ele>
    <time>2026-06-14T18:17:50Z</time>
    
   </trkpt>
   <trkpt lat="48.3230140" lon="-121.7458790">
    <ele>1372.2</ele>
    <time>2026-06-14T18:17:52Z</time>
    
   </trkpt>
   <trkpt lat="48.3230080" lon="-121.7458980">
    <ele>1372.6</ele>
    <time>2026-06-14T18:17:54Z</time>
    
   </trkpt>
   <trkpt lat="48.3230060" lon="-121.7459080">
    <ele>1372.8</ele>
    <time>2026-06-14T18:17:55Z</time>
    
   </trkpt>
   <trkpt lat="48.3229980" lon="-121.7459300">
    <ele>1373.2</ele>
    <time>2026-06-14T18:17:57Z</time>
    
   </trkpt>
   <trkpt lat="48.3229950" lon="-121.7459460">
    <ele>1373.4</ele>
    <time>2026-06-14T18:17:58Z</time>
    
   </trkpt>
   <trkpt lat="48.3229850" lon="-121.7460190">
    <ele>1374.4</ele>
    <time>2026-06-14T18:18:05Z</time>
    
   </trkpt>
   <trkpt lat="48.3228990" lon="-121.7461490">
    <ele>1374.8</ele>
    <time>2026-06-14T18:27:19Z</time>
    
   </trkpt>
   <trkpt lat="48.3229000" lon="-121.7461530">
    <ele>1374.8</ele>
    <time>2026-06-14T18:27:20Z</time>
    
   </trkpt>
   <trkpt lat="48.3228990" lon="-121.7461520">
    <ele>1372.0</ele>
    <time>2026-06-14T18:27:23Z</time>
    
   </trkpt>
   <trkpt lat="48.3228980" lon="-121.7461540">
    <ele>1370.4</ele>
    <time>2026-06-14T18:27:24Z</time>
    
   </trkpt>
   <trkpt lat="48.3228980" lon="-121.7461540">
    <ele>1369.0</ele>
    <time>2026-06-14T18:27:26Z</time>
    
   </trkpt>
   <trkpt lat="48.3228990" lon="-121.7461550">
    <ele>1368.4</ele>
    <time>2026-06-14T18:27:29Z</time>
    
   </trkpt>
   <trkpt lat="48.3229000" lon="-121.7461540">
    <ele>1368.2</ele>
    <time>2026-06-14T18:27:39Z</time>
    
   </trkpt>
   <trkpt lat="48.3228700" lon="-121.7461940">
    <ele>1368.0</ele>
    <time>2026-06-14T18:27:44Z</time>
    
   </trkpt>
   <trkpt lat="48.3228700" lon="-121.7462730">
    <ele>1367.2</ele>
    <time>2026-06-14T18:27:53Z</time>
    
   </trkpt>
   <trkpt lat="48.3228860" lon="-121.7462860">
    <ele>1367.4</ele>
    <time>2026-06-14T18:27:57Z</time>
    
   </trkpt>
   <trkpt lat="48.3229070" lon="-121.7463240">
    <ele>1367.2</ele>
    <time>2026-06-14T18:28:02Z</time>
    
   </trkpt>
   <trkpt lat="48.3229060" lon="-121.7463240">
    <ele>1367.2</ele>
    <time>2026-06-14T18:28:03Z</time>
    
   </trkpt>
   <trkpt lat="48.3228990" lon="-121.7463310">
    <ele>1367.0</ele>
    <time>2026-06-14T18:28:06Z</time>
    
   </trkpt>
   <trkpt lat="48.3228630" lon="-121.7463450">
    <ele>1366.0</ele>
    <time>2026-06-14T18:28:13Z</time>
    
   </trkpt>
   <trkpt lat="48.3228600" lon="-121.7463460">
    <ele>1366.0</ele>
    <time>2026-06-14T18:28:14Z</time>
    
   </trkpt>
   <trkpt lat="48.3228410" lon="-121.7463580">
    <ele>1365.2</ele>
    <time>2026-06-14T18:28:20Z</time>
    
   </trkpt>
   <trkpt lat="48.3228300" lon="-121.7463560">
    <ele>1365.0</ele>
    <time>2026-06-14T18:28:22Z</time>
    
   </trkpt>
   <trkpt lat="48.3228230" lon="-121.7463500">
    <ele>1364.8</ele>
    <time>2026-06-14T18:28:23Z</time>
    
   </trkpt>
   <trkpt lat="48.3228120" lon="-121.7463410">
    <ele>1364.8</ele>
    <time>2026-06-14T18:28:25Z</time>
    
   </trkpt>
   <trkpt lat="48.3227710" lon="-121.7463250">
    <ele>1363.8</ele>
    <time>2026-06-14T18:28:30Z</time>
    
   </trkpt>
   <trkpt lat="48.3227560" lon="-121.7463230">
    <ele>1363.4</ele>
    <time>2026-06-14T18:28:32Z</time>
    
   </trkpt>
   <trkpt lat="48.3227170" lon="-121.7462910">
    <ele>1362.8</ele>
    <time>2026-06-14T18:28:42Z</time>
    
   </trkpt>
   <trkpt lat="48.3227170" lon="-121.7462910">
    <ele>1362.6</ele>
    <time>2026-06-14T18:28:43Z</time>
    
   </trkpt>
   <trkpt lat="48.3227170" lon="-121.7462900">
    <ele>1362.4</ele>
    <time>2026-06-14T18:28:53Z</time>
    
   </trkpt>
   <trkpt lat="48.3227150" lon="-121.7462860">
    <ele>1362.0</ele>
    <time>2026-06-14T18:29:02Z</time>
    
   </trkpt>
   <trkpt lat="48.3226770" lon="-121.7462190">
    <ele>1362.2</ele>
    <time>2026-06-14T18:29:16Z</time>
    
   </trkpt>
   <trkpt lat="48.3226540" lon="-121.7462050">
    <ele>1362.2</ele>
    <time>2026-06-14T18:29:24Z</time>
    
   </trkpt>
   <trkpt lat="48.3226360" lon="-121.7462190">
    <ele>1362.6</ele>
    <time>2026-06-14T18:29:34Z</time>
    
   </trkpt>
   <trkpt lat="48.3226400" lon="-121.7462340">
    <ele>1362.2</ele>
    <time>2026-06-14T18:29:48Z</time>
    
   </trkpt>
   <trkpt lat="48.3226090" lon="-121.7463040">
    <ele>1362.0</ele>
    <time>2026-06-14T18:29:53Z</time>
    
   </trkpt>
   <trkpt lat="48.3226060" lon="-121.7463170">
    <ele>1361.8</ele>
    <time>2026-06-14T18:29:54Z</time>
    
   </trkpt>
   <trkpt lat="48.3226020" lon="-121.7463270">
    <ele>1361.8</ele>
    <time>2026-06-14T18:29:55Z</time>
    
   </trkpt>
   <trkpt lat="48.3225850" lon="-121.7463620">
    <ele>1361.6</ele>
    <time>2026-06-14T18:29:58Z</time>
    
   </trkpt>
   <trkpt lat="48.3225680" lon="-121.7464080">
    <ele>1361.4</ele>
    <time>2026-06-14T18:30:03Z</time>
    
   </trkpt>
   <trkpt lat="48.3225680" lon="-121.7464120">
    <ele>1361.4</ele>
    <time>2026-06-14T18:30:05Z</time>
    
   </trkpt>
   <trkpt lat="48.3225730" lon="-121.7464130">
    <ele>1361.2</ele>
    <time>2026-06-14T18:30:07Z</time>
    
   </trkpt>
   <trkpt lat="48.3226010" lon="-121.7464440">
    <ele>1360.6</ele>
    <time>2026-06-14T18:30:14Z</time>
    
   </trkpt>
   <trkpt lat="48.3226060" lon="-121.7464550">
    <ele>1360.6</ele>
    <time>2026-06-14T18:30:15Z</time>
    
   </trkpt>
   <trkpt lat="48.3226330" lon="-121.7464680">
    <ele>1360.4</ele>
    <time>2026-06-14T18:30:21Z</time>
    
   </trkpt>
   <trkpt lat="48.3226420" lon="-121.7464790">
    <ele>1360.4</ele>
    <time>2026-06-14T18:30:23Z</time>
    
   </trkpt>
   <trkpt lat="48.3226530" lon="-121.7464960">
    <ele>1360.4</ele>
    <time>2026-06-14T18:30:26Z</time>
    
   </trkpt>
   <trkpt lat="48.3226670" lon="-121.7465230">
    <ele>1359.4</ele>
    <time>2026-06-14T18:30:30Z</time>
    
   </trkpt>
   <trkpt lat="48.3226730" lon="-121.7465380">
    <ele>1359.0</ele>
    <time>2026-06-14T18:30:33Z</time>
    
   </trkpt>
   <trkpt lat="48.3226850" lon="-121.7465520">
    <ele>1358.2</ele>
    <time>2026-06-14T18:30:37Z</time>
    
   </trkpt>
   <trkpt lat="48.3226950" lon="-121.7465690">
    <ele>1358.0</ele>
    <time>2026-06-14T18:30:43Z</time>
    
   </trkpt>
   <trkpt lat="48.3226980" lon="-121.7465690">
    <ele>1357.8</ele>
    <time>2026-06-14T18:30:47Z</time>
    
   </trkpt>
   <trkpt lat="48.3226940" lon="-121.7465720">
    <ele>1357.2</ele>
    <time>2026-06-14T18:30:54Z</time>
    
   </trkpt>
   <trkpt lat="48.3226930" lon="-121.7465700">
    <ele>1357.2</ele>
    <time>2026-06-14T18:30:55Z</time>
    
   </trkpt>
   <trkpt lat="48.3226710" lon="-121.7465840">
    <ele>1356.6</ele>
    <time>2026-06-14T18:31:02Z</time>
    
   </trkpt>
   <trkpt lat="48.3226770" lon="-121.7465870">
    <ele>1356.0</ele>
    <time>2026-06-14T18:31:05Z</time>
    
   </trkpt>
   <trkpt lat="48.3226780" lon="-121.7465850">
    <ele>1354.8</ele>
    <time>2026-06-14T18:31:09Z</time>
    
   </trkpt>
   <trkpt lat="48.3226790" lon="-121.7466240">
    <ele>1354.0</ele>
    <time>2026-06-14T18:31:18Z</time>
    
   </trkpt>
   <trkpt lat="48.3226950" lon="-121.7466540">
    <ele>1353.8</ele>
    <time>2026-06-14T18:31:22Z</time>
    
   </trkpt>
   <trkpt lat="48.3226990" lon="-121.7466650">
    <ele>1353.6</ele>
    <time>2026-06-14T18:31:23Z</time>
    
   </trkpt>
   <trkpt lat="48.3227010" lon="-121.7466800">
    <ele>1353.0</ele>
    <time>2026-06-14T18:31:28Z</time>
    
   </trkpt>
   <trkpt lat="48.3227180" lon="-121.7466700">
    <ele>1352.6</ele>
    <time>2026-06-14T18:31:32Z</time>
    
   </trkpt>
   <trkpt lat="48.3227280" lon="-121.7466660">
    <ele>1352.4</ele>
    <time>2026-06-14T18:31:36Z</time>
    
   </trkpt>
   <trkpt lat="48.3227400" lon="-121.7466680">
    <ele>1352.4</ele>
    <time>2026-06-14T18:31:39Z</time>
    
   </trkpt>
   <trkpt lat="48.3227690" lon="-121.7466920">
    <ele>1353.0</ele>
    <time>2026-06-14T18:31:52Z</time>
    
   </trkpt>
   <trkpt lat="48.3227770" lon="-121.7467030">
    <ele>1353.2</ele>
    <time>2026-06-14T18:31:57Z</time>
    
   </trkpt>
   <trkpt lat="48.3227830" lon="-121.7467090">
    <ele>1352.8</ele>
    <time>2026-06-14T18:32:02Z</time>
    
   </trkpt>
   <trkpt lat="48.3227830" lon="-121.7467110">
    <ele>1352.0</ele>
    <time>2026-06-14T18:32:04Z</time>
    
   </trkpt>
   <trkpt lat="48.3227820" lon="-121.7467120">
    <ele>1351.6</ele>
    <time>2026-06-14T18:32:05Z</time>
    
   </trkpt>
   <trkpt lat="48.3227880" lon="-121.7467290">
    <ele>1351.2</ele>
    <time>2026-06-14T18:32:08Z</time>
    
   </trkpt>
   <trkpt lat="48.3227900" lon="-121.7467430">
    <ele>1350.6</ele>
    <time>2026-06-14T18:32:14Z</time>
    
   </trkpt>
   <trkpt lat="48.3227950" lon="-121.7467670">
    <ele>1350.2</ele>
    <time>2026-06-14T18:32:18Z</time>
    
   </trkpt>
   <trkpt lat="48.3228120" lon="-121.7467820">
    <ele>1349.8</ele>
    <time>2026-06-14T18:32:24Z</time>
    
   </trkpt>
   <trkpt lat="48.3227980" lon="-121.7468070">
    <ele>1349.8</ele>
    <time>2026-06-14T18:32:30Z</time>
    
   </trkpt>
   <trkpt lat="48.3228040" lon="-121.7468320">
    <ele>1350.0</ele>
    <time>2026-06-14T18:32:42Z</time>
    
   </trkpt>
   <trkpt lat="48.3228200" lon="-121.7468260">
    <ele>1349.6</ele>
    <time>2026-06-14T18:32:48Z</time>
    
   </trkpt>
   <trkpt lat="48.3228300" lon="-121.7468510">
    <ele>1349.2</ele>
    <time>2026-06-14T18:32:53Z</time>
    
   </trkpt>
   <trkpt lat="48.3228410" lon="-121.7468360">
    <ele>1349.0</ele>
    <time>2026-06-14T18:33:05Z</time>
    
   </trkpt>
   <trkpt lat="48.3228650" lon="-121.7469020">
    <ele>1349.0</ele>
    <time>2026-06-14T18:33:13Z</time>
    
   </trkpt>
   <trkpt lat="48.3228840" lon="-121.7469170">
    <ele>1349.8</ele>
    <time>2026-06-14T18:33:21Z</time>
    
   </trkpt>
   <trkpt lat="48.3229010" lon="-121.7469350">
    <ele>1350.8</ele>
    <time>2026-06-14T18:33:25Z</time>
    
   </trkpt>
   <trkpt lat="48.3229030" lon="-121.7469460">
    <ele>1351.8</ele>
    <time>2026-06-14T18:33:28Z</time>
    
   </trkpt>
   <trkpt lat="48.3229000" lon="-121.7469560">
    <ele>1352.2</ele>
    <time>2026-06-14T18:33:30Z</time>
    
   </trkpt>
   <trkpt lat="48.3229000" lon="-121.7469600">
    <ele>1352.0</ele>
    <time>2026-06-14T18:33:32Z</time>
    
   </trkpt>
   <trkpt lat="48.3229000" lon="-121.7469580">
    <ele>1352.0</ele>
    <time>2026-06-14T18:33:33Z</time>
    
   </trkpt>
   <trkpt lat="48.3229020" lon="-121.7469610">
    <ele>1352.2</ele>
    <time>2026-06-14T18:33:34Z</time>
    
   </trkpt>
   <trkpt lat="48.3229020" lon="-121.7469660">
    <ele>1352.0</ele>
    <time>2026-06-14T18:33:35Z</time>
    
   </trkpt>
   <trkpt lat="48.3229030" lon="-121.7469760">
    <ele>1352.0</ele>
    <time>2026-06-14T18:33:37Z</time>
    
   </trkpt>
   <trkpt lat="48.3228920" lon="-121.7469790">
    <ele>1351.8</ele>
    <time>2026-06-14T18:33:41Z</time>
    
   </trkpt>
   <trkpt lat="48.3228900" lon="-121.7469780">
    <ele>1351.6</ele>
    <time>2026-06-14T18:33:43Z</time>
    
   </trkpt>
   <trkpt lat="48.3228900" lon="-121.7469770">
    <ele>1351.6</ele>
    <time>2026-06-14T18:33:46Z</time>
    
   </trkpt>
   <trkpt lat="48.3228850" lon="-121.7470030">
    <ele>1351.6</ele>
    <time>2026-06-14T18:33:51Z</time>
    
   </trkpt>
   <trkpt lat="48.3228880" lon="-121.7470130">
    <ele>1351.6</ele>
    <time>2026-06-14T18:33:52Z</time>
    
   </trkpt>
   <trkpt lat="48.3228900" lon="-121.7470360">
    <ele>1351.6</ele>
    <time>2026-06-14T18:33:56Z</time>
    
   </trkpt>
   <trkpt lat="48.3228930" lon="-121.7470530">
    <ele>1351.8</ele>
    <time>2026-06-14T18:33:59Z</time>
    
   </trkpt>
   <trkpt lat="48.3228760" lon="-121.7470700">
    <ele>1351.8</ele>
    <time>2026-06-14T18:34:04Z</time>
    
   </trkpt>
   <trkpt lat="48.3228530" lon="-121.7470540">
    <ele>1351.8</ele>
    <time>2026-06-14T18:34:15Z</time>
    
   </trkpt>
   <trkpt lat="48.3228360" lon="-121.7470550">
    <ele>1352.0</ele>
    <time>2026-06-14T18:34:21Z</time>
    
   </trkpt>
   <trkpt lat="48.3228270" lon="-121.7470640">
    <ele>1351.2</ele>
    <time>2026-06-14T18:34:24Z</time>
    
   </trkpt>
   <trkpt lat="48.3228210" lon="-121.7470660">
    <ele>1350.6</ele>
    <time>2026-06-14T18:34:26Z</time>
    
   </trkpt>
   <trkpt lat="48.3228050" lon="-121.7470650">
    <ele>1350.0</ele>
    <time>2026-06-14T18:34:31Z</time>
    
   </trkpt>
   <trkpt lat="48.3227960" lon="-121.7470790">
    <ele>1349.6</ele>
    <time>2026-06-14T18:34:35Z</time>
    
   </trkpt>
   <trkpt lat="48.3227940" lon="-121.7470880">
    <ele>1349.6</ele>
    <time>2026-06-14T18:34:37Z</time>
    
   </trkpt>
   <trkpt lat="48.3227920" lon="-121.7471000">
    <ele>1349.2</ele>
    <time>2026-06-14T18:34:48Z</time>
    
   </trkpt>
   <trkpt lat="48.3227880" lon="-121.7470980">
    <ele>1349.0</ele>
    <time>2026-06-14T18:34:52Z</time>
    
   </trkpt>
   <trkpt lat="48.3227690" lon="-121.7470930">
    <ele>1348.8</ele>
    <time>2026-06-14T18:34:57Z</time>
    
   </trkpt>
   <trkpt lat="48.3227620" lon="-121.7470940">
    <ele>1348.6</ele>
    <time>2026-06-14T18:35:00Z</time>
    
   </trkpt>
   <trkpt lat="48.3227570" lon="-121.7470960">
    <ele>1348.6</ele>
    <time>2026-06-14T18:35:02Z</time>
    
   </trkpt>
   <trkpt lat="48.3227570" lon="-121.7470930">
    <ele>1348.4</ele>
    <time>2026-06-14T18:35:04Z</time>
    
   </trkpt>
   <trkpt lat="48.3227480" lon="-121.7470890">
    <ele>1347.4</ele>
    <time>2026-06-14T18:35:08Z</time>
    
   </trkpt>
   <trkpt lat="48.3227410" lon="-121.7470880">
    <ele>1347.4</ele>
    <time>2026-06-14T18:35:11Z</time>
    
   </trkpt>
   <trkpt lat="48.3227220" lon="-121.7471150">
    <ele>1346.6</ele>
    <time>2026-06-14T18:35:23Z</time>
    
   </trkpt>
   <trkpt lat="48.3226950" lon="-121.7471270">
    <ele>1348.0</ele>
    <time>2026-06-14T18:35:39Z</time>
    
   </trkpt>
   <trkpt lat="48.3227480" lon="-121.7471570">
    <ele>1348.2</ele>
    <time>2026-06-14T18:35:49Z</time>
    
   </trkpt>
   <trkpt lat="48.3227490" lon="-121.7471590">
    <ele>1348.4</ele>
    <time>2026-06-14T18:35:50Z</time>
    
   </trkpt>
   <trkpt lat="48.3227420" lon="-121.7471640">
    <ele>1348.4</ele>
    <time>2026-06-14T18:35:54Z</time>
    
   </trkpt>
   <trkpt lat="48.3227480" lon="-121.7471830">
    <ele>1348.2</ele>
    <time>2026-06-14T18:36:03Z</time>
    
   </trkpt>
   <trkpt lat="48.3227430" lon="-121.7471890">
    <ele>1348.6</ele>
    <time>2026-06-14T18:36:05Z</time>
    
   </trkpt>
   <trkpt lat="48.3227400" lon="-121.7472110">
    <ele>1349.4</ele>
    <time>2026-06-14T18:36:09Z</time>
    
   </trkpt>
   <trkpt lat="48.3227350" lon="-121.7472130">
    <ele>1349.6</ele>
    <time>2026-06-14T18:36:11Z</time>
    
   </trkpt>
   <trkpt lat="48.3227310" lon="-121.7472160">
    <ele>1350.2</ele>
    <time>2026-06-14T18:36:13Z</time>
    
   </trkpt>
   <trkpt lat="48.3227290" lon="-121.7472190">
    <ele>1350.4</ele>
    <time>2026-06-14T18:36:14Z</time>
    
   </trkpt>
   <trkpt lat="48.3227310" lon="-121.7472320">
    <ele>1350.8</ele>
    <time>2026-06-14T18:36:19Z</time>
    
   </trkpt>
   <trkpt lat="48.3227380" lon="-121.7472370">
    <ele>1351.2</ele>
    <time>2026-06-14T18:36:25Z</time>
    
   </trkpt>
   <trkpt lat="48.3227410" lon="-121.7472460">
    <ele>1351.4</ele>
    <time>2026-06-14T18:36:28Z</time>
    
   </trkpt>
   <trkpt lat="48.3227580" lon="-121.7472740">
    <ele>1352.4</ele>
    <time>2026-06-14T18:36:39Z</time>
    
   </trkpt>
   <trkpt lat="48.3227640" lon="-121.7472880">
    <ele>1352.4</ele>
    <time>2026-06-14T18:36:43Z</time>
    
   </trkpt>
   <trkpt lat="48.3227620" lon="-121.7473030">
    <ele>1353.4</ele>
    <time>2026-06-14T18:36:52Z</time>
    
   </trkpt>
   <trkpt lat="48.3227610" lon="-121.7473110">
    <ele>1353.6</ele>
    <time>2026-06-14T18:36:53Z</time>
    
   </trkpt>
   <trkpt lat="48.3227550" lon="-121.7473520">
    <ele>1354.0</ele>
    <time>2026-06-14T18:36:58Z</time>
    
   </trkpt>
   <trkpt lat="48.3227540" lon="-121.7473630">
    <ele>1354.0</ele>
    <time>2026-06-14T18:37:00Z</time>
    
   </trkpt>
   <trkpt lat="48.3227480" lon="-121.7474190">
    <ele>1354.0</ele>
    <time>2026-06-14T18:37:09Z</time>
    
   </trkpt>
   <trkpt lat="48.3227480" lon="-121.7474320">
    <ele>1353.8</ele>
    <time>2026-06-14T18:37:11Z</time>
    
   </trkpt>
   <trkpt lat="48.3227440" lon="-121.7474370">
    <ele>1353.4</ele>
    <time>2026-06-14T18:37:14Z</time>
    
   </trkpt>
   <trkpt lat="48.3227430" lon="-121.7474460">
    <ele>1353.2</ele>
    <time>2026-06-14T18:37:16Z</time>
    
   </trkpt>
   <trkpt lat="48.3227300" lon="-121.7474530">
    <ele>1353.0</ele>
    <time>2026-06-14T18:37:18Z</time>
    
   </trkpt>
   <trkpt lat="48.3227160" lon="-121.7474650">
    <ele>1353.0</ele>
    <time>2026-06-14T18:37:20Z</time>
    
   </trkpt>
   <trkpt lat="48.3227120" lon="-121.7474900">
    <ele>1352.8</ele>
    <time>2026-06-14T18:37:23Z</time>
    
   </trkpt>
   <trkpt lat="48.3227110" lon="-121.7475000">
    <ele>1352.8</ele>
    <time>2026-06-14T18:37:24Z</time>
    
   </trkpt>
   <trkpt lat="48.3227150" lon="-121.7475080">
    <ele>1352.8</ele>
    <time>2026-06-14T18:37:25Z</time>
    
   </trkpt>
   <trkpt lat="48.3227210" lon="-121.7475550">
    <ele>1353.2</ele>
    <time>2026-06-14T18:37:31Z</time>
    
   </trkpt>
   <trkpt lat="48.3227170" lon="-121.7475780">
    <ele>1353.6</ele>
    <time>2026-06-14T18:37:35Z</time>
    
   </trkpt>
   <trkpt lat="48.3227360" lon="-121.7475930">
    <ele>1353.4</ele>
    <time>2026-06-14T18:37:46Z</time>
    
   </trkpt>
   <trkpt lat="48.3227470" lon="-121.7476210">
    <ele>1353.8</ele>
    <time>2026-06-14T18:37:50Z</time>
    
   </trkpt>
   <trkpt lat="48.3227600" lon="-121.7476520">
    <ele>1354.8</ele>
    <time>2026-06-14T18:37:57Z</time>
    
   </trkpt>
   <trkpt lat="48.3227510" lon="-121.7476710">
    <ele>1355.4</ele>
    <time>2026-06-14T18:38:02Z</time>
    
   </trkpt>
   <trkpt lat="48.3227180" lon="-121.7477400">
    <ele>1355.2</ele>
    <time>2026-06-14T18:38:09Z</time>
    
   </trkpt>
   <trkpt lat="48.3226830" lon="-121.7477720">
    <ele>1354.8</ele>
    <time>2026-06-14T18:38:14Z</time>
    
   </trkpt>
   <trkpt lat="48.3226580" lon="-121.7477890">
    <ele>1354.4</ele>
    <time>2026-06-14T18:38:18Z</time>
    
   </trkpt>
   <trkpt lat="48.3226430" lon="-121.7477930">
    <ele>1354.2</ele>
    <time>2026-06-14T18:38:28Z</time>
    
   </trkpt>
   <trkpt lat="48.3226550" lon="-121.7478300">
    <ele>1354.4</ele>
    <time>2026-06-14T18:38:35Z</time>
    
   </trkpt>
   <trkpt lat="48.3226700" lon="-121.7478770">
    <ele>1354.4</ele>
    <time>2026-06-14T18:38:41Z</time>
    
   </trkpt>
   <trkpt lat="48.3226800" lon="-121.7478920">
    <ele>1355.0</ele>
    <time>2026-06-14T18:38:43Z</time>
    
   </trkpt>
   <trkpt lat="48.3226820" lon="-121.7479110">
    <ele>1355.8</ele>
    <time>2026-06-14T18:38:47Z</time>
    
   </trkpt>
   <trkpt lat="48.3226860" lon="-121.7479470">
    <ele>1356.0</ele>
    <time>2026-06-14T18:38:53Z</time>
    
   </trkpt>
   <trkpt lat="48.3226870" lon="-121.7479490">
    <ele>1356.2</ele>
    <time>2026-06-14T18:38:54Z</time>
    
   </trkpt>
   <trkpt lat="48.3226910" lon="-121.7479560">
    <ele>1356.8</ele>
    <time>2026-06-14T18:38:58Z</time>
    
   </trkpt>
   <trkpt lat="48.3226890" lon="-121.7479560">
    <ele>1357.0</ele>
    <time>2026-06-14T18:39:01Z</time>
    
   </trkpt>
   <trkpt lat="48.3226900" lon="-121.7479560">
    <ele>1357.4</ele>
    <time>2026-06-14T18:39:05Z</time>
    
   </trkpt>
   <trkpt lat="48.3226920" lon="-121.7479590">
    <ele>1357.6</ele>
    <time>2026-06-14T18:39:08Z</time>
    
   </trkpt>
   <trkpt lat="48.3226890" lon="-121.7479610">
    <ele>1357.4</ele>
    <time>2026-06-14T18:39:12Z</time>
    
   </trkpt>
   <trkpt lat="48.3226860" lon="-121.7479600">
    <ele>1356.8</ele>
    <time>2026-06-14T18:39:21Z</time>
    
   </trkpt>
   <trkpt lat="48.3226860" lon="-121.7479580">
    <ele>1356.8</ele>
    <time>2026-06-14T18:39:22Z</time>
    
   </trkpt>
   <trkpt lat="48.3227030" lon="-121.7479700">
    <ele>1357.0</ele>
    <time>2026-06-14T18:39:31Z</time>
    
   </trkpt>
   <trkpt lat="48.3227090" lon="-121.7479760">
    <ele>1357.0</ele>
    <time>2026-06-14T18:39:39Z</time>
    
   </trkpt>
   <trkpt lat="48.3227120" lon="-121.7479840">
    <ele>1357.2</ele>
    <time>2026-06-14T18:39:42Z</time>
    
   </trkpt>
   <trkpt lat="48.3227130" lon="-121.7479860">
    <ele>1357.2</ele>
    <time>2026-06-14T18:39:43Z</time>
    
   </trkpt>
   <trkpt lat="48.3227150" lon="-121.7479870">
    <ele>1357.2</ele>
    <time>2026-06-14T18:39:44Z</time>
    
   </trkpt>
   <trkpt lat="48.3227150" lon="-121.7479890">
    <ele>1357.0</ele>
    <time>2026-06-14T18:39:46Z</time>
    
   </trkpt>
   <trkpt lat="48.3227200" lon="-121.7479850">
    <ele>1357.0</ele>
    <time>2026-06-14T18:39:49Z</time>
    
   </trkpt>
   <trkpt lat="48.3227070" lon="-121.7479870">
    <ele>1357.2</ele>
    <time>2026-06-14T18:40:05Z</time>
    
   </trkpt>
   <trkpt lat="48.3227070" lon="-121.7479880">
    <ele>1357.2</ele>
    <time>2026-06-14T18:40:07Z</time>
    
   </trkpt>
   <trkpt lat="48.3227070" lon="-121.7479890">
    <ele>1357.2</ele>
    <time>2026-06-14T18:40:09Z</time>
    
   </trkpt>
   <trkpt lat="48.3227070" lon="-121.7479880">
    <ele>1357.0</ele>
    <time>2026-06-14T18:40:11Z</time>
    
   </trkpt>
   <trkpt lat="48.3227090" lon="-121.7479940">
    <ele>1357.0</ele>
    <time>2026-06-14T18:40:17Z</time>
    
   </trkpt>
   <trkpt lat="48.3227100" lon="-121.7479990">
    <ele>1357.4</ele>
    <time>2026-06-14T18:40:26Z</time>
    
   </trkpt>
   <trkpt lat="48.3227120" lon="-121.7480040">
    <ele>1356.8</ele>
    <time>2026-06-14T18:40:34Z</time>
    
   </trkpt>
   <trkpt lat="48.3227210" lon="-121.7480100">
    <ele>1357.0</ele>
    <time>2026-06-14T18:40:40Z</time>
    
   </trkpt>
   <trkpt lat="48.3227220" lon="-121.7480120">
    <ele>1357.0</ele>
    <time>2026-06-14T18:40:41Z</time>
    
   </trkpt>
   <trkpt lat="48.3227190" lon="-121.7480140">
    <ele>1357.2</ele>
    <time>2026-06-14T18:40:56Z</time>
    
   </trkpt>
   <trkpt lat="48.3227170" lon="-121.7480230">
    <ele>1357.0</ele>
    <time>2026-06-14T18:41:04Z</time>
    
   </trkpt>
   <trkpt lat="48.3227190" lon="-121.7480210">
    <ele>1357.2</ele>
    <time>2026-06-14T18:41:06Z</time>
    
   </trkpt>
   <trkpt lat="48.3227160" lon="-121.7480180">
    <ele>1356.8</ele>
    <time>2026-06-14T18:41:17Z</time>
    
   </trkpt>
   <trkpt lat="48.3226930" lon="-121.7480090">
    <ele>1357.0</ele>
    <time>2026-06-14T18:41:26Z</time>
    
   </trkpt>
   <trkpt lat="48.3226980" lon="-121.7480160">
    <ele>1357.0</ele>
    <time>2026-06-14T18:41:35Z</time>
    
   </trkpt>
   <trkpt lat="48.3227000" lon="-121.7480150">
    <ele>1357.2</ele>
    <time>2026-06-14T18:41:41Z</time>
    
   </trkpt>
   <trkpt lat="48.3227120" lon="-121.7480130">
    <ele>1357.0</ele>
    <time>2026-06-14T18:41:48Z</time>
    
   </trkpt>
   <trkpt lat="48.3227130" lon="-121.7480120">
    <ele>1356.8</ele>
    <time>2026-06-14T18:41:51Z</time>
    
   </trkpt>
   <trkpt lat="48.3227180" lon="-121.7480080">
    <ele>1356.8</ele>
    <time>2026-06-14T18:42:01Z</time>
    
   </trkpt>
   <trkpt lat="48.3227170" lon="-121.7480160">
    <ele>1356.8</ele>
    <time>2026-06-14T18:42:04Z</time>
    
   </trkpt>
   <trkpt lat="48.3227190" lon="-121.7480210">
    <ele>1356.8</ele>
    <time>2026-06-14T18:42:05Z</time>
    
   </trkpt>
   <trkpt lat="48.3227220" lon="-121.7480290">
    <ele>1356.6</ele>
    <time>2026-06-14T18:42:08Z</time>
    
   </trkpt>
   <trkpt lat="48.3227210" lon="-121.7480400">
    <ele>1356.6</ele>
    <time>2026-06-14T18:42:15Z</time>
    
   </trkpt>
   <trkpt lat="48.3227240" lon="-121.7480420">
    <ele>1356.6</ele>
    <time>2026-06-14T18:42:24Z</time>
    
   </trkpt>
   <trkpt lat="48.3227150" lon="-121.7480140">
    <ele>1357.4</ele>
    <time>2026-06-14T18:42:40Z</time>
    
   </trkpt>
   <trkpt lat="48.3227130" lon="-121.7480120">
    <ele>1357.4</ele>
    <time>2026-06-14T18:42:41Z</time>
    
   </trkpt>
   <trkpt lat="48.3227220" lon="-121.7480030">
    <ele>1357.6</ele>
    <time>2026-06-14T18:42:47Z</time>
    
   </trkpt>
   <trkpt lat="48.3227230" lon="-121.7480020">
    <ele>1357.8</ele>
    <time>2026-06-14T18:42:48Z</time>
    
   </trkpt>
   <trkpt lat="48.3227250" lon="-121.7479970">
    <ele>1357.8</ele>
    <time>2026-06-14T18:42:51Z</time>
    
   </trkpt>
   <trkpt lat="48.3227260" lon="-121.7479980">
    <ele>1357.8</ele>
    <time>2026-06-14T18:42:54Z</time>
    
   </trkpt>
   <trkpt lat="48.3227260" lon="-121.7479980">
    <ele>1357.6</ele>
    <time>2026-06-14T18:42:56Z</time>
    
   </trkpt>
   <trkpt lat="48.3227320" lon="-121.7479990">
    <ele>1357.6</ele>
    <time>2026-06-14T18:43:04Z</time>
    
   </trkpt>
   <trkpt lat="48.3227390" lon="-121.7479980">
    <ele>1357.8</ele>
    <time>2026-06-14T18:43:08Z</time>
    
   </trkpt>
   <trkpt lat="48.3227400" lon="-121.7479810">
    <ele>1358.0</ele>
    <time>2026-06-14T18:43:15Z</time>
    
   </trkpt>
   <trkpt lat="48.3227490" lon="-121.7479660">
    <ele>1358.2</ele>
    <time>2026-06-14T18:43:25Z</time>
    
   </trkpt>
   <trkpt lat="48.3227480" lon="-121.7479640">
    <ele>1358.2</ele>
    <time>2026-06-14T18:43:26Z</time>
    
   </trkpt>
   <trkpt lat="48.3227470" lon="-121.7479650">
    <ele>1358.0</ele>
    <time>2026-06-14T18:43:27Z</time>
    
   </trkpt>
   <trkpt lat="48.3227580" lon="-121.7479580">
    <ele>1357.8</ele>
    <time>2026-06-14T18:43:33Z</time>
    
   </trkpt>
   <trkpt lat="48.3227570" lon="-121.7479620">
    <ele>1358.0</ele>
    <time>2026-06-14T18:43:41Z</time>
    
   </trkpt>
   <trkpt lat="48.3227580" lon="-121.7479590">
    <ele>1358.0</ele>
    <time>2026-06-14T18:43:46Z</time>
    
   </trkpt>
   <trkpt lat="48.3227580" lon="-121.7479680">
    <ele>1358.4</ele>
    <time>2026-06-14T18:44:00Z</time>
    
   </trkpt>
   <trkpt lat="48.3227570" lon="-121.7479750">
    <ele>1358.0</ele>
    <time>2026-06-14T18:44:04Z</time>
    
   </trkpt>
   <trkpt lat="48.3227520" lon="-121.7479790">
    <ele>1358.4</ele>
    <time>2026-06-14T18:44:08Z</time>
    
   </trkpt>
   <trkpt lat="48.3227560" lon="-121.7479880">
    <ele>1358.0</ele>
    <time>2026-06-14T18:44:18Z</time>
    
   </trkpt>
   <trkpt lat="48.3227540" lon="-121.7479920">
    <ele>1358.2</ele>
    <time>2026-06-14T18:44:26Z</time>
    
   </trkpt>
   <trkpt lat="48.3227560" lon="-121.7479930">
    <ele>1358.2</ele>
    <time>2026-06-14T18:44:27Z</time>
    
   </trkpt>
   <trkpt lat="48.3227600" lon="-121.7479920">
    <ele>1358.2</ele>
    <time>2026-06-14T18:44:30Z</time>
    
   </trkpt>
   <trkpt lat="48.3227530" lon="-121.7480020">
    <ele>1357.8</ele>
    <time>2026-06-14T18:44:36Z</time>
    
   </trkpt>
   <trkpt lat="48.3227500" lon="-121.7480010">
    <ele>1357.8</ele>
    <time>2026-06-14T18:44:37Z</time>
    
   </trkpt>
   <trkpt lat="48.3227480" lon="-121.7480010">
    <ele>1357.8</ele>
    <time>2026-06-14T18:44:38Z</time>
    
   </trkpt>
   <trkpt lat="48.3227460" lon="-121.7480090">
    <ele>1357.8</ele>
    <time>2026-06-14T18:44:44Z</time>
    
   </trkpt>
   <trkpt lat="48.3227420" lon="-121.7480220">
    <ele>1357.4</ele>
    <time>2026-06-14T18:44:54Z</time>
    
   </trkpt>
   <trkpt lat="48.3227420" lon="-121.7480290">
    <ele>1357.4</ele>
    <time>2026-06-14T18:44:57Z</time>
    
   </trkpt>
   <trkpt lat="48.3227370" lon="-121.7480260">
    <ele>1356.6</ele>
    <time>2026-06-14T18:44:59Z</time>
    
   </trkpt>
   <trkpt lat="48.3227340" lon="-121.7480270">
    <ele>1357.0</ele>
    <time>2026-06-14T18:45:04Z</time>
    
   </trkpt>
   <trkpt lat="48.3227320" lon="-121.7480270">
    <ele>1357.0</ele>
    <time>2026-06-14T18:45:07Z</time>
    
   </trkpt>
   <trkpt lat="48.3227330" lon="-121.7480280">
    <ele>1357.2</ele>
    <time>2026-06-14T18:45:11Z</time>
    
   </trkpt>
   <trkpt lat="48.3227330" lon="-121.7480250">
    <ele>1357.6</ele>
    <time>2026-06-14T18:45:27Z</time>
    
   </trkpt>
   <trkpt lat="48.3227310" lon="-121.7480280">
    <ele>1357.2</ele>
    <time>2026-06-14T18:45:48Z</time>
    
   </trkpt>
   <trkpt lat="48.3227320" lon="-121.7480300">
    <ele>1357.0</ele>
    <time>2026-06-14T18:45:55Z</time>
    
   </trkpt>
   <trkpt lat="48.3227410" lon="-121.7480340">
    <ele>1357.0</ele>
    <time>2026-06-14T18:46:07Z</time>
    
   </trkpt>
   <trkpt lat="48.3227360" lon="-121.7480310">
    <ele>1357.0</ele>
    <time>2026-06-14T18:46:11Z</time>
    
   </trkpt>
   <trkpt lat="48.3227230" lon="-121.7480140">
    <ele>1356.8</ele>
    <time>2026-06-14T18:46:23Z</time>
    
   </trkpt>
   <trkpt lat="48.3227140" lon="-121.7480270">
    <ele>1357.0</ele>
    <time>2026-06-14T18:46:33Z</time>
    
   </trkpt>
   <trkpt lat="48.3227170" lon="-121.7480310">
    <ele>1357.0</ele>
    <time>2026-06-14T18:46:35Z</time>
    
   </trkpt>
   <trkpt lat="48.3227200" lon="-121.7480180">
    <ele>1357.2</ele>
    <time>2026-06-14T18:46:41Z</time>
    
   </trkpt>
   <trkpt lat="48.3227210" lon="-121.7480140">
    <ele>1357.2</ele>
    <time>2026-06-14T18:46:47Z</time>
    
   </trkpt>
   <trkpt lat="48.3227200" lon="-121.7480160">
    <ele>1357.4</ele>
    <time>2026-06-14T18:46:53Z</time>
    
   </trkpt>
   <trkpt lat="48.3227170" lon="-121.7480170">
    <ele>1357.4</ele>
    <time>2026-06-14T18:47:03Z</time>
    
   </trkpt>
   <trkpt lat="48.3227200" lon="-121.7480230">
    <ele>1357.6</ele>
    <time>2026-06-14T18:47:08Z</time>
    
   </trkpt>
   <trkpt lat="48.3227180" lon="-121.7480230">
    <ele>1357.6</ele>
    <time>2026-06-14T18:47:10Z</time>
    
   </trkpt>
   <trkpt lat="48.3227200" lon="-121.7480250">
    <ele>1357.4</ele>
    <time>2026-06-14T18:47:19Z</time>
    
   </trkpt>
   <trkpt lat="48.3227210" lon="-121.7480260">
    <ele>1357.6</ele>
    <time>2026-06-14T18:47:21Z</time>
    
   </trkpt>
   <trkpt lat="48.3227210" lon="-121.7480270">
    <ele>1357.8</ele>
    <time>2026-06-14T18:47:22Z</time>
    
   </trkpt>
   <trkpt lat="48.3227230" lon="-121.7480230">
    <ele>1357.6</ele>
    <time>2026-06-14T18:47:28Z</time>
    
   </trkpt>
   <trkpt lat="48.3227280" lon="-121.7480170">
    <ele>1357.4</ele>
    <time>2026-06-14T18:47:31Z</time>
    
   </trkpt>
   <trkpt lat="48.3227290" lon="-121.7480180">
    <ele>1357.4</ele>
    <time>2026-06-14T18:47:32Z</time>
    
   </trkpt>
   <trkpt lat="48.3227290" lon="-121.7480190">
    <ele>1357.4</ele>
    <time>2026-06-14T18:47:33Z</time>
    
   </trkpt>
   <trkpt lat="48.3227300" lon="-121.7480200">
    <ele>1357.4</ele>
    <time>2026-06-14T18:47:36Z</time>
    
   </trkpt>
   <trkpt lat="48.3227250" lon="-121.7480360">
    <ele>1357.6</ele>
    <time>2026-06-14T18:47:40Z</time>
    
   </trkpt>
   <trkpt lat="48.3227270" lon="-121.7480600">
    <ele>1356.6</ele>
    <time>2026-06-14T18:47:44Z</time>
    
   </trkpt>
   <trkpt lat="48.3227290" lon="-121.7480610">
    <ele>1356.0</ele>
    <time>2026-06-14T18:47:47Z</time>
    
   </trkpt>
   <trkpt lat="48.3227300" lon="-121.7480650">
    <ele>1356.2</ele>
    <time>2026-06-14T18:47:49Z</time>
    
   </trkpt>
   <trkpt lat="48.3227370" lon="-121.7480720">
    <ele>1355.8</ele>
    <time>2026-06-14T18:47:55Z</time>
    
   </trkpt>
   <trkpt lat="48.3227360" lon="-121.7480690">
    <ele>1355.4</ele>
    <time>2026-06-14T18:47:57Z</time>
    
   </trkpt>
   <trkpt lat="48.3227580" lon="-121.7480660">
    <ele>1355.4</ele>
    <time>2026-06-14T18:48:13Z</time>
    
   </trkpt>
   <trkpt lat="48.3227610" lon="-121.7480700">
    <ele>1356.6</ele>
    <time>2026-06-14T18:48:19Z</time>
    
   </trkpt>
   <trkpt lat="48.3227580" lon="-121.7480590">
    <ele>1356.0</ele>
    <time>2026-06-14T18:48:27Z</time>
    
   </trkpt>
   <trkpt lat="48.3227630" lon="-121.7480740">
    <ele>1356.0</ele>
    <time>2026-06-14T18:48:36Z</time>
    
   </trkpt>
   <trkpt lat="48.3227630" lon="-121.7480840">
    <ele>1355.8</ele>
    <time>2026-06-14T18:48:38Z</time>
    
   </trkpt>
   <trkpt lat="48.3227640" lon="-121.7480960">
    <ele>1355.4</ele>
    <time>2026-06-14T18:48:40Z</time>
    
   </trkpt>
   <trkpt lat="48.3227640" lon="-121.7481030">
    <ele>1355.2</ele>
    <time>2026-06-14T18:48:41Z</time>
    
   </trkpt>
   <trkpt lat="48.3227440" lon="-121.7481360">
    <ele>1354.8</ele>
    <time>2026-06-14T18:48:48Z</time>
    
   </trkpt>
   <trkpt lat="48.3227420" lon="-121.7481430">
    <ele>1354.8</ele>
    <time>2026-06-14T18:48:50Z</time>
    
   </trkpt>
   <trkpt lat="48.3227580" lon="-121.7481620">
    <ele>1355.4</ele>
    <time>2026-06-14T18:48:54Z</time>
    
   </trkpt>
   <trkpt lat="48.3227560" lon="-121.7481810">
    <ele>1356.2</ele>
    <time>2026-06-14T18:49:01Z</time>
    
   </trkpt>
   <trkpt lat="48.3227540" lon="-121.7481940">
    <ele>1356.6</ele>
    <time>2026-06-14T18:49:04Z</time>
    
   </trkpt>
   <trkpt lat="48.3227480" lon="-121.7482010">
    <ele>1357.0</ele>
    <time>2026-06-14T18:49:07Z</time>
    
   </trkpt>
   <trkpt lat="48.3227420" lon="-121.7482020">
    <ele>1357.2</ele>
    <time>2026-06-14T18:49:09Z</time>
    
   </trkpt>
   <trkpt lat="48.3227400" lon="-121.7482380">
    <ele>1357.2</ele>
    <time>2026-06-14T18:49:14Z</time>
    
   </trkpt>
   <trkpt lat="48.3227390" lon="-121.7482470">
    <ele>1357.2</ele>
    <time>2026-06-14T18:49:15Z</time>
    
   </trkpt>
   <trkpt lat="48.3227260" lon="-121.7482540">
    <ele>1357.2</ele>
    <time>2026-06-14T18:49:17Z</time>
    
   </trkpt>
   <trkpt lat="48.3227180" lon="-121.7482580">
    <ele>1357.6</ele>
    <time>2026-06-14T18:49:19Z</time>
    
   </trkpt>
   <trkpt lat="48.3227150" lon="-121.7482640">
    <ele>1357.8</ele>
    <time>2026-06-14T18:49:20Z</time>
    
   </trkpt>
   <trkpt lat="48.3227140" lon="-121.7482860">
    <ele>1358.2</ele>
    <time>2026-06-14T18:49:24Z</time>
    
   </trkpt>
   <trkpt lat="48.3227360" lon="-121.7483330">
    <ele>1358.8</ele>
    <time>2026-06-14T18:49:30Z</time>
    
   </trkpt>
   <trkpt lat="48.3227380" lon="-121.7483380">
    <ele>1358.8</ele>
    <time>2026-06-14T18:49:31Z</time>
    
   </trkpt>
   <trkpt lat="48.3227380" lon="-121.7483540">
    <ele>1359.8</ele>
    <time>2026-06-14T18:49:38Z</time>
    
   </trkpt>
   <trkpt lat="48.3227620" lon="-121.7483850">
    <ele>1360.8</ele>
    <time>2026-06-14T18:49:44Z</time>
    
   </trkpt>
   <trkpt lat="48.3227700" lon="-121.7483860">
    <ele>1361.0</ele>
    <time>2026-06-14T18:49:45Z</time>
    
   </trkpt>
   <trkpt lat="48.3227700" lon="-121.7483900">
    <ele>1362.0</ele>
    <time>2026-06-14T18:49:50Z</time>
    
   </trkpt>
   <trkpt lat="48.3227600" lon="-121.7484070">
    <ele>1362.4</ele>
    <time>2026-06-14T18:49:53Z</time>
    
   </trkpt>
   <trkpt lat="48.3227470" lon="-121.7484130">
    <ele>1362.4</ele>
    <time>2026-06-14T18:49:55Z</time>
    
   </trkpt>
   <trkpt lat="48.3227370" lon="-121.7484160">
    <ele>1362.4</ele>
    <time>2026-06-14T18:49:59Z</time>
    
   </trkpt>
   <trkpt lat="48.3227350" lon="-121.7484340">
    <ele>1362.0</ele>
    <time>2026-06-14T18:50:06Z</time>
    
   </trkpt>
   <trkpt lat="48.3227610" lon="-121.7484600">
    <ele>1362.0</ele>
    <time>2026-06-14T18:50:10Z</time>
    
   </trkpt>
   <trkpt lat="48.3227810" lon="-121.7484930">
    <ele>1361.8</ele>
    <time>2026-06-14T18:50:16Z</time>
    
   </trkpt>
   <trkpt lat="48.3227740" lon="-121.7485090">
    <ele>1362.0</ele>
    <time>2026-06-14T18:50:18Z</time>
    
   </trkpt>
   <trkpt lat="48.3227740" lon="-121.7485270">
    <ele>1362.2</ele>
    <time>2026-06-14T18:50:21Z</time>
    
   </trkpt>
   <trkpt lat="48.3227610" lon="-121.7485570">
    <ele>1363.0</ele>
    <time>2026-06-14T18:50:26Z</time>
    
   </trkpt>
   <trkpt lat="48.3227540" lon="-121.7485610">
    <ele>1363.2</ele>
    <time>2026-06-14T18:50:27Z</time>
    
   </trkpt>
   <trkpt lat="48.3227470" lon="-121.7485810">
    <ele>1363.8</ele>
    <time>2026-06-14T18:50:31Z</time>
    
   </trkpt>
   <trkpt lat="48.3227420" lon="-121.7485770">
    <ele>1363.8</ele>
    <time>2026-06-14T18:50:33Z</time>
    
   </trkpt>
   <trkpt lat="48.3227450" lon="-121.7485880">
    <ele>1364.4</ele>
    <time>2026-06-14T18:50:35Z</time>
    
   </trkpt>
   <trkpt lat="48.3227550" lon="-121.7486070">
    <ele>1365.4</ele>
    <time>2026-06-14T18:50:41Z</time>
    
   </trkpt>
   <trkpt lat="48.3227540" lon="-121.7486110">
    <ele>1365.6</ele>
    <time>2026-06-14T18:50:42Z</time>
    
   </trkpt>
   <trkpt lat="48.3227410" lon="-121.7486250">
    <ele>1366.0</ele>
    <time>2026-06-14T18:50:44Z</time>
    
   </trkpt>
   <trkpt lat="48.3227310" lon="-121.7486320">
    <ele>1366.0</ele>
    <time>2026-06-14T18:50:46Z</time>
    
   </trkpt>
   <trkpt lat="48.3227270" lon="-121.7486680">
    <ele>1366.2</ele>
    <time>2026-06-14T18:50:50Z</time>
    
   </trkpt>
   <trkpt lat="48.3227290" lon="-121.7486770">
    <ele>1366.4</ele>
    <time>2026-06-14T18:50:51Z</time>
    
   </trkpt>
   <trkpt lat="48.3227300" lon="-121.7486830">
    <ele>1366.4</ele>
    <time>2026-06-14T18:50:52Z</time>
    
   </trkpt>
   <trkpt lat="48.3227360" lon="-121.7487100">
    <ele>1367.8</ele>
    <time>2026-06-14T18:50:59Z</time>
    
   </trkpt>
   <trkpt lat="48.3227540" lon="-121.7487330">
    <ele>1368.2</ele>
    <time>2026-06-14T18:51:03Z</time>
    
   </trkpt>
   <trkpt lat="48.3227690" lon="-121.7487670">
    <ele>1368.8</ele>
    <time>2026-06-14T18:51:09Z</time>
    
   </trkpt>
   <trkpt lat="48.3227700" lon="-121.7487730">
    <ele>1368.8</ele>
    <time>2026-06-14T18:51:10Z</time>
    
   </trkpt>
   <trkpt lat="48.3227480" lon="-121.7487910">
    <ele>1369.0</ele>
    <time>2026-06-14T18:51:14Z</time>
    
   </trkpt>
   <trkpt lat="48.3227340" lon="-121.7488620">
    <ele>1369.6</ele>
    <time>2026-06-14T18:51:27Z</time>
    
   </trkpt>
   <trkpt lat="48.3227310" lon="-121.7488590">
    <ele>1370.0</ele>
    <time>2026-06-14T18:51:29Z</time>
    
   </trkpt>
   <trkpt lat="48.3227010" lon="-121.7488550">
    <ele>1371.2</ele>
    <time>2026-06-14T18:51:36Z</time>
    
   </trkpt>
   <trkpt lat="48.3227040" lon="-121.7488590">
    <ele>1371.0</ele>
    <time>2026-06-14T18:51:40Z</time>
    
   </trkpt>
   <trkpt lat="48.3227130" lon="-121.7488900">
    <ele>1372.2</ele>
    <time>2026-06-14T18:51:51Z</time>
    
   </trkpt>
   <trkpt lat="48.3227130" lon="-121.7488960">
    <ele>1372.4</ele>
    <time>2026-06-14T18:51:52Z</time>
    
   </trkpt>
   <trkpt lat="48.3227310" lon="-121.7489140">
    <ele>1372.8</ele>
    <time>2026-06-14T18:51:59Z</time>
    
   </trkpt>
   <trkpt lat="48.3227520" lon="-121.7489340">
    <ele>1373.4</ele>
    <time>2026-06-14T18:52:05Z</time>
    
   </trkpt>
   <trkpt lat="48.3227500" lon="-121.7489500">
    <ele>1374.4</ele>
    <time>2026-06-14T18:52:13Z</time>
    
   </trkpt>
   <trkpt lat="48.3227400" lon="-121.7489830">
    <ele>1375.6</ele>
    <time>2026-06-14T18:52:19Z</time>
    
   </trkpt>
   <trkpt lat="48.3227410" lon="-121.7489900">
    <ele>1375.8</ele>
    <time>2026-06-14T18:52:20Z</time>
    
   </trkpt>
   <trkpt lat="48.3227530" lon="-121.7490080">
    <ele>1376.6</ele>
    <time>2026-06-14T18:52:27Z</time>
    
   </trkpt>
   <trkpt lat="48.3227740" lon="-121.7490200">
    <ele>1377.8</ele>
    <time>2026-06-14T18:52:33Z</time>
    
   </trkpt>
   <trkpt lat="48.3227700" lon="-121.7490110">
    <ele>1378.2</ele>
    <time>2026-06-14T18:52:36Z</time>
    
   </trkpt>
   <trkpt lat="48.3227710" lon="-121.7490350">
    <ele>1378.8</ele>
    <time>2026-06-14T18:52:41Z</time>
    
   </trkpt>
   <trkpt lat="48.3227690" lon="-121.7490500">
    <ele>1379.6</ele>
    <time>2026-06-14T18:52:46Z</time>
    
   </trkpt>
   <trkpt lat="48.3227600" lon="-121.7490710">
    <ele>1379.6</ele>
    <time>2026-06-14T18:52:49Z</time>
    
   </trkpt>
   <trkpt lat="48.3227540" lon="-121.7490940">
    <ele>1380.0</ele>
    <time>2026-06-14T18:52:53Z</time>
    
   </trkpt>
   <trkpt lat="48.3227490" lon="-121.7491130">
    <ele>1380.6</ele>
    <time>2026-06-14T18:52:57Z</time>
    
   </trkpt>
   <trkpt lat="48.3227240" lon="-121.7491400">
    <ele>1380.8</ele>
    <time>2026-06-14T18:53:02Z</time>
    
   </trkpt>
   <trkpt lat="48.3227170" lon="-121.7492040">
    <ele>1381.0</ele>
    <time>2026-06-14T18:53:09Z</time>
    
   </trkpt>
   <trkpt lat="48.3226900" lon="-121.7492350">
    <ele>1381.4</ele>
    <time>2026-06-14T18:53:14Z</time>
    
   </trkpt>
   <trkpt lat="48.3226670" lon="-121.7492600">
    <ele>1382.0</ele>
    <time>2026-06-14T18:53:22Z</time>
    
   </trkpt>
   <trkpt lat="48.3226470" lon="-121.7492850">
    <ele>1381.8</ele>
    <time>2026-06-14T18:53:27Z</time>
    
   </trkpt>
   <trkpt lat="48.3226360" lon="-121.7492860">
    <ele>1381.6</ele>
    <time>2026-06-14T18:53:29Z</time>
    
   </trkpt>
   <trkpt lat="48.3226290" lon="-121.7492930">
    <ele>1381.4</ele>
    <time>2026-06-14T18:53:31Z</time>
    
   </trkpt>
   <trkpt lat="48.3226240" lon="-121.7492930">
    <ele>1381.2</ele>
    <time>2026-06-14T18:53:36Z</time>
    
   </trkpt>
   <trkpt lat="48.3226270" lon="-121.7492850">
    <ele>1381.0</ele>
    <time>2026-06-14T18:53:38Z</time>
    
   </trkpt>
   <trkpt lat="48.3226320" lon="-121.7492820">
    <ele>1381.0</ele>
    <time>2026-06-14T18:53:39Z</time>
    
   </trkpt>
   <trkpt lat="48.3226500" lon="-121.7492740">
    <ele>1381.4</ele>
    <time>2026-06-14T18:53:42Z</time>
    
   </trkpt>
   <trkpt lat="48.3226800" lon="-121.7492600">
    <ele>1382.0</ele>
    <time>2026-06-14T18:53:46Z</time>
    
   </trkpt>
   <trkpt lat="48.3226910" lon="-121.7492490">
    <ele>1382.2</ele>
    <time>2026-06-14T18:53:48Z</time>
    
   </trkpt>
   <trkpt lat="48.3226950" lon="-121.7492490">
    <ele>1382.4</ele>
    <time>2026-06-14T18:53:49Z</time>
    
   </trkpt>
   <trkpt lat="48.3227100" lon="-121.7492090">
    <ele>1382.6</ele>
    <time>2026-06-14T18:54:00Z</time>
    
   </trkpt>
   <trkpt lat="48.3227070" lon="-121.7492060">
    <ele>1382.6</ele>
    <time>2026-06-14T18:54:01Z</time>
    
   </trkpt>
   <trkpt lat="48.3227110" lon="-121.7492060">
    <ele>1382.8</ele>
    <time>2026-06-14T18:54:02Z</time>
    
   </trkpt>
   <trkpt lat="48.3227120" lon="-121.7492120">
    <ele>1383.2</ele>
    <time>2026-06-14T18:54:04Z</time>
    
   </trkpt>
   <trkpt lat="48.3227270" lon="-121.7492410">
    <ele>1384.2</ele>
    <time>2026-06-14T18:54:11Z</time>
    
   </trkpt>
   <trkpt lat="48.3227300" lon="-121.7492410">
    <ele>1384.4</ele>
    <time>2026-06-14T18:54:12Z</time>
    
   </trkpt>
   <trkpt lat="48.3227470" lon="-121.7492790">
    <ele>1385.0</ele>
    <time>2026-06-14T18:54:20Z</time>
    
   </trkpt>
   <trkpt lat="48.3227440" lon="-121.7492840">
    <ele>1385.2</ele>
    <time>2026-06-14T18:54:22Z</time>
    
   </trkpt>
   <trkpt lat="48.3227390" lon="-121.7492910">
    <ele>1386.0</ele>
    <time>2026-06-14T18:54:26Z</time>
    
   </trkpt>
   <trkpt lat="48.3227360" lon="-121.7492910">
    <ele>1386.2</ele>
    <time>2026-06-14T18:54:29Z</time>
    
   </trkpt>
   <trkpt lat="48.3227370" lon="-121.7493000">
    <ele>1386.4</ele>
    <time>2026-06-14T18:54:34Z</time>
    
   </trkpt>
   <trkpt lat="48.3227490" lon="-121.7493240">
    <ele>1386.6</ele>
    <time>2026-06-14T18:54:38Z</time>
    
   </trkpt>
   <trkpt lat="48.3227530" lon="-121.7493320">
    <ele>1386.8</ele>
    <time>2026-06-14T18:54:41Z</time>
    
   </trkpt>
   <trkpt lat="48.3227510" lon="-121.7493410">
    <ele>1387.4</ele>
    <time>2026-06-14T18:54:44Z</time>
    
   </trkpt>
   <trkpt lat="48.3227570" lon="-121.7493710">
    <ele>1388.2</ele>
    <time>2026-06-14T18:54:50Z</time>
    
   </trkpt>
   <trkpt lat="48.3227550" lon="-121.7493730">
    <ele>1388.4</ele>
    <time>2026-06-14T18:54:51Z</time>
    
   </trkpt>
   <trkpt lat="48.3227490" lon="-121.7494000">
    <ele>1389.6</ele>
    <time>2026-06-14T18:54:58Z</time>
    
   </trkpt>
   <trkpt lat="48.3227540" lon="-121.7494120">
    <ele>1389.8</ele>
    <time>2026-06-14T18:55:00Z</time>
    
   </trkpt>
   <trkpt lat="48.3227520" lon="-121.7494510">
    <ele>1390.8</ele>
    <time>2026-06-14T18:55:10Z</time>
    
   </trkpt>
   <trkpt lat="48.3227530" lon="-121.7494460">
    <ele>1391.2</ele>
    <time>2026-06-14T18:55:11Z</time>
    
   </trkpt>
   <trkpt lat="48.3227550" lon="-121.7494450">
    <ele>1391.8</ele>
    <time>2026-06-14T18:55:13Z</time>
    
   </trkpt>
   <trkpt lat="48.3227380" lon="-121.7495000">
    <ele>1392.4</ele>
    <time>2026-06-14T18:55:22Z</time>
    
   </trkpt>
   <trkpt lat="48.3227320" lon="-121.7495150">
    <ele>1392.6</ele>
    <time>2026-06-14T18:55:24Z</time>
    
   </trkpt>
   <trkpt lat="48.3227250" lon="-121.7495230">
    <ele>1392.8</ele>
    <time>2026-06-14T18:55:26Z</time>
    
   </trkpt>
   <trkpt lat="48.3227010" lon="-121.7495400">
    <ele>1392.8</ele>
    <time>2026-06-14T18:55:32Z</time>
    
   </trkpt>
   <trkpt lat="48.3226740" lon="-121.7495780">
    <ele>1392.8</ele>
    <time>2026-06-14T18:55:43Z</time>
    
   </trkpt>
   <trkpt lat="48.3226590" lon="-121.7496110">
    <ele>1394.0</ele>
    <time>2026-06-14T18:55:50Z</time>
    
   </trkpt>
   <trkpt lat="48.3226550" lon="-121.7496170">
    <ele>1394.2</ele>
    <time>2026-06-14T18:55:54Z</time>
    
   </trkpt>
   <trkpt lat="48.3226560" lon="-121.7496670">
    <ele>1394.8</ele>
    <time>2026-06-14T18:56:02Z</time>
    
   </trkpt>
   <trkpt lat="48.3226590" lon="-121.7496690">
    <ele>1395.2</ele>
    <time>2026-06-14T18:56:04Z</time>
    
   </trkpt>
   <trkpt lat="48.3226660" lon="-121.7496920">
    <ele>1395.6</ele>
    <time>2026-06-14T18:56:12Z</time>
    
   </trkpt>
   <trkpt lat="48.3226640" lon="-121.7496930">
    <ele>1395.8</ele>
    <time>2026-06-14T18:56:15Z</time>
    
   </trkpt>
   <trkpt lat="48.3226640" lon="-121.7496970">
    <ele>1395.8</ele>
    <time>2026-06-14T18:56:18Z</time>
    
   </trkpt>
   <trkpt lat="48.3226480" lon="-121.7497170">
    <ele>1396.2</ele>
    <time>2026-06-14T18:56:23Z</time>
    
   </trkpt>
   <trkpt lat="48.3226440" lon="-121.7497290">
    <ele>1396.6</ele>
    <time>2026-06-14T18:56:27Z</time>
    
   </trkpt>
   <trkpt lat="48.3226300" lon="-121.7497550">
    <ele>1397.2</ele>
    <time>2026-06-14T18:56:32Z</time>
    
   </trkpt>
   <trkpt lat="48.3226210" lon="-121.7497580">
    <ele>1397.8</ele>
    <time>2026-06-14T18:56:38Z</time>
    
   </trkpt>
   <trkpt lat="48.3226190" lon="-121.7497840">
    <ele>1398.2</ele>
    <time>2026-06-14T18:56:44Z</time>
    
   </trkpt>
   <trkpt lat="48.3226270" lon="-121.7498160">
    <ele>1398.8</ele>
    <time>2026-06-14T18:56:50Z</time>
    
   </trkpt>
   <trkpt lat="48.3226220" lon="-121.7498300">
    <ele>1399.6</ele>
    <time>2026-06-14T18:56:55Z</time>
    
   </trkpt>
   <trkpt lat="48.3226240" lon="-121.7498350">
    <ele>1400.2</ele>
    <time>2026-06-14T18:57:03Z</time>
    
   </trkpt>
   <trkpt lat="48.3226240" lon="-121.7498340">
    <ele>1400.6</ele>
    <time>2026-06-14T18:57:05Z</time>
    
   </trkpt>
   <trkpt lat="48.3226270" lon="-121.7498550">
    <ele>1401.2</ele>
    <time>2026-06-14T18:57:12Z</time>
    
   </trkpt>
   <trkpt lat="48.3226340" lon="-121.7498640">
    <ele>1401.6</ele>
    <time>2026-06-14T18:57:14Z</time>
    
   </trkpt>
   <trkpt lat="48.3226330" lon="-121.7498420">
    <ele>1401.8</ele>
    <time>2026-06-14T18:57:15Z</time>
    
   </trkpt>
   <trkpt lat="48.3226450" lon="-121.7498390">
    <ele>1402.4</ele>
    <time>2026-06-14T18:57:20Z</time>
    
   </trkpt>
   <trkpt lat="48.3226560" lon="-121.7498430">
    <ele>1402.8</ele>
    <time>2026-06-14T18:57:22Z</time>
    
   </trkpt>
   <trkpt lat="48.3226580" lon="-121.7498520">
    <ele>1403.4</ele>
    <time>2026-06-14T18:57:28Z</time>
    
   </trkpt>
   <trkpt lat="48.3226400" lon="-121.7498610">
    <ele>1403.6</ele>
    <time>2026-06-14T18:57:30Z</time>
    
   </trkpt>
   <trkpt lat="48.3226370" lon="-121.7498660">
    <ele>1403.8</ele>
    <time>2026-06-14T18:57:31Z</time>
    
   </trkpt>
   <trkpt lat="48.3226210" lon="-121.7498790">
    <ele>1404.6</ele>
    <time>2026-06-14T18:57:36Z</time>
    
   </trkpt>
   <trkpt lat="48.3226140" lon="-121.7498940">
    <ele>1404.8</ele>
    <time>2026-06-14T18:57:41Z</time>
    
   </trkpt>
   <trkpt lat="48.3226220" lon="-121.7499320">
    <ele>1406.0</ele>
    <time>2026-06-14T18:57:46Z</time>
    
   </trkpt>
   <trkpt lat="48.3226230" lon="-121.7499360">
    <ele>1406.2</ele>
    <time>2026-06-14T18:57:47Z</time>
    
   </trkpt>
   <trkpt lat="48.3226150" lon="-121.7499590">
    <ele>1407.0</ele>
    <time>2026-06-14T18:57:53Z</time>
    
   </trkpt>
   <trkpt lat="48.3226040" lon="-121.7499640">
    <ele>1407.6</ele>
    <time>2026-06-14T18:57:56Z</time>
    
   </trkpt>
   <trkpt lat="48.3225920" lon="-121.7499650">
    <ele>1408.0</ele>
    <time>2026-06-14T18:57:59Z</time>
    
   </trkpt>
   <trkpt lat="48.3225570" lon="-121.7499560">
    <ele>1409.0</ele>
    <time>2026-06-14T18:58:10Z</time>
    
   </trkpt>
   <trkpt lat="48.3225540" lon="-121.7499510">
    <ele>1409.0</ele>
    <time>2026-06-14T18:58:11Z</time>
    
   </trkpt>
   <trkpt lat="48.3225540" lon="-121.7499500">
    <ele>1409.2</ele>
    <time>2026-06-14T18:58:14Z</time>
    
   </trkpt>
   <trkpt lat="48.3225270" lon="-121.7499510">
    <ele>1409.2</ele>
    <time>2026-06-14T18:58:20Z</time>
    
   </trkpt>
   <trkpt lat="48.3225070" lon="-121.7499400">
    <ele>1408.4</ele>
    <time>2026-06-14T18:58:28Z</time>
    
   </trkpt>
   <trkpt lat="48.3224880" lon="-121.7499480">
    <ele>1408.2</ele>
    <time>2026-06-14T18:58:37Z</time>
    
   </trkpt>
   <trkpt lat="48.3224860" lon="-121.7499520">
    <ele>1408.2</ele>
    <time>2026-06-14T18:58:39Z</time>
    
   </trkpt>
   <trkpt lat="48.3224850" lon="-121.7499540">
    <ele>1408.2</ele>
    <time>2026-06-14T18:58:40Z</time>
    
   </trkpt>
   <trkpt lat="48.3224910" lon="-121.7499590">
    <ele>1408.0</ele>
    <time>2026-06-14T18:58:46Z</time>
    
   </trkpt>
   <trkpt lat="48.3224920" lon="-121.7499560">
    <ele>1407.6</ele>
    <time>2026-06-14T18:58:52Z</time>
    
   </trkpt>
   <trkpt lat="48.3224910" lon="-121.7499570">
    <ele>1407.6</ele>
    <time>2026-06-14T18:58:54Z</time>
    
   </trkpt>
   <trkpt lat="48.3224890" lon="-121.7499720">
    <ele>1407.6</ele>
    <time>2026-06-14T18:59:04Z</time>
    
   </trkpt>
   <trkpt lat="48.3224860" lon="-121.7499730">
    <ele>1407.4</ele>
    <time>2026-06-14T18:59:08Z</time>
    
   </trkpt>
   <trkpt lat="48.3224860" lon="-121.7499730">
    <ele>1407.6</ele>
    <time>2026-06-14T18:59:09Z</time>
    
   </trkpt>
   <trkpt lat="48.3224840" lon="-121.7499680">
    <ele>1407.4</ele>
    <time>2026-06-14T18:59:13Z</time>
    
   </trkpt>
   <trkpt lat="48.3224830" lon="-121.7499670">
    <ele>1407.8</ele>
    <time>2026-06-14T18:59:20Z</time>
    
   </trkpt>
   <trkpt lat="48.3224870" lon="-121.7499670">
    <ele>1408.0</ele>
    <time>2026-06-14T18:59:26Z</time>
    
   </trkpt>
   <trkpt lat="48.3224850" lon="-121.7499660">
    <ele>1408.0</ele>
    <time>2026-06-14T18:59:31Z</time>
    
   </trkpt>
   <trkpt lat="48.3224970" lon="-121.7499770">
    <ele>1408.0</ele>
    <time>2026-06-14T18:59:47Z</time>
    
   </trkpt>
   <trkpt lat="48.3224990" lon="-121.7499900">
    <ele>1408.0</ele>
    <time>2026-06-14T18:59:52Z</time>
    
   </trkpt>
   <trkpt lat="48.3225050" lon="-121.7500010">
    <ele>1408.0</ele>
    <time>2026-06-14T18:59:56Z</time>
    
   </trkpt>
   <trkpt lat="48.3225130" lon="-121.7500130">
    <ele>1408.0</ele>
    <time>2026-06-14T19:00:03Z</time>
    
   </trkpt>
   <trkpt lat="48.3225020" lon="-121.7500160">
    <ele>1408.0</ele>
    <time>2026-06-14T19:00:13Z</time>
    
   </trkpt>
   <trkpt lat="48.3225120" lon="-121.7500170">
    <ele>1408.0</ele>
    <time>2026-06-14T19:00:24Z</time>
    
   </trkpt>
   <trkpt lat="48.3225230" lon="-121.7500170">
    <ele>1408.0</ele>
    <time>2026-06-14T19:00:35Z</time>
    
   </trkpt>
   <trkpt lat="48.3225350" lon="-121.7500250">
    <ele>1408.0</ele>
    <time>2026-06-14T19:00:44Z</time>
    
   </trkpt>
   <trkpt lat="48.3225370" lon="-121.7500260">
    <ele>1408.0</ele>
    <time>2026-06-14T19:00:46Z</time>
    
   </trkpt>
   <trkpt lat="48.3225410" lon="-121.7500260">
    <ele>1408.0</ele>
    <time>2026-06-14T19:00:49Z</time>
    
   </trkpt>
   <trkpt lat="48.3225430" lon="-121.7500260">
    <ele>1408.0</ele>
    <time>2026-06-14T19:00:51Z</time>
    
   </trkpt>
   <trkpt lat="48.3225410" lon="-121.7500270">
    <ele>1408.0</ele>
    <time>2026-06-14T19:00:52Z</time>
    
   </trkpt>
   <trkpt lat="48.3225410" lon="-121.7500320">
    <ele>1408.0</ele>
    <time>2026-06-14T19:01:03Z</time>
    
   </trkpt>
   <trkpt lat="48.3225390" lon="-121.7500250">
    <ele>1408.0</ele>
    <time>2026-06-14T19:01:04Z</time>
    
   </trkpt>
   <trkpt lat="48.3225410" lon="-121.7500110">
    <ele>1408.0</ele>
    <time>2026-06-14T19:01:08Z</time>
    
   </trkpt>
   <trkpt lat="48.3225540" lon="-121.7500040">
    <ele>1408.0</ele>
    <time>2026-06-14T19:01:12Z</time>
    
   </trkpt>
   <trkpt lat="48.3225630" lon="-121.7500100">
    <ele>1408.0</ele>
    <time>2026-06-14T19:01:17Z</time>
    
   </trkpt>
   <trkpt lat="48.3225630" lon="-121.7500390">
    <ele>1408.0</ele>
    <time>2026-06-14T19:01:26Z</time>
    
   </trkpt>
   <trkpt lat="48.3225620" lon="-121.7500960">
    <ele>1408.0</ele>
    <time>2026-06-14T19:01:35Z</time>
    
   </trkpt>
   <trkpt lat="48.3225670" lon="-121.7501300">
    <ele>1408.0</ele>
    <time>2026-06-14T19:01:46Z</time>
    
   </trkpt>
   <trkpt lat="48.3225710" lon="-121.7501230">
    <ele>1408.0</ele>
    <time>2026-06-14T19:01:56Z</time>
    
   </trkpt>
   <trkpt lat="48.3225740" lon="-121.7501270">
    <ele>1408.0</ele>
    <time>2026-06-14T19:01:58Z</time>
    
   </trkpt>
   <trkpt lat="48.3225720" lon="-121.7501420">
    <ele>1408.8</ele>
    <time>2026-06-14T19:02:00Z</time>
    
   </trkpt>
   <trkpt lat="48.3225720" lon="-121.7501450">
    <ele>1410.6</ele>
    <time>2026-06-14T19:02:01Z</time>
    
   </trkpt>
   <trkpt lat="48.3225730" lon="-121.7501520">
    <ele>1412.2</ele>
    <time>2026-06-14T19:02:02Z</time>
    
   </trkpt>
   <trkpt lat="48.3225760" lon="-121.7501670">
    <ele>1413.8</ele>
    <time>2026-06-14T19:02:04Z</time>
    
   </trkpt>
   <trkpt lat="48.3225740" lon="-121.7501880">
    <ele>1414.6</ele>
    <time>2026-06-14T19:02:08Z</time>
    
   </trkpt>
   <trkpt lat="48.3225810" lon="-121.7502020">
    <ele>1415.0</ele>
    <time>2026-06-14T19:02:10Z</time>
    
   </trkpt>
   <trkpt lat="48.3225980" lon="-121.7502120">
    <ele>1416.0</ele>
    <time>2026-06-14T19:02:13Z</time>
    
   </trkpt>
   <trkpt lat="48.3226160" lon="-121.7502320">
    <ele>1417.0</ele>
    <time>2026-06-14T19:02:18Z</time>
    
   </trkpt>
   <trkpt lat="48.3226240" lon="-121.7502390">
    <ele>1417.2</ele>
    <time>2026-06-14T19:02:20Z</time>
    
   </trkpt>
   <trkpt lat="48.3226340" lon="-121.7502480">
    <ele>1417.8</ele>
    <time>2026-06-14T19:02:23Z</time>
    
   </trkpt>
   <trkpt lat="48.3226370" lon="-121.7502450">
    <ele>1418.2</ele>
    <time>2026-06-14T19:02:24Z</time>
    
   </trkpt>
   <trkpt lat="48.3226400" lon="-121.7502510">
    <ele>1418.8</ele>
    <time>2026-06-14T19:02:26Z</time>
    
   </trkpt>
   <trkpt lat="48.3226440" lon="-121.7502650">
    <ele>1419.2</ele>
    <time>2026-06-14T19:02:29Z</time>
    
   </trkpt>
   <trkpt lat="48.3226440" lon="-121.7502700">
    <ele>1419.2</ele>
    <time>2026-06-14T19:02:30Z</time>
    
   </trkpt>
   <trkpt lat="48.3226710" lon="-121.7502870">
    <ele>1420.2</ele>
    <time>2026-06-14T19:02:40Z</time>
    
   </trkpt>
   <trkpt lat="48.3226700" lon="-121.7502880">
    <ele>1420.2</ele>
    <time>2026-06-14T19:02:44Z</time>
    
   </trkpt>
   <trkpt lat="48.3226630" lon="-121.7503280">
    <ele>1420.8</ele>
    <time>2026-06-14T19:02:51Z</time>
    
   </trkpt>
   <trkpt lat="48.3226650" lon="-121.7503430">
    <ele>1421.4</ele>
    <time>2026-06-14T19:02:56Z</time>
    
   </trkpt>
   <trkpt lat="48.3226640" lon="-121.7503550">
    <ele>1421.6</ele>
    <time>2026-06-14T19:03:03Z</time>
    
   </trkpt>
   <trkpt lat="48.3226870" lon="-121.7503780">
    <ele>1422.4</ele>
    <time>2026-06-14T19:03:15Z</time>
    
   </trkpt>
   <trkpt lat="48.3226870" lon="-121.7503800">
    <ele>1422.6</ele>
    <time>2026-06-14T19:03:16Z</time>
    
   </trkpt>
   <trkpt lat="48.3227040" lon="-121.7504050">
    <ele>1423.8</ele>
    <time>2026-06-14T19:03:23Z</time>
    
   </trkpt>
   <trkpt lat="48.3227090" lon="-121.7504200">
    <ele>1424.2</ele>
    <time>2026-06-14T19:03:26Z</time>
    
   </trkpt>
   <trkpt lat="48.3227270" lon="-121.7504170">
    <ele>1424.8</ele>
    <time>2026-06-14T19:03:32Z</time>
    
   </trkpt>
   <trkpt lat="48.3227370" lon="-121.7504240">
    <ele>1425.8</ele>
    <time>2026-06-14T19:03:36Z</time>
    
   </trkpt>
   <trkpt lat="48.3227410" lon="-121.7504290">
    <ele>1426.0</ele>
    <time>2026-06-14T19:03:37Z</time>
    
   </trkpt>
   <trkpt lat="48.3227580" lon="-121.7504500">
    <ele>1426.6</ele>
    <time>2026-06-14T19:03:46Z</time>
    
   </trkpt>
   <trkpt lat="48.3227570" lon="-121.7504490">
    <ele>1427.0</ele>
    <time>2026-06-14T19:03:53Z</time>
    
   </trkpt>
   <trkpt lat="48.3227680" lon="-121.7504510">
    <ele>1427.4</ele>
    <time>2026-06-14T19:03:57Z</time>
    
   </trkpt>
   <trkpt lat="48.3227700" lon="-121.7504570">
    <ele>1427.4</ele>
    <time>2026-06-14T19:03:58Z</time>
    
   </trkpt>
   <trkpt lat="48.3227760" lon="-121.7504780">
    <ele>1428.0</ele>
    <time>2026-06-14T19:04:06Z</time>
    
   </trkpt>
   <trkpt lat="48.3227770" lon="-121.7504800">
    <ele>1428.2</ele>
    <time>2026-06-14T19:04:07Z</time>
    
   </trkpt>
   <trkpt lat="48.3227750" lon="-121.7504850">
    <ele>1428.4</ele>
    <time>2026-06-14T19:04:11Z</time>
    
   </trkpt>
   <trkpt lat="48.3228070" lon="-121.7505040">
    <ele>1427.4</ele>
    <time>2026-06-14T19:04:19Z</time>
    
   </trkpt>
   <trkpt lat="48.3228170" lon="-121.7505040">
    <ele>1427.6</ele>
    <time>2026-06-14T19:04:21Z</time>
    
   </trkpt>
   <trkpt lat="48.3228430" lon="-121.7505150">
    <ele>1427.8</ele>
    <time>2026-06-14T19:04:25Z</time>
    
   </trkpt>
   <trkpt lat="48.3228660" lon="-121.7505420">
    <ele>1428.4</ele>
    <time>2026-06-14T19:04:31Z</time>
    
   </trkpt>
   <trkpt lat="48.3228740" lon="-121.7505500">
    <ele>1428.4</ele>
    <time>2026-06-14T19:04:33Z</time>
    
   </trkpt>
   <trkpt lat="48.3228860" lon="-121.7505450">
    <ele>1429.4</ele>
    <time>2026-06-14T19:04:37Z</time>
    
   </trkpt>
   <trkpt lat="48.3228790" lon="-121.7505240">
    <ele>1430.4</ele>
    <time>2026-06-14T19:04:41Z</time>
    
   </trkpt>
   <trkpt lat="48.3228770" lon="-121.7505200">
    <ele>1430.6</ele>
    <time>2026-06-14T19:04:43Z</time>
    
   </trkpt>
   <trkpt lat="48.3228840" lon="-121.7504960">
    <ele>1431.6</ele>
    <time>2026-06-14T19:04:48Z</time>
    
   </trkpt>
   <trkpt lat="48.3228860" lon="-121.7504900">
    <ele>1432.0</ele>
    <time>2026-06-14T19:04:50Z</time>
    
   </trkpt>
   <trkpt lat="48.3228870" lon="-121.7504810">
    <ele>1432.2</ele>
    <time>2026-06-14T19:04:52Z</time>
    
   </trkpt>
   <trkpt lat="48.3228890" lon="-121.7504740">
    <ele>1432.4</ele>
    <time>2026-06-14T19:04:53Z</time>
    
   </trkpt>
   <trkpt lat="48.3228920" lon="-121.7504570">
    <ele>1432.6</ele>
    <time>2026-06-14T19:04:56Z</time>
    
   </trkpt>
   <trkpt lat="48.3228930" lon="-121.7504350">
    <ele>1433.4</ele>
    <time>2026-06-14T19:05:00Z</time>
    
   </trkpt>
   <trkpt lat="48.3228950" lon="-121.7504300">
    <ele>1433.6</ele>
    <time>2026-06-14T19:05:01Z</time>
    
   </trkpt>
   <trkpt lat="48.3229050" lon="-121.7504120">
    <ele>1434.0</ele>
    <time>2026-06-14T19:05:05Z</time>
    
   </trkpt>
   <trkpt lat="48.3229130" lon="-121.7504090">
    <ele>1434.8</ele>
    <time>2026-06-14T19:05:09Z</time>
    
   </trkpt>
   <trkpt lat="48.3229380" lon="-121.7504450">
    <ele>1435.2</ele>
    <time>2026-06-14T19:05:15Z</time>
    
   </trkpt>
   <trkpt lat="48.3229310" lon="-121.7504540">
    <ele>1435.8</ele>
    <time>2026-06-14T19:05:25Z</time>
    
   </trkpt>
   <trkpt lat="48.3229280" lon="-121.7504500">
    <ele>1436.4</ele>
    <time>2026-06-14T19:05:33Z</time>
    
   </trkpt>
   <trkpt lat="48.3229340" lon="-121.7504690">
    <ele>1436.2</ele>
    <time>2026-06-14T19:05:40Z</time>
    
   </trkpt>
   <trkpt lat="48.3229520" lon="-121.7504790">
    <ele>1436.8</ele>
    <time>2026-06-14T19:05:46Z</time>
    
   </trkpt>
   <trkpt lat="48.3229760" lon="-121.7504650">
    <ele>1437.8</ele>
    <time>2026-06-14T19:05:50Z</time>
    
   </trkpt>
   <trkpt lat="48.3229790" lon="-121.7504600">
    <ele>1438.0</ele>
    <time>2026-06-14T19:05:51Z</time>
    
   </trkpt>
   <trkpt lat="48.3229920" lon="-121.7504350">
    <ele>1439.2</ele>
    <time>2026-06-14T19:05:56Z</time>
    
   </trkpt>
   <trkpt lat="48.3230050" lon="-121.7504410">
    <ele>1440.2</ele>
    <time>2026-06-14T19:05:59Z</time>
    
   </trkpt>
   <trkpt lat="48.3230060" lon="-121.7504420">
    <ele>1440.6</ele>
    <time>2026-06-14T19:06:00Z</time>
    
   </trkpt>
   <trkpt lat="48.3230060" lon="-121.7504390">
    <ele>1441.4</ele>
    <time>2026-06-14T19:06:03Z</time>
    
   </trkpt>
   <trkpt lat="48.3230140" lon="-121.7504250">
    <ele>1442.6</ele>
    <time>2026-06-14T19:06:10Z</time>
    
   </trkpt>
   <trkpt lat="48.3230140" lon="-121.7504310">
    <ele>1442.6</ele>
    <time>2026-06-14T19:06:11Z</time>
    
   </trkpt>
   <trkpt lat="48.3230110" lon="-121.7504460">
    <ele>1443.2</ele>
    <time>2026-06-14T19:06:16Z</time>
    
   </trkpt>
   <trkpt lat="48.3230210" lon="-121.7504400">
    <ele>1443.2</ele>
    <time>2026-06-14T19:06:22Z</time>
    
   </trkpt>
   <trkpt lat="48.3230230" lon="-121.7504400">
    <ele>1443.6</ele>
    <time>2026-06-14T19:06:24Z</time>
    
   </trkpt>
   <trkpt lat="48.3230290" lon="-121.7504410">
    <ele>1444.4</ele>
    <time>2026-06-14T19:06:35Z</time>
    
   </trkpt>
   <trkpt lat="48.3230480" lon="-121.7504360">
    <ele>1444.8</ele>
    <time>2026-06-14T19:06:42Z</time>
    
   </trkpt>
   <trkpt lat="48.3230630" lon="-121.7504300">
    <ele>1444.8</ele>
    <time>2026-06-14T19:06:47Z</time>
    
   </trkpt>
   <trkpt lat="48.3230840" lon="-121.7504250">
    <ele>1445.0</ele>
    <time>2026-06-14T19:06:56Z</time>
    
   </trkpt>
   <trkpt lat="48.3230850" lon="-121.7504280">
    <ele>1445.0</ele>
    <time>2026-06-14T19:06:58Z</time>
    
   </trkpt>
   <trkpt lat="48.3230870" lon="-121.7504220">
    <ele>1444.8</ele>
    <time>2026-06-14T19:07:07Z</time>
    
   </trkpt>
   <trkpt lat="48.3230880" lon="-121.7504190">
    <ele>1445.0</ele>
    <time>2026-06-14T19:07:09Z</time>
    
   </trkpt>
   <trkpt lat="48.3230890" lon="-121.7504180">
    <ele>1445.2</ele>
    <time>2026-06-14T19:07:13Z</time>
    
   </trkpt>
   <trkpt lat="48.3230910" lon="-121.7504190">
    <ele>1445.2</ele>
    <time>2026-06-14T19:07:19Z</time>
    
   </trkpt>
   <trkpt lat="48.3230910" lon="-121.7504190">
    <ele>1445.0</ele>
    <time>2026-06-14T19:07:23Z</time>
    
   </trkpt>
   <trkpt lat="48.3230910" lon="-121.7504190">
    <ele>1444.8</ele>
    <time>2026-06-14T19:07:25Z</time>
    
   </trkpt>
   <trkpt lat="48.3230900" lon="-121.7504230">
    <ele>1444.8</ele>
    <time>2026-06-14T19:07:28Z</time>
    
   </trkpt>
   <trkpt lat="48.3230790" lon="-121.7504210">
    <ele>1445.0</ele>
    <time>2026-06-14T19:07:36Z</time>
    
   </trkpt>
   <trkpt lat="48.3230790" lon="-121.7504250">
    <ele>1445.0</ele>
    <time>2026-06-14T19:07:39Z</time>
    
   </trkpt>
   <trkpt lat="48.3230820" lon="-121.7504320">
    <ele>1445.2</ele>
    <time>2026-06-14T19:07:42Z</time>
    
   </trkpt>
   <trkpt lat="48.3230910" lon="-121.7504530">
    <ele>1445.2</ele>
    <time>2026-06-14T19:07:51Z</time>
    
   </trkpt>
   <trkpt lat="48.3230920" lon="-121.7504340">
    <ele>1445.6</ele>
    <time>2026-06-14T19:07:55Z</time>
    
   </trkpt>
   <trkpt lat="48.3230910" lon="-121.7504330">
    <ele>1445.8</ele>
    <time>2026-06-14T19:07:56Z</time>
    
   </trkpt>
   <trkpt lat="48.3230940" lon="-121.7504210">
    <ele>1446.2</ele>
    <time>2026-06-14T19:07:59Z</time>
    
   </trkpt>
   <trkpt lat="48.3231050" lon="-121.7504060">
    <ele>1447.0</ele>
    <time>2026-06-14T19:08:02Z</time>
    
   </trkpt>
   <trkpt lat="48.3231060" lon="-121.7504040">
    <ele>1447.6</ele>
    <time>2026-06-14T19:08:06Z</time>
    
   </trkpt>
   <trkpt lat="48.3231220" lon="-121.7504380">
    <ele>1447.8</ele>
    <time>2026-06-14T19:08:14Z</time>
    
   </trkpt>
   <trkpt lat="48.3231220" lon="-121.7504440">
    <ele>1448.0</ele>
    <time>2026-06-14T19:08:15Z</time>
    
   </trkpt>
   <trkpt lat="48.3231200" lon="-121.7504510">
    <ele>1448.6</ele>
    <time>2026-06-14T19:08:17Z</time>
    
   </trkpt>
   <trkpt lat="48.3231270" lon="-121.7504710">
    <ele>1449.2</ele>
    <time>2026-06-14T19:08:23Z</time>
    
   </trkpt>
   <trkpt lat="48.3231120" lon="-121.7504710">
    <ele>1449.8</ele>
    <time>2026-06-14T19:08:28Z</time>
    
   </trkpt>
   <trkpt lat="48.3231070" lon="-121.7504710">
    <ele>1450.0</ele>
    <time>2026-06-14T19:08:33Z</time>
    
   </trkpt>
   <trkpt lat="48.3231090" lon="-121.7504690">
    <ele>1449.8</ele>
    <time>2026-06-14T19:08:46Z</time>
    
   </trkpt>
   <trkpt lat="48.3231300" lon="-121.7504630">
    <ele>1450.4</ele>
    <time>2026-06-14T19:08:51Z</time>
    
   </trkpt>
   <trkpt lat="48.3231480" lon="-121.7504740">
    <ele>1451.4</ele>
    <time>2026-06-14T19:08:54Z</time>
    
   </trkpt>
   <trkpt lat="48.3231540" lon="-121.7504730">
    <ele>1451.8</ele>
    <time>2026-06-14T19:08:57Z</time>
    
   </trkpt>
   <trkpt lat="48.3231640" lon="-121.7504750">
    <ele>1452.0</ele>
    <time>2026-06-14T19:08:59Z</time>
    
   </trkpt>
   <trkpt lat="48.3231620" lon="-121.7504630">
    <ele>1452.6</ele>
    <time>2026-06-14T19:09:03Z</time>
    
   </trkpt>
   <trkpt lat="48.3231730" lon="-121.7504520">
    <ele>1453.2</ele>
    <time>2026-06-14T19:09:07Z</time>
    
   </trkpt>
   <trkpt lat="48.3231720" lon="-121.7504430">
    <ele>1453.6</ele>
    <time>2026-06-14T19:09:09Z</time>
    
   </trkpt>
   <trkpt lat="48.3231690" lon="-121.7504110">
    <ele>1454.8</ele>
    <time>2026-06-14T19:09:18Z</time>
    
   </trkpt>
   <trkpt lat="48.3231640" lon="-121.7504200">
    <ele>1454.4</ele>
    <time>2026-06-14T19:09:33Z</time>
    
   </trkpt>
   <trkpt lat="48.3231640" lon="-121.7504240">
    <ele>1454.6</ele>
    <time>2026-06-14T19:09:37Z</time>
    
   </trkpt>
   <trkpt lat="48.3231670" lon="-121.7504250">
    <ele>1454.6</ele>
    <time>2026-06-14T19:09:39Z</time>
    
   </trkpt>
   <trkpt lat="48.3231730" lon="-121.7504270">
    <ele>1454.6</ele>
    <time>2026-06-14T19:09:42Z</time>
    
   </trkpt>
   <trkpt lat="48.3231730" lon="-121.7504190">
    <ele>1454.8</ele>
    <time>2026-06-14T19:09:48Z</time>
    
   </trkpt>
   <trkpt lat="48.3231740" lon="-121.7504220">
    <ele>1454.8</ele>
    <time>2026-06-14T19:09:55Z</time>
    
   </trkpt>
   <trkpt lat="48.3231740" lon="-121.7504220">
    <ele>1454.8</ele>
    <time>2026-06-14T19:09:56Z</time>
    
   </trkpt>
   <trkpt lat="48.3231750" lon="-121.7504220">
    <ele>1454.8</ele>
    <time>2026-06-14T19:09:58Z</time>
    
   </trkpt>
   <trkpt lat="48.3231750" lon="-121.7504200">
    <ele>1455.0</ele>
    <time>2026-06-14T19:10:01Z</time>
    
   </trkpt>
   <trkpt lat="48.3231780" lon="-121.7504250">
    <ele>1455.0</ele>
    <time>2026-06-14T19:10:03Z</time>
    
   </trkpt>
   <trkpt lat="48.3231770" lon="-121.7504250">
    <ele>1455.0</ele>
    <time>2026-06-14T19:10:04Z</time>
    
   </trkpt>
   <trkpt lat="48.3232080" lon="-121.7504330">
    <ele>1455.6</ele>
    <time>2026-06-14T19:10:17Z</time>
    
   </trkpt>
   <trkpt lat="48.3232110" lon="-121.7504320">
    <ele>1455.8</ele>
    <time>2026-06-14T19:10:18Z</time>
    
   </trkpt>
   <trkpt lat="48.3232210" lon="-121.7504340">
    <ele>1456.8</ele>
    <time>2026-06-14T19:10:21Z</time>
    
   </trkpt>
   <trkpt lat="48.3232090" lon="-121.7504060">
    <ele>1458.0</ele>
    <time>2026-06-14T19:10:30Z</time>
    
   </trkpt>
   <trkpt lat="48.3232010" lon="-121.7503990">
    <ele>1458.2</ele>
    <time>2026-06-14T19:10:32Z</time>
    
   </trkpt>
   <trkpt lat="48.3231910" lon="-121.7503970">
    <ele>1458.4</ele>
    <time>2026-06-14T19:10:34Z</time>
    
   </trkpt>
   <trkpt lat="48.3231800" lon="-121.7503920">
    <ele>1458.2</ele>
    <time>2026-06-14T19:10:37Z</time>
    
   </trkpt>
   <trkpt lat="48.3231870" lon="-121.7503910">
    <ele>1458.6</ele>
    <time>2026-06-14T19:10:47Z</time>
    
   </trkpt>
   <trkpt lat="48.3231920" lon="-121.7503840">
    <ele>1458.8</ele>
    <time>2026-06-14T19:10:52Z</time>
    
   </trkpt>
   <trkpt lat="48.3231910" lon="-121.7504150">
    <ele>1459.2</ele>
    <time>2026-06-14T19:10:55Z</time>
    
   </trkpt>
   <trkpt lat="48.3231910" lon="-121.7504190">
    <ele>1459.2</ele>
    <time>2026-06-14T19:10:57Z</time>
    
   </trkpt>
   <trkpt lat="48.3232060" lon="-121.7504300">
    <ele>1459.8</ele>
    <time>2026-06-14T19:11:03Z</time>
    
   </trkpt>
   <trkpt lat="48.3231990" lon="-121.7504350">
    <ele>1460.2</ele>
    <time>2026-06-14T19:11:06Z</time>
    
   </trkpt>
   <trkpt lat="48.3231910" lon="-121.7504400">
    <ele>1460.4</ele>
    <time>2026-06-14T19:11:08Z</time>
    
   </trkpt>
   <trkpt lat="48.3231790" lon="-121.7504330">
    <ele>1461.4</ele>
    <time>2026-06-14T19:11:19Z</time>
    
   </trkpt>
   <trkpt lat="48.3231880" lon="-121.7504300">
    <ele>1460.8</ele>
    <time>2026-06-14T19:11:29Z</time>
    
   </trkpt>
   <trkpt lat="48.3232060" lon="-121.7504340">
    <ele>1460.8</ele>
    <time>2026-06-14T19:11:40Z</time>
    
   </trkpt>
   <trkpt lat="48.3232120" lon="-121.7504370">
    <ele>1460.8</ele>
    <time>2026-06-14T19:11:41Z</time>
    
   </trkpt>
   <trkpt lat="48.3232280" lon="-121.7504480">
    <ele>1461.2</ele>
    <time>2026-06-14T19:11:49Z</time>
    
   </trkpt>
   <trkpt lat="48.3232280" lon="-121.7504480">
    <ele>1461.4</ele>
    <time>2026-06-14T19:11:51Z</time>
    
   </trkpt>
   <trkpt lat="48.3232560" lon="-121.7504650">
    <ele>1461.4</ele>
    <time>2026-06-14T19:12:02Z</time>
    
   </trkpt>
   <trkpt lat="48.3232970" lon="-121.7505080">
    <ele>1461.8</ele>
    <time>2026-06-14T19:12:11Z</time>
    
   </trkpt>
   <trkpt lat="48.3232950" lon="-121.7505200">
    <ele>1462.0</ele>
    <time>2026-06-14T19:12:12Z</time>
    
   </trkpt>
   <trkpt lat="48.3232970" lon="-121.7505260">
    <ele>1462.4</ele>
    <time>2026-06-14T19:12:13Z</time>
    
   </trkpt>
   <trkpt lat="48.3232960" lon="-121.7505300">
    <ele>1463.6</ele>
    <time>2026-06-14T19:12:15Z</time>
    
   </trkpt>
   <trkpt lat="48.3233050" lon="-121.7505280">
    <ele>1464.8</ele>
    <time>2026-06-14T19:12:21Z</time>
    
   </trkpt>
   <trkpt lat="48.3233080" lon="-121.7505290">
    <ele>1465.4</ele>
    <time>2026-06-14T19:12:28Z</time>
    
   </trkpt>
   <trkpt lat="48.3233160" lon="-121.7505180">
    <ele>1465.6</ele>
    <time>2026-06-14T19:12:34Z</time>
    
   </trkpt>
   <trkpt lat="48.3233300" lon="-121.7505130">
    <ele>1465.8</ele>
    <time>2026-06-14T19:12:43Z</time>
    
   </trkpt>
   <trkpt lat="48.3233320" lon="-121.7505120">
    <ele>1466.0</ele>
    <time>2026-06-14T19:12:45Z</time>
    
   </trkpt>
   <trkpt lat="48.3233630" lon="-121.7505310">
    <ele>1466.8</ele>
    <time>2026-06-14T19:12:51Z</time>
    
   </trkpt>
   <trkpt lat="48.3233680" lon="-121.7505390">
    <ele>1467.0</ele>
    <time>2026-06-14T19:12:52Z</time>
    
   </trkpt>
   <trkpt lat="48.3233780" lon="-121.7505500">
    <ele>1467.4</ele>
    <time>2026-06-14T19:12:54Z</time>
    
   </trkpt>
   <trkpt lat="48.3233850" lon="-121.7505480">
    <ele>1468.0</ele>
    <time>2026-06-14T19:12:56Z</time>
    
   </trkpt>
   <trkpt lat="48.3234070" lon="-121.7505490">
    <ele>1469.0</ele>
    <time>2026-06-14T19:13:02Z</time>
    
   </trkpt>
   <trkpt lat="48.3234290" lon="-121.7505550">
    <ele>1470.2</ele>
    <time>2026-06-14T19:13:12Z</time>
    
   </trkpt>
   <trkpt lat="48.3234510" lon="-121.7505430">
    <ele>1471.4</ele>
    <time>2026-06-14T19:13:18Z</time>
    
   </trkpt>
   <trkpt lat="48.3234560" lon="-121.7505420">
    <ele>1472.4</ele>
    <time>2026-06-14T19:13:21Z</time>
    
   </trkpt>
   <trkpt lat="48.3234530" lon="-121.7505400">
    <ele>1472.8</ele>
    <time>2026-06-14T19:13:22Z</time>
    
   </trkpt>
   <trkpt lat="48.3234490" lon="-121.7505310">
    <ele>1473.8</ele>
    <time>2026-06-14T19:13:26Z</time>
    
   </trkpt>
   <trkpt lat="48.3234530" lon="-121.7505170">
    <ele>1474.0</ele>
    <time>2026-06-14T19:13:35Z</time>
    
   </trkpt>
   <trkpt lat="48.3234630" lon="-121.7504970">
    <ele>1474.8</ele>
    <time>2026-06-14T19:13:43Z</time>
    
   </trkpt>
   <trkpt lat="48.3234630" lon="-121.7504960">
    <ele>1475.4</ele>
    <time>2026-06-14T19:13:46Z</time>
    
   </trkpt>
   <trkpt lat="48.3234460" lon="-121.7504680">
    <ele>1476.0</ele>
    <time>2026-06-14T19:13:53Z</time>
    
   </trkpt>
   <trkpt lat="48.3234450" lon="-121.7504780">
    <ele>1476.6</ele>
    <time>2026-06-14T19:14:00Z</time>
    
   </trkpt>
   <trkpt lat="48.3234520" lon="-121.7504770">
    <ele>1477.0</ele>
    <time>2026-06-14T19:14:05Z</time>
    
   </trkpt>
   <trkpt lat="48.3234750" lon="-121.7504640">
    <ele>1478.2</ele>
    <time>2026-06-14T19:14:13Z</time>
    
   </trkpt>
   <trkpt lat="48.3234760" lon="-121.7504630">
    <ele>1478.2</ele>
    <time>2026-06-14T19:14:14Z</time>
    
   </trkpt>
   <trkpt lat="48.3234780" lon="-121.7504630">
    <ele>1478.2</ele>
    <time>2026-06-14T19:14:23Z</time>
    
   </trkpt>
   <trkpt lat="48.3234780" lon="-121.7504550">
    <ele>1478.2</ele>
    <time>2026-06-14T19:14:31Z</time>
    
   </trkpt>
   <trkpt lat="48.3234680" lon="-121.7504560">
    <ele>1478.6</ele>
    <time>2026-06-14T19:14:43Z</time>
    
   </trkpt>
   <trkpt lat="48.3234650" lon="-121.7504550">
    <ele>1478.6</ele>
    <time>2026-06-14T19:14:45Z</time>
    
   </trkpt>
   <trkpt lat="48.3234680" lon="-121.7504520">
    <ele>1478.4</ele>
    <time>2026-06-14T19:14:55Z</time>
    
   </trkpt>
   <trkpt lat="48.3234670" lon="-121.7504520">
    <ele>1478.2</ele>
    <time>2026-06-14T19:14:58Z</time>
    
   </trkpt>
   <trkpt lat="48.3234730" lon="-121.7504430">
    <ele>1478.4</ele>
    <time>2026-06-14T19:15:02Z</time>
    
   </trkpt>
   <trkpt lat="48.3234970" lon="-121.7504280">
    <ele>1479.4</ele>
    <time>2026-06-14T19:15:07Z</time>
    
   </trkpt>
   <trkpt lat="48.3235000" lon="-121.7504270">
    <ele>1479.8</ele>
    <time>2026-06-14T19:15:08Z</time>
    
   </trkpt>
   <trkpt lat="48.3235130" lon="-121.7504130">
    <ele>1480.6</ele>
    <time>2026-06-14T19:15:11Z</time>
    
   </trkpt>
   <trkpt lat="48.3235230" lon="-121.7504040">
    <ele>1481.0</ele>
    <time>2026-06-14T19:15:13Z</time>
    
   </trkpt>
   <trkpt lat="48.3235240" lon="-121.7503920">
    <ele>1481.4</ele>
    <time>2026-06-14T19:15:17Z</time>
    
   </trkpt>
   <trkpt lat="48.3235230" lon="-121.7503910">
    <ele>1481.6</ele>
    <time>2026-06-14T19:15:18Z</time>
    
   </trkpt>
   <trkpt lat="48.3235210" lon="-121.7503910">
    <ele>1482.2</ele>
    <time>2026-06-14T19:15:21Z</time>
    
   </trkpt>
   <trkpt lat="48.3235380" lon="-121.7503890">
    <ele>1482.6</ele>
    <time>2026-06-14T19:15:27Z</time>
    
   </trkpt>
   <trkpt lat="48.3235400" lon="-121.7503870">
    <ele>1482.6</ele>
    <time>2026-06-14T19:15:28Z</time>
    
   </trkpt>
   <trkpt lat="48.3235410" lon="-121.7503830">
    <ele>1483.6</ele>
    <time>2026-06-14T19:15:35Z</time>
    
   </trkpt>
   <trkpt lat="48.3235440" lon="-121.7503870">
    <ele>1484.0</ele>
    <time>2026-06-14T19:15:39Z</time>
    
   </trkpt>
   <trkpt lat="48.3235560" lon="-121.7504100">
    <ele>1484.8</ele>
    <time>2026-06-14T19:15:45Z</time>
    
   </trkpt>
   <trkpt lat="48.3235660" lon="-121.7504100">
    <ele>1485.6</ele>
    <time>2026-06-14T19:15:49Z</time>
    
   </trkpt>
   <trkpt lat="48.3235700" lon="-121.7504090">
    <ele>1485.8</ele>
    <time>2026-06-14T19:15:51Z</time>
    
   </trkpt>
   <trkpt lat="48.3235680" lon="-121.7504070">
    <ele>1486.4</ele>
    <time>2026-06-14T19:16:03Z</time>
    
   </trkpt>
   <trkpt lat="48.3235760" lon="-121.7503810">
    <ele>1486.6</ele>
    <time>2026-06-14T19:16:09Z</time>
    
   </trkpt>
   <trkpt lat="48.3235800" lon="-121.7503770">
    <ele>1486.8</ele>
    <time>2026-06-14T19:16:10Z</time>
    
   </trkpt>
   <trkpt lat="48.3235930" lon="-121.7503700">
    <ele>1487.2</ele>
    <time>2026-06-14T19:16:14Z</time>
    
   </trkpt>
   <trkpt lat="48.3236020" lon="-121.7503710">
    <ele>1488.0</ele>
    <time>2026-06-14T19:16:21Z</time>
    
   </trkpt>
   <trkpt lat="48.3236060" lon="-121.7503650">
    <ele>1488.8</ele>
    <time>2026-06-14T19:16:25Z</time>
    
   </trkpt>
   <trkpt lat="48.3236110" lon="-121.7503590">
    <ele>1489.0</ele>
    <time>2026-06-14T19:16:26Z</time>
    
   </trkpt>
   <trkpt lat="48.3236290" lon="-121.7503570">
    <ele>1490.2</ele>
    <time>2026-06-14T19:16:35Z</time>
    
   </trkpt>
   <trkpt lat="48.3236320" lon="-121.7503550">
    <ele>1490.2</ele>
    <time>2026-06-14T19:16:36Z</time>
    
   </trkpt>
   <trkpt lat="48.3236510" lon="-121.7503600">
    <ele>1491.2</ele>
    <time>2026-06-14T19:16:44Z</time>
    
   </trkpt>
   <trkpt lat="48.3236550" lon="-121.7503520">
    <ele>1491.6</ele>
    <time>2026-06-14T19:16:47Z</time>
    
   </trkpt>
   <trkpt lat="48.3236590" lon="-121.7503430">
    <ele>1492.2</ele>
    <time>2026-06-14T19:16:50Z</time>
    
   </trkpt>
   <trkpt lat="48.3236460" lon="-121.7503360">
    <ele>1493.2</ele>
    <time>2026-06-14T19:16:57Z</time>
    
   </trkpt>
   <trkpt lat="48.3236410" lon="-121.7503320">
    <ele>1494.2</ele>
    <time>2026-06-14T19:17:02Z</time>
    
   </trkpt>
   <trkpt lat="48.3236420" lon="-121.7503320">
    <ele>1494.4</ele>
    <time>2026-06-14T19:17:03Z</time>
    
   </trkpt>
   <trkpt lat="48.3236520" lon="-121.7503490">
    <ele>1495.0</ele>
    <time>2026-06-14T19:17:12Z</time>
    
   </trkpt>
   <trkpt lat="48.3236590" lon="-121.7503340">
    <ele>1494.8</ele>
    <time>2026-06-14T19:17:25Z</time>
    
   </trkpt>
   <trkpt lat="48.3236640" lon="-121.7503240">
    <ele>1495.2</ele>
    <time>2026-06-14T19:17:37Z</time>
    
   </trkpt>
   <trkpt lat="48.3236680" lon="-121.7503260">
    <ele>1495.2</ele>
    <time>2026-06-14T19:17:41Z</time>
    
   </trkpt>
   <trkpt lat="48.3236690" lon="-121.7503100">
    <ele>1495.0</ele>
    <time>2026-06-14T19:17:53Z</time>
    
   </trkpt>
   <trkpt lat="48.3236650" lon="-121.7503090">
    <ele>1495.0</ele>
    <time>2026-06-14T19:17:55Z</time>
    
   </trkpt>
   <trkpt lat="48.3236650" lon="-121.7503280">
    <ele>1495.2</ele>
    <time>2026-06-14T19:18:05Z</time>
    
   </trkpt>
   <trkpt lat="48.3236660" lon="-121.7503270">
    <ele>1495.2</ele>
    <time>2026-06-14T19:18:08Z</time>
    
   </trkpt>
   <trkpt lat="48.3236660" lon="-121.7503260">
    <ele>1495.2</ele>
    <time>2026-06-14T19:18:09Z</time>
    
   </trkpt>
   <trkpt lat="48.3236670" lon="-121.7503260">
    <ele>1495.0</ele>
    <time>2026-06-14T19:18:11Z</time>
    
   </trkpt>
   <trkpt lat="48.3236730" lon="-121.7503170">
    <ele>1495.0</ele>
    <time>2026-06-14T19:18:20Z</time>
    
   </trkpt>
   <trkpt lat="48.3236810" lon="-121.7503330">
    <ele>1494.4</ele>
    <time>2026-06-14T19:18:34Z</time>
    
   </trkpt>
   <trkpt lat="48.3236820" lon="-121.7503320">
    <ele>1494.4</ele>
    <time>2026-06-14T19:18:35Z</time>
    
   </trkpt>
   <trkpt lat="48.3236820" lon="-121.7503330">
    <ele>1494.4</ele>
    <time>2026-06-14T19:18:37Z</time>
    
   </trkpt>
   <trkpt lat="48.3236820" lon="-121.7503330">
    <ele>1494.4</ele>
    <time>2026-06-14T19:18:38Z</time>
    
   </trkpt>
   <trkpt lat="48.3236830" lon="-121.7503350">
    <ele>1494.4</ele>
    <time>2026-06-14T19:18:40Z</time>
    
   </trkpt>
   <trkpt lat="48.3236840" lon="-121.7503360">
    <ele>1494.6</ele>
    <time>2026-06-14T19:18:42Z</time>
    
   </trkpt>
   <trkpt lat="48.3236830" lon="-121.7503390">
    <ele>1494.4</ele>
    <time>2026-06-14T19:18:47Z</time>
    
   </trkpt>
   <trkpt lat="48.3236820" lon="-121.7503410">
    <ele>1494.4</ele>
    <time>2026-06-14T19:18:48Z</time>
    
   </trkpt>
   <trkpt lat="48.3236870" lon="-121.7503400">
    <ele>1494.4</ele>
    <time>2026-06-14T19:18:50Z</time>
    
   </trkpt>
   <trkpt lat="48.3236900" lon="-121.7503330">
    <ele>1494.6</ele>
    <time>2026-06-14T19:18:58Z</time>
    
   </trkpt>
   <trkpt lat="48.3236870" lon="-121.7503300">
    <ele>1494.6</ele>
    <time>2026-06-14T19:19:01Z</time>
    
   </trkpt>
   <trkpt lat="48.3236870" lon="-121.7503320">
    <ele>1494.8</ele>
    <time>2026-06-14T19:19:05Z</time>
    
   </trkpt>
   <trkpt lat="48.3237110" lon="-121.7503180">
    <ele>1494.8</ele>
    <time>2026-06-14T19:19:12Z</time>
    
   </trkpt>
   <trkpt lat="48.3237060" lon="-121.7503000">
    <ele>1495.6</ele>
    <time>2026-06-14T19:19:17Z</time>
    
   </trkpt>
   <trkpt lat="48.3237030" lon="-121.7503040">
    <ele>1496.2</ele>
    <time>2026-06-14T19:19:21Z</time>
    
   </trkpt>
   <trkpt lat="48.3237030" lon="-121.7503040">
    <ele>1496.4</ele>
    <time>2026-06-14T19:19:22Z</time>
    
   </trkpt>
   <trkpt lat="48.3237040" lon="-121.7502990">
    <ele>1496.8</ele>
    <time>2026-06-14T19:19:25Z</time>
    
   </trkpt>
   <trkpt lat="48.3237150" lon="-121.7503000">
    <ele>1497.2</ele>
    <time>2026-06-14T19:19:33Z</time>
    
   </trkpt>
   <trkpt lat="48.3237160" lon="-121.7502990">
    <ele>1497.2</ele>
    <time>2026-06-14T19:19:35Z</time>
    
   </trkpt>
   <trkpt lat="48.3237160" lon="-121.7502990">
    <ele>1497.2</ele>
    <time>2026-06-14T19:19:37Z</time>
    
   </trkpt>
   <trkpt lat="48.3237190" lon="-121.7503100">
    <ele>1497.0</ele>
    <time>2026-06-14T19:19:49Z</time>
    
   </trkpt>
   <trkpt lat="48.3237180" lon="-121.7503050">
    <ele>1496.8</ele>
    <time>2026-06-14T19:19:50Z</time>
    
   </trkpt>
   <trkpt lat="48.3237190" lon="-121.7502980">
    <ele>1496.8</ele>
    <time>2026-06-14T19:19:51Z</time>
    
   </trkpt>
   <trkpt lat="48.3237180" lon="-121.7502900">
    <ele>1497.0</ele>
    <time>2026-06-14T19:19:52Z</time>
    
   </trkpt>
   <trkpt lat="48.3237160" lon="-121.7502810">
    <ele>1497.0</ele>
    <time>2026-06-14T19:19:53Z</time>
    
   </trkpt>
   <trkpt lat="48.3237150" lon="-121.7502660">
    <ele>1497.2</ele>
    <time>2026-06-14T19:19:55Z</time>
    
   </trkpt>
   <trkpt lat="48.3237050" lon="-121.7502460">
    <ele>1497.8</ele>
    <time>2026-06-14T19:20:00Z</time>
    
   </trkpt>
   <trkpt lat="48.3237130" lon="-121.7502250">
    <ele>1499.0</ele>
    <time>2026-06-14T19:20:09Z</time>
    
   </trkpt>
   <trkpt lat="48.3237160" lon="-121.7502240">
    <ele>1499.6</ele>
    <time>2026-06-14T19:20:12Z</time>
    
   </trkpt>
   <trkpt lat="48.3237130" lon="-121.7502210">
    <ele>1500.2</ele>
    <time>2026-06-14T19:20:14Z</time>
    
   </trkpt>
   <trkpt lat="48.3237290" lon="-121.7502120">
    <ele>1501.2</ele>
    <time>2026-06-14T19:20:22Z</time>
    
   </trkpt>
   <trkpt lat="48.3237300" lon="-121.7502120">
    <ele>1501.2</ele>
    <time>2026-06-14T19:20:23Z</time>
    
   </trkpt>
   <trkpt lat="48.3237450" lon="-121.7502070">
    <ele>1501.8</ele>
    <time>2026-06-14T19:20:29Z</time>
    
   </trkpt>
   <trkpt lat="48.3237440" lon="-121.7501940">
    <ele>1502.4</ele>
    <time>2026-06-14T19:20:31Z</time>
    
   </trkpt>
   <trkpt lat="48.3237370" lon="-121.7501800">
    <ele>1503.0</ele>
    <time>2026-06-14T19:20:33Z</time>
    
   </trkpt>
   <trkpt lat="48.3237350" lon="-121.7501730">
    <ele>1503.4</ele>
    <time>2026-06-14T19:20:36Z</time>
    
   </trkpt>
   <trkpt lat="48.3237430" lon="-121.7501680">
    <ele>1503.4</ele>
    <time>2026-06-14T19:20:42Z</time>
    
   </trkpt>
   <trkpt lat="48.3237420" lon="-121.7501630">
    <ele>1503.6</ele>
    <time>2026-06-14T19:20:48Z</time>
    
   </trkpt>
   <trkpt lat="48.3237410" lon="-121.7501600">
    <ele>1503.6</ele>
    <time>2026-06-14T19:20:52Z</time>
    
   </trkpt>
   <trkpt lat="48.3237430" lon="-121.7501610">
    <ele>1503.4</ele>
    <time>2026-06-14T19:21:01Z</time>
    
   </trkpt>
   <trkpt lat="48.3237410" lon="-121.7501620">
    <ele>1503.4</ele>
    <time>2026-06-14T19:21:02Z</time>
    
   </trkpt>
   <trkpt lat="48.3237430" lon="-121.7501650">
    <ele>1503.4</ele>
    <time>2026-06-14T19:21:03Z</time>
    
   </trkpt>
   <trkpt lat="48.3237720" lon="-121.7501710">
    <ele>1503.8</ele>
    <time>2026-06-14T19:21:12Z</time>
    
   </trkpt>
   <trkpt lat="48.3237940" lon="-121.7501730">
    <ele>1504.2</ele>
    <time>2026-06-14T19:21:16Z</time>
    
   </trkpt>
   <trkpt lat="48.3237990" lon="-121.7501700">
    <ele>1504.4</ele>
    <time>2026-06-14T19:21:17Z</time>
    
   </trkpt>
   <trkpt lat="48.3238050" lon="-121.7501650">
    <ele>1504.8</ele>
    <time>2026-06-14T19:21:18Z</time>
    
   </trkpt>
   <trkpt lat="48.3238100" lon="-121.7501590">
    <ele>1505.6</ele>
    <time>2026-06-14T19:21:21Z</time>
    
   </trkpt>
   <trkpt lat="48.3238110" lon="-121.7501590">
    <ele>1505.8</ele>
    <time>2026-06-14T19:21:22Z</time>
    
   </trkpt>
   <trkpt lat="48.3238110" lon="-121.7501580">
    <ele>1505.8</ele>
    <time>2026-06-14T19:21:23Z</time>
    
   </trkpt>
   <trkpt lat="48.3238180" lon="-121.7501560">
    <ele>1505.8</ele>
    <time>2026-06-14T19:21:28Z</time>
    
   </trkpt>
   <trkpt lat="48.3238310" lon="-121.7501580">
    <ele>1505.8</ele>
    <time>2026-06-14T19:21:31Z</time>
    
   </trkpt>
   <trkpt lat="48.3238560" lon="-121.7501610">
    <ele>1506.6</ele>
    <time>2026-06-14T19:21:35Z</time>
    
   </trkpt>
   <trkpt lat="48.3238790" lon="-121.7501690">
    <ele>1506.8</ele>
    <time>2026-06-14T19:21:38Z</time>
    
   </trkpt>
   <trkpt lat="48.3239100" lon="-121.7501550">
    <ele>1507.0</ele>
    <time>2026-06-14T19:21:42Z</time>
    
   </trkpt>
   <trkpt lat="48.3239190" lon="-121.7501550">
    <ele>1507.0</ele>
    <time>2026-06-14T19:21:44Z</time>
    
   </trkpt>
   <trkpt lat="48.3239720" lon="-121.7501600">
    <ele>1507.8</ele>
    <time>2026-06-14T19:21:57Z</time>
    
   </trkpt>
   <trkpt lat="48.3239850" lon="-121.7501690">
    <ele>1507.8</ele>
    <time>2026-06-14T19:22:02Z</time>
    
   </trkpt>
   <trkpt lat="48.3240040" lon="-121.7501840">
    <ele>1509.0</ele>
    <time>2026-06-14T19:22:07Z</time>
    
   </trkpt>
   <trkpt lat="48.3240180" lon="-121.7501930">
    <ele>1509.6</ele>
    <time>2026-06-14T19:22:09Z</time>
    
   </trkpt>
   <trkpt lat="48.3240250" lon="-121.7502030">
    <ele>1509.6</ele>
    <time>2026-06-14T19:22:11Z</time>
    
   </trkpt>
   <trkpt lat="48.3240360" lon="-121.7502130">
    <ele>1510.2</ele>
    <time>2026-06-14T19:22:13Z</time>
    
   </trkpt>
   <trkpt lat="48.3240330" lon="-121.7502140">
    <ele>1511.2</ele>
    <time>2026-06-14T19:22:16Z</time>
    
   </trkpt>
   <trkpt lat="48.3240430" lon="-121.7502200">
    <ele>1511.6</ele>
    <time>2026-06-14T19:22:20Z</time>
    
   </trkpt>
   <trkpt lat="48.3240640" lon="-121.7502470">
    <ele>1511.6</ele>
    <time>2026-06-14T19:22:27Z</time>
    
   </trkpt>
   <trkpt lat="48.3240890" lon="-121.7502700">
    <ele>1512.2</ele>
    <time>2026-06-14T19:22:32Z</time>
    
   </trkpt>
   <trkpt lat="48.3241170" lon="-121.7502800">
    <ele>1513.4</ele>
    <time>2026-06-14T19:22:38Z</time>
    
   </trkpt>
   <trkpt lat="48.3241270" lon="-121.7502780">
    <ele>1513.8</ele>
    <time>2026-06-14T19:22:44Z</time>
    
   </trkpt>
   <trkpt lat="48.3241330" lon="-121.7502780">
    <ele>1513.6</ele>
    <time>2026-06-14T19:22:51Z</time>
    
   </trkpt>
   <trkpt lat="48.3241420" lon="-121.7503020">
    <ele>1513.8</ele>
    <time>2026-06-14T19:22:56Z</time>
    
   </trkpt>
   <trkpt lat="48.3241580" lon="-121.7503380">
    <ele>1514.0</ele>
    <time>2026-06-14T19:23:02Z</time>
    
   </trkpt>
   <trkpt lat="48.3241800" lon="-121.7503700">
    <ele>1513.8</ele>
    <time>2026-06-14T19:23:07Z</time>
    
   </trkpt>
   <trkpt lat="48.3241870" lon="-121.7503790">
    <ele>1513.8</ele>
    <time>2026-06-14T19:23:08Z</time>
    
   </trkpt>
   <trkpt lat="48.3242020" lon="-121.7503830">
    <ele>1513.8</ele>
    <time>2026-06-14T19:23:12Z</time>
    
   </trkpt>
   <trkpt lat="48.3242080" lon="-121.7503790">
    <ele>1514.0</ele>
    <time>2026-06-14T19:23:14Z</time>
    
   </trkpt>
   <trkpt lat="48.3242090" lon="-121.7503800">
    <ele>1514.2</ele>
    <time>2026-06-14T19:23:15Z</time>
    
   </trkpt>
   <trkpt lat="48.3242090" lon="-121.7503790">
    <ele>1514.4</ele>
    <time>2026-06-14T19:23:16Z</time>
    
   </trkpt>
   <trkpt lat="48.3242260" lon="-121.7503970">
    <ele>1515.6</ele>
    <time>2026-06-14T19:23:22Z</time>
    
   </trkpt>
   <trkpt lat="48.3242290" lon="-121.7504090">
    <ele>1515.8</ele>
    <time>2026-06-14T19:23:25Z</time>
    
   </trkpt>
   <trkpt lat="48.3242440" lon="-121.7504480">
    <ele>1516.6</ele>
    <time>2026-06-14T19:23:32Z</time>
    
   </trkpt>
   <trkpt lat="48.3242420" lon="-121.7504580">
    <ele>1517.6</ele>
    <time>2026-06-14T19:23:38Z</time>
    
   </trkpt>
   <trkpt lat="48.3242380" lon="-121.7504580">
    <ele>1517.6</ele>
    <time>2026-06-14T19:23:39Z</time>
    
   </trkpt>
   <trkpt lat="48.3242320" lon="-121.7504710">
    <ele>1517.2</ele>
    <time>2026-06-14T19:23:51Z</time>
    
   </trkpt>
   <trkpt lat="48.3242180" lon="-121.7504640">
    <ele>1518.0</ele>
    <time>2026-06-14T19:23:59Z</time>
    
   </trkpt>
   <trkpt lat="48.3242180" lon="-121.7504640">
    <ele>1518.0</ele>
    <time>2026-06-14T19:24:01Z</time>
    
   </trkpt>
   <trkpt lat="48.3242180" lon="-121.7504630">
    <ele>1517.8</ele>
    <time>2026-06-14T19:24:02Z</time>
    
   </trkpt>
   <trkpt lat="48.3242200" lon="-121.7504640">
    <ele>1517.8</ele>
    <time>2026-06-14T19:24:04Z</time>
    
   </trkpt>
   <trkpt lat="48.3242200" lon="-121.7504650">
    <ele>1517.8</ele>
    <time>2026-06-14T19:24:07Z</time>
    
   </trkpt>
   <trkpt lat="48.3242210" lon="-121.7504650">
    <ele>1517.8</ele>
    <time>2026-06-14T19:24:14Z</time>
    
   </trkpt>
   <trkpt lat="48.3242220" lon="-121.7504660">
    <ele>1517.8</ele>
    <time>2026-06-14T19:24:18Z</time>
    
   </trkpt>
   <trkpt lat="48.3242190" lon="-121.7504610">
    <ele>1517.6</ele>
    <time>2026-06-14T19:24:28Z</time>
    
   </trkpt>
   <trkpt lat="48.3242210" lon="-121.7504620">
    <ele>1517.8</ele>
    <time>2026-06-14T19:24:32Z</time>
    
   </trkpt>
   <trkpt lat="48.3242200" lon="-121.7504620">
    <ele>1517.6</ele>
    <time>2026-06-14T19:24:34Z</time>
    
   </trkpt>
   <trkpt lat="48.3242190" lon="-121.7504610">
    <ele>1517.8</ele>
    <time>2026-06-14T19:24:38Z</time>
    
   </trkpt>
   <trkpt lat="48.3242170" lon="-121.7504580">
    <ele>1518.0</ele>
    <time>2026-06-14T19:24:43Z</time>
    
   </trkpt>
   <trkpt lat="48.3242140" lon="-121.7504560">
    <ele>1518.0</ele>
    <time>2026-06-14T19:24:47Z</time>
    
   </trkpt>
   <trkpt lat="48.3242190" lon="-121.7504560">
    <ele>1517.0</ele>
    <time>2026-06-14T19:25:03Z</time>
    
   </trkpt>
   <trkpt lat="48.3242210" lon="-121.7504520">
    <ele>1517.0</ele>
    <time>2026-06-14T19:25:08Z</time>
    
   </trkpt>
   <trkpt lat="48.3242210" lon="-121.7504490">
    <ele>1517.0</ele>
    <time>2026-06-14T19:25:10Z</time>
    
   </trkpt>
   <trkpt lat="48.3242220" lon="-121.7504490">
    <ele>1517.0</ele>
    <time>2026-06-14T19:25:11Z</time>
    
   </trkpt>
   <trkpt lat="48.3242220" lon="-121.7504490">
    <ele>1517.0</ele>
    <time>2026-06-14T19:25:12Z</time>
    
   </trkpt>
   <trkpt lat="48.3242220" lon="-121.7504460">
    <ele>1517.0</ele>
    <time>2026-06-14T19:25:14Z</time>
    
   </trkpt>
   <trkpt lat="48.3242230" lon="-121.7504430">
    <ele>1517.0</ele>
    <time>2026-06-14T19:25:20Z</time>
    
   </trkpt>
   <trkpt lat="48.3242230" lon="-121.7504490">
    <ele>1517.0</ele>
    <time>2026-06-14T19:25:32Z</time>
    
   </trkpt>
   <trkpt lat="48.3242210" lon="-121.7504460">
    <ele>1517.0</ele>
    <time>2026-06-14T19:25:36Z</time>
    
   </trkpt>
   <trkpt lat="48.3242230" lon="-121.7504480">
    <ele>1517.0</ele>
    <time>2026-06-14T19:25:38Z</time>
    
   </trkpt>
   <trkpt lat="48.3242230" lon="-121.7504490">
    <ele>1517.0</ele>
    <time>2026-06-14T19:25:39Z</time>
    
   </trkpt>
   <trkpt lat="48.3242290" lon="-121.7504510">
    <ele>1517.8</ele>
    <time>2026-06-14T19:25:47Z</time>
    
   </trkpt>
   <trkpt lat="48.3242310" lon="-121.7504530">
    <ele>1517.8</ele>
    <time>2026-06-14T19:25:48Z</time>
    
   </trkpt>
   <trkpt lat="48.3242400" lon="-121.7504540">
    <ele>1517.6</ele>
    <time>2026-06-14T19:25:55Z</time>
    
   </trkpt>
   <trkpt lat="48.3242420" lon="-121.7504530">
    <ele>1518.0</ele>
    <time>2026-06-14T19:26:00Z</time>
    
   </trkpt>
   <trkpt lat="48.3242390" lon="-121.7504510">
    <ele>1518.0</ele>
    <time>2026-06-14T19:26:06Z</time>
    
   </trkpt>
   <trkpt lat="48.3242430" lon="-121.7504510">
    <ele>1518.0</ele>
    <time>2026-06-14T19:26:14Z</time>
    
   </trkpt>
   <trkpt lat="48.3242430" lon="-121.7504510">
    <ele>1518.0</ele>
    <time>2026-06-14T19:26:16Z</time>
    
   </trkpt>
   <trkpt lat="48.3242450" lon="-121.7504590">
    <ele>1518.0</ele>
    <time>2026-06-14T19:26:20Z</time>
    
   </trkpt>
   <trkpt lat="48.3242460" lon="-121.7504620">
    <ele>1518.2</ele>
    <time>2026-06-14T19:26:23Z</time>
    
   </trkpt>
   <trkpt lat="48.3242440" lon="-121.7504610">
    <ele>1518.2</ele>
    <time>2026-06-14T19:26:27Z</time>
    
   </trkpt>
   <trkpt lat="48.3242450" lon="-121.7504420">
    <ele>1517.8</ele>
    <time>2026-06-14T19:26:41Z</time>
    
   </trkpt>
   <trkpt lat="48.3242440" lon="-121.7504380">
    <ele>1518.2</ele>
    <time>2026-06-14T19:26:46Z</time>
    
   </trkpt>
   <trkpt lat="48.3242450" lon="-121.7504390">
    <ele>1518.2</ele>
    <time>2026-06-14T19:26:47Z</time>
    
   </trkpt>
   <trkpt lat="48.3242490" lon="-121.7504440">
    <ele>1518.2</ele>
    <time>2026-06-14T19:26:53Z</time>
    
   </trkpt>
   <trkpt lat="48.3242580" lon="-121.7504380">
    <ele>1518.2</ele>
    <time>2026-06-14T19:26:58Z</time>
    
   </trkpt>
   <trkpt lat="48.3242590" lon="-121.7504370">
    <ele>1518.2</ele>
    <time>2026-06-14T19:26:59Z</time>
    
   </trkpt>
   <trkpt lat="48.3242620" lon="-121.7504360">
    <ele>1518.2</ele>
    <time>2026-06-14T19:27:00Z</time>
    
   </trkpt>
   <trkpt lat="48.3242650" lon="-121.7504360">
    <ele>1518.2</ele>
    <time>2026-06-14T19:27:04Z</time>
    
   </trkpt>
   <trkpt lat="48.3242620" lon="-121.7504340">
    <ele>1518.2</ele>
    <time>2026-06-14T19:27:07Z</time>
    
   </trkpt>
   <trkpt lat="48.3242610" lon="-121.7504430">
    <ele>1518.2</ele>
    <time>2026-06-14T19:27:15Z</time>
    
   </trkpt>
   <trkpt lat="48.3242610" lon="-121.7504430">
    <ele>1518.2</ele>
    <time>2026-06-14T19:27:22Z</time>
    
   </trkpt>
   <trkpt lat="48.3242640" lon="-121.7504460">
    <ele>1518.2</ele>
    <time>2026-06-14T19:27:27Z</time>
    
   </trkpt>
   <trkpt lat="48.3242640" lon="-121.7504440">
    <ele>1518.2</ele>
    <time>2026-06-14T19:27:33Z</time>
    
   </trkpt>
   <trkpt lat="48.3242630" lon="-121.7504580">
    <ele>1518.2</ele>
    <time>2026-06-14T19:27:44Z</time>
    
   </trkpt>
   <trkpt lat="48.3242640" lon="-121.7504590">
    <ele>1518.2</ele>
    <time>2026-06-14T19:27:50Z</time>
    
   </trkpt>
   <trkpt lat="48.3242640" lon="-121.7504580">
    <ele>1518.2</ele>
    <time>2026-06-14T19:27:51Z</time>
    
   </trkpt>
   <trkpt lat="48.3242670" lon="-121.7504610">
    <ele>1518.2</ele>
    <time>2026-06-14T19:28:02Z</time>
    
   </trkpt>
   <trkpt lat="48.3242670" lon="-121.7504620">
    <ele>1518.2</ele>
    <time>2026-06-14T19:28:06Z</time>
    
   </trkpt>
   <trkpt lat="48.3242660" lon="-121.7504640">
    <ele>1518.2</ele>
    <time>2026-06-14T19:28:11Z</time>
    
   </trkpt>
   <trkpt lat="48.3242700" lon="-121.7504600">
    <ele>1518.2</ele>
    <time>2026-06-14T19:28:17Z</time>
    
   </trkpt>
   <trkpt lat="48.3242700" lon="-121.7504620">
    <ele>1518.2</ele>
    <time>2026-06-14T19:28:21Z</time>
    
   </trkpt>
   <trkpt lat="48.3242680" lon="-121.7504610">
    <ele>1518.2</ele>
    <time>2026-06-14T19:28:26Z</time>
    
   </trkpt>
   <trkpt lat="48.3242680" lon="-121.7504600">
    <ele>1518.2</ele>
    <time>2026-06-14T19:28:27Z</time>
    
   </trkpt>
   <trkpt lat="48.3242680" lon="-121.7504670">
    <ele>1518.2</ele>
    <time>2026-06-14T19:28:36Z</time>
    
   </trkpt>
   <trkpt lat="48.3242750" lon="-121.7504710">
    <ele>1518.2</ele>
    <time>2026-06-14T19:28:44Z</time>
    
   </trkpt>
   <trkpt lat="48.3242670" lon="-121.7504710">
    <ele>1518.2</ele>
    <time>2026-06-14T19:28:56Z</time>
    
   </trkpt>
   <trkpt lat="48.3242760" lon="-121.7504610">
    <ele>1518.2</ele>
    <time>2026-06-14T19:29:12Z</time>
    
   </trkpt>
   <trkpt lat="48.3242780" lon="-121.7504570">
    <ele>1518.2</ele>
    <time>2026-06-14T19:29:17Z</time>
    
   </trkpt>
   <trkpt lat="48.3242800" lon="-121.7504580">
    <ele>1518.2</ele>
    <time>2026-06-14T19:29:19Z</time>
    
   </trkpt>
   <trkpt lat="48.3242840" lon="-121.7504570">
    <ele>1518.2</ele>
    <time>2026-06-14T19:29:25Z</time>
    
   </trkpt>
   <trkpt lat="48.3242840" lon="-121.7504580">
    <ele>1518.2</ele>
    <time>2026-06-14T19:29:28Z</time>
    
   </trkpt>
   <trkpt lat="48.3242850" lon="-121.7504580">
    <ele>1518.2</ele>
    <time>2026-06-14T19:29:31Z</time>
    
   </trkpt>
   <trkpt lat="48.3242850" lon="-121.7504590">
    <ele>1518.2</ele>
    <time>2026-06-14T19:29:36Z</time>
    
   </trkpt>
   <trkpt lat="48.3242860" lon="-121.7504580">
    <ele>1518.2</ele>
    <time>2026-06-14T19:29:38Z</time>
    
   </trkpt>
   <trkpt lat="48.3242910" lon="-121.7504560">
    <ele>1518.2</ele>
    <time>2026-06-14T19:29:44Z</time>
    
   </trkpt>
   <trkpt lat="48.3242910" lon="-121.7504560">
    <ele>1518.2</ele>
    <time>2026-06-14T19:29:46Z</time>
    
   </trkpt>
   <trkpt lat="48.3242940" lon="-121.7504550">
    <ele>1518.2</ele>
    <time>2026-06-14T19:29:50Z</time>
    
   </trkpt>
   <trkpt lat="48.3242930" lon="-121.7504550">
    <ele>1518.2</ele>
    <time>2026-06-14T19:30:01Z</time>
    
   </trkpt>
   <trkpt lat="48.3242860" lon="-121.7504540">
    <ele>1518.2</ele>
    <time>2026-06-14T19:30:17Z</time>
    
   </trkpt>
   <trkpt lat="48.3242850" lon="-121.7504510">
    <ele>1518.2</ele>
    <time>2026-06-14T19:30:20Z</time>
    
   </trkpt>
   <trkpt lat="48.3242820" lon="-121.7504500">
    <ele>1518.2</ele>
    <time>2026-06-14T19:30:26Z</time>
    
   </trkpt>
   <trkpt lat="48.3242780" lon="-121.7504580">
    <ele>1518.2</ele>
    <time>2026-06-14T19:30:34Z</time>
    
   </trkpt>
   <trkpt lat="48.3242720" lon="-121.7504540">
    <ele>1518.2</ele>
    <time>2026-06-14T19:30:38Z</time>
    
   </trkpt>
   <trkpt lat="48.3242590" lon="-121.7504580">
    <ele>1518.2</ele>
    <time>2026-06-14T19:30:54Z</time>
    
   </trkpt>
   <trkpt lat="48.3242490" lon="-121.7504710">
    <ele>1518.2</ele>
    <time>2026-06-14T19:31:07Z</time>
    
   </trkpt>
   <trkpt lat="48.3242510" lon="-121.7504690">
    <ele>1518.2</ele>
    <time>2026-06-14T19:31:09Z</time>
    
   </trkpt>
   <trkpt lat="48.3242530" lon="-121.7504710">
    <ele>1518.2</ele>
    <time>2026-06-14T19:31:11Z</time>
    
   </trkpt>
   <trkpt lat="48.3242540" lon="-121.7504710">
    <ele>1518.2</ele>
    <time>2026-06-14T19:31:12Z</time>
    
   </trkpt>
   <trkpt lat="48.3242560" lon="-121.7504730">
    <ele>1518.2</ele>
    <time>2026-06-14T19:31:14Z</time>
    
   </trkpt>
   <trkpt lat="48.3242540" lon="-121.7504690">
    <ele>1518.2</ele>
    <time>2026-06-14T19:31:16Z</time>
    
   </trkpt>
   <trkpt lat="48.3242610" lon="-121.7504380">
    <ele>1518.2</ele>
    <time>2026-06-14T19:31:20Z</time>
    
   </trkpt>
   <trkpt lat="48.3242670" lon="-121.7504260">
    <ele>1518.2</ele>
    <time>2026-06-14T19:31:23Z</time>
    
   </trkpt>
   <trkpt lat="48.3242780" lon="-121.7504190">
    <ele>1518.2</ele>
    <time>2026-06-14T19:31:27Z</time>
    
   </trkpt>
   <trkpt lat="48.3243020" lon="-121.7504290">
    <ele>1518.2</ele>
    <time>2026-06-14T19:31:33Z</time>
    
   </trkpt>
   <trkpt lat="48.3243020" lon="-121.7504300">
    <ele>1518.2</ele>
    <time>2026-06-14T19:31:35Z</time>
    
   </trkpt>
   <trkpt lat="48.3243300" lon="-121.7504610">
    <ele>1518.2</ele>
    <time>2026-06-14T19:31:44Z</time>
    
   </trkpt>
   <trkpt lat="48.3243340" lon="-121.7504680">
    <ele>1523.8</ele>
    <time>2026-06-14T19:31:47Z</time>
    
   </trkpt>
   <trkpt lat="48.3243400" lon="-121.7504770">
    <ele>1524.0</ele>
    <time>2026-06-14T19:31:52Z</time>
    
   </trkpt>
   <trkpt lat="48.3243430" lon="-121.7504850">
    <ele>1524.0</ele>
    <time>2026-06-14T19:31:54Z</time>
    
   </trkpt>
   <trkpt lat="48.3243520" lon="-121.7505210">
    <ele>1523.6</ele>
    <time>2026-06-14T19:32:00Z</time>
    
   </trkpt>
   <trkpt lat="48.3243490" lon="-121.7505170">
    <ele>1523.6</ele>
    <time>2026-06-14T19:32:02Z</time>
    
   </trkpt>
   <trkpt lat="48.3243470" lon="-121.7505160">
    <ele>1523.4</ele>
    <time>2026-06-14T19:32:03Z</time>
    
   </trkpt>
   <trkpt lat="48.3243480" lon="-121.7505160">
    <ele>1523.4</ele>
    <time>2026-06-14T19:32:13Z</time>
    
   </trkpt>
   <trkpt lat="48.3243580" lon="-121.7505250">
    <ele>1523.4</ele>
    <time>2026-06-14T19:32:16Z</time>
    
   </trkpt>
   <trkpt lat="48.3243780" lon="-121.7505250">
    <ele>1523.8</ele>
    <time>2026-06-14T19:32:24Z</time>
    
   </trkpt>
   <trkpt lat="48.3243780" lon="-121.7505250">
    <ele>1524.0</ele>
    <time>2026-06-14T19:32:25Z</time>
    
   </trkpt>
   <trkpt lat="48.3243850" lon="-121.7505320">
    <ele>1525.0</ele>
    <time>2026-06-14T19:32:28Z</time>
    
   </trkpt>
   <trkpt lat="48.3243890" lon="-121.7505380">
    <ele>1525.0</ele>
    <time>2026-06-14T19:32:33Z</time>
    
   </trkpt>
   <trkpt lat="48.3243910" lon="-121.7505410">
    <ele>1524.8</ele>
    <time>2026-06-14T19:32:35Z</time>
    
   </trkpt>
   <trkpt lat="48.3244120" lon="-121.7505690">
    <ele>1524.8</ele>
    <time>2026-06-14T19:32:47Z</time>
    
   </trkpt>
   <trkpt lat="48.3244280" lon="-121.7505790">
    <ele>1525.0</ele>
    <time>2026-06-14T19:32:51Z</time>
    
   </trkpt>
   <trkpt lat="48.3244530" lon="-121.7505890">
    <ele>1525.4</ele>
    <time>2026-06-14T19:32:57Z</time>
    
   </trkpt>
   <trkpt lat="48.3244640" lon="-121.7505990">
    <ele>1526.0</ele>
    <time>2026-06-14T19:33:01Z</time>
    
   </trkpt>
   <trkpt lat="48.3244750" lon="-121.7506050">
    <ele>1527.0</ele>
    <time>2026-06-14T19:33:05Z</time>
    
   </trkpt>
   <trkpt lat="48.3244810" lon="-121.7506060">
    <ele>1526.8</ele>
    <time>2026-06-14T19:33:07Z</time>
    
   </trkpt>
   <trkpt lat="48.3245320" lon="-121.7506210">
    <ele>1527.2</ele>
    <time>2026-06-14T19:33:19Z</time>
    
   </trkpt>
   <trkpt lat="48.3245380" lon="-121.7506260">
    <ele>1527.2</ele>
    <time>2026-06-14T19:33:20Z</time>
    
   </trkpt>
   <trkpt lat="48.3245670" lon="-121.7506170">
    <ele>1528.0</ele>
    <time>2026-06-14T19:33:28Z</time>
    
   </trkpt>
   <trkpt lat="48.3245840" lon="-121.7506150">
    <ele>1528.2</ele>
    <time>2026-06-14T19:33:31Z</time>
    
   </trkpt>
   <trkpt lat="48.3246040" lon="-121.7506070">
    <ele>1528.8</ele>
    <time>2026-06-14T19:33:35Z</time>
    
   </trkpt>
   <trkpt lat="48.3246150" lon="-121.7506040">
    <ele>1529.2</ele>
    <time>2026-06-14T19:33:37Z</time>
    
   </trkpt>
   <trkpt lat="48.3246240" lon="-121.7505980">
    <ele>1529.4</ele>
    <time>2026-06-14T19:33:40Z</time>
    
   </trkpt>
   <trkpt lat="48.3246530" lon="-121.7506060">
    <ele>1530.4</ele>
    <time>2026-06-14T19:33:47Z</time>
    
   </trkpt>
   <trkpt lat="48.3246700" lon="-121.7506320">
    <ele>1531.2</ele>
    <time>2026-06-14T19:33:52Z</time>
    
   </trkpt>
   <trkpt lat="48.3246690" lon="-121.7506390">
    <ele>1531.4</ele>
    <time>2026-06-14T19:33:54Z</time>
    
   </trkpt>
   <trkpt lat="48.3246630" lon="-121.7506470">
    <ele>1531.8</ele>
    <time>2026-06-14T19:34:01Z</time>
    
   </trkpt>
   <trkpt lat="48.3246620" lon="-121.7506480">
    <ele>1531.8</ele>
    <time>2026-06-14T19:34:02Z</time>
    
   </trkpt>
   <trkpt lat="48.3246560" lon="-121.7506330">
    <ele>1531.6</ele>
    <time>2026-06-14T19:34:09Z</time>
    
   </trkpt>
   <trkpt lat="48.3246670" lon="-121.7506220">
    <ele>1532.2</ele>
    <time>2026-06-14T19:34:14Z</time>
    
   </trkpt>
   <trkpt lat="48.3246980" lon="-121.7506330">
    <ele>1532.4</ele>
    <time>2026-06-14T19:34:20Z</time>
    
   </trkpt>
   <trkpt lat="48.3247180" lon="-121.7506260">
    <ele>1533.0</ele>
    <time>2026-06-14T19:34:24Z</time>
    
   </trkpt>
   <trkpt lat="48.3247200" lon="-121.7506140">
    <ele>1533.6</ele>
    <time>2026-06-14T19:34:26Z</time>
    
   </trkpt>
   <trkpt lat="48.3247320" lon="-121.7506030">
    <ele>1535.0</ele>
    <time>2026-06-14T19:34:30Z</time>
    
   </trkpt>
   <trkpt lat="48.3247470" lon="-121.7505960">
    <ele>1535.4</ele>
    <time>2026-06-14T19:34:34Z</time>
    
   </trkpt>
   <trkpt lat="48.3247590" lon="-121.7505980">
    <ele>1535.8</ele>
    <time>2026-06-14T19:34:37Z</time>
    
   </trkpt>
   <trkpt lat="48.3247650" lon="-121.7506040">
    <ele>1536.0</ele>
    <time>2026-06-14T19:34:38Z</time>
    
   </trkpt>
   <trkpt lat="48.3247790" lon="-121.7506140">
    <ele>1537.4</ele>
    <time>2026-06-14T19:34:42Z</time>
    
   </trkpt>
   <trkpt lat="48.3248020" lon="-121.7506200">
    <ele>1538.2</ele>
    <time>2026-06-14T19:34:49Z</time>
    
   </trkpt>
   <trkpt lat="48.3248460" lon="-121.7506530">
    <ele>1538.6</ele>
    <time>2026-06-14T19:34:56Z</time>
    
   </trkpt>
   <trkpt lat="48.3248730" lon="-121.7506600">
    <ele>1539.4</ele>
    <time>2026-06-14T19:35:00Z</time>
    
   </trkpt>
   <trkpt lat="48.3248870" lon="-121.7506640">
    <ele>1539.6</ele>
    <time>2026-06-14T19:35:03Z</time>
    
   </trkpt>
   <trkpt lat="48.3249130" lon="-121.7506680">
    <ele>1540.8</ele>
    <time>2026-06-14T19:35:09Z</time>
    
   </trkpt>
   <trkpt lat="48.3249440" lon="-121.7506640">
    <ele>1541.4</ele>
    <time>2026-06-14T19:35:14Z</time>
    
   </trkpt>
   <trkpt lat="48.3249500" lon="-121.7506650">
    <ele>1541.8</ele>
    <time>2026-06-14T19:35:16Z</time>
    
   </trkpt>
   <trkpt lat="48.3249680" lon="-121.7506850">
    <ele>1541.0</ele>
    <time>2026-06-14T19:35:24Z</time>
    
   </trkpt>
   <trkpt lat="48.3249740" lon="-121.7507030">
    <ele>1540.8</ele>
    <time>2026-06-14T19:35:26Z</time>
    
   </trkpt>
   <trkpt lat="48.3249620" lon="-121.7507460">
    <ele>1540.8</ele>
    <time>2026-06-14T19:35:33Z</time>
    
   </trkpt>
   <trkpt lat="48.3249660" lon="-121.7507320">
    <ele>1540.6</ele>
    <time>2026-06-14T19:35:43Z</time>
    
   </trkpt>
   <trkpt lat="48.3249660" lon="-121.7507310">
    <ele>1540.6</ele>
    <time>2026-06-14T19:35:44Z</time>
    
   </trkpt>
   <trkpt lat="48.3249660" lon="-121.7507290">
    <ele>1540.4</ele>
    <time>2026-06-14T19:35:46Z</time>
    
   </trkpt>
   <trkpt lat="48.3249660" lon="-121.7507290">
    <ele>1540.6</ele>
    <time>2026-06-14T19:35:47Z</time>
    
   </trkpt>
   <trkpt lat="48.3249660" lon="-121.7507290">
    <ele>1540.6</ele>
    <time>2026-06-14T19:35:48Z</time>
    
   </trkpt>
   <trkpt lat="48.3249660" lon="-121.7507290">
    <ele>1540.6</ele>
    <time>2026-06-14T19:35:49Z</time>
    
   </trkpt>
   <trkpt lat="48.3249650" lon="-121.7507260">
    <ele>1540.8</ele>
    <time>2026-06-14T19:35:53Z</time>
    
   </trkpt>
   <trkpt lat="48.3249640" lon="-121.7507280">
    <ele>1540.6</ele>
    <time>2026-06-14T19:35:56Z</time>
    
   </trkpt>
   <trkpt lat="48.3249630" lon="-121.7507270">
    <ele>1540.6</ele>
    <time>2026-06-14T19:36:01Z</time>
    
   </trkpt>
   <trkpt lat="48.3249650" lon="-121.7507270">
    <ele>1540.6</ele>
    <time>2026-06-14T19:36:08Z</time>
    
   </trkpt>
   <trkpt lat="48.3249650" lon="-121.7507260">
    <ele>1540.6</ele>
    <time>2026-06-14T19:36:11Z</time>
    
   </trkpt>
   <trkpt lat="48.3249650" lon="-121.7507260">
    <ele>1540.4</ele>
    <time>2026-06-14T19:36:14Z</time>
    
   </trkpt>
   <trkpt lat="48.3249650" lon="-121.7507230">
    <ele>1540.6</ele>
    <time>2026-06-14T19:36:17Z</time>
    
   </trkpt>
   <trkpt lat="48.3249650" lon="-121.7507220">
    <ele>1540.6</ele>
    <time>2026-06-14T19:36:23Z</time>
    
   </trkpt>
   <trkpt lat="48.3249660" lon="-121.7507220">
    <ele>1540.6</ele>
    <time>2026-06-14T19:36:27Z</time>
    
   </trkpt>
   <trkpt lat="48.3249660" lon="-121.7507220">
    <ele>1540.6</ele>
    <time>2026-06-14T19:36:29Z</time>
    
   </trkpt>
   <trkpt lat="48.3249680" lon="-121.7507210">
    <ele>1540.6</ele>
    <time>2026-06-14T19:36:33Z</time>
    
   </trkpt>
   <trkpt lat="48.3249710" lon="-121.7507190">
    <ele>1540.6</ele>
    <time>2026-06-14T19:36:37Z</time>
    
   </trkpt>
   <trkpt lat="48.3249750" lon="-121.7507170">
    <ele>1540.6</ele>
    <time>2026-06-14T19:36:47Z</time>
    
   </trkpt>
   <trkpt lat="48.3249750" lon="-121.7507160">
    <ele>1540.6</ele>
    <time>2026-06-14T19:36:50Z</time>
    
   </trkpt>
   <trkpt lat="48.3249750" lon="-121.7507140">
    <ele>1540.8</ele>
    <time>2026-06-14T19:36:53Z</time>
    
   </trkpt>
   <trkpt lat="48.3249790" lon="-121.7507150">
    <ele>1540.8</ele>
    <time>2026-06-14T19:37:01Z</time>
    
   </trkpt>
   <trkpt lat="48.3249820" lon="-121.7507140">
    <ele>1540.8</ele>
    <time>2026-06-14T19:37:04Z</time>
    
   </trkpt>
   <trkpt lat="48.3249790" lon="-121.7507130">
    <ele>1540.8</ele>
    <time>2026-06-14T19:37:08Z</time>
    
   </trkpt>
   <trkpt lat="48.3249800" lon="-121.7507120">
    <ele>1540.8</ele>
    <time>2026-06-14T19:37:12Z</time>
    
   </trkpt>
   <trkpt lat="48.3249760" lon="-121.7507160">
    <ele>1540.8</ele>
    <time>2026-06-14T19:37:24Z</time>
    
   </trkpt>
   <trkpt lat="48.3249710" lon="-121.7507170">
    <ele>1540.8</ele>
    <time>2026-06-14T19:37:36Z</time>
    
   </trkpt>
   <trkpt lat="48.3249700" lon="-121.7507140">
    <ele>1540.8</ele>
    <time>2026-06-14T19:37:43Z</time>
    
   </trkpt>
   <trkpt lat="48.3249750" lon="-121.7507170">
    <ele>1540.8</ele>
    <time>2026-06-14T19:37:47Z</time>
    
   </trkpt>
   <trkpt lat="48.3249790" lon="-121.7507190">
    <ele>1540.8</ele>
    <time>2026-06-14T19:37:50Z</time>
    
   </trkpt>
   <trkpt lat="48.3249800" lon="-121.7507110">
    <ele>1540.8</ele>
    <time>2026-06-14T19:37:57Z</time>
    
   </trkpt>
   <trkpt lat="48.3249830" lon="-121.7507180">
    <ele>1540.8</ele>
    <time>2026-06-14T19:38:08Z</time>
    
   </trkpt>
   <trkpt lat="48.3249830" lon="-121.7507190">
    <ele>1540.8</ele>
    <time>2026-06-14T19:38:09Z</time>
    
   </trkpt>
   <trkpt lat="48.3249680" lon="-121.7507270">
    <ele>1540.8</ele>
    <time>2026-06-14T19:38:21Z</time>
    
   </trkpt>
   <trkpt lat="48.3249690" lon="-121.7507260">
    <ele>1540.8</ele>
    <time>2026-06-14T19:38:22Z</time>
    
   </trkpt>
   <trkpt lat="48.3249700" lon="-121.7507240">
    <ele>1540.8</ele>
    <time>2026-06-14T19:38:27Z</time>
    
   </trkpt>
   <trkpt lat="48.3249770" lon="-121.7507230">
    <ele>1540.8</ele>
    <time>2026-06-14T19:38:38Z</time>
    
   </trkpt>
   <trkpt lat="48.3249780" lon="-121.7507230">
    <ele>1540.8</ele>
    <time>2026-06-14T19:38:43Z</time>
    
   </trkpt>
   <trkpt lat="48.3249800" lon="-121.7507240">
    <ele>1540.8</ele>
    <time>2026-06-14T19:38:47Z</time>
    
   </trkpt>
   <trkpt lat="48.3249800" lon="-121.7507230">
    <ele>1540.8</ele>
    <time>2026-06-14T19:38:49Z</time>
    
   </trkpt>
   <trkpt lat="48.3249800" lon="-121.7507250">
    <ele>1540.8</ele>
    <time>2026-06-14T19:38:56Z</time>
    
   </trkpt>
   <trkpt lat="48.3249790" lon="-121.7507270">
    <ele>1540.8</ele>
    <time>2026-06-14T19:39:01Z</time>
    
   </trkpt>
   <trkpt lat="48.3249780" lon="-121.7507370">
    <ele>1540.8</ele>
    <time>2026-06-14T19:39:09Z</time>
    
   </trkpt>
   <trkpt lat="48.3249780" lon="-121.7507390">
    <ele>1540.8</ele>
    <time>2026-06-14T19:39:10Z</time>
    
   </trkpt>
   <trkpt lat="48.3249710" lon="-121.7507390">
    <ele>1540.8</ele>
    <time>2026-06-14T19:39:14Z</time>
    
   </trkpt>
   <trkpt lat="48.3249680" lon="-121.7507350">
    <ele>1540.8</ele>
    <time>2026-06-14T19:39:19Z</time>
    
   </trkpt>
   <trkpt lat="48.3249680" lon="-121.7507370">
    <ele>1540.8</ele>
    <time>2026-06-14T19:39:20Z</time>
    
   </trkpt>
   <trkpt lat="48.3249760" lon="-121.7507360">
    <ele>1540.8</ele>
    <time>2026-06-14T19:39:23Z</time>
    
   </trkpt>
   <trkpt lat="48.3249760" lon="-121.7507320">
    <ele>1540.8</ele>
    <time>2026-06-14T19:39:26Z</time>
    
   </trkpt>
   <trkpt lat="48.3249680" lon="-121.7507300">
    <ele>1540.8</ele>
    <time>2026-06-14T19:39:30Z</time>
    
   </trkpt>
   <trkpt lat="48.3249630" lon="-121.7507250">
    <ele>1540.8</ele>
    <time>2026-06-14T19:39:33Z</time>
    
   </trkpt>
   <trkpt lat="48.3249610" lon="-121.7507230">
    <ele>1540.8</ele>
    <time>2026-06-14T19:39:34Z</time>
    
   </trkpt>
   <trkpt lat="48.3249600" lon="-121.7507240">
    <ele>1540.8</ele>
    <time>2026-06-14T19:39:36Z</time>
    
   </trkpt>
   <trkpt lat="48.3249600" lon="-121.7507240">
    <ele>1540.8</ele>
    <time>2026-06-14T19:39:38Z</time>
    
   </trkpt>
   <trkpt lat="48.3249610" lon="-121.7507230">
    <ele>1540.8</ele>
    <time>2026-06-14T19:39:39Z</time>
    
   </trkpt>
   <trkpt lat="48.3249730" lon="-121.7506910">
    <ele>1540.8</ele>
    <time>2026-06-14T19:39:51Z</time>
    
   </trkpt>
   <trkpt lat="48.3249730" lon="-121.7506750">
    <ele>1540.8</ele>
    <time>2026-06-14T19:39:58Z</time>
    
   </trkpt>
   <trkpt lat="48.3249730" lon="-121.7506760">
    <ele>1540.8</ele>
    <time>2026-06-14T19:39:59Z</time>
    
   </trkpt>
   <trkpt lat="48.3249810" lon="-121.7506770">
    <ele>1540.8</ele>
    <time>2026-06-14T19:40:15Z</time>
    
   </trkpt>
   <trkpt lat="48.3250050" lon="-121.7506670">
    <ele>1540.8</ele>
    <time>2026-06-14T19:40:21Z</time>
    
   </trkpt>
   <trkpt lat="48.3250240" lon="-121.7506540">
    <ele>1540.8</ele>
    <time>2026-06-14T19:40:25Z</time>
    
   </trkpt>
   <trkpt lat="48.3250380" lon="-121.7506480">
    <ele>1540.8</ele>
    <time>2026-06-14T19:40:28Z</time>
    
   </trkpt>
   <trkpt lat="48.3250440" lon="-121.7506470">
    <ele>1540.8</ele>
    <time>2026-06-14T19:40:30Z</time>
    
   </trkpt>
   <trkpt lat="48.3250760" lon="-121.7506570">
    <ele>1540.8</ele>
    <time>2026-06-14T19:40:36Z</time>
    
   </trkpt>
   <trkpt lat="48.3250790" lon="-121.7506620">
    <ele>1540.8</ele>
    <time>2026-06-14T19:40:37Z</time>
    
   </trkpt>
   <trkpt lat="48.3250830" lon="-121.7506600">
    <ele>1540.8</ele>
    <time>2026-06-14T19:40:38Z</time>
    
   </trkpt>
   <trkpt lat="48.3250910" lon="-121.7506590">
    <ele>1540.8</ele>
    <time>2026-06-14T19:40:39Z</time>
    
   </trkpt>
   <trkpt lat="48.3251000" lon="-121.7506610">
    <ele>1540.8</ele>
    <time>2026-06-14T19:40:40Z</time>
    
   </trkpt>
   <trkpt lat="48.3251250" lon="-121.7506390">
    <ele>1540.8</ele>
    <time>2026-06-14T19:40:49Z</time>
    
   </trkpt>
   <trkpt lat="48.3251280" lon="-121.7506400">
    <ele>1540.8</ele>
    <time>2026-06-14T19:40:50Z</time>
    
   </trkpt>
   <trkpt lat="48.3251320" lon="-121.7506360">
    <ele>1540.8</ele>
    <time>2026-06-14T19:40:52Z</time>
    
   </trkpt>
   <trkpt lat="48.3251340" lon="-121.7506380">
    <ele>1540.8</ele>
    <time>2026-06-14T19:40:55Z</time>
    
   </trkpt>
   <trkpt lat="48.3251350" lon="-121.7506400">
    <ele>1547.0</ele>
    <time>2026-06-14T19:40:56Z</time>
    
   </trkpt>
   <trkpt lat="48.3251410" lon="-121.7506440">
    <ele>1547.2</ele>
    <time>2026-06-14T19:41:04Z</time>
    
   </trkpt>
   <trkpt lat="48.3251430" lon="-121.7506450">
    <ele>1547.2</ele>
    <time>2026-06-14T19:41:08Z</time>
    
   </trkpt>
   <trkpt lat="48.3251640" lon="-121.7506640">
    <ele>1548.2</ele>
    <time>2026-06-14T19:41:17Z</time>
    
   </trkpt>
   <trkpt lat="48.3251680" lon="-121.7506650">
    <ele>1548.2</ele>
    <time>2026-06-14T19:41:18Z</time>
    
   </trkpt>
   <trkpt lat="48.3251810" lon="-121.7506480">
    <ele>1548.6</ele>
    <time>2026-06-14T19:41:22Z</time>
    
   </trkpt>
   <trkpt lat="48.3252150" lon="-121.7506530">
    <ele>1549.4</ele>
    <time>2026-06-14T19:41:26Z</time>
    
   </trkpt>
   <trkpt lat="48.3252230" lon="-121.7506560">
    <ele>1549.8</ele>
    <time>2026-06-14T19:41:27Z</time>
    
   </trkpt>
   <trkpt lat="48.3252300" lon="-121.7506600">
    <ele>1550.2</ele>
    <time>2026-06-14T19:41:28Z</time>
    
   </trkpt>
   <trkpt lat="48.3252370" lon="-121.7506610">
    <ele>1550.6</ele>
    <time>2026-06-14T19:41:29Z</time>
    
   </trkpt>
   <trkpt lat="48.3252480" lon="-121.7506640">
    <ele>1551.2</ele>
    <time>2026-06-14T19:41:31Z</time>
    
   </trkpt>
   <trkpt lat="48.3252610" lon="-121.7506690">
    <ele>1551.6</ele>
    <time>2026-06-14T19:41:33Z</time>
    
   </trkpt>
   <trkpt lat="48.3252670" lon="-121.7506710">
    <ele>1551.8</ele>
    <time>2026-06-14T19:41:34Z</time>
    
   </trkpt>
   <trkpt lat="48.3252790" lon="-121.7506750">
    <ele>1552.6</ele>
    <time>2026-06-14T19:41:36Z</time>
    
   </trkpt>
   <trkpt lat="48.3252960" lon="-121.7506670">
    <ele>1553.8</ele>
    <time>2026-06-14T19:41:40Z</time>
    
   </trkpt>
   <trkpt lat="48.3253080" lon="-121.7506620">
    <ele>1554.2</ele>
    <time>2026-06-14T19:41:42Z</time>
    
   </trkpt>
   <trkpt lat="48.3253140" lon="-121.7506630">
    <ele>1554.4</ele>
    <time>2026-06-14T19:41:43Z</time>
    
   </trkpt>
   <trkpt lat="48.3253310" lon="-121.7506640">
    <ele>1555.0</ele>
    <time>2026-06-14T19:41:45Z</time>
    
   </trkpt>
   <trkpt lat="48.3253690" lon="-121.7506560">
    <ele>1555.8</ele>
    <time>2026-06-14T19:41:49Z</time>
    
   </trkpt>
   <trkpt lat="48.3253840" lon="-121.7506560">
    <ele>1556.0</ele>
    <time>2026-06-14T19:41:51Z</time>
    
   </trkpt>
   <trkpt lat="48.3254160" lon="-121.7506580">
    <ele>1556.6</ele>
    <time>2026-06-14T19:41:55Z</time>
    
   </trkpt>
   <trkpt lat="48.3254300" lon="-121.7506630">
    <ele>1557.2</ele>
    <time>2026-06-14T19:41:57Z</time>
    
   </trkpt>
   <trkpt lat="48.3254460" lon="-121.7506560">
    <ele>1558.2</ele>
    <time>2026-06-14T19:42:00Z</time>
    
   </trkpt>
   <trkpt lat="48.3254630" lon="-121.7506490">
    <ele>1559.2</ele>
    <time>2026-06-14T19:42:06Z</time>
    
   </trkpt>
   <trkpt lat="48.3254670" lon="-121.7506450">
    <ele>1559.4</ele>
    <time>2026-06-14T19:42:07Z</time>
    
   </trkpt>
   <trkpt lat="48.3254680" lon="-121.7506310">
    <ele>1560.4</ele>
    <time>2026-06-14T19:42:11Z</time>
    
   </trkpt>
   <trkpt lat="48.3254660" lon="-121.7506160">
    <ele>1561.4</ele>
    <time>2026-06-14T19:42:17Z</time>
    
   </trkpt>
   <trkpt lat="48.3254690" lon="-121.7506180">
    <ele>1561.6</ele>
    <time>2026-06-14T19:42:19Z</time>
    
   </trkpt>
   <trkpt lat="48.3254830" lon="-121.7505980">
    <ele>1562.6</ele>
    <time>2026-06-14T19:42:27Z</time>
    
   </trkpt>
   <trkpt lat="48.3254880" lon="-121.7506130">
    <ele>1563.0</ele>
    <time>2026-06-14T19:42:29Z</time>
    
   </trkpt>
   <trkpt lat="48.3254890" lon="-121.7506580">
    <ele>1563.6</ele>
    <time>2026-06-14T19:42:36Z</time>
    
   </trkpt>
   <trkpt lat="48.3255010" lon="-121.7506600">
    <ele>1564.6</ele>
    <time>2026-06-14T19:42:39Z</time>
    
   </trkpt>
   <trkpt lat="48.3255090" lon="-121.7506510">
    <ele>1564.8</ele>
    <time>2026-06-14T19:42:41Z</time>
    
   </trkpt>
   <trkpt lat="48.3255440" lon="-121.7506300">
    <ele>1566.0</ele>
    <time>2026-06-14T19:42:48Z</time>
    
   </trkpt>
   <trkpt lat="48.3255500" lon="-121.7506330">
    <ele>1566.0</ele>
    <time>2026-06-14T19:42:49Z</time>
    
   </trkpt>
   <trkpt lat="48.3255850" lon="-121.7506170">
    <ele>1567.0</ele>
    <time>2026-06-14T19:42:56Z</time>
    
   </trkpt>
   <trkpt lat="48.3255900" lon="-121.7506160">
    <ele>1567.0</ele>
    <time>2026-06-14T19:42:59Z</time>
    
   </trkpt>
   <trkpt lat="48.3255870" lon="-121.7506110">
    <ele>1568.0</ele>
    <time>2026-06-14T19:43:12Z</time>
    
   </trkpt>
   <trkpt lat="48.3255860" lon="-121.7506160">
    <ele>1568.2</ele>
    <time>2026-06-14T19:43:13Z</time>
    
   </trkpt>
   <trkpt lat="48.3255810" lon="-121.7506090">
    <ele>1569.2</ele>
    <time>2026-06-14T19:43:17Z</time>
    
   </trkpt>
   <trkpt lat="48.3255910" lon="-121.7506130">
    <ele>1569.6</ele>
    <time>2026-06-14T19:43:23Z</time>
    
   </trkpt>
   <trkpt lat="48.3255940" lon="-121.7506150">
    <ele>1569.8</ele>
    <time>2026-06-14T19:43:24Z</time>
    
   </trkpt>
   <trkpt lat="48.3256250" lon="-121.7506030">
    <ele>1570.2</ele>
    <time>2026-06-14T19:43:30Z</time>
    
   </trkpt>
   <trkpt lat="48.3256370" lon="-121.7506070">
    <ele>1570.8</ele>
    <time>2026-06-14T19:43:32Z</time>
    
   </trkpt>
   <trkpt lat="48.3256570" lon="-121.7506100">
    <ele>1571.4</ele>
    <time>2026-06-14T19:43:35Z</time>
    
   </trkpt>
   <trkpt lat="48.3256660" lon="-121.7506090">
    <ele>1572.0</ele>
    <time>2026-06-14T19:43:41Z</time>
    
   </trkpt>
   <trkpt lat="48.3256870" lon="-121.7506030">
    <ele>1572.2</ele>
    <time>2026-06-14T19:43:46Z</time>
    
   </trkpt>
   <trkpt lat="48.3256850" lon="-121.7506010">
    <ele>1572.4</ele>
    <time>2026-06-14T19:43:48Z</time>
    
   </trkpt>
   <trkpt lat="48.3256860" lon="-121.7506030">
    <ele>1572.6</ele>
    <time>2026-06-14T19:43:50Z</time>
    
   </trkpt>
   <trkpt lat="48.3256960" lon="-121.7505950">
    <ele>1573.4</ele>
    <time>2026-06-14T19:43:58Z</time>
    
   </trkpt>
   <trkpt lat="48.3256840" lon="-121.7505790">
    <ele>1573.4</ele>
    <time>2026-06-14T19:44:03Z</time>
    
   </trkpt>
   <trkpt lat="48.3257110" lon="-121.7505380">
    <ele>1573.0</ele>
    <time>2026-06-14T19:44:13Z</time>
    
   </trkpt>
   <trkpt lat="48.3257190" lon="-121.7505050">
    <ele>1572.8</ele>
    <time>2026-06-14T19:44:25Z</time>
    
   </trkpt>
   <trkpt lat="48.3257300" lon="-121.7505140">
    <ele>1572.4</ele>
    <time>2026-06-14T19:44:31Z</time>
    
   </trkpt>
   <trkpt lat="48.3257520" lon="-121.7505210">
    <ele>1572.6</ele>
    <time>2026-06-14T19:44:38Z</time>
    
   </trkpt>
   <trkpt lat="48.3257620" lon="-121.7505090">
    <ele>1573.2</ele>
    <time>2026-06-14T19:44:44Z</time>
    
   </trkpt>
   <trkpt lat="48.3257680" lon="-121.7505170">
    <ele>1573.4</ele>
    <time>2026-06-14T19:44:46Z</time>
    
   </trkpt>
   <trkpt lat="48.3257690" lon="-121.7505170">
    <ele>1573.6</ele>
    <time>2026-06-14T19:44:47Z</time>
    
   </trkpt>
   <trkpt lat="48.3257760" lon="-121.7505280">
    <ele>1574.6</ele>
    <time>2026-06-14T19:44:56Z</time>
    
   </trkpt>
   <trkpt lat="48.3257730" lon="-121.7505320">
    <ele>1575.0</ele>
    <time>2026-06-14T19:44:58Z</time>
    
   </trkpt>
   <trkpt lat="48.3257620" lon="-121.7505370">
    <ele>1575.6</ele>
    <time>2026-06-14T19:45:01Z</time>
    
   </trkpt>
   <trkpt lat="48.3257600" lon="-121.7505360">
    <ele>1576.2</ele>
    <time>2026-06-14T19:45:10Z</time>
    
   </trkpt>
   <trkpt lat="48.3257590" lon="-121.7505350">
    <ele>1576.0</ele>
    <time>2026-06-14T19:45:11Z</time>
    
   </trkpt>
   <trkpt lat="48.3257620" lon="-121.7505380">
    <ele>1576.0</ele>
    <time>2026-06-14T19:45:13Z</time>
    
   </trkpt>
   <trkpt lat="48.3257680" lon="-121.7505380">
    <ele>1576.8</ele>
    <time>2026-06-14T19:45:20Z</time>
    
   </trkpt>
   <trkpt lat="48.3257750" lon="-121.7505330">
    <ele>1577.0</ele>
    <time>2026-06-14T19:45:22Z</time>
    
   </trkpt>
   <trkpt lat="48.3257810" lon="-121.7505090">
    <ele>1577.6</ele>
    <time>2026-06-14T19:45:27Z</time>
    
   </trkpt>
   <trkpt lat="48.3257790" lon="-121.7505020">
    <ele>1577.8</ele>
    <time>2026-06-14T19:45:30Z</time>
    
   </trkpt>
   <trkpt lat="48.3257840" lon="-121.7505040">
    <ele>1578.0</ele>
    <time>2026-06-14T19:45:33Z</time>
    
   </trkpt>
   <trkpt lat="48.3257890" lon="-121.7504970">
    <ele>1577.8</ele>
    <time>2026-06-14T19:45:37Z</time>
    
   </trkpt>
   <trkpt lat="48.3257930" lon="-121.7504920">
    <ele>1578.2</ele>
    <time>2026-06-14T19:45:41Z</time>
    
   </trkpt>
   <trkpt lat="48.3258090" lon="-121.7505070">
    <ele>1578.8</ele>
    <time>2026-06-14T19:45:50Z</time>
    
   </trkpt>
   <trkpt lat="48.3258100" lon="-121.7505060">
    <ele>1579.0</ele>
    <time>2026-06-14T19:45:51Z</time>
    
   </trkpt>
   <trkpt lat="48.3258080" lon="-121.7505060">
    <ele>1579.2</ele>
    <time>2026-06-14T19:45:56Z</time>
    
   </trkpt>
   <trkpt lat="48.3258050" lon="-121.7505080">
    <ele>1579.2</ele>
    <time>2026-06-14T19:46:01Z</time>
    
   </trkpt>
   <trkpt lat="48.3258040" lon="-121.7505080">
    <ele>1579.0</ele>
    <time>2026-06-14T19:46:03Z</time>
    
   </trkpt>
   <trkpt lat="48.3258040" lon="-121.7505090">
    <ele>1579.0</ele>
    <time>2026-06-14T19:46:04Z</time>
    
   </trkpt>
   <trkpt lat="48.3258030" lon="-121.7505090">
    <ele>1579.0</ele>
    <time>2026-06-14T19:46:05Z</time>
    
   </trkpt>
   <trkpt lat="48.3258120" lon="-121.7504980">
    <ele>1579.4</ele>
    <time>2026-06-14T19:46:08Z</time>
    
   </trkpt>
   <trkpt lat="48.3258140" lon="-121.7504970">
    <ele>1579.4</ele>
    <time>2026-06-14T19:46:09Z</time>
    
   </trkpt>
   <trkpt lat="48.3258160" lon="-121.7504950">
    <ele>1579.6</ele>
    <time>2026-06-14T19:46:11Z</time>
    
   </trkpt>
   <trkpt lat="48.3258230" lon="-121.7504910">
    <ele>1579.6</ele>
    <time>2026-06-14T19:46:14Z</time>
    
   </trkpt>
   <trkpt lat="48.3258450" lon="-121.7504880">
    <ele>1580.2</ele>
    <time>2026-06-14T19:46:20Z</time>
    
   </trkpt>
   <trkpt lat="48.3258670" lon="-121.7504870">
    <ele>1580.8</ele>
    <time>2026-06-14T19:46:26Z</time>
    
   </trkpt>
   <trkpt lat="48.3258630" lon="-121.7504820">
    <ele>1580.8</ele>
    <time>2026-06-14T19:46:27Z</time>
    
   </trkpt>
   <trkpt lat="48.3258670" lon="-121.7504790">
    <ele>1581.2</ele>
    <time>2026-06-14T19:46:30Z</time>
    
   </trkpt>
   <trkpt lat="48.3258780" lon="-121.7504760">
    <ele>1581.8</ele>
    <time>2026-06-14T19:46:34Z</time>
    
   </trkpt>
   <trkpt lat="48.3258790" lon="-121.7504820">
    <ele>1582.2</ele>
    <time>2026-06-14T19:46:36Z</time>
    
   </trkpt>
   <trkpt lat="48.3258860" lon="-121.7504900">
    <ele>1583.4</ele>
    <time>2026-06-14T19:46:41Z</time>
    
   </trkpt>
   <trkpt lat="48.3258860" lon="-121.7504930">
    <ele>1584.0</ele>
    <time>2026-06-14T19:46:47Z</time>
    
   </trkpt>
   <trkpt lat="48.3258880" lon="-121.7504960">
    <ele>1584.4</ele>
    <time>2026-06-14T19:46:49Z</time>
    
   </trkpt>
   <trkpt lat="48.3258960" lon="-121.7505040">
    <ele>1584.8</ele>
    <time>2026-06-14T19:46:56Z</time>
    
   </trkpt>
   <trkpt lat="48.3258920" lon="-121.7504980">
    <ele>1584.8</ele>
    <time>2026-06-14T19:46:58Z</time>
    
   </trkpt>
   <trkpt lat="48.3259150" lon="-121.7504840">
    <ele>1585.6</ele>
    <time>2026-06-14T19:47:09Z</time>
    
   </trkpt>
   <trkpt lat="48.3259250" lon="-121.7504820">
    <ele>1586.6</ele>
    <time>2026-06-14T19:47:16Z</time>
    
   </trkpt>
   <trkpt lat="48.3259360" lon="-121.7504800">
    <ele>1587.4</ele>
    <time>2026-06-14T19:47:22Z</time>
    
   </trkpt>
   <trkpt lat="48.3259420" lon="-121.7504820">
    <ele>1587.6</ele>
    <time>2026-06-14T19:47:24Z</time>
    
   </trkpt>
   <trkpt lat="48.3259470" lon="-121.7504810">
    <ele>1587.6</ele>
    <time>2026-06-14T19:47:25Z</time>
    
   </trkpt>
   <trkpt lat="48.3259680" lon="-121.7504800">
    <ele>1588.6</ele>
    <time>2026-06-14T19:47:34Z</time>
    
   </trkpt>
   <trkpt lat="48.3259720" lon="-121.7504820">
    <ele>1588.8</ele>
    <time>2026-06-14T19:47:35Z</time>
    
   </trkpt>
   <trkpt lat="48.3259760" lon="-121.7504920">
    <ele>1589.2</ele>
    <time>2026-06-14T19:47:41Z</time>
    
   </trkpt>
   <trkpt lat="48.3259790" lon="-121.7504920">
    <ele>1589.8</ele>
    <time>2026-06-14T19:47:48Z</time>
    
   </trkpt>
   <trkpt lat="48.3259780" lon="-121.7505110">
    <ele>1590.4</ele>
    <time>2026-06-14T19:47:55Z</time>
    
   </trkpt>
   <trkpt lat="48.3259750" lon="-121.7505190">
    <ele>1590.8</ele>
    <time>2026-06-14T19:47:57Z</time>
    
   </trkpt>
   <trkpt lat="48.3259700" lon="-121.7505270">
    <ele>1591.0</ele>
    <time>2026-06-14T19:48:00Z</time>
    
   </trkpt>
   <trkpt lat="48.3259680" lon="-121.7505230">
    <ele>1591.6</ele>
    <time>2026-06-14T19:48:03Z</time>
    
   </trkpt>
   <trkpt lat="48.3259670" lon="-121.7505340">
    <ele>1592.0</ele>
    <time>2026-06-14T19:48:06Z</time>
    
   </trkpt>
   <trkpt lat="48.3259610" lon="-121.7505370">
    <ele>1592.4</ele>
    <time>2026-06-14T19:48:09Z</time>
    
   </trkpt>
   <trkpt lat="48.3259620" lon="-121.7505380">
    <ele>1592.4</ele>
    <time>2026-06-14T19:48:10Z</time>
    
   </trkpt>
   <trkpt lat="48.3259590" lon="-121.7505260">
    <ele>1592.4</ele>
    <time>2026-06-14T19:48:15Z</time>
    
   </trkpt>
   <trkpt lat="48.3259590" lon="-121.7505240">
    <ele>1592.0</ele>
    <time>2026-06-14T19:48:18Z</time>
    
   </trkpt>
   <trkpt lat="48.3259580" lon="-121.7505080">
    <ele>1591.8</ele>
    <time>2026-06-14T19:48:21Z</time>
    
   </trkpt>
   <trkpt lat="48.3259570" lon="-121.7504840">
    <ele>1591.8</ele>
    <time>2026-06-14T19:48:24Z</time>
    
   </trkpt>
   <trkpt lat="48.3259550" lon="-121.7504790">
    <ele>1591.6</ele>
    <time>2026-06-14T19:48:25Z</time>
    
   </trkpt>
   <trkpt lat="48.3259550" lon="-121.7504700">
    <ele>1591.2</ele>
    <time>2026-06-14T19:48:33Z</time>
    
   </trkpt>
   <trkpt lat="48.3259520" lon="-121.7504590">
    <ele>1591.2</ele>
    <time>2026-06-14T19:48:36Z</time>
    
   </trkpt>
   <trkpt lat="48.3259520" lon="-121.7504550">
    <ele>1591.2</ele>
    <time>2026-06-14T19:48:38Z</time>
    
   </trkpt>
   <trkpt lat="48.3259540" lon="-121.7504320">
    <ele>1591.2</ele>
    <time>2026-06-14T19:48:50Z</time>
    
   </trkpt>
   <trkpt lat="48.3259670" lon="-121.7504400">
    <ele>1591.8</ele>
    <time>2026-06-14T19:48:58Z</time>
    
   </trkpt>
   <trkpt lat="48.3259820" lon="-121.7504550">
    <ele>1591.8</ele>
    <time>2026-06-14T19:49:04Z</time>
    
   </trkpt>
   <trkpt lat="48.3259860" lon="-121.7504620">
    <ele>1591.8</ele>
    <time>2026-06-14T19:49:05Z</time>
    
   </trkpt>
   <trkpt lat="48.3260040" lon="-121.7504820">
    <ele>1592.8</ele>
    <time>2026-06-14T19:49:16Z</time>
    
   </trkpt>
   <trkpt lat="48.3260120" lon="-121.7504780">
    <ele>1592.8</ele>
    <time>2026-06-14T19:49:21Z</time>
    
   </trkpt>
   <trkpt lat="48.3260230" lon="-121.7504840">
    <ele>1592.4</ele>
    <time>2026-06-14T19:49:24Z</time>
    
   </trkpt>
   <trkpt lat="48.3260310" lon="-121.7504860">
    <ele>1592.4</ele>
    <time>2026-06-14T19:49:26Z</time>
    
   </trkpt>
   <trkpt lat="48.3260340" lon="-121.7504850">
    <ele>1592.6</ele>
    <time>2026-06-14T19:49:27Z</time>
    
   </trkpt>
   <trkpt lat="48.3260350" lon="-121.7504890">
    <ele>1592.6</ele>
    <time>2026-06-14T19:49:28Z</time>
    
   </trkpt>
   <trkpt lat="48.3260400" lon="-121.7504870">
    <ele>1592.6</ele>
    <time>2026-06-14T19:49:30Z</time>
    
   </trkpt>
   <trkpt lat="48.3260780" lon="-121.7505000">
    <ele>1592.6</ele>
    <time>2026-06-14T19:49:42Z</time>
    
   </trkpt>
   <trkpt lat="48.3260930" lon="-121.7505040">
    <ele>1592.4</ele>
    <time>2026-06-14T19:49:45Z</time>
    
   </trkpt>
   <trkpt lat="48.3261090" lon="-121.7505090">
    <ele>1592.0</ele>
    <time>2026-06-14T19:49:54Z</time>
    
   </trkpt>
   <trkpt lat="48.3261300" lon="-121.7505090">
    <ele>1591.8</ele>
    <time>2026-06-14T19:49:58Z</time>
    
   </trkpt>
   <trkpt lat="48.3261280" lon="-121.7505070">
    <ele>1592.6</ele>
    <time>2026-06-14T19:50:01Z</time>
    
   </trkpt>
   <trkpt lat="48.3261250" lon="-121.7505080">
    <ele>1593.0</ele>
    <time>2026-06-14T19:50:04Z</time>
    
   </trkpt>
   <trkpt lat="48.3261220" lon="-121.7505060">
    <ele>1593.0</ele>
    <time>2026-06-14T19:50:06Z</time>
    
   </trkpt>
   <trkpt lat="48.3261200" lon="-121.7505010">
    <ele>1593.2</ele>
    <time>2026-06-14T19:50:08Z</time>
    
   </trkpt>
   <trkpt lat="48.3261210" lon="-121.7504980">
    <ele>1593.2</ele>
    <time>2026-06-14T19:50:09Z</time>
    
   </trkpt>
   <trkpt lat="48.3261210" lon="-121.7504940">
    <ele>1593.2</ele>
    <time>2026-06-14T19:50:10Z</time>
    
   </trkpt>
   <trkpt lat="48.3261190" lon="-121.7504890">
    <ele>1593.2</ele>
    <time>2026-06-14T19:50:11Z</time>
    
   </trkpt>
   <trkpt lat="48.3261110" lon="-121.7504770">
    <ele>1593.2</ele>
    <time>2026-06-14T19:50:15Z</time>
    
   </trkpt>
   <trkpt lat="48.3261120" lon="-121.7504790">
    <ele>1593.2</ele>
    <time>2026-06-14T19:50:17Z</time>
    
   </trkpt>
   <trkpt lat="48.3260970" lon="-121.7504760">
    <ele>1591.8</ele>
    <time>2026-06-14T19:50:23Z</time>
    
   </trkpt>
   <trkpt lat="48.3260710" lon="-121.7504750">
    <ele>1591.6</ele>
    <time>2026-06-14T19:50:26Z</time>
    
   </trkpt>
   <trkpt lat="48.3260680" lon="-121.7504770">
    <ele>1591.2</ele>
    <time>2026-06-14T19:50:28Z</time>
    
   </trkpt>
   <trkpt lat="48.3260650" lon="-121.7504810">
    <ele>1590.8</ele>
    <time>2026-06-14T19:50:30Z</time>
    
   </trkpt>
   <trkpt lat="48.3260620" lon="-121.7504840">
    <ele>1590.6</ele>
    <time>2026-06-14T19:50:31Z</time>
    
   </trkpt>
   <trkpt lat="48.3260480" lon="-121.7505010">
    <ele>1590.4</ele>
    <time>2026-06-14T19:50:35Z</time>
    
   </trkpt>
   <trkpt lat="48.3260250" lon="-121.7505070">
    <ele>1590.8</ele>
    <time>2026-06-14T19:50:39Z</time>
    
   </trkpt>
   <trkpt lat="48.3260230" lon="-121.7505150">
    <ele>1591.0</ele>
    <time>2026-06-14T19:50:40Z</time>
    
   </trkpt>
   <trkpt lat="48.3260160" lon="-121.7505250">
    <ele>1591.0</ele>
    <time>2026-06-14T19:50:42Z</time>
    
   </trkpt>
   <trkpt lat="48.3260130" lon="-121.7505210">
    <ele>1591.2</ele>
    <time>2026-06-14T19:50:47Z</time>
    
   </trkpt>
   <trkpt lat="48.3260060" lon="-121.7505370">
    <ele>1590.8</ele>
    <time>2026-06-14T19:50:52Z</time>
    
   </trkpt>
   <trkpt lat="48.3260070" lon="-121.7505370">
    <ele>1591.0</ele>
    <time>2026-06-14T19:50:54Z</time>
    
   </trkpt>
   <trkpt lat="48.3260030" lon="-121.7505450">
    <ele>1591.0</ele>
    <time>2026-06-14T19:50:59Z</time>
    
   </trkpt>
   <trkpt lat="48.3259470" lon="-121.7505440">
    <ele>1590.4</ele>
    <time>2026-06-14T19:51:05Z</time>
    
   </trkpt>
   <trkpt lat="48.3259420" lon="-121.7505280">
    <ele>1590.2</ele>
    <time>2026-06-14T19:51:17Z</time>
    
   </trkpt>
   <trkpt lat="48.3259420" lon="-121.7505480">
    <ele>1589.8</ele>
    <time>2026-06-14T19:51:21Z</time>
    
   </trkpt>
   <trkpt lat="48.3259370" lon="-121.7505600">
    <ele>1590.0</ele>
    <time>2026-06-14T19:51:25Z</time>
    
   </trkpt>
   <trkpt lat="48.3259340" lon="-121.7505630">
    <ele>1590.0</ele>
    <time>2026-06-14T19:51:26Z</time>
    
   </trkpt>
   <trkpt lat="48.3259250" lon="-121.7505770">
    <ele>1590.2</ele>
    <time>2026-06-14T19:51:29Z</time>
    
   </trkpt>
   <trkpt lat="48.3259210" lon="-121.7505780">
    <ele>1590.6</ele>
    <time>2026-06-14T19:51:31Z</time>
    
   </trkpt>
   <trkpt lat="48.3259180" lon="-121.7505750">
    <ele>1590.8</ele>
    <time>2026-06-14T19:51:32Z</time>
    
   </trkpt>
   <trkpt lat="48.3259210" lon="-121.7505890">
    <ele>1591.4</ele>
    <time>2026-06-14T19:51:35Z</time>
    
   </trkpt>
   <trkpt lat="48.3259200" lon="-121.7505990">
    <ele>1592.0</ele>
    <time>2026-06-14T19:51:38Z</time>
    
   </trkpt>
   <trkpt lat="48.3259220" lon="-121.7506140">
    <ele>1592.6</ele>
    <time>2026-06-14T19:51:45Z</time>
    
   </trkpt>
   <trkpt lat="48.3259240" lon="-121.7506140">
    <ele>1593.0</ele>
    <time>2026-06-14T19:51:47Z</time>
    
   </trkpt>
   <trkpt lat="48.3259260" lon="-121.7506140">
    <ele>1593.0</ele>
    <time>2026-06-14T19:51:48Z</time>
    
   </trkpt>
   <trkpt lat="48.3259300" lon="-121.7505990">
    <ele>1594.2</ele>
    <time>2026-06-14T19:51:56Z</time>
    
   </trkpt>
   <trkpt lat="48.3259300" lon="-121.7506030">
    <ele>1594.6</ele>
    <time>2026-06-14T19:51:59Z</time>
    
   </trkpt>
   <trkpt lat="48.3259470" lon="-121.7506030">
    <ele>1595.4</ele>
    <time>2026-06-14T19:52:02Z</time>
    
   </trkpt>
   <trkpt lat="48.3259500" lon="-121.7505950">
    <ele>1596.2</ele>
    <time>2026-06-14T19:52:08Z</time>
    
   </trkpt>
   <trkpt lat="48.3259520" lon="-121.7505850">
    <ele>1596.4</ele>
    <time>2026-06-14T19:52:12Z</time>
    
   </trkpt>
   <trkpt lat="48.3259540" lon="-121.7505870">
    <ele>1597.0</ele>
    <time>2026-06-14T19:52:19Z</time>
    
   </trkpt>
   <trkpt lat="48.3259560" lon="-121.7505930">
    <ele>1597.0</ele>
    <time>2026-06-14T19:52:21Z</time>
    
   </trkpt>
   <trkpt lat="48.3259780" lon="-121.7506240">
    <ele>1596.2</ele>
    <time>2026-06-14T19:52:29Z</time>
    
   </trkpt>
   <trkpt lat="48.3260040" lon="-121.7506350">
    <ele>1597.2</ele>
    <time>2026-06-14T19:52:33Z</time>
    
   </trkpt>
   <trkpt lat="48.3260100" lon="-121.7506400">
    <ele>1597.6</ele>
    <time>2026-06-14T19:52:35Z</time>
    
   </trkpt>
   <trkpt lat="48.3260440" lon="-121.7506550">
    <ele>1598.6</ele>
    <time>2026-06-14T19:52:45Z</time>
    
   </trkpt>
   <trkpt lat="48.3260610" lon="-121.7506700">
    <ele>1599.0</ele>
    <time>2026-06-14T19:52:48Z</time>
    
   </trkpt>
   <trkpt lat="48.3260640" lon="-121.7506740">
    <ele>1599.0</ele>
    <time>2026-06-14T19:52:49Z</time>
    
   </trkpt>
   <trkpt lat="48.3260750" lon="-121.7506800">
    <ele>1599.0</ele>
    <time>2026-06-14T19:52:52Z</time>
    
   </trkpt>
   <trkpt lat="48.3260750" lon="-121.7506830">
    <ele>1599.0</ele>
    <time>2026-06-14T19:52:55Z</time>
    
   </trkpt>
   <trkpt lat="48.3260900" lon="-121.7507090">
    <ele>1599.6</ele>
    <time>2026-06-14T19:53:05Z</time>
    
   </trkpt>
   <trkpt lat="48.3260890" lon="-121.7507100">
    <ele>1599.8</ele>
    <time>2026-06-14T19:53:08Z</time>
    
   </trkpt>
   <trkpt lat="48.3260940" lon="-121.7507120">
    <ele>1599.6</ele>
    <time>2026-06-14T19:53:14Z</time>
    
   </trkpt>
   <trkpt lat="48.3260960" lon="-121.7507130">
    <ele>1599.6</ele>
    <time>2026-06-14T19:53:16Z</time>
    
   </trkpt>
   <trkpt lat="48.3260980" lon="-121.7507120">
    <ele>1599.6</ele>
    <time>2026-06-14T19:53:17Z</time>
    
   </trkpt>
   <trkpt lat="48.3261080" lon="-121.7507150">
    <ele>1599.6</ele>
    <time>2026-06-14T19:53:27Z</time>
    
   </trkpt>
   <trkpt lat="48.3261040" lon="-121.7507080">
    <ele>1599.8</ele>
    <time>2026-06-14T19:53:32Z</time>
    
   </trkpt>
   <trkpt lat="48.3261030" lon="-121.7507070">
    <ele>1599.6</ele>
    <time>2026-06-14T19:53:36Z</time>
    
   </trkpt>
   <trkpt lat="48.3261030" lon="-121.7507060">
    <ele>1599.6</ele>
    <time>2026-06-14T19:53:37Z</time>
    
   </trkpt>
   <trkpt lat="48.3261020" lon="-121.7507060">
    <ele>1599.4</ele>
    <time>2026-06-14T19:53:38Z</time>
    
   </trkpt>
   <trkpt lat="48.3261010" lon="-121.7507070">
    <ele>1599.4</ele>
    <time>2026-06-14T19:53:39Z</time>
    
   </trkpt>
   <trkpt lat="48.3261020" lon="-121.7507100">
    <ele>1599.2</ele>
    <time>2026-06-14T19:53:44Z</time>
    
   </trkpt>
   <trkpt lat="48.3261060" lon="-121.7507030">
    <ele>1599.6</ele>
    <time>2026-06-14T19:53:52Z</time>
    
   </trkpt>
   <trkpt lat="48.3261080" lon="-121.7507080">
    <ele>1599.8</ele>
    <time>2026-06-14T19:53:53Z</time>
    
   </trkpt>
   <trkpt lat="48.3261180" lon="-121.7507340">
    <ele>1600.2</ele>
    <time>2026-06-14T19:54:00Z</time>
    
   </trkpt>
   <trkpt lat="48.3261260" lon="-121.7507420">
    <ele>1600.6</ele>
    <time>2026-06-14T19:54:03Z</time>
    
   </trkpt>
   <trkpt lat="48.3261270" lon="-121.7507430">
    <ele>1600.6</ele>
    <time>2026-06-14T19:54:04Z</time>
    
   </trkpt>
   <trkpt lat="48.3261280" lon="-121.7507420">
    <ele>1600.6</ele>
    <time>2026-06-14T19:54:05Z</time>
    
   </trkpt>
   <trkpt lat="48.3261340" lon="-121.7507400">
    <ele>1600.8</ele>
    <time>2026-06-14T19:54:07Z</time>
    
   </trkpt>
   <trkpt lat="48.3261400" lon="-121.7507390">
    <ele>1601.0</ele>
    <time>2026-06-14T19:54:08Z</time>
    
   </trkpt>
   <trkpt lat="48.3261440" lon="-121.7507350">
    <ele>1601.2</ele>
    <time>2026-06-14T19:54:09Z</time>
    
   </trkpt>
   <trkpt lat="48.3261470" lon="-121.7507300">
    <ele>1601.2</ele>
    <time>2026-06-14T19:54:10Z</time>
    
   </trkpt>
   <trkpt lat="48.3261500" lon="-121.7507260">
    <ele>1601.2</ele>
    <time>2026-06-14T19:54:11Z</time>
    
   </trkpt>
   <trkpt lat="48.3261610" lon="-121.7507270">
    <ele>1601.4</ele>
    <time>2026-06-14T19:54:13Z</time>
    
   </trkpt>
   <trkpt lat="48.3261720" lon="-121.7507290">
    <ele>1601.8</ele>
    <time>2026-06-14T19:54:15Z</time>
    
   </trkpt>
   <trkpt lat="48.3261820" lon="-121.7507340">
    <ele>1602.2</ele>
    <time>2026-06-14T19:54:17Z</time>
    
   </trkpt>
   <trkpt lat="48.3262030" lon="-121.7507410">
    <ele>1602.8</ele>
    <time>2026-06-14T19:54:21Z</time>
    
   </trkpt>
   <trkpt lat="48.3262090" lon="-121.7507390">
    <ele>1602.8</ele>
    <time>2026-06-14T19:54:22Z</time>
    
   </trkpt>
   <trkpt lat="48.3262330" lon="-121.7507380">
    <ele>1603.4</ele>
    <time>2026-06-14T19:54:26Z</time>
    
   </trkpt>
   <trkpt lat="48.3262380" lon="-121.7507350">
    <ele>1603.4</ele>
    <time>2026-06-14T19:54:27Z</time>
    
   </trkpt>
   <trkpt lat="48.3262600" lon="-121.7507440">
    <ele>1604.0</ele>
    <time>2026-06-14T19:54:32Z</time>
    
   </trkpt>
   <trkpt lat="48.3262740" lon="-121.7507470">
    <ele>1605.0</ele>
    <time>2026-06-14T19:54:38Z</time>
    
   </trkpt>
   <trkpt lat="48.3262750" lon="-121.7507380">
    <ele>1605.2</ele>
    <time>2026-06-14T19:54:39Z</time>
    
   </trkpt>
   <trkpt lat="48.3262860" lon="-121.7507160">
    <ele>1606.0</ele>
    <time>2026-06-14T19:54:44Z</time>
    
   </trkpt>
   <trkpt lat="48.3263200" lon="-121.7507170">
    <ele>1606.8</ele>
    <time>2026-06-14T19:54:49Z</time>
    
   </trkpt>
   <trkpt lat="48.3263260" lon="-121.7507150">
    <ele>1607.0</ele>
    <time>2026-06-14T19:54:50Z</time>
    
   </trkpt>
   <trkpt lat="48.3263310" lon="-121.7507110">
    <ele>1607.2</ele>
    <time>2026-06-14T19:54:51Z</time>
    
   </trkpt>
   <trkpt lat="48.3263320" lon="-121.7507040">
    <ele>1607.4</ele>
    <time>2026-06-14T19:54:52Z</time>
    
   </trkpt>
   <trkpt lat="48.3263490" lon="-121.7506970">
    <ele>1607.8</ele>
    <time>2026-06-14T19:54:58Z</time>
    
   </trkpt>
   <trkpt lat="48.3263960" lon="-121.7507080">
    <ele>1608.4</ele>
    <time>2026-06-14T19:55:05Z</time>
    
   </trkpt>
   <trkpt lat="48.3264140" lon="-121.7507350">
    <ele>1609.2</ele>
    <time>2026-06-14T19:55:08Z</time>
    
   </trkpt>
   <trkpt lat="48.3264280" lon="-121.7507480">
    <ele>1609.4</ele>
    <time>2026-06-14T19:55:10Z</time>
    
   </trkpt>
   <trkpt lat="48.3264340" lon="-121.7507570">
    <ele>1609.4</ele>
    <time>2026-06-14T19:55:11Z</time>
    
   </trkpt>
   <trkpt lat="48.3264580" lon="-121.7508000">
    <ele>1609.8</ele>
    <time>2026-06-14T19:55:16Z</time>
    
   </trkpt>
   <trkpt lat="48.3264650" lon="-121.7508210">
    <ele>1610.2</ele>
    <time>2026-06-14T19:55:18Z</time>
    
   </trkpt>
   <trkpt lat="48.3264720" lon="-121.7508320">
    <ele>1610.6</ele>
    <time>2026-06-14T19:55:20Z</time>
    
   </trkpt>
   <trkpt lat="48.3264890" lon="-121.7504520">
    <ele>1609.8</ele>
    <time>2026-06-14T20:24:42Z</time>
    
   </trkpt>
   <trkpt lat="48.3264890" lon="-121.7504530">
    <ele>1609.8</ele>
    <time>2026-06-14T20:24:43Z</time>
    
   </trkpt>
   <trkpt lat="48.3264900" lon="-121.7504540">
    <ele>1609.6</ele>
    <time>2026-06-14T20:24:44Z</time>
    
   </trkpt>
   <trkpt lat="48.3264900" lon="-121.7504560">
    <ele>1608.4</ele>
    <time>2026-06-14T20:24:46Z</time>
    
   </trkpt>
   <trkpt lat="48.3264910" lon="-121.7504570">
    <ele>1608.0</ele>
    <time>2026-06-14T20:24:49Z</time>
    
   </trkpt>
   <trkpt lat="48.3257740" lon="-121.7494990">
    <ele>1550.4</ele>
    <time>2026-06-14T20:57:07Z</time>
    
   </trkpt>
   <trkpt lat="48.3257790" lon="-121.7494950">
    <ele>1550.6</ele>
    <time>2026-06-14T20:57:09Z</time>
    
   </trkpt>
   <trkpt lat="48.3258120" lon="-121.7495490">
    <ele>1552.4</ele>
    <time>2026-06-14T20:59:13Z</time>
    
   </trkpt>
   <trkpt lat="48.3258160" lon="-121.7495470">
    <ele>1552.4</ele>
    <time>2026-06-14T20:59:17Z</time>
    
   </trkpt>
   <trkpt lat="48.3258060" lon="-121.7495650">
    <ele>1552.4</ele>
    <time>2026-06-14T20:59:19Z</time>
    
   </trkpt>
   <trkpt lat="48.3258060" lon="-121.7495730">
    <ele>1552.6</ele>
    <time>2026-06-14T20:59:21Z</time>
    
   </trkpt>
   <trkpt lat="48.3258130" lon="-121.7495800">
    <ele>1552.8</ele>
    <time>2026-06-14T20:59:24Z</time>
    
   </trkpt>
   <trkpt lat="48.3258060" lon="-121.7495760">
    <ele>1553.2</ele>
    <time>2026-06-14T20:59:29Z</time>
    
   </trkpt>
   <trkpt lat="48.3258020" lon="-121.7495780">
    <ele>1553.4</ele>
    <time>2026-06-14T20:59:33Z</time>
    
   </trkpt>
   <trkpt lat="48.3258160" lon="-121.7496270">
    <ele>1553.8</ele>
    <time>2026-06-14T20:59:42Z</time>
    
   </trkpt>
   <trkpt lat="48.3258050" lon="-121.7496430">
    <ele>1553.6</ele>
    <time>2026-06-14T20:59:46Z</time>
    
   </trkpt>
   <trkpt lat="48.3258040" lon="-121.7496520">
    <ele>1553.8</ele>
    <time>2026-06-14T20:59:48Z</time>
    
   </trkpt>
   <trkpt lat="48.3257970" lon="-121.7496320">
    <ele>1553.8</ele>
    <time>2026-06-14T20:59:50Z</time>
    
   </trkpt>
   <trkpt lat="48.3258040" lon="-121.7496350">
    <ele>1553.6</ele>
    <time>2026-06-14T21:00:00Z</time>
    
   </trkpt>
   <trkpt lat="48.3257790" lon="-121.7495830">
    <ele>1553.4</ele>
    <time>2026-06-14T21:00:11Z</time>
    
   </trkpt>
   <trkpt lat="48.3257840" lon="-121.7495730">
    <ele>1553.2</ele>
    <time>2026-06-14T21:00:20Z</time>
    
   </trkpt>
   <trkpt lat="48.3257930" lon="-121.7495890">
    <ele>1553.2</ele>
    <time>2026-06-14T21:00:28Z</time>
    
   </trkpt>
   <trkpt lat="48.3257870" lon="-121.7496140">
    <ele>1553.2</ele>
    <time>2026-06-14T21:00:38Z</time>
    
   </trkpt>
   <trkpt lat="48.3257960" lon="-121.7496050">
    <ele>1553.2</ele>
    <time>2026-06-14T21:00:42Z</time>
    
   </trkpt>
   <trkpt lat="48.3258000" lon="-121.7496000">
    <ele>1553.2</ele>
    <time>2026-06-14T21:00:43Z</time>
    
   </trkpt>
   <trkpt lat="48.3258360" lon="-121.7495840">
    <ele>1553.2</ele>
    <time>2026-06-14T21:00:53Z</time>
    
   </trkpt>
   <trkpt lat="48.3258310" lon="-121.7495780">
    <ele>1553.2</ele>
    <time>2026-06-14T21:00:54Z</time>
    
   </trkpt>
   <trkpt lat="48.3258240" lon="-121.7495560">
    <ele>1553.2</ele>
    <time>2026-06-14T21:00:58Z</time>
    
   </trkpt>
   <trkpt lat="48.3258120" lon="-121.7495280">
    <ele>1553.2</ele>
    <time>2026-06-14T21:01:06Z</time>
    
   </trkpt>
   <trkpt lat="48.3258310" lon="-121.7495400">
    <ele>1553.2</ele>
    <time>2026-06-14T21:01:21Z</time>
    
   </trkpt>
   <trkpt lat="48.3258160" lon="-121.7495490">
    <ele>1553.2</ele>
    <time>2026-06-14T21:01:27Z</time>
    
   </trkpt>
   <trkpt lat="48.3258120" lon="-121.7495320">
    <ele>1553.2</ele>
    <time>2026-06-14T21:01:36Z</time>
    
   </trkpt>
   <trkpt lat="48.3258120" lon="-121.7495250">
    <ele>1553.2</ele>
    <time>2026-06-14T21:01:38Z</time>
    
   </trkpt>
   <trkpt lat="48.3258100" lon="-121.7495220">
    <ele>1553.2</ele>
    <time>2026-06-14T21:01:40Z</time>
    
   </trkpt>
   <trkpt lat="48.3258030" lon="-121.7495270">
    <ele>1553.2</ele>
    <time>2026-06-14T21:01:52Z</time>
    
   </trkpt>
   <trkpt lat="48.3258080" lon="-121.7495410">
    <ele>1553.2</ele>
    <time>2026-06-14T21:02:06Z</time>
    
   </trkpt>
   <trkpt lat="48.3258080" lon="-121.7495400">
    <ele>1553.2</ele>
    <time>2026-06-14T21:02:07Z</time>
    
   </trkpt>
   <trkpt lat="48.3258220" lon="-121.7495440">
    <ele>1553.2</ele>
    <time>2026-06-14T21:02:18Z</time>
    
   </trkpt>
   <trkpt lat="48.3258010" lon="-121.7495150">
    <ele>1553.2</ele>
    <time>2026-06-14T21:02:23Z</time>
    
   </trkpt>
   <trkpt lat="48.3257950" lon="-121.7495090">
    <ele>1553.2</ele>
    <time>2026-06-14T21:02:25Z</time>
    
   </trkpt>
   <trkpt lat="48.3257880" lon="-121.7495010">
    <ele>1553.2</ele>
    <time>2026-06-14T21:02:33Z</time>
    
   </trkpt>
   <trkpt lat="48.3257910" lon="-121.7494980">
    <ele>1553.2</ele>
    <time>2026-06-14T21:02:37Z</time>
    
   </trkpt>
   <trkpt lat="48.3257950" lon="-121.7495100">
    <ele>1553.2</ele>
    <time>2026-06-14T21:02:41Z</time>
    
   </trkpt>
   <trkpt lat="48.3257870" lon="-121.7494970">
    <ele>1553.2</ele>
    <time>2026-06-14T21:02:53Z</time>
    
   </trkpt>
   <trkpt lat="48.3257660" lon="-121.7494780">
    <ele>1553.2</ele>
    <time>2026-06-14T21:03:02Z</time>
    
   </trkpt>
   <trkpt lat="48.3257660" lon="-121.7494690">
    <ele>1553.2</ele>
    <time>2026-06-14T21:03:07Z</time>
    
   </trkpt>
   <trkpt lat="48.3257680" lon="-121.7494670">
    <ele>1553.2</ele>
    <time>2026-06-14T21:03:09Z</time>
    
   </trkpt>
   <trkpt lat="48.3257630" lon="-121.7494510">
    <ele>1553.2</ele>
    <time>2026-06-14T21:03:18Z</time>
    
   </trkpt>
   <trkpt lat="48.3257460" lon="-121.7494150">
    <ele>1553.2</ele>
    <time>2026-06-14T21:03:27Z</time>
    
   </trkpt>
   <trkpt lat="48.3257540" lon="-121.7494090">
    <ele>1553.2</ele>
    <time>2026-06-14T21:03:32Z</time>
    
   </trkpt>
   <trkpt lat="48.3257530" lon="-121.7494110">
    <ele>1553.2</ele>
    <time>2026-06-14T21:03:41Z</time>
    
   </trkpt>
   <trkpt lat="48.3257600" lon="-121.7494170">
    <ele>1553.2</ele>
    <time>2026-06-14T21:03:49Z</time>
    
   </trkpt>
   <trkpt lat="48.3257580" lon="-121.7494150">
    <ele>1553.2</ele>
    <time>2026-06-14T21:03:54Z</time>
    
   </trkpt>
   <trkpt lat="48.3257620" lon="-121.7494110">
    <ele>1553.2</ele>
    <time>2026-06-14T21:03:58Z</time>
    
   </trkpt>
   <trkpt lat="48.3257580" lon="-121.7494250">
    <ele>1553.2</ele>
    <time>2026-06-14T21:04:04Z</time>
    
   </trkpt>
   <trkpt lat="48.3257560" lon="-121.7494230">
    <ele>1553.2</ele>
    <time>2026-06-14T21:04:06Z</time>
    
   </trkpt>
   <trkpt lat="48.3257560" lon="-121.7494230">
    <ele>1553.2</ele>
    <time>2026-06-14T21:04:07Z</time>
    
   </trkpt>
   <trkpt lat="48.3257540" lon="-121.7494260">
    <ele>1553.2</ele>
    <time>2026-06-14T21:04:08Z</time>
    
   </trkpt>
   <trkpt lat="48.3257670" lon="-121.7494520">
    <ele>1553.2</ele>
    <time>2026-06-14T21:04:18Z</time>
    
   </trkpt>
   <trkpt lat="48.3257660" lon="-121.7494490">
    <ele>1553.2</ele>
    <time>2026-06-14T21:04:20Z</time>
    
   </trkpt>
   <trkpt lat="48.3257690" lon="-121.7494520">
    <ele>1553.2</ele>
    <time>2026-06-14T21:04:25Z</time>
    
   </trkpt>
   <trkpt lat="48.3257670" lon="-121.7494530">
    <ele>1553.2</ele>
    <time>2026-06-14T21:04:30Z</time>
    
   </trkpt>
   <trkpt lat="48.3257710" lon="-121.7494340">
    <ele>1553.2</ele>
    <time>2026-06-14T21:04:45Z</time>
    
   </trkpt>
   <trkpt lat="48.3257590" lon="-121.7494250">
    <ele>1553.2</ele>
    <time>2026-06-14T21:04:55Z</time>
    
   </trkpt>
   <trkpt lat="48.3257630" lon="-121.7494250">
    <ele>1553.2</ele>
    <time>2026-06-14T21:05:00Z</time>
    
   </trkpt>
   <trkpt lat="48.3257640" lon="-121.7494260">
    <ele>1553.2</ele>
    <time>2026-06-14T21:05:02Z</time>
    
   </trkpt>
   <trkpt lat="48.3257770" lon="-121.7494420">
    <ele>1553.2</ele>
    <time>2026-06-14T21:05:17Z</time>
    
   </trkpt>
   <trkpt lat="48.3257770" lon="-121.7494450">
    <ele>1553.2</ele>
    <time>2026-06-14T21:05:20Z</time>
    
   </trkpt>
   <trkpt lat="48.3257770" lon="-121.7494470">
    <ele>1553.2</ele>
    <time>2026-06-14T21:05:21Z</time>
    
   </trkpt>
   <trkpt lat="48.3257770" lon="-121.7494500">
    <ele>1553.2</ele>
    <time>2026-06-14T21:05:22Z</time>
    
   </trkpt>
   <trkpt lat="48.3257780" lon="-121.7494530">
    <ele>1553.2</ele>
    <time>2026-06-14T21:05:24Z</time>
    
   </trkpt>
   <trkpt lat="48.3257810" lon="-121.7494500">
    <ele>1553.2</ele>
    <time>2026-06-14T21:05:34Z</time>
    
   </trkpt>
   <trkpt lat="48.3257850" lon="-121.7494670">
    <ele>1553.2</ele>
    <time>2026-06-14T21:05:39Z</time>
    
   </trkpt>
   <trkpt lat="48.3257910" lon="-121.7494790">
    <ele>1553.2</ele>
    <time>2026-06-14T21:05:43Z</time>
    
   </trkpt>
   <trkpt lat="48.3257920" lon="-121.7494800">
    <ele>1553.2</ele>
    <time>2026-06-14T21:05:44Z</time>
    
   </trkpt>
   <trkpt lat="48.3257880" lon="-121.7494820">
    <ele>1553.2</ele>
    <time>2026-06-14T21:05:55Z</time>
    
   </trkpt>
   <trkpt lat="48.3257890" lon="-121.7494780">
    <ele>1553.2</ele>
    <time>2026-06-14T21:05:57Z</time>
    
   </trkpt>
   <trkpt lat="48.3257820" lon="-121.7494700">
    <ele>1553.2</ele>
    <time>2026-06-14T21:06:00Z</time>
    
   </trkpt>
   <trkpt lat="48.3257710" lon="-121.7494600">
    <ele>1553.2</ele>
    <time>2026-06-14T21:06:09Z</time>
    
   </trkpt>
   <trkpt lat="48.3257740" lon="-121.7494710">
    <ele>1553.2</ele>
    <time>2026-06-14T21:06:14Z</time>
    
   </trkpt>
   <trkpt lat="48.3257980" lon="-121.7494940">
    <ele>1553.2</ele>
    <time>2026-06-14T21:06:25Z</time>
    
   </trkpt>
   <trkpt lat="48.3258050" lon="-121.7494790">
    <ele>1553.2</ele>
    <time>2026-06-14T21:06:40Z</time>
    
   </trkpt>
   <trkpt lat="48.3258050" lon="-121.7494690">
    <ele>1553.2</ele>
    <time>2026-06-14T21:06:44Z</time>
    
   </trkpt>
   <trkpt lat="48.3258070" lon="-121.7494590">
    <ele>1553.2</ele>
    <time>2026-06-14T21:06:47Z</time>
    
   </trkpt>
   <trkpt lat="48.3258110" lon="-121.7494610">
    <ele>1553.2</ele>
    <time>2026-06-14T21:06:49Z</time>
    
   </trkpt>
   <trkpt lat="48.3258080" lon="-121.7494770">
    <ele>1553.2</ele>
    <time>2026-06-14T21:06:53Z</time>
    
   </trkpt>
   <trkpt lat="48.3258100" lon="-121.7494840">
    <ele>1553.2</ele>
    <time>2026-06-14T21:06:57Z</time>
    
   </trkpt>
   <trkpt lat="48.3257970" lon="-121.7494900">
    <ele>1553.2</ele>
    <time>2026-06-14T21:07:10Z</time>
    
   </trkpt>
   <trkpt lat="48.3257980" lon="-121.7494890">
    <ele>1553.2</ele>
    <time>2026-06-14T21:07:14Z</time>
    
   </trkpt>
   <trkpt lat="48.3258000" lon="-121.7494940">
    <ele>1553.2</ele>
    <time>2026-06-14T21:07:16Z</time>
    
   </trkpt>
   <trkpt lat="48.3258140" lon="-121.7495010">
    <ele>1553.2</ele>
    <time>2026-06-14T21:07:24Z</time>
    
   </trkpt>
   <trkpt lat="48.3258000" lon="-121.7494740">
    <ele>1553.2</ele>
    <time>2026-06-14T21:07:34Z</time>
    
   </trkpt>
   <trkpt lat="48.3257950" lon="-121.7494660">
    <ele>1553.2</ele>
    <time>2026-06-14T21:07:37Z</time>
    
   </trkpt>
   <trkpt lat="48.3257880" lon="-121.7494110">
    <ele>1553.2</ele>
    <time>2026-06-14T21:07:49Z</time>
    
   </trkpt>
   <trkpt lat="48.3257940" lon="-121.7493990">
    <ele>1553.2</ele>
    <time>2026-06-14T21:08:00Z</time>
    
   </trkpt>
   <trkpt lat="48.3257960" lon="-121.7493930">
    <ele>1553.2</ele>
    <time>2026-06-14T21:08:02Z</time>
    
   </trkpt>
   <trkpt lat="48.3258030" lon="-121.7493810">
    <ele>1553.2</ele>
    <time>2026-06-14T21:08:05Z</time>
    
   </trkpt>
   <trkpt lat="48.3258050" lon="-121.7493840">
    <ele>1553.2</ele>
    <time>2026-06-14T21:08:06Z</time>
    
   </trkpt>
   <trkpt lat="48.3258070" lon="-121.7493890">
    <ele>1553.2</ele>
    <time>2026-06-14T21:08:09Z</time>
    
   </trkpt>
   <trkpt lat="48.3258070" lon="-121.7493880">
    <ele>1553.2</ele>
    <time>2026-06-14T21:08:11Z</time>
    
   </trkpt>
   <trkpt lat="48.3258030" lon="-121.7493410">
    <ele>1553.2</ele>
    <time>2026-06-14T21:08:17Z</time>
    
   </trkpt>
   <trkpt lat="48.3258010" lon="-121.7493270">
    <ele>1553.2</ele>
    <time>2026-06-14T21:08:22Z</time>
    
   </trkpt>
   <trkpt lat="48.3257910" lon="-121.7493350">
    <ele>1553.2</ele>
    <time>2026-06-14T21:08:35Z</time>
    
   </trkpt>
   <trkpt lat="48.3257890" lon="-121.7493660">
    <ele>1553.2</ele>
    <time>2026-06-14T21:08:48Z</time>
    
   </trkpt>
   <trkpt lat="48.3257920" lon="-121.7493700">
    <ele>1553.2</ele>
    <time>2026-06-14T21:08:53Z</time>
    
   </trkpt>
   <trkpt lat="48.3257950" lon="-121.7493700">
    <ele>1553.2</ele>
    <time>2026-06-14T21:09:01Z</time>
    
   </trkpt>
   <trkpt lat="48.3257970" lon="-121.7493690">
    <ele>1553.2</ele>
    <time>2026-06-14T21:09:05Z</time>
    
   </trkpt>
   <trkpt lat="48.3258060" lon="-121.7493900">
    <ele>1553.2</ele>
    <time>2026-06-14T21:09:20Z</time>
    
   </trkpt>
   <trkpt lat="48.3258060" lon="-121.7493920">
    <ele>1553.2</ele>
    <time>2026-06-14T21:09:22Z</time>
    
   </trkpt>
   <trkpt lat="48.3258090" lon="-121.7494830">
    <ele>1549.6</ele>
    <time>2026-06-14T21:16:38Z</time>
    
   </trkpt>
   <trkpt lat="48.3258110" lon="-121.7494810">
    <ele>1549.6</ele>
    <time>2026-06-14T21:16:39Z</time>
    
   </trkpt>
   <trkpt lat="48.3258140" lon="-121.7494790">
    <ele>1549.4</ele>
    <time>2026-06-14T21:16:49Z</time>
    
   </trkpt>
   <trkpt lat="48.3258160" lon="-121.7494800">
    <ele>1549.2</ele>
    <time>2026-06-14T21:16:51Z</time>
    
   </trkpt>
   <trkpt lat="48.3258150" lon="-121.7494870">
    <ele>1549.0</ele>
    <time>2026-06-14T21:17:03Z</time>
    
   </trkpt>
   <trkpt lat="48.3258160" lon="-121.7494850">
    <ele>1549.0</ele>
    <time>2026-06-14T21:17:06Z</time>
    
   </trkpt>
   <trkpt lat="48.3258110" lon="-121.7494990">
    <ele>1548.8</ele>
    <time>2026-06-14T21:17:14Z</time>
    
   </trkpt>
   <trkpt lat="48.3258040" lon="-121.7494950">
    <ele>1548.6</ele>
    <time>2026-06-14T21:17:17Z</time>
    
   </trkpt>
   <trkpt lat="48.3258010" lon="-121.7494940">
    <ele>1548.6</ele>
    <time>2026-06-14T21:17:19Z</time>
    
   </trkpt>
   <trkpt lat="48.3257980" lon="-121.7494850">
    <ele>1548.6</ele>
    <time>2026-06-14T21:17:34Z</time>
    
   </trkpt>
   <trkpt lat="48.3257990" lon="-121.7494800">
    <ele>1548.8</ele>
    <time>2026-06-14T21:17:45Z</time>
    
   </trkpt>
   <trkpt lat="48.3257990" lon="-121.7494790">
    <ele>1548.6</ele>
    <time>2026-06-14T21:17:46Z</time>
    
   </trkpt>
   <trkpt lat="48.3257990" lon="-121.7494770">
    <ele>1548.6</ele>
    <time>2026-06-14T21:17:50Z</time>
    
   </trkpt>
   <trkpt lat="48.3258020" lon="-121.7494690">
    <ele>1548.6</ele>
    <time>2026-06-14T21:17:52Z</time>
    
   </trkpt>
   <trkpt lat="48.3258010" lon="-121.7494700">
    <ele>1548.8</ele>
    <time>2026-06-14T21:17:56Z</time>
    
   </trkpt>
   <trkpt lat="48.3257920" lon="-121.7494440">
    <ele>1548.6</ele>
    <time>2026-06-14T21:18:05Z</time>
    
   </trkpt>
   <trkpt lat="48.3257800" lon="-121.7494220">
    <ele>1548.8</ele>
    <time>2026-06-14T21:18:15Z</time>
    
   </trkpt>
   <trkpt lat="48.3257790" lon="-121.7494200">
    <ele>1548.8</ele>
    <time>2026-06-14T21:18:16Z</time>
    
   </trkpt>
   <trkpt lat="48.3257770" lon="-121.7494190">
    <ele>1548.8</ele>
    <time>2026-06-14T21:18:17Z</time>
    
   </trkpt>
   <trkpt lat="48.3257690" lon="-121.7494140">
    <ele>1549.0</ele>
    <time>2026-06-14T21:18:21Z</time>
    
   </trkpt>
   <trkpt lat="48.3257650" lon="-121.7494120">
    <ele>1549.2</ele>
    <time>2026-06-14T21:18:23Z</time>
    
   </trkpt>
   <trkpt lat="48.3257650" lon="-121.7494120">
    <ele>1549.0</ele>
    <time>2026-06-14T21:18:24Z</time>
    
   </trkpt>
   <trkpt lat="48.3257650" lon="-121.7494110">
    <ele>1549.0</ele>
    <time>2026-06-14T21:18:25Z</time>
    
   </trkpt>
   <trkpt lat="48.3257580" lon="-121.7494160">
    <ele>1548.6</ele>
    <time>2026-06-14T21:18:37Z</time>
    
   </trkpt>
   <trkpt lat="48.3257540" lon="-121.7494210">
    <ele>1548.2</ele>
    <time>2026-06-14T21:18:49Z</time>
    
   </trkpt>
   <trkpt lat="48.3257570" lon="-121.7494270">
    <ele>1548.8</ele>
    <time>2026-06-14T21:18:57Z</time>
    
   </trkpt>
   <trkpt lat="48.3257580" lon="-121.7494270">
    <ele>1548.4</ele>
    <time>2026-06-14T21:19:14Z</time>
    
   </trkpt>
   <trkpt lat="48.3257580" lon="-121.7494280">
    <ele>1548.4</ele>
    <time>2026-06-14T21:19:15Z</time>
    
   </trkpt>
   <trkpt lat="48.3257980" lon="-121.7494230">
    <ele>1549.8</ele>
    <time>2026-06-14T21:19:23Z</time>
    
   </trkpt>
   <trkpt lat="48.3258090" lon="-121.7494250">
    <ele>1550.8</ele>
    <time>2026-06-14T21:19:25Z</time>
    
   </trkpt>
   <trkpt lat="48.3258170" lon="-121.7494250">
    <ele>1551.0</ele>
    <time>2026-06-14T21:19:27Z</time>
    
   </trkpt>
   <trkpt lat="48.3258340" lon="-121.7494020">
    <ele>1551.6</ele>
    <time>2026-06-14T21:19:34Z</time>
    
   </trkpt>
   <trkpt lat="48.3258350" lon="-121.7494010">
    <ele>1551.8</ele>
    <time>2026-06-14T21:19:35Z</time>
    
   </trkpt>
   <trkpt lat="48.3258380" lon="-121.7493930">
    <ele>1551.8</ele>
    <time>2026-06-14T21:19:38Z</time>
    
   </trkpt>
   <trkpt lat="48.3258410" lon="-121.7493850">
    <ele>1551.6</ele>
    <time>2026-06-14T21:19:46Z</time>
    
   </trkpt>
   <trkpt lat="48.3258400" lon="-121.7493810">
    <ele>1551.4</ele>
    <time>2026-06-14T21:19:49Z</time>
    
   </trkpt>
   <trkpt lat="48.3258390" lon="-121.7493800">
    <ele>1551.4</ele>
    <time>2026-06-14T21:19:50Z</time>
    
   </trkpt>
   <trkpt lat="48.3258380" lon="-121.7493800">
    <ele>1551.4</ele>
    <time>2026-06-14T21:19:51Z</time>
    
   </trkpt>
   <trkpt lat="48.3258380" lon="-121.7493780">
    <ele>1551.2</ele>
    <time>2026-06-14T21:19:53Z</time>
    
   </trkpt>
   <trkpt lat="48.3258390" lon="-121.7493760">
    <ele>1551.4</ele>
    <time>2026-06-14T21:20:04Z</time>
    
   </trkpt>
   <trkpt lat="48.3258360" lon="-121.7493670">
    <ele>1551.6</ele>
    <time>2026-06-14T21:20:12Z</time>
    
   </trkpt>
   <trkpt lat="48.3258360" lon="-121.7493660">
    <ele>1551.6</ele>
    <time>2026-06-14T21:20:17Z</time>
    
   </trkpt>
   <trkpt lat="48.3258350" lon="-121.7493650">
    <ele>1551.6</ele>
    <time>2026-06-14T21:20:18Z</time>
    
   </trkpt>
   <trkpt lat="48.3258280" lon="-121.7493810">
    <ele>1551.6</ele>
    <time>2026-06-14T21:20:24Z</time>
    
   </trkpt>
   <trkpt lat="48.3258240" lon="-121.7493830">
    <ele>1552.0</ele>
    <time>2026-06-14T21:20:30Z</time>
    
   </trkpt>
   <trkpt lat="48.3258230" lon="-121.7493840">
    <ele>1551.6</ele>
    <time>2026-06-14T21:20:36Z</time>
    
   </trkpt>
   <trkpt lat="48.3258230" lon="-121.7493840">
    <ele>1551.6</ele>
    <time>2026-06-14T21:20:37Z</time>
    
   </trkpt>
   <trkpt lat="48.3258250" lon="-121.7493860">
    <ele>1551.6</ele>
    <time>2026-06-14T21:20:38Z</time>
    
   </trkpt>
   <trkpt lat="48.3258310" lon="-121.7493740">
    <ele>1551.6</ele>
    <time>2026-06-14T21:20:42Z</time>
    
   </trkpt>
   <trkpt lat="48.3258290" lon="-121.7493640">
    <ele>1551.6</ele>
    <time>2026-06-14T21:20:45Z</time>
    
   </trkpt>
   <trkpt lat="48.3258290" lon="-121.7493640">
    <ele>1551.6</ele>
    <time>2026-06-14T21:20:46Z</time>
    
   </trkpt>
   <trkpt lat="48.3258280" lon="-121.7493750">
    <ele>1551.6</ele>
    <time>2026-06-14T21:21:03Z</time>
    
   </trkpt>
   <trkpt lat="48.3258210" lon="-121.7493760">
    <ele>1551.6</ele>
    <time>2026-06-14T21:21:17Z</time>
    
   </trkpt>
   <trkpt lat="48.3258250" lon="-121.7493680">
    <ele>1551.6</ele>
    <time>2026-06-14T21:21:31Z</time>
    
   </trkpt>
   <trkpt lat="48.3258260" lon="-121.7493650">
    <ele>1551.6</ele>
    <time>2026-06-14T21:21:32Z</time>
    
   </trkpt>
   <trkpt lat="48.3258250" lon="-121.7493530">
    <ele>1551.6</ele>
    <time>2026-06-14T21:21:34Z</time>
    
   </trkpt>
   <trkpt lat="48.3258030" lon="-121.7493350">
    <ele>1551.6</ele>
    <time>2026-06-14T21:21:46Z</time>
    
   </trkpt>
   <trkpt lat="48.3257900" lon="-121.7492990">
    <ele>1551.6</ele>
    <time>2026-06-14T21:21:55Z</time>
    
   </trkpt>
   <trkpt lat="48.3257910" lon="-121.7492970">
    <ele>1551.6</ele>
    <time>2026-06-14T21:21:57Z</time>
    
   </trkpt>
   <trkpt lat="48.3257830" lon="-121.7493050">
    <ele>1551.6</ele>
    <time>2026-06-14T21:22:06Z</time>
    
   </trkpt>
   <trkpt lat="48.3257490" lon="-121.7493650">
    <ele>1551.6</ele>
    <time>2026-06-14T21:22:14Z</time>
    
   </trkpt>
   <trkpt lat="48.3257490" lon="-121.7493750">
    <ele>1551.6</ele>
    <time>2026-06-14T21:22:15Z</time>
    
   </trkpt>
   <trkpt lat="48.3257390" lon="-121.7493800">
    <ele>1550.4</ele>
    <time>2026-06-14T21:22:20Z</time>
    
   </trkpt>
   <trkpt lat="48.3257370" lon="-121.7493800">
    <ele>1549.0</ele>
    <time>2026-06-14T21:22:22Z</time>
    
   </trkpt>
   <trkpt lat="48.3257290" lon="-121.7493800">
    <ele>1547.8</ele>
    <time>2026-06-14T21:22:25Z</time>
    
   </trkpt>
   <trkpt lat="48.3257290" lon="-121.7493870">
    <ele>1547.4</ele>
    <time>2026-06-14T21:22:29Z</time>
    
   </trkpt>
   <trkpt lat="48.3257250" lon="-121.7493770">
    <ele>1547.2</ele>
    <time>2026-06-14T21:22:32Z</time>
    
   </trkpt>
   <trkpt lat="48.3257260" lon="-121.7493760">
    <ele>1547.2</ele>
    <time>2026-06-14T21:22:33Z</time>
    
   </trkpt>
   <trkpt lat="48.3257330" lon="-121.7493660">
    <ele>1546.8</ele>
    <time>2026-06-14T21:22:41Z</time>
    
   </trkpt>
   <trkpt lat="48.3257460" lon="-121.7493760">
    <ele>1547.0</ele>
    <time>2026-06-14T21:22:45Z</time>
    
   </trkpt>
   <trkpt lat="48.3257520" lon="-121.7493700">
    <ele>1546.4</ele>
    <time>2026-06-14T21:22:53Z</time>
    
   </trkpt>
   <trkpt lat="48.3257630" lon="-121.7493540">
    <ele>1545.8</ele>
    <time>2026-06-14T21:22:56Z</time>
    
   </trkpt>
   <trkpt lat="48.3257720" lon="-121.7493450">
    <ele>1545.6</ele>
    <time>2026-06-14T21:22:58Z</time>
    
   </trkpt>
   <trkpt lat="48.3257750" lon="-121.7493450">
    <ele>1545.2</ele>
    <time>2026-06-14T21:23:05Z</time>
    
   </trkpt>
   <trkpt lat="48.3257750" lon="-121.7493490">
    <ele>1545.2</ele>
    <time>2026-06-14T21:23:07Z</time>
    
   </trkpt>
   <trkpt lat="48.3257610" lon="-121.7493470">
    <ele>1545.0</ele>
    <time>2026-06-14T21:23:10Z</time>
    
   </trkpt>
   <trkpt lat="48.3257530" lon="-121.7493470">
    <ele>1544.6</ele>
    <time>2026-06-14T21:23:13Z</time>
    
   </trkpt>
   <trkpt lat="48.3257480" lon="-121.7493130">
    <ele>1544.2</ele>
    <time>2026-06-14T21:23:20Z</time>
    
   </trkpt>
   <trkpt lat="48.3257520" lon="-121.7492880">
    <ele>1544.2</ele>
    <time>2026-06-14T21:23:22Z</time>
    
   </trkpt>
   <trkpt lat="48.3257550" lon="-121.7492700">
    <ele>1543.4</ele>
    <time>2026-06-14T21:23:27Z</time>
    
   </trkpt>
   <trkpt lat="48.3257560" lon="-121.7492460">
    <ele>1543.4</ele>
    <time>2026-06-14T21:23:29Z</time>
    
   </trkpt>
   <trkpt lat="48.3257800" lon="-121.7492200">
    <ele>1543.6</ele>
    <time>2026-06-14T21:23:36Z</time>
    
   </trkpt>
   <trkpt lat="48.3258010" lon="-121.7492020">
    <ele>1543.6</ele>
    <time>2026-06-14T21:23:41Z</time>
    
   </trkpt>
   <trkpt lat="48.3258150" lon="-121.7491820">
    <ele>1543.6</ele>
    <time>2026-06-14T21:23:44Z</time>
    
   </trkpt>
   <trkpt lat="48.3258230" lon="-121.7491670">
    <ele>1543.6</ele>
    <time>2026-06-14T21:23:46Z</time>
    
   </trkpt>
   <trkpt lat="48.3258260" lon="-121.7491620">
    <ele>1543.6</ele>
    <time>2026-06-14T21:23:47Z</time>
    
   </trkpt>
   <trkpt lat="48.3258390" lon="-121.7491280">
    <ele>1543.4</ele>
    <time>2026-06-14T21:23:57Z</time>
    
   </trkpt>
   <trkpt lat="48.3258490" lon="-121.7490900">
    <ele>1543.4</ele>
    <time>2026-06-14T21:24:05Z</time>
    
   </trkpt>
   <trkpt lat="48.3258480" lon="-121.7490760">
    <ele>1542.8</ele>
    <time>2026-06-14T21:24:11Z</time>
    
   </trkpt>
   <trkpt lat="48.3258600" lon="-121.7490680">
    <ele>1542.8</ele>
    <time>2026-06-14T21:24:18Z</time>
    
   </trkpt>
   <trkpt lat="48.3258480" lon="-121.7490570">
    <ele>1542.4</ele>
    <time>2026-06-14T21:24:28Z</time>
    
   </trkpt>
   <trkpt lat="48.3258450" lon="-121.7490540">
    <ele>1541.2</ele>
    <time>2026-06-14T21:24:32Z</time>
    
   </trkpt>
   <trkpt lat="48.3258580" lon="-121.7490290">
    <ele>1540.6</ele>
    <time>2026-06-14T21:24:39Z</time>
    
   </trkpt>
   <trkpt lat="48.3258770" lon="-121.7490120">
    <ele>1540.6</ele>
    <time>2026-06-14T21:24:51Z</time>
    
   </trkpt>
   <trkpt lat="48.3258940" lon="-121.7489560">
    <ele>1541.2</ele>
    <time>2026-06-14T21:25:02Z</time>
    
   </trkpt>
   <trkpt lat="48.3258990" lon="-121.7489570">
    <ele>1540.4</ele>
    <time>2026-06-14T21:25:14Z</time>
    
   </trkpt>
   <trkpt lat="48.3258890" lon="-121.7489330">
    <ele>1540.4</ele>
    <time>2026-06-14T21:25:19Z</time>
    
   </trkpt>
   <trkpt lat="48.3258900" lon="-121.7489250">
    <ele>1540.2</ele>
    <time>2026-06-14T21:25:20Z</time>
    
   </trkpt>
   <trkpt lat="48.3258870" lon="-121.7489090">
    <ele>1540.0</ele>
    <time>2026-06-14T21:25:22Z</time>
    
   </trkpt>
   <trkpt lat="48.3258950" lon="-121.7488470">
    <ele>1539.6</ele>
    <time>2026-06-14T21:25:29Z</time>
    
   </trkpt>
   <trkpt lat="48.3258960" lon="-121.7488220">
    <ele>1539.2</ele>
    <time>2026-06-14T21:25:33Z</time>
    
   </trkpt>
   <trkpt lat="48.3258810" lon="-121.7487710">
    <ele>1538.4</ele>
    <time>2026-06-14T21:25:44Z</time>
    
   </trkpt>
   <trkpt lat="48.3258800" lon="-121.7487540">
    <ele>1538.2</ele>
    <time>2026-06-14T21:25:48Z</time>
    
   </trkpt>
   <trkpt lat="48.3258930" lon="-121.7487470">
    <ele>1537.6</ele>
    <time>2026-06-14T21:25:58Z</time>
    
   </trkpt>
   <trkpt lat="48.3258930" lon="-121.7487360">
    <ele>1537.2</ele>
    <time>2026-06-14T21:26:03Z</time>
    
   </trkpt>
   <trkpt lat="48.3258730" lon="-121.7487320">
    <ele>1536.0</ele>
    <time>2026-06-14T21:26:11Z</time>
    
   </trkpt>
   <trkpt lat="48.3259010" lon="-121.7486890">
    <ele>1535.2</ele>
    <time>2026-06-14T21:26:21Z</time>
    
   </trkpt>
   <trkpt lat="48.3259000" lon="-121.7486700">
    <ele>1535.0</ele>
    <time>2026-06-14T21:26:23Z</time>
    
   </trkpt>
   <trkpt lat="48.3259020" lon="-121.7486520">
    <ele>1534.8</ele>
    <time>2026-06-14T21:26:28Z</time>
    
   </trkpt>
   <trkpt lat="48.3259050" lon="-121.7486310">
    <ele>1534.8</ele>
    <time>2026-06-14T21:26:31Z</time>
    
   </trkpt>
   <trkpt lat="48.3259120" lon="-121.7486110">
    <ele>1534.4</ele>
    <time>2026-06-14T21:26:39Z</time>
    
   </trkpt>
   <trkpt lat="48.3259150" lon="-121.7485890">
    <ele>1534.4</ele>
    <time>2026-06-14T21:26:45Z</time>
    
   </trkpt>
   <trkpt lat="48.3259190" lon="-121.7485960">
    <ele>1534.2</ele>
    <time>2026-06-14T21:26:59Z</time>
    
   </trkpt>
   <trkpt lat="48.3259140" lon="-121.7485860">
    <ele>1534.0</ele>
    <time>2026-06-14T21:27:01Z</time>
    
   </trkpt>
   <trkpt lat="48.3258920" lon="-121.7485790">
    <ele>1532.8</ele>
    <time>2026-06-14T21:27:07Z</time>
    
   </trkpt>
   <trkpt lat="48.3258840" lon="-121.7485720">
    <ele>1532.2</ele>
    <time>2026-06-14T21:27:11Z</time>
    
   </trkpt>
   <trkpt lat="48.3258820" lon="-121.7485750">
    <ele>1531.8</ele>
    <time>2026-06-14T21:27:16Z</time>
    
   </trkpt>
   <trkpt lat="48.3258630" lon="-121.7485800">
    <ele>1531.4</ele>
    <time>2026-06-14T21:27:23Z</time>
    
   </trkpt>
   <trkpt lat="48.3258590" lon="-121.7485630">
    <ele>1530.6</ele>
    <time>2026-06-14T21:27:28Z</time>
    
   </trkpt>
   <trkpt lat="48.3258590" lon="-121.7485560">
    <ele>1529.4</ele>
    <time>2026-06-14T21:27:31Z</time>
    
   </trkpt>
   <trkpt lat="48.3258600" lon="-121.7485610">
    <ele>1529.2</ele>
    <time>2026-06-14T21:27:32Z</time>
    
   </trkpt>
   <trkpt lat="48.3258560" lon="-121.7485680">
    <ele>1529.0</ele>
    <time>2026-06-14T21:27:43Z</time>
    
   </trkpt>
   <trkpt lat="48.3258550" lon="-121.7485760">
    <ele>1528.4</ele>
    <time>2026-06-14T21:27:50Z</time>
    
   </trkpt>
   <trkpt lat="48.3258440" lon="-121.7485880">
    <ele>1528.0</ele>
    <time>2026-06-14T21:27:55Z</time>
    
   </trkpt>
   <trkpt lat="48.3258430" lon="-121.7485920">
    <ele>1527.2</ele>
    <time>2026-06-14T21:27:59Z</time>
    
   </trkpt>
   <trkpt lat="48.3258370" lon="-121.7485690">
    <ele>1527.0</ele>
    <time>2026-06-14T21:28:06Z</time>
    
   </trkpt>
   <trkpt lat="48.3258270" lon="-121.7485250">
    <ele>1527.0</ele>
    <time>2026-06-14T21:28:11Z</time>
    
   </trkpt>
   <trkpt lat="48.3258330" lon="-121.7485470">
    <ele>1526.2</ele>
    <time>2026-06-14T21:28:17Z</time>
    
   </trkpt>
   <trkpt lat="48.3258270" lon="-121.7485460">
    <ele>1526.0</ele>
    <time>2026-06-14T21:28:18Z</time>
    
   </trkpt>
   <trkpt lat="48.3258270" lon="-121.7485580">
    <ele>1525.8</ele>
    <time>2026-06-14T21:28:19Z</time>
    
   </trkpt>
   <trkpt lat="48.3258250" lon="-121.7485750">
    <ele>1525.0</ele>
    <time>2026-06-14T21:28:22Z</time>
    
   </trkpt>
   <trkpt lat="48.3258280" lon="-121.7485800">
    <ele>1524.2</ele>
    <time>2026-06-14T21:28:27Z</time>
    
   </trkpt>
   <trkpt lat="48.3258200" lon="-121.7485840">
    <ele>1524.0</ele>
    <time>2026-06-14T21:28:30Z</time>
    
   </trkpt>
   <trkpt lat="48.3258440" lon="-121.7485960">
    <ele>1523.2</ele>
    <time>2026-06-14T21:28:37Z</time>
    
   </trkpt>
   <trkpt lat="48.3258430" lon="-121.7485940">
    <ele>1523.4</ele>
    <time>2026-06-14T21:28:39Z</time>
    
   </trkpt>
   <trkpt lat="48.3258310" lon="-121.7485730">
    <ele>1523.4</ele>
    <time>2026-06-14T21:28:51Z</time>
    
   </trkpt>
   <trkpt lat="48.3258190" lon="-121.7485840">
    <ele>1522.8</ele>
    <time>2026-06-14T21:29:00Z</time>
    
   </trkpt>
   <trkpt lat="48.3258030" lon="-121.7485940">
    <ele>1522.4</ele>
    <time>2026-06-14T21:29:05Z</time>
    
   </trkpt>
   <trkpt lat="48.3257990" lon="-121.7486010">
    <ele>1521.8</ele>
    <time>2026-06-14T21:29:09Z</time>
    
   </trkpt>
   <trkpt lat="48.3257940" lon="-121.7485960">
    <ele>1520.6</ele>
    <time>2026-06-14T21:29:17Z</time>
    
   </trkpt>
   <trkpt lat="48.3257840" lon="-121.7485950">
    <ele>1520.6</ele>
    <time>2026-06-14T21:29:20Z</time>
    
   </trkpt>
   <trkpt lat="48.3257810" lon="-121.7485940">
    <ele>1521.0</ele>
    <time>2026-06-14T21:29:24Z</time>
    
   </trkpt>
   <trkpt lat="48.3257750" lon="-121.7486010">
    <ele>1521.0</ele>
    <time>2026-06-14T21:29:27Z</time>
    
   </trkpt>
   <trkpt lat="48.3257260" lon="-121.7486120">
    <ele>1520.4</ele>
    <time>2026-06-14T21:29:36Z</time>
    
   </trkpt>
   <trkpt lat="48.3257230" lon="-121.7486210">
    <ele>1520.4</ele>
    <time>2026-06-14T21:29:37Z</time>
    
   </trkpt>
   <trkpt lat="48.3257230" lon="-121.7486340">
    <ele>1519.8</ele>
    <time>2026-06-14T21:29:43Z</time>
    
   </trkpt>
   <trkpt lat="48.3257220" lon="-121.7486330">
    <ele>1519.6</ele>
    <time>2026-06-14T21:29:45Z</time>
    
   </trkpt>
   <trkpt lat="48.3257130" lon="-121.7486380">
    <ele>1519.6</ele>
    <time>2026-06-14T21:29:47Z</time>
    
   </trkpt>
   <trkpt lat="48.3256980" lon="-121.7486540">
    <ele>1518.6</ele>
    <time>2026-06-14T21:29:53Z</time>
    
   </trkpt>
   <trkpt lat="48.3256910" lon="-121.7486490">
    <ele>1518.0</ele>
    <time>2026-06-14T21:29:58Z</time>
    
   </trkpt>
   <trkpt lat="48.3256850" lon="-121.7486490">
    <ele>1517.8</ele>
    <time>2026-06-14T21:30:01Z</time>
    
   </trkpt>
   <trkpt lat="48.3256820" lon="-121.7486460">
    <ele>1518.0</ele>
    <time>2026-06-14T21:30:04Z</time>
    
   </trkpt>
   <trkpt lat="48.3256780" lon="-121.7486450">
    <ele>1517.8</ele>
    <time>2026-06-14T21:30:07Z</time>
    
   </trkpt>
   <trkpt lat="48.3256760" lon="-121.7486370">
    <ele>1517.6</ele>
    <time>2026-06-14T21:30:11Z</time>
    
   </trkpt>
   <trkpt lat="48.3256740" lon="-121.7486250">
    <ele>1517.4</ele>
    <time>2026-06-14T21:30:13Z</time>
    
   </trkpt>
   <trkpt lat="48.3256740" lon="-121.7485930">
    <ele>1517.0</ele>
    <time>2026-06-14T21:30:19Z</time>
    
   </trkpt>
   <trkpt lat="48.3256730" lon="-121.7485910">
    <ele>1516.6</ele>
    <time>2026-06-14T21:30:24Z</time>
    
   </trkpt>
   <trkpt lat="48.3256700" lon="-121.7485880">
    <ele>1516.2</ele>
    <time>2026-06-14T21:30:30Z</time>
    
   </trkpt>
   <trkpt lat="48.3256710" lon="-121.7485880">
    <ele>1516.0</ele>
    <time>2026-06-14T21:30:31Z</time>
    
   </trkpt>
   <trkpt lat="48.3256500" lon="-121.7485850">
    <ele>1515.6</ele>
    <time>2026-06-14T21:30:41Z</time>
    
   </trkpt>
   <trkpt lat="48.3256420" lon="-121.7485970">
    <ele>1515.2</ele>
    <time>2026-06-14T21:30:45Z</time>
    
   </trkpt>
   <trkpt lat="48.3256380" lon="-121.7485910">
    <ele>1514.4</ele>
    <time>2026-06-14T21:30:50Z</time>
    
   </trkpt>
   <trkpt lat="48.3256350" lon="-121.7485700">
    <ele>1514.2</ele>
    <time>2026-06-14T21:30:54Z</time>
    
   </trkpt>
   <trkpt lat="48.3256420" lon="-121.7485660">
    <ele>1514.0</ele>
    <time>2026-06-14T21:31:01Z</time>
    
   </trkpt>
   <trkpt lat="48.3256150" lon="-121.7485510">
    <ele>1514.2</ele>
    <time>2026-06-14T21:31:10Z</time>
    
   </trkpt>
   <trkpt lat="48.3255980" lon="-121.7485900">
    <ele>1513.2</ele>
    <time>2026-06-14T21:31:18Z</time>
    
   </trkpt>
   <trkpt lat="48.3255960" lon="-121.7485950">
    <ele>1513.0</ele>
    <time>2026-06-14T21:31:19Z</time>
    
   </trkpt>
   <trkpt lat="48.3255840" lon="-121.7485960">
    <ele>1512.4</ele>
    <time>2026-06-14T21:31:24Z</time>
    
   </trkpt>
   <trkpt lat="48.3255820" lon="-121.7485930">
    <ele>1512.0</ele>
    <time>2026-06-14T21:31:27Z</time>
    
   </trkpt>
   <trkpt lat="48.3255780" lon="-121.7485820">
    <ele>1511.8</ele>
    <time>2026-06-14T21:31:30Z</time>
    
   </trkpt>
   <trkpt lat="48.3255770" lon="-121.7485270">
    <ele>1511.0</ele>
    <time>2026-06-14T21:31:35Z</time>
    
   </trkpt>
   <trkpt lat="48.3255780" lon="-121.7485160">
    <ele>1510.8</ele>
    <time>2026-06-14T21:31:36Z</time>
    
   </trkpt>
   <trkpt lat="48.3255830" lon="-121.7484810">
    <ele>1510.2</ele>
    <time>2026-06-14T21:31:39Z</time>
    
   </trkpt>
   <trkpt lat="48.3255860" lon="-121.7484680">
    <ele>1510.2</ele>
    <time>2026-06-14T21:31:40Z</time>
    
   </trkpt>
   <trkpt lat="48.3255910" lon="-121.7484350">
    <ele>1509.6</ele>
    <time>2026-06-14T21:31:43Z</time>
    
   </trkpt>
   <trkpt lat="48.3255920" lon="-121.7484230">
    <ele>1509.6</ele>
    <time>2026-06-14T21:31:44Z</time>
    
   </trkpt>
   <trkpt lat="48.3255900" lon="-121.7484110">
    <ele>1509.6</ele>
    <time>2026-06-14T21:31:45Z</time>
    
   </trkpt>
   <trkpt lat="48.3255920" lon="-121.7483860">
    <ele>1509.2</ele>
    <time>2026-06-14T21:31:49Z</time>
    
   </trkpt>
   <trkpt lat="48.3255930" lon="-121.7483860">
    <ele>1509.0</ele>
    <time>2026-06-14T21:31:50Z</time>
    
   </trkpt>
   <trkpt lat="48.3256000" lon="-121.7483840">
    <ele>1508.8</ele>
    <time>2026-06-14T21:31:52Z</time>
    
   </trkpt>
   <trkpt lat="48.3256040" lon="-121.7483830">
    <ele>1508.6</ele>
    <time>2026-06-14T21:31:53Z</time>
    
   </trkpt>
   <trkpt lat="48.3256110" lon="-121.7483880">
    <ele>1508.6</ele>
    <time>2026-06-14T21:32:03Z</time>
    
   </trkpt>
   <trkpt lat="48.3256250" lon="-121.7483760">
    <ele>1508.6</ele>
    <time>2026-06-14T21:32:09Z</time>
    
   </trkpt>
   <trkpt lat="48.3256170" lon="-121.7483180">
    <ele>1508.6</ele>
    <time>2026-06-14T21:32:15Z</time>
    
   </trkpt>
   <trkpt lat="48.3256120" lon="-121.7482910">
    <ele>1507.8</ele>
    <time>2026-06-14T21:32:18Z</time>
    
   </trkpt>
   <trkpt lat="48.3256110" lon="-121.7482810">
    <ele>1507.6</ele>
    <time>2026-06-14T21:32:19Z</time>
    
   </trkpt>
   <trkpt lat="48.3256090" lon="-121.7482710">
    <ele>1507.6</ele>
    <time>2026-06-14T21:32:20Z</time>
    
   </trkpt>
   <trkpt lat="48.3255990" lon="-121.7482650">
    <ele>1507.0</ele>
    <time>2026-06-14T21:32:22Z</time>
    
   </trkpt>
   <trkpt lat="48.3255890" lon="-121.7482640">
    <ele>1506.6</ele>
    <time>2026-06-14T21:32:24Z</time>
    
   </trkpt>
   <trkpt lat="48.3255760" lon="-121.7482680">
    <ele>1506.0</ele>
    <time>2026-06-14T21:32:26Z</time>
    
   </trkpt>
   <trkpt lat="48.3255710" lon="-121.7482700">
    <ele>1505.8</ele>
    <time>2026-06-14T21:32:27Z</time>
    
   </trkpt>
   <trkpt lat="48.3255670" lon="-121.7482720">
    <ele>1505.6</ele>
    <time>2026-06-14T21:32:28Z</time>
    
   </trkpt>
   <trkpt lat="48.3255580" lon="-121.7482740">
    <ele>1505.4</ele>
    <time>2026-06-14T21:32:29Z</time>
    
   </trkpt>
   <trkpt lat="48.3255450" lon="-121.7482860">
    <ele>1505.0</ele>
    <time>2026-06-14T21:32:32Z</time>
    
   </trkpt>
   <trkpt lat="48.3255420" lon="-121.7482880">
    <ele>1504.8</ele>
    <time>2026-06-14T21:32:33Z</time>
    
   </trkpt>
   <trkpt lat="48.3255400" lon="-121.7482950">
    <ele>1504.2</ele>
    <time>2026-06-14T21:32:36Z</time>
    
   </trkpt>
   <trkpt lat="48.3255390" lon="-121.7482990">
    <ele>1504.2</ele>
    <time>2026-06-14T21:32:38Z</time>
    
   </trkpt>
   <trkpt lat="48.3255190" lon="-121.7483020">
    <ele>1503.6</ele>
    <time>2026-06-14T21:32:43Z</time>
    
   </trkpt>
   <trkpt lat="48.3255010" lon="-121.7482840">
    <ele>1503.0</ele>
    <time>2026-06-14T21:32:46Z</time>
    
   </trkpt>
   <trkpt lat="48.3254980" lon="-121.7482800">
    <ele>1503.0</ele>
    <time>2026-06-14T21:32:47Z</time>
    
   </trkpt>
   <trkpt lat="48.3254940" lon="-121.7482740">
    <ele>1502.0</ele>
    <time>2026-06-14T21:32:51Z</time>
    
   </trkpt>
   <trkpt lat="48.3254910" lon="-121.7482610">
    <ele>1501.6</ele>
    <time>2026-06-14T21:32:58Z</time>
    
   </trkpt>
   <trkpt lat="48.3254880" lon="-121.7482140">
    <ele>1501.0</ele>
    <time>2026-06-14T21:33:05Z</time>
    
   </trkpt>
   <trkpt lat="48.3254810" lon="-121.7481980">
    <ele>1500.6</ele>
    <time>2026-06-14T21:33:08Z</time>
    
   </trkpt>
   <trkpt lat="48.3254790" lon="-121.7481770">
    <ele>1499.8</ele>
    <time>2026-06-14T21:33:11Z</time>
    
   </trkpt>
   <trkpt lat="48.3254790" lon="-121.7481600">
    <ele>1499.2</ele>
    <time>2026-06-14T21:33:17Z</time>
    
   </trkpt>
   <trkpt lat="48.3254770" lon="-121.7481460">
    <ele>1498.8</ele>
    <time>2026-06-14T21:33:20Z</time>
    
   </trkpt>
   <trkpt lat="48.3254800" lon="-121.7481180">
    <ele>1498.2</ele>
    <time>2026-06-14T21:33:24Z</time>
    
   </trkpt>
   <trkpt lat="48.3254810" lon="-121.7481070">
    <ele>1497.6</ele>
    <time>2026-06-14T21:33:26Z</time>
    
   </trkpt>
   <trkpt lat="48.3254770" lon="-121.7480870">
    <ele>1497.0</ele>
    <time>2026-06-14T21:33:30Z</time>
    
   </trkpt>
   <trkpt lat="48.3254800" lon="-121.7480650">
    <ele>1496.6</ele>
    <time>2026-06-14T21:33:33Z</time>
    
   </trkpt>
   <trkpt lat="48.3254800" lon="-121.7480120">
    <ele>1495.6</ele>
    <time>2026-06-14T21:33:38Z</time>
    
   </trkpt>
   <trkpt lat="48.3254760" lon="-121.7479970">
    <ele>1495.0</ele>
    <time>2026-06-14T21:33:40Z</time>
    
   </trkpt>
   <trkpt lat="48.3254760" lon="-121.7479820">
    <ele>1494.6</ele>
    <time>2026-06-14T21:33:42Z</time>
    
   </trkpt>
   <trkpt lat="48.3254960" lon="-121.7479320">
    <ele>1493.4</ele>
    <time>2026-06-14T21:33:48Z</time>
    
   </trkpt>
   <trkpt lat="48.3254900" lon="-121.7479140">
    <ele>1493.0</ele>
    <time>2026-06-14T21:33:51Z</time>
    
   </trkpt>
   <trkpt lat="48.3254880" lon="-121.7479100">
    <ele>1492.8</ele>
    <time>2026-06-14T21:33:52Z</time>
    
   </trkpt>
   <trkpt lat="48.3254860" lon="-121.7479030">
    <ele>1492.4</ele>
    <time>2026-06-14T21:33:54Z</time>
    
   </trkpt>
   <trkpt lat="48.3254870" lon="-121.7478710">
    <ele>1491.4</ele>
    <time>2026-06-14T21:34:00Z</time>
    
   </trkpt>
   <trkpt lat="48.3254890" lon="-121.7478660">
    <ele>1491.0</ele>
    <time>2026-06-14T21:34:03Z</time>
    
   </trkpt>
   <trkpt lat="48.3254970" lon="-121.7478180">
    <ele>1490.6</ele>
    <time>2026-06-14T21:34:09Z</time>
    
   </trkpt>
   <trkpt lat="48.3255030" lon="-121.7477950">
    <ele>1490.2</ele>
    <time>2026-06-14T21:34:12Z</time>
    
   </trkpt>
   <trkpt lat="48.3255050" lon="-121.7477890">
    <ele>1490.0</ele>
    <time>2026-06-14T21:34:13Z</time>
    
   </trkpt>
   <trkpt lat="48.3255160" lon="-121.7477570">
    <ele>1489.4</ele>
    <time>2026-06-14T21:34:17Z</time>
    
   </trkpt>
   <trkpt lat="48.3255200" lon="-121.7477390">
    <ele>1489.0</ele>
    <time>2026-06-14T21:34:19Z</time>
    
   </trkpt>
   <trkpt lat="48.3255370" lon="-121.7476930">
    <ele>1488.0</ele>
    <time>2026-06-14T21:34:24Z</time>
    
   </trkpt>
   <trkpt lat="48.3255380" lon="-121.7476620">
    <ele>1487.2</ele>
    <time>2026-06-14T21:34:33Z</time>
    
   </trkpt>
   <trkpt lat="48.3255500" lon="-121.7476610">
    <ele>1487.0</ele>
    <time>2026-06-14T21:34:35Z</time>
    
   </trkpt>
   <trkpt lat="48.3255980" lon="-121.7476550">
    <ele>1487.4</ele>
    <time>2026-06-14T21:34:43Z</time>
    
   </trkpt>
   <trkpt lat="48.3256150" lon="-121.7476470">
    <ele>1487.4</ele>
    <time>2026-06-14T21:34:45Z</time>
    
   </trkpt>
   <trkpt lat="48.3256470" lon="-121.7476020">
    <ele>1487.8</ele>
    <time>2026-06-14T21:34:50Z</time>
    
   </trkpt>
   <trkpt lat="48.3256540" lon="-121.7475740">
    <ele>1487.6</ele>
    <time>2026-06-14T21:34:53Z</time>
    
   </trkpt>
   <trkpt lat="48.3256530" lon="-121.7475660">
    <ele>1487.6</ele>
    <time>2026-06-14T21:34:54Z</time>
    
   </trkpt>
   <trkpt lat="48.3256450" lon="-121.7475230">
    <ele>1485.8</ele>
    <time>2026-06-14T21:35:02Z</time>
    
   </trkpt>
   <trkpt lat="48.3256410" lon="-121.7475160">
    <ele>1485.6</ele>
    <time>2026-06-14T21:35:04Z</time>
    
   </trkpt>
   <trkpt lat="48.3256370" lon="-121.7475120">
    <ele>1485.4</ele>
    <time>2026-06-14T21:35:06Z</time>
    
   </trkpt>
   <trkpt lat="48.3256360" lon="-121.7474940">
    <ele>1484.8</ele>
    <time>2026-06-14T21:35:16Z</time>
    
   </trkpt>
   <trkpt lat="48.3256380" lon="-121.7474920">
    <ele>1484.6</ele>
    <time>2026-06-14T21:35:17Z</time>
    
   </trkpt>
   <trkpt lat="48.3256320" lon="-121.7474710">
    <ele>1483.6</ele>
    <time>2026-06-14T21:35:21Z</time>
    
   </trkpt>
   <trkpt lat="48.3256220" lon="-121.7474320">
    <ele>1482.6</ele>
    <time>2026-06-14T21:35:27Z</time>
    
   </trkpt>
   <trkpt lat="48.3256290" lon="-121.7474270">
    <ele>1482.4</ele>
    <time>2026-06-14T21:35:32Z</time>
    
   </trkpt>
   <trkpt lat="48.3256240" lon="-121.7473850">
    <ele>1481.8</ele>
    <time>2026-06-14T21:35:38Z</time>
    
   </trkpt>
   <trkpt lat="48.3256240" lon="-121.7473800">
    <ele>1481.6</ele>
    <time>2026-06-14T21:35:39Z</time>
    
   </trkpt>
   <trkpt lat="48.3256190" lon="-121.7473680">
    <ele>1480.4</ele>
    <time>2026-06-14T21:35:42Z</time>
    
   </trkpt>
   <trkpt lat="48.3256160" lon="-121.7473430">
    <ele>1479.2</ele>
    <time>2026-06-14T21:35:45Z</time>
    
   </trkpt>
   <trkpt lat="48.3256080" lon="-121.7472560">
    <ele>1478.2</ele>
    <time>2026-06-14T21:35:53Z</time>
    
   </trkpt>
   <trkpt lat="48.3256050" lon="-121.7472120">
    <ele>1478.0</ele>
    <time>2026-06-14T21:35:59Z</time>
    
   </trkpt>
   <trkpt lat="48.3256000" lon="-121.7471730">
    <ele>1478.0</ele>
    <time>2026-06-14T21:36:03Z</time>
    
   </trkpt>
   <trkpt lat="48.3255990" lon="-121.7471620">
    <ele>1478.0</ele>
    <time>2026-06-14T21:36:04Z</time>
    
   </trkpt>
   <trkpt lat="48.3256110" lon="-121.7471140">
    <ele>1477.6</ele>
    <time>2026-06-14T21:36:15Z</time>
    
   </trkpt>
   <trkpt lat="48.3256110" lon="-121.7470880">
    <ele>1477.2</ele>
    <time>2026-06-14T21:36:18Z</time>
    
   </trkpt>
   <trkpt lat="48.3256190" lon="-121.7470290">
    <ele>1476.0</ele>
    <time>2026-06-14T21:36:26Z</time>
    
   </trkpt>
   <trkpt lat="48.3256210" lon="-121.7470230">
    <ele>1475.8</ele>
    <time>2026-06-14T21:36:27Z</time>
    
   </trkpt>
   <trkpt lat="48.3256500" lon="-121.7469770">
    <ele>1475.0</ele>
    <time>2026-06-14T21:36:35Z</time>
    
   </trkpt>
   <trkpt lat="48.3256530" lon="-121.7469680">
    <ele>1474.8</ele>
    <time>2026-06-14T21:36:36Z</time>
    
   </trkpt>
   <trkpt lat="48.3256740" lon="-121.7469150">
    <ele>1474.2</ele>
    <time>2026-06-14T21:36:45Z</time>
    
   </trkpt>
   <trkpt lat="48.3256730" lon="-121.7468990">
    <ele>1473.6</ele>
    <time>2026-06-14T21:36:49Z</time>
    
   </trkpt>
   <trkpt lat="48.3256750" lon="-121.7468690">
    <ele>1472.6</ele>
    <time>2026-06-14T21:36:54Z</time>
    
   </trkpt>
   <trkpt lat="48.3256830" lon="-121.7468570">
    <ele>1472.8</ele>
    <time>2026-06-14T21:36:56Z</time>
    
   </trkpt>
   <trkpt lat="48.3257010" lon="-121.7468210">
    <ele>1472.6</ele>
    <time>2026-06-14T21:37:08Z</time>
    
   </trkpt>
   <trkpt lat="48.3257040" lon="-121.7467810">
    <ele>1471.6</ele>
    <time>2026-06-14T21:37:16Z</time>
    
   </trkpt>
   <trkpt lat="48.3257020" lon="-121.7467760">
    <ele>1471.4</ele>
    <time>2026-06-14T21:37:17Z</time>
    
   </trkpt>
   <trkpt lat="48.3256880" lon="-121.7467690">
    <ele>1470.8</ele>
    <time>2026-06-14T21:37:23Z</time>
    
   </trkpt>
   <trkpt lat="48.3256800" lon="-121.7467530">
    <ele>1470.4</ele>
    <time>2026-06-14T21:37:27Z</time>
    
   </trkpt>
   <trkpt lat="48.3256980" lon="-121.7467090">
    <ele>1470.8</ele>
    <time>2026-06-14T21:37:35Z</time>
    
   </trkpt>
   <trkpt lat="48.3256910" lon="-121.7466670">
    <ele>1470.4</ele>
    <time>2026-06-14T21:37:42Z</time>
    
   </trkpt>
   <trkpt lat="48.3256910" lon="-121.7466670">
    <ele>1470.2</ele>
    <time>2026-06-14T21:37:43Z</time>
    
   </trkpt>
   <trkpt lat="48.3256810" lon="-121.7466620">
    <ele>1470.0</ele>
    <time>2026-06-14T21:37:45Z</time>
    
   </trkpt>
   <trkpt lat="48.3256760" lon="-121.7466470">
    <ele>1469.8</ele>
    <time>2026-06-14T21:37:47Z</time>
    
   </trkpt>
   <trkpt lat="48.3256720" lon="-121.7466040">
    <ele>1469.8</ele>
    <time>2026-06-14T21:37:50Z</time>
    
   </trkpt>
   <trkpt lat="48.3256690" lon="-121.7465940">
    <ele>1469.8</ele>
    <time>2026-06-14T21:37:51Z</time>
    
   </trkpt>
   <trkpt lat="48.3256720" lon="-121.7465060">
    <ele>1469.6</ele>
    <time>2026-06-14T21:37:59Z</time>
    
   </trkpt>
   <trkpt lat="48.3256830" lon="-121.7465160">
    <ele>1469.6</ele>
    <time>2026-06-14T21:38:08Z</time>
    
   </trkpt>
   <trkpt lat="48.3256820" lon="-121.7465190">
    <ele>1469.8</ele>
    <time>2026-06-14T21:38:13Z</time>
    
   </trkpt>
   <trkpt lat="48.3256750" lon="-121.7464930">
    <ele>1469.6</ele>
    <time>2026-06-14T21:38:19Z</time>
    
   </trkpt>
   <trkpt lat="48.3256750" lon="-121.7464820">
    <ele>1469.2</ele>
    <time>2026-06-14T21:38:21Z</time>
    
   </trkpt>
   <trkpt lat="48.3256710" lon="-121.7464790">
    <ele>1468.6</ele>
    <time>2026-06-14T21:38:31Z</time>
    
   </trkpt>
   <trkpt lat="48.3256880" lon="-121.7464890">
    <ele>1468.8</ele>
    <time>2026-06-14T21:38:46Z</time>
    
   </trkpt>
   <trkpt lat="48.3256810" lon="-121.7464980">
    <ele>1468.6</ele>
    <time>2026-06-14T21:38:51Z</time>
    
   </trkpt>
   <trkpt lat="48.3256690" lon="-121.7465220">
    <ele>1468.4</ele>
    <time>2026-06-14T21:38:56Z</time>
    
   </trkpt>
   <trkpt lat="48.3256670" lon="-121.7465140">
    <ele>1468.0</ele>
    <time>2026-06-14T21:38:59Z</time>
    
   </trkpt>
   <trkpt lat="48.3256680" lon="-121.7464990">
    <ele>1467.6</ele>
    <time>2026-06-14T21:39:04Z</time>
    
   </trkpt>
   <trkpt lat="48.3256550" lon="-121.7464820">
    <ele>1467.4</ele>
    <time>2026-06-14T21:39:12Z</time>
    
   </trkpt>
   <trkpt lat="48.3256530" lon="-121.7464880">
    <ele>1467.2</ele>
    <time>2026-06-14T21:39:15Z</time>
    
   </trkpt>
   <trkpt lat="48.3256520" lon="-121.7464900">
    <ele>1467.0</ele>
    <time>2026-06-14T21:39:16Z</time>
    
   </trkpt>
   <trkpt lat="48.3256450" lon="-121.7464920">
    <ele>1466.8</ele>
    <time>2026-06-14T21:39:31Z</time>
    
   </trkpt>
   <trkpt lat="48.3256360" lon="-121.7464640">
    <ele>1467.0</ele>
    <time>2026-06-14T21:39:40Z</time>
    
   </trkpt>
   <trkpt lat="48.3256240" lon="-121.7464220">
    <ele>1465.8</ele>
    <time>2026-06-14T21:39:47Z</time>
    
   </trkpt>
   <trkpt lat="48.3256270" lon="-121.7464060">
    <ele>1465.4</ele>
    <time>2026-06-14T21:39:51Z</time>
    
   </trkpt>
   <trkpt lat="48.3256200" lon="-121.7463890">
    <ele>1464.6</ele>
    <time>2026-06-14T21:40:01Z</time>
    
   </trkpt>
   <trkpt lat="48.3256190" lon="-121.7463880">
    <ele>1464.2</ele>
    <time>2026-06-14T21:40:02Z</time>
    
   </trkpt>
   <trkpt lat="48.3256210" lon="-121.7463890">
    <ele>1463.6</ele>
    <time>2026-06-14T21:40:04Z</time>
    
   </trkpt>
   <trkpt lat="48.3256170" lon="-121.7463960">
    <ele>1462.6</ele>
    <time>2026-06-14T21:40:13Z</time>
    
   </trkpt>
   <trkpt lat="48.3256200" lon="-121.7464010">
    <ele>1462.6</ele>
    <time>2026-06-14T21:40:15Z</time>
    
   </trkpt>
   <trkpt lat="48.3256250" lon="-121.7464130">
    <ele>1461.4</ele>
    <time>2026-06-14T21:40:22Z</time>
    
   </trkpt>
   <trkpt lat="48.3256240" lon="-121.7464140">
    <ele>1461.4</ele>
    <time>2026-06-14T21:40:23Z</time>
    
   </trkpt>
   <trkpt lat="48.3256040" lon="-121.7463660">
    <ele>1460.6</ele>
    <time>2026-06-14T21:40:32Z</time>
    
   </trkpt>
   <trkpt lat="48.3255860" lon="-121.7463540">
    <ele>1460.4</ele>
    <time>2026-06-14T21:40:34Z</time>
    
   </trkpt>
   <trkpt lat="48.3255810" lon="-121.7463540">
    <ele>1459.4</ele>
    <time>2026-06-14T21:40:38Z</time>
    
   </trkpt>
   <trkpt lat="48.3255790" lon="-121.7463530">
    <ele>1459.2</ele>
    <time>2026-06-14T21:40:39Z</time>
    
   </trkpt>
   <trkpt lat="48.3255640" lon="-121.7463520">
    <ele>1458.8</ele>
    <time>2026-06-14T21:40:44Z</time>
    
   </trkpt>
   <trkpt lat="48.3255600" lon="-121.7463530">
    <ele>1458.2</ele>
    <time>2026-06-14T21:40:46Z</time>
    
   </trkpt>
   <trkpt lat="48.3255440" lon="-121.7463510">
    <ele>1457.0</ele>
    <time>2026-06-14T21:40:50Z</time>
    
   </trkpt>
   <trkpt lat="48.3255330" lon="-121.7463490">
    <ele>1456.0</ele>
    <time>2026-06-14T21:40:56Z</time>
    
   </trkpt>
   <trkpt lat="48.3255030" lon="-121.7463740">
    <ele>1454.8</ele>
    <time>2026-06-14T21:41:03Z</time>
    
   </trkpt>
   <trkpt lat="48.3254980" lon="-121.7463800">
    <ele>1454.8</ele>
    <time>2026-06-14T21:41:05Z</time>
    
   </trkpt>
   <trkpt lat="48.3254910" lon="-121.7463880">
    <ele>1453.6</ele>
    <time>2026-06-14T21:41:09Z</time>
    
   </trkpt>
   <trkpt lat="48.3254870" lon="-121.7463910">
    <ele>1453.4</ele>
    <time>2026-06-14T21:41:10Z</time>
    
   </trkpt>
   <trkpt lat="48.3254780" lon="-121.7463960">
    <ele>1453.0</ele>
    <time>2026-06-14T21:41:12Z</time>
    
   </trkpt>
   <trkpt lat="48.3254730" lon="-121.7463980">
    <ele>1452.6</ele>
    <time>2026-06-14T21:41:14Z</time>
    
   </trkpt>
   <trkpt lat="48.3254710" lon="-121.7463690">
    <ele>1452.2</ele>
    <time>2026-06-14T21:41:17Z</time>
    
   </trkpt>
   <trkpt lat="48.3254700" lon="-121.7463480">
    <ele>1451.4</ele>
    <time>2026-06-14T21:41:20Z</time>
    
   </trkpt>
   <trkpt lat="48.3254610" lon="-121.7463200">
    <ele>1450.2</ele>
    <time>2026-06-14T21:41:26Z</time>
    
   </trkpt>
   <trkpt lat="48.3254600" lon="-121.7463180">
    <ele>1450.0</ele>
    <time>2026-06-14T21:41:27Z</time>
    
   </trkpt>
   <trkpt lat="48.3254660" lon="-121.7463190">
    <ele>1449.0</ele>
    <time>2026-06-14T21:41:32Z</time>
    
   </trkpt>
   <trkpt lat="48.3254870" lon="-121.7463030">
    <ele>1448.4</ele>
    <time>2026-06-14T21:41:36Z</time>
    
   </trkpt>
   <trkpt lat="48.3255010" lon="-121.7462900">
    <ele>1448.2</ele>
    <time>2026-06-14T21:41:38Z</time>
    
   </trkpt>
   <trkpt lat="48.3254950" lon="-121.7462660">
    <ele>1447.8</ele>
    <time>2026-06-14T21:41:40Z</time>
    
   </trkpt>
   <trkpt lat="48.3254890" lon="-121.7462160">
    <ele>1446.8</ele>
    <time>2026-06-14T21:41:44Z</time>
    
   </trkpt>
   <trkpt lat="48.3254830" lon="-121.7462070">
    <ele>1446.4</ele>
    <time>2026-06-14T21:41:46Z</time>
    
   </trkpt>
   <trkpt lat="48.3254760" lon="-121.7461830">
    <ele>1445.8</ele>
    <time>2026-06-14T21:41:49Z</time>
    
   </trkpt>
   <trkpt lat="48.3254820" lon="-121.7461460">
    <ele>1445.0</ele>
    <time>2026-06-14T21:41:52Z</time>
    
   </trkpt>
   <trkpt lat="48.3254860" lon="-121.7461130">
    <ele>1444.8</ele>
    <time>2026-06-14T21:41:55Z</time>
    
   </trkpt>
   <trkpt lat="48.3254860" lon="-121.7461030">
    <ele>1444.6</ele>
    <time>2026-06-14T21:41:56Z</time>
    
   </trkpt>
   <trkpt lat="48.3254820" lon="-121.7460880">
    <ele>1444.4</ele>
    <time>2026-06-14T21:41:58Z</time>
    
   </trkpt>
   <trkpt lat="48.3254770" lon="-121.7460720">
    <ele>1443.6</ele>
    <time>2026-06-14T21:42:02Z</time>
    
   </trkpt>
   <trkpt lat="48.3254660" lon="-121.7460560">
    <ele>1443.2</ele>
    <time>2026-06-14T21:42:05Z</time>
    
   </trkpt>
   <trkpt lat="48.3254590" lon="-121.7460450">
    <ele>1442.6</ele>
    <time>2026-06-14T21:42:08Z</time>
    
   </trkpt>
   <trkpt lat="48.3254430" lon="-121.7460520">
    <ele>1441.6</ele>
    <time>2026-06-14T21:42:15Z</time>
    
   </trkpt>
   <trkpt lat="48.3254380" lon="-121.7460530">
    <ele>1441.4</ele>
    <time>2026-06-14T21:42:17Z</time>
    
   </trkpt>
   <trkpt lat="48.3254180" lon="-121.7460310">
    <ele>1440.4</ele>
    <time>2026-06-14T21:42:25Z</time>
    
   </trkpt>
   <trkpt lat="48.3254070" lon="-121.7459990">
    <ele>1440.4</ele>
    <time>2026-06-14T21:42:31Z</time>
    
   </trkpt>
   <trkpt lat="48.3253960" lon="-121.7460080">
    <ele>1439.6</ele>
    <time>2026-06-14T21:42:35Z</time>
    
   </trkpt>
   <trkpt lat="48.3253950" lon="-121.7460110">
    <ele>1439.2</ele>
    <time>2026-06-14T21:42:36Z</time>
    
   </trkpt>
   <trkpt lat="48.3253800" lon="-121.7459980">
    <ele>1438.2</ele>
    <time>2026-06-14T21:42:40Z</time>
    
   </trkpt>
   <trkpt lat="48.3253760" lon="-121.7459710">
    <ele>1437.2</ele>
    <time>2026-06-14T21:42:44Z</time>
    
   </trkpt>
   <trkpt lat="48.3253770" lon="-121.7459680">
    <ele>1437.0</ele>
    <time>2026-06-14T21:42:46Z</time>
    
   </trkpt>
   <trkpt lat="48.3253770" lon="-121.7459160">
    <ele>1436.6</ele>
    <time>2026-06-14T21:42:54Z</time>
    
   </trkpt>
   <trkpt lat="48.3253850" lon="-121.7459220">
    <ele>1436.6</ele>
    <time>2026-06-14T21:42:58Z</time>
    
   </trkpt>
   <trkpt lat="48.3253790" lon="-121.7459100">
    <ele>1436.4</ele>
    <time>2026-06-14T21:43:05Z</time>
    
   </trkpt>
   <trkpt lat="48.3253640" lon="-121.7459040">
    <ele>1436.0</ele>
    <time>2026-06-14T21:43:10Z</time>
    
   </trkpt>
   <trkpt lat="48.3253480" lon="-121.7458950">
    <ele>1435.4</ele>
    <time>2026-06-14T21:43:13Z</time>
    
   </trkpt>
   <trkpt lat="48.3253420" lon="-121.7458890">
    <ele>1435.0</ele>
    <time>2026-06-14T21:43:15Z</time>
    
   </trkpt>
   <trkpt lat="48.3253350" lon="-121.7458670">
    <ele>1434.2</ele>
    <time>2026-06-14T21:43:21Z</time>
    
   </trkpt>
   <trkpt lat="48.3253300" lon="-121.7458590">
    <ele>1434.0</ele>
    <time>2026-06-14T21:43:23Z</time>
    
   </trkpt>
   <trkpt lat="48.3253160" lon="-121.7458610">
    <ele>1433.6</ele>
    <time>2026-06-14T21:43:27Z</time>
    
   </trkpt>
   <trkpt lat="48.3253040" lon="-121.7458580">
    <ele>1433.0</ele>
    <time>2026-06-14T21:43:29Z</time>
    
   </trkpt>
   <trkpt lat="48.3252750" lon="-121.7458440">
    <ele>1432.2</ele>
    <time>2026-06-14T21:43:35Z</time>
    
   </trkpt>
   <trkpt lat="48.3252580" lon="-121.7458370">
    <ele>1432.0</ele>
    <time>2026-06-14T21:43:38Z</time>
    
   </trkpt>
   <trkpt lat="48.3252440" lon="-121.7458260">
    <ele>1431.0</ele>
    <time>2026-06-14T21:43:42Z</time>
    
   </trkpt>
   <trkpt lat="48.3252350" lon="-121.7458150">
    <ele>1430.2</ele>
    <time>2026-06-14T21:43:46Z</time>
    
   </trkpt>
   <trkpt lat="48.3252170" lon="-121.7457830">
    <ele>1430.0</ele>
    <time>2026-06-14T21:43:56Z</time>
    
   </trkpt>
   <trkpt lat="48.3252160" lon="-121.7457830">
    <ele>1430.0</ele>
    <time>2026-06-14T21:43:57Z</time>
    
   </trkpt>
   <trkpt lat="48.3252100" lon="-121.7457660">
    <ele>1430.2</ele>
    <time>2026-06-14T21:44:00Z</time>
    
   </trkpt>
   <trkpt lat="48.3251900" lon="-121.7457440">
    <ele>1430.2</ele>
    <time>2026-06-14T21:44:08Z</time>
    
   </trkpt>
   <trkpt lat="48.3251890" lon="-121.7457450">
    <ele>1430.2</ele>
    <time>2026-06-14T21:44:09Z</time>
    
   </trkpt>
   <trkpt lat="48.3251820" lon="-121.7457390">
    <ele>1430.0</ele>
    <time>2026-06-14T21:44:14Z</time>
    
   </trkpt>
   <trkpt lat="48.3251870" lon="-121.7457400">
    <ele>1430.2</ele>
    <time>2026-06-14T21:44:17Z</time>
    
   </trkpt>
   <trkpt lat="48.3251560" lon="-121.7457100">
    <ele>1430.4</ele>
    <time>2026-06-14T21:44:24Z</time>
    
   </trkpt>
   <trkpt lat="48.3250850" lon="-121.7456920">
    <ele>1430.6</ele>
    <time>2026-06-14T21:44:34Z</time>
    
   </trkpt>
   <trkpt lat="48.3250490" lon="-121.7456990">
    <ele>1430.6</ele>
    <time>2026-06-14T21:44:39Z</time>
    
   </trkpt>
   <trkpt lat="48.3250160" lon="-121.7456650">
    <ele>1431.0</ele>
    <time>2026-06-14T21:44:45Z</time>
    
   </trkpt>
   <trkpt lat="48.3250070" lon="-121.7456550">
    <ele>1431.8</ele>
    <time>2026-06-14T21:44:52Z</time>
    
   </trkpt>
   <trkpt lat="48.3250070" lon="-121.7456560">
    <ele>1432.0</ele>
    <time>2026-06-14T21:44:53Z</time>
    
   </trkpt>
   <trkpt lat="48.3250140" lon="-121.7456340">
    <ele>1433.0</ele>
    <time>2026-06-14T21:44:57Z</time>
    
   </trkpt>
   <trkpt lat="48.3249990" lon="-121.7456140">
    <ele>1432.8</ele>
    <time>2026-06-14T21:45:06Z</time>
    
   </trkpt>
   <trkpt lat="48.3249550" lon="-121.7455590">
    <ele>1433.0</ele>
    <time>2026-06-14T21:45:25Z</time>
    
   </trkpt>
   <trkpt lat="48.3249530" lon="-121.7455510">
    <ele>1433.0</ele>
    <time>2026-06-14T21:45:41Z</time>
    
   </trkpt>
   <trkpt lat="48.3249570" lon="-121.7455660">
    <ele>1431.8</ele>
    <time>2026-06-14T21:45:46Z</time>
    
   </trkpt>
   <trkpt lat="48.3249700" lon="-121.7455840">
    <ele>1431.4</ele>
    <time>2026-06-14T21:45:50Z</time>
    
   </trkpt>
   <trkpt lat="48.3249810" lon="-121.7456010">
    <ele>1431.4</ele>
    <time>2026-06-14T21:45:53Z</time>
    
   </trkpt>
   <trkpt lat="48.3249740" lon="-121.7456090">
    <ele>1431.2</ele>
    <time>2026-06-14T21:45:55Z</time>
    
   </trkpt>
   <trkpt lat="48.3249830" lon="-121.7456280">
    <ele>1430.8</ele>
    <time>2026-06-14T21:46:01Z</time>
    
   </trkpt>
   <trkpt lat="48.3249910" lon="-121.7456540">
    <ele>1429.6</ele>
    <time>2026-06-14T21:46:05Z</time>
    
   </trkpt>
   <trkpt lat="48.3250120" lon="-121.7456890">
    <ele>1429.0</ele>
    <time>2026-06-14T21:46:10Z</time>
    
   </trkpt>
   <trkpt lat="48.3250180" lon="-121.7457360">
    <ele>1429.4</ele>
    <time>2026-06-14T21:46:16Z</time>
    
   </trkpt>
   <trkpt lat="48.3250310" lon="-121.7457500">
    <ele>1429.2</ele>
    <time>2026-06-14T21:46:18Z</time>
    
   </trkpt>
   <trkpt lat="48.3250630" lon="-121.7457580">
    <ele>1428.4</ele>
    <time>2026-06-14T21:46:22Z</time>
    
   </trkpt>
   <trkpt lat="48.3250650" lon="-121.7457610">
    <ele>1428.2</ele>
    <time>2026-06-14T21:46:23Z</time>
    
   </trkpt>
   <trkpt lat="48.3250790" lon="-121.7457730">
    <ele>1428.0</ele>
    <time>2026-06-14T21:46:27Z</time>
    
   </trkpt>
   <trkpt lat="48.3251000" lon="-121.7458310">
    <ele>1428.0</ele>
    <time>2026-06-14T21:46:35Z</time>
    
   </trkpt>
   <trkpt lat="48.3251150" lon="-121.7458770">
    <ele>1427.2</ele>
    <time>2026-06-14T21:46:43Z</time>
    
   </trkpt>
   <trkpt lat="48.3251100" lon="-121.7458930">
    <ele>1426.4</ele>
    <time>2026-06-14T21:46:46Z</time>
    
   </trkpt>
   <trkpt lat="48.3251130" lon="-121.7458970">
    <ele>1426.0</ele>
    <time>2026-06-14T21:46:47Z</time>
    
   </trkpt>
   <trkpt lat="48.3251090" lon="-121.7459010">
    <ele>1425.6</ele>
    <time>2026-06-14T21:46:50Z</time>
    
   </trkpt>
   <trkpt lat="48.3250960" lon="-121.7459200">
    <ele>1425.4</ele>
    <time>2026-06-14T21:46:54Z</time>
    
   </trkpt>
   <trkpt lat="48.3250920" lon="-121.7459250">
    <ele>1425.2</ele>
    <time>2026-06-14T21:46:55Z</time>
    
   </trkpt>
   <trkpt lat="48.3250910" lon="-121.7459260">
    <ele>1424.8</ele>
    <time>2026-06-14T21:46:56Z</time>
    
   </trkpt>
   <trkpt lat="48.3250840" lon="-121.7459430">
    <ele>1423.8</ele>
    <time>2026-06-14T21:47:01Z</time>
    
   </trkpt>
   <trkpt lat="48.3250890" lon="-121.7459730">
    <ele>1422.8</ele>
    <time>2026-06-14T21:47:05Z</time>
    
   </trkpt>
   <trkpt lat="48.3250930" lon="-121.7460000">
    <ele>1422.4</ele>
    <time>2026-06-14T21:47:08Z</time>
    
   </trkpt>
   <trkpt lat="48.3250900" lon="-121.7460020">
    <ele>1422.4</ele>
    <time>2026-06-14T21:47:09Z</time>
    
   </trkpt>
   <trkpt lat="48.3250650" lon="-121.7460290">
    <ele>1422.4</ele>
    <time>2026-06-14T21:47:16Z</time>
    
   </trkpt>
   <trkpt lat="48.3250480" lon="-121.7460550">
    <ele>1421.4</ele>
    <time>2026-06-14T21:47:21Z</time>
    
   </trkpt>
   <trkpt lat="48.3250240" lon="-121.7460800">
    <ele>1420.4</ele>
    <time>2026-06-14T21:47:26Z</time>
    
   </trkpt>
   <trkpt lat="48.3250190" lon="-121.7460820">
    <ele>1420.0</ele>
    <time>2026-06-14T21:47:27Z</time>
    
   </trkpt>
   <trkpt lat="48.3250130" lon="-121.7460850">
    <ele>1419.4</ele>
    <time>2026-06-14T21:47:29Z</time>
    
   </trkpt>
   <trkpt lat="48.3250170" lon="-121.7460840">
    <ele>1418.6</ele>
    <time>2026-06-14T21:47:33Z</time>
    
   </trkpt>
   <trkpt lat="48.3250200" lon="-121.7460790">
    <ele>1418.2</ele>
    <time>2026-06-14T21:47:35Z</time>
    
   </trkpt>
   <trkpt lat="48.3250250" lon="-121.7460560">
    <ele>1418.0</ele>
    <time>2026-06-14T21:47:39Z</time>
    
   </trkpt>
   <trkpt lat="48.3249770" lon="-121.7459970">
    <ele>1417.6</ele>
    <time>2026-06-14T21:47:51Z</time>
    
   </trkpt>
   <trkpt lat="48.3249690" lon="-121.7460000">
    <ele>1417.2</ele>
    <time>2026-06-14T21:47:55Z</time>
    
   </trkpt>
   <trkpt lat="48.3249560" lon="-121.7459960">
    <ele>1416.6</ele>
    <time>2026-06-14T21:48:01Z</time>
    
   </trkpt>
   <trkpt lat="48.3249530" lon="-121.7459990">
    <ele>1416.4</ele>
    <time>2026-06-14T21:48:02Z</time>
    
   </trkpt>
   <trkpt lat="48.3249460" lon="-121.7460040">
    <ele>1416.2</ele>
    <time>2026-06-14T21:48:03Z</time>
    
   </trkpt>
   <trkpt lat="48.3249160" lon="-121.7460310">
    <ele>1415.0</ele>
    <time>2026-06-14T21:48:08Z</time>
    
   </trkpt>
   <trkpt lat="48.3248940" lon="-121.7460550">
    <ele>1413.6</ele>
    <time>2026-06-14T21:48:12Z</time>
    
   </trkpt>
   <trkpt lat="48.3248870" lon="-121.7460660">
    <ele>1413.2</ele>
    <time>2026-06-14T21:48:13Z</time>
    
   </trkpt>
   <trkpt lat="48.3248740" lon="-121.7460810">
    <ele>1412.6</ele>
    <time>2026-06-14T21:48:16Z</time>
    
   </trkpt>
   <trkpt lat="48.3248590" lon="-121.7460970">
    <ele>1412.2</ele>
    <time>2026-06-14T21:48:18Z</time>
    
   </trkpt>
   <trkpt lat="48.3248370" lon="-121.7461140">
    <ele>1411.6</ele>
    <time>2026-06-14T21:48:21Z</time>
    
   </trkpt>
   <trkpt lat="48.3248220" lon="-121.7461200">
    <ele>1411.4</ele>
    <time>2026-06-14T21:48:23Z</time>
    
   </trkpt>
   <trkpt lat="48.3248100" lon="-121.7461210">
    <ele>1411.2</ele>
    <time>2026-06-14T21:48:24Z</time>
    
   </trkpt>
   <trkpt lat="48.3248020" lon="-121.7461180">
    <ele>1411.2</ele>
    <time>2026-06-14T21:48:25Z</time>
    
   </trkpt>
   <trkpt lat="48.3247830" lon="-121.7461020">
    <ele>1410.4</ele>
    <time>2026-06-14T21:48:30Z</time>
    
   </trkpt>
   <trkpt lat="48.3247770" lon="-121.7460930">
    <ele>1410.4</ele>
    <time>2026-06-14T21:48:34Z</time>
    
   </trkpt>
   <trkpt lat="48.3248010" lon="-121.7461280">
    <ele>1411.0</ele>
    <time>2026-06-14T21:48:44Z</time>
    
   </trkpt>
   <trkpt lat="48.3247970" lon="-121.7460720">
    <ele>1410.4</ele>
    <time>2026-06-14T21:48:53Z</time>
    
   </trkpt>
   <trkpt lat="48.3247160" lon="-121.7460570">
    <ele>1409.4</ele>
    <time>2026-06-14T21:49:04Z</time>
    
   </trkpt>
   <trkpt lat="48.3246890" lon="-121.7460520">
    <ele>1409.2</ele>
    <time>2026-06-14T21:49:06Z</time>
    
   </trkpt>
   <trkpt lat="48.3246300" lon="-121.7460740">
    <ele>1408.6</ele>
    <time>2026-06-14T21:49:13Z</time>
    
   </trkpt>
   <trkpt lat="48.3246240" lon="-121.7460720">
    <ele>1408.4</ele>
    <time>2026-06-14T21:49:17Z</time>
    
   </trkpt>
   <trkpt lat="48.3245760" lon="-121.7460570">
    <ele>1408.0</ele>
    <time>2026-06-14T21:49:23Z</time>
    
   </trkpt>
   <trkpt lat="48.3245550" lon="-121.7460490">
    <ele>1407.2</ele>
    <time>2026-06-14T21:49:26Z</time>
    
   </trkpt>
   <trkpt lat="48.3245460" lon="-121.7460440">
    <ele>1407.0</ele>
    <time>2026-06-14T21:49:27Z</time>
    
   </trkpt>
   <trkpt lat="48.3245120" lon="-121.7459860">
    <ele>1406.4</ele>
    <time>2026-06-14T21:49:32Z</time>
    
   </trkpt>
   <trkpt lat="48.3245010" lon="-121.7459830">
    <ele>1406.4</ele>
    <time>2026-06-14T21:49:34Z</time>
    
   </trkpt>
   <trkpt lat="48.3244870" lon="-121.7459820">
    <ele>1406.2</ele>
    <time>2026-06-14T21:49:36Z</time>
    
   </trkpt>
   <trkpt lat="48.3244350" lon="-121.7459950">
    <ele>1405.0</ele>
    <time>2026-06-14T21:49:43Z</time>
    
   </trkpt>
   <trkpt lat="48.3244170" lon="-121.7460020">
    <ele>1405.0</ele>
    <time>2026-06-14T21:49:45Z</time>
    
   </trkpt>
   <trkpt lat="48.3243920" lon="-121.7460040">
    <ele>1405.0</ele>
    <time>2026-06-14T21:49:48Z</time>
    
   </trkpt>
   <trkpt lat="48.3243760" lon="-121.7459940">
    <ele>1405.0</ele>
    <time>2026-06-14T21:49:52Z</time>
    
   </trkpt>
   <trkpt lat="48.3243070" lon="-121.7460100">
    <ele>1404.0</ele>
    <time>2026-06-14T21:50:00Z</time>
    
   </trkpt>
   <trkpt lat="48.3242780" lon="-121.7460090">
    <ele>1403.0</ele>
    <time>2026-06-14T21:50:05Z</time>
    
   </trkpt>
   <trkpt lat="48.3242640" lon="-121.7459950">
    <ele>1402.2</ele>
    <time>2026-06-14T21:50:08Z</time>
    
   </trkpt>
   <trkpt lat="48.3242520" lon="-121.7459640">
    <ele>1402.2</ele>
    <time>2026-06-14T21:50:14Z</time>
    
   </trkpt>
   <trkpt lat="48.3242500" lon="-121.7459550">
    <ele>1401.8</ele>
    <time>2026-06-14T21:50:17Z</time>
    
   </trkpt>
   <trkpt lat="48.3242320" lon="-121.7459330">
    <ele>1401.8</ele>
    <time>2026-06-14T21:50:28Z</time>
    
   </trkpt>
   <trkpt lat="48.3242250" lon="-121.7459370">
    <ele>1401.4</ele>
    <time>2026-06-14T21:50:36Z</time>
    
   </trkpt>
   <trkpt lat="48.3242250" lon="-121.7459370">
    <ele>1401.4</ele>
    <time>2026-06-14T21:50:43Z</time>
    
   </trkpt>
   <trkpt lat="48.3242090" lon="-121.7459560">
    <ele>1401.6</ele>
    <time>2026-06-14T21:50:44Z</time>
    
   </trkpt>
   <trkpt lat="48.3242040" lon="-121.7459940">
    <ele>1401.8</ele>
    <time>2026-06-14T21:50:50Z</time>
    
   </trkpt>
   <trkpt lat="48.3242000" lon="-121.7459980">
    <ele>1402.0</ele>
    <time>2026-06-14T21:50:54Z</time>
    
   </trkpt>
   <trkpt lat="48.3242090" lon="-121.7460030">
    <ele>1402.2</ele>
    <time>2026-06-14T21:50:58Z</time>
    
   </trkpt>
   <trkpt lat="48.3242120" lon="-121.7460020">
    <ele>1402.0</ele>
    <time>2026-06-14T21:51:02Z</time>
    
   </trkpt>
   <trkpt lat="48.3242140" lon="-121.7460120">
    <ele>1402.0</ele>
    <time>2026-06-14T21:51:05Z</time>
    
   </trkpt>
   <trkpt lat="48.3242330" lon="-121.7460520">
    <ele>1401.2</ele>
    <time>2026-06-14T21:51:14Z</time>
    
   </trkpt>
   <trkpt lat="48.3242320" lon="-121.7460240">
    <ele>1402.0</ele>
    <time>2026-06-14T21:51:23Z</time>
    
   </trkpt>
   <trkpt lat="48.3242530" lon="-121.7460400">
    <ele>1401.8</ele>
    <time>2026-06-14T21:51:27Z</time>
    
   </trkpt>
   <trkpt lat="48.3242510" lon="-121.7460520">
    <ele>1401.8</ele>
    <time>2026-06-14T21:51:30Z</time>
    
   </trkpt>
   <trkpt lat="48.3242530" lon="-121.7460650">
    <ele>1402.0</ele>
    <time>2026-06-14T21:51:35Z</time>
    
   </trkpt>
   <trkpt lat="48.3242720" lon="-121.7460780">
    <ele>1402.2</ele>
    <time>2026-06-14T21:51:43Z</time>
    
   </trkpt>
   <trkpt lat="48.3242760" lon="-121.7460820">
    <ele>1402.2</ele>
    <time>2026-06-14T21:51:45Z</time>
    
   </trkpt>
   <trkpt lat="48.3242770" lon="-121.7460820">
    <ele>1402.2</ele>
    <time>2026-06-14T21:51:47Z</time>
    
   </trkpt>
   <trkpt lat="48.3242770" lon="-121.7460800">
    <ele>1401.4</ele>
    <time>2026-06-14T21:51:53Z</time>
    
   </trkpt>
   <trkpt lat="48.3242720" lon="-121.7460600">
    <ele>1402.0</ele>
    <time>2026-06-14T21:51:59Z</time>
    
   </trkpt>
   <trkpt lat="48.3242810" lon="-121.7460570">
    <ele>1402.8</ele>
    <time>2026-06-14T21:52:06Z</time>
    
   </trkpt>
   <trkpt lat="48.3243080" lon="-121.7460660">
    <ele>1404.0</ele>
    <time>2026-06-14T21:52:10Z</time>
    
   </trkpt>
   <trkpt lat="48.3243400" lon="-121.7460630">
    <ele>1405.0</ele>
    <time>2026-06-14T21:52:16Z</time>
    
   </trkpt>
   <trkpt lat="48.3243660" lon="-121.7460410">
    <ele>1405.2</ele>
    <time>2026-06-14T21:52:20Z</time>
    
   </trkpt>
   <trkpt lat="48.3243800" lon="-121.7460460">
    <ele>1405.4</ele>
    <time>2026-06-14T21:52:21Z</time>
    
   </trkpt>
   <trkpt lat="48.3243900" lon="-121.7460450">
    <ele>1405.4</ele>
    <time>2026-06-14T21:52:22Z</time>
    
   </trkpt>
   <trkpt lat="48.3244190" lon="-121.7460340">
    <ele>1405.8</ele>
    <time>2026-06-14T21:52:26Z</time>
    
   </trkpt>
   <trkpt lat="48.3244340" lon="-121.7460470">
    <ele>1406.0</ele>
    <time>2026-06-14T21:52:35Z</time>
    
   </trkpt>
   <trkpt lat="48.3244230" lon="-121.7460490">
    <ele>1406.0</ele>
    <time>2026-06-14T21:52:38Z</time>
    
   </trkpt>
   <trkpt lat="48.3244280" lon="-121.7460630">
    <ele>1406.2</ele>
    <time>2026-06-14T21:52:41Z</time>
    
   </trkpt>
   <trkpt lat="48.3244660" lon="-121.7460800">
    <ele>1406.0</ele>
    <time>2026-06-14T21:52:45Z</time>
    
   </trkpt>
   <trkpt lat="48.3244760" lon="-121.7460890">
    <ele>1406.0</ele>
    <time>2026-06-14T21:52:46Z</time>
    
   </trkpt>
   <trkpt lat="48.3244940" lon="-121.7461050">
    <ele>1405.8</ele>
    <time>2026-06-14T21:52:48Z</time>
    
   </trkpt>
   <trkpt lat="48.3244920" lon="-121.7461400">
    <ele>1405.6</ele>
    <time>2026-06-14T21:52:56Z</time>
    
   </trkpt>
   <trkpt lat="48.3244920" lon="-121.7461710">
    <ele>1405.6</ele>
    <time>2026-06-14T21:52:59Z</time>
    
   </trkpt>
   <trkpt lat="48.3245070" lon="-121.7462050">
    <ele>1405.6</ele>
    <time>2026-06-14T21:53:02Z</time>
    
   </trkpt>
   <trkpt lat="48.3245150" lon="-121.7462120">
    <ele>1405.0</ele>
    <time>2026-06-14T21:53:04Z</time>
    
   </trkpt>
   <trkpt lat="48.3245170" lon="-121.7462120">
    <ele>1404.4</ele>
    <time>2026-06-14T21:53:06Z</time>
    
   </trkpt>
   <trkpt lat="48.3245260" lon="-121.7462480">
    <ele>1404.0</ele>
    <time>2026-06-14T21:53:15Z</time>
    
   </trkpt>
   <trkpt lat="48.3245300" lon="-121.7462570">
    <ele>1403.8</ele>
    <time>2026-06-14T21:53:16Z</time>
    
   </trkpt>
   <trkpt lat="48.3245520" lon="-121.7462890">
    <ele>1403.2</ele>
    <time>2026-06-14T21:53:19Z</time>
    
   </trkpt>
   <trkpt lat="48.3245640" lon="-121.7463140">
    <ele>1402.6</ele>
    <time>2026-06-14T21:53:21Z</time>
    
   </trkpt>
   <trkpt lat="48.3245640" lon="-121.7463180">
    <ele>1402.4</ele>
    <time>2026-06-14T21:53:22Z</time>
    
   </trkpt>
   <trkpt lat="48.3245620" lon="-121.7463250">
    <ele>1402.2</ele>
    <time>2026-06-14T21:53:23Z</time>
    
   </trkpt>
   <trkpt lat="48.3245620" lon="-121.7463420">
    <ele>1402.2</ele>
    <time>2026-06-14T21:53:24Z</time>
    
   </trkpt>
   <trkpt lat="48.3245650" lon="-121.7464150">
    <ele>1401.6</ele>
    <time>2026-06-14T21:53:31Z</time>
    
   </trkpt>
   <trkpt lat="48.3245660" lon="-121.7464200">
    <ele>1401.4</ele>
    <time>2026-06-14T21:53:32Z</time>
    
   </trkpt>
   <trkpt lat="48.3245270" lon="-121.7463790">
    <ele>1401.6</ele>
    <time>2026-06-14T21:53:39Z</time>
    
   </trkpt>
   <trkpt lat="48.3245180" lon="-121.7463610">
    <ele>1401.6</ele>
    <time>2026-06-14T21:53:42Z</time>
    
   </trkpt>
   <trkpt lat="48.3244960" lon="-121.7463160">
    <ele>1401.6</ele>
    <time>2026-06-14T21:53:48Z</time>
    
   </trkpt>
   <trkpt lat="48.3244930" lon="-121.7463070">
    <ele>1401.6</ele>
    <time>2026-06-14T21:53:50Z</time>
    
   </trkpt>
   <trkpt lat="48.3245080" lon="-121.7463200">
    <ele>1401.6</ele>
    <time>2026-06-14T21:54:00Z</time>
    
   </trkpt>
   <trkpt lat="48.3245640" lon="-121.7463620">
    <ele>1401.6</ele>
    <time>2026-06-14T21:54:09Z</time>
    
   </trkpt>
   <trkpt lat="48.3245780" lon="-121.7463900">
    <ele>1401.6</ele>
    <time>2026-06-14T21:54:18Z</time>
    
   </trkpt>
   <trkpt lat="48.3245680" lon="-121.7464110">
    <ele>1401.6</ele>
    <time>2026-06-14T21:54:29Z</time>
    
   </trkpt>
   <trkpt lat="48.3246010" lon="-121.7464580">
    <ele>1401.6</ele>
    <time>2026-06-14T21:54:38Z</time>
    
   </trkpt>
   <trkpt lat="48.3246060" lon="-121.7464830">
    <ele>1401.6</ele>
    <time>2026-06-14T21:54:45Z</time>
    
   </trkpt>
   <trkpt lat="48.3246070" lon="-121.7464900">
    <ele>1401.4</ele>
    <time>2026-06-14T21:54:48Z</time>
    
   </trkpt>
   <trkpt lat="48.3245930" lon="-121.7464920">
    <ele>1400.4</ele>
    <time>2026-06-14T21:54:51Z</time>
    
   </trkpt>
   <trkpt lat="48.3245960" lon="-121.7465070">
    <ele>1400.0</ele>
    <time>2026-06-14T21:54:57Z</time>
    
   </trkpt>
   <trkpt lat="48.3245870" lon="-121.7465080">
    <ele>1400.0</ele>
    <time>2026-06-14T21:54:58Z</time>
    
   </trkpt>
   <trkpt lat="48.3245850" lon="-121.7465320">
    <ele>1399.2</ele>
    <time>2026-06-14T21:55:05Z</time>
    
   </trkpt>
   <trkpt lat="48.3245760" lon="-121.7465550">
    <ele>1398.2</ele>
    <time>2026-06-14T21:55:10Z</time>
    
   </trkpt>
   <trkpt lat="48.3245670" lon="-121.7465760">
    <ele>1397.6</ele>
    <time>2026-06-14T21:55:15Z</time>
    
   </trkpt>
   <trkpt lat="48.3245530" lon="-121.7465590">
    <ele>1397.2</ele>
    <time>2026-06-14T21:55:24Z</time>
    
   </trkpt>
   <trkpt lat="48.3245470" lon="-121.7465440">
    <ele>1397.0</ele>
    <time>2026-06-14T21:55:26Z</time>
    
   </trkpt>
   <trkpt lat="48.3245420" lon="-121.7465310">
    <ele>1397.0</ele>
    <time>2026-06-14T21:55:27Z</time>
    
   </trkpt>
   <trkpt lat="48.3245240" lon="-121.7464850">
    <ele>1396.8</ele>
    <time>2026-06-14T21:55:30Z</time>
    
   </trkpt>
   <trkpt lat="48.3245150" lon="-121.7464660">
    <ele>1396.6</ele>
    <time>2026-06-14T21:55:32Z</time>
    
   </trkpt>
   <trkpt lat="48.3245020" lon="-121.7464460">
    <ele>1396.4</ele>
    <time>2026-06-14T21:55:38Z</time>
    
   </trkpt>
   <trkpt lat="48.3244900" lon="-121.7464450">
    <ele>1395.8</ele>
    <time>2026-06-14T21:55:41Z</time>
    
   </trkpt>
   <trkpt lat="48.3244950" lon="-121.7464640">
    <ele>1395.8</ele>
    <time>2026-06-14T21:55:50Z</time>
    
   </trkpt>
   <trkpt lat="48.3244940" lon="-121.7464640">
    <ele>1395.6</ele>
    <time>2026-06-14T21:55:51Z</time>
    
   </trkpt>
   <trkpt lat="48.3244740" lon="-121.7465080">
    <ele>1395.0</ele>
    <time>2026-06-14T21:56:02Z</time>
    
   </trkpt>
   <trkpt lat="48.3244610" lon="-121.7465040">
    <ele>1394.8</ele>
    <time>2026-06-14T21:56:05Z</time>
    
   </trkpt>
   <trkpt lat="48.3244350" lon="-121.7465120">
    <ele>1394.0</ele>
    <time>2026-06-14T21:56:10Z</time>
    
   </trkpt>
   <trkpt lat="48.3244280" lon="-121.7465190">
    <ele>1393.6</ele>
    <time>2026-06-14T21:56:12Z</time>
    
   </trkpt>
   <trkpt lat="48.3244300" lon="-121.7465280">
    <ele>1392.6</ele>
    <time>2026-06-14T21:56:18Z</time>
    
   </trkpt>
   <trkpt lat="48.3244340" lon="-121.7465340">
    <ele>1392.6</ele>
    <time>2026-06-14T21:56:19Z</time>
    
   </trkpt>
   <trkpt lat="48.3244350" lon="-121.7465380">
    <ele>1392.6</ele>
    <time>2026-06-14T21:56:20Z</time>
    
   </trkpt>
   <trkpt lat="48.3244280" lon="-121.7465790">
    <ele>1391.6</ele>
    <time>2026-06-14T21:56:27Z</time>
    
   </trkpt>
   <trkpt lat="48.3244260" lon="-121.7465740">
    <ele>1391.6</ele>
    <time>2026-06-14T21:56:28Z</time>
    
   </trkpt>
   <trkpt lat="48.3244250" lon="-121.7465690">
    <ele>1391.6</ele>
    <time>2026-06-14T21:56:30Z</time>
    
   </trkpt>
   <trkpt lat="48.3244140" lon="-121.7465760">
    <ele>1391.2</ele>
    <time>2026-06-14T21:56:37Z</time>
    
   </trkpt>
   <trkpt lat="48.3244090" lon="-121.7465760">
    <ele>1391.0</ele>
    <time>2026-06-14T21:56:41Z</time>
    
   </trkpt>
   <trkpt lat="48.3244020" lon="-121.7465700">
    <ele>1390.6</ele>
    <time>2026-06-14T21:56:44Z</time>
    
   </trkpt>
   <trkpt lat="48.3243780" lon="-121.7465530">
    <ele>1389.4</ele>
    <time>2026-06-14T21:56:51Z</time>
    
   </trkpt>
   <trkpt lat="48.3243630" lon="-121.7465480">
    <ele>1389.2</ele>
    <time>2026-06-14T21:56:53Z</time>
    
   </trkpt>
   <trkpt lat="48.3243020" lon="-121.7465450">
    <ele>1388.2</ele>
    <time>2026-06-14T21:57:05Z</time>
    
   </trkpt>
   <trkpt lat="48.3242970" lon="-121.7465470">
    <ele>1388.2</ele>
    <time>2026-06-14T21:57:06Z</time>
    
   </trkpt>
   <trkpt lat="48.3242800" lon="-121.7465580">
    <ele>1387.8</ele>
    <time>2026-06-14T21:57:09Z</time>
    
   </trkpt>
   <trkpt lat="48.3242750" lon="-121.7465590">
    <ele>1387.2</ele>
    <time>2026-06-14T21:57:13Z</time>
    
   </trkpt>
   <trkpt lat="48.3242630" lon="-121.7465540">
    <ele>1387.0</ele>
    <time>2026-06-14T21:57:17Z</time>
    
   </trkpt>
   <trkpt lat="48.3242440" lon="-121.7465750">
    <ele>1387.0</ele>
    <time>2026-06-14T21:57:29Z</time>
    
   </trkpt>
   <trkpt lat="48.3242290" lon="-121.7465640">
    <ele>1387.0</ele>
    <time>2026-06-14T21:57:33Z</time>
    
   </trkpt>
   <trkpt lat="48.3241930" lon="-121.7465580">
    <ele>1386.4</ele>
    <time>2026-06-14T21:57:41Z</time>
    
   </trkpt>
   <trkpt lat="48.3241840" lon="-121.7465650">
    <ele>1386.0</ele>
    <time>2026-06-14T21:57:43Z</time>
    
   </trkpt>
   <trkpt lat="48.3241700" lon="-121.7465610">
    <ele>1386.0</ele>
    <time>2026-06-14T21:57:46Z</time>
    
   </trkpt>
   <trkpt lat="48.3241510" lon="-121.7465370">
    <ele>1386.2</ele>
    <time>2026-06-14T21:57:50Z</time>
    
   </trkpt>
   <trkpt lat="48.3241370" lon="-121.7465290">
    <ele>1386.0</ele>
    <time>2026-06-14T21:57:53Z</time>
    
   </trkpt>
   <trkpt lat="48.3241330" lon="-121.7465260">
    <ele>1385.8</ele>
    <time>2026-06-14T21:57:54Z</time>
    
   </trkpt>
   <trkpt lat="48.3241230" lon="-121.7465210">
    <ele>1385.2</ele>
    <time>2026-06-14T21:57:56Z</time>
    
   </trkpt>
   <trkpt lat="48.3241190" lon="-121.7465220">
    <ele>1385.0</ele>
    <time>2026-06-14T21:57:57Z</time>
    
   </trkpt>
   <trkpt lat="48.3241100" lon="-121.7464990">
    <ele>1384.8</ele>
    <time>2026-06-14T21:57:59Z</time>
    
   </trkpt>
   <trkpt lat="48.3240790" lon="-121.7464760">
    <ele>1384.6</ele>
    <time>2026-06-14T21:58:03Z</time>
    
   </trkpt>
   <trkpt lat="48.3240700" lon="-121.7464640">
    <ele>1384.6</ele>
    <time>2026-06-14T21:58:05Z</time>
    
   </trkpt>
   <trkpt lat="48.3240680" lon="-121.7464650">
    <ele>1384.6</ele>
    <time>2026-06-14T21:58:06Z</time>
    
   </trkpt>
   <trkpt lat="48.3240600" lon="-121.7464560">
    <ele>1384.4</ele>
    <time>2026-06-14T21:58:09Z</time>
    
   </trkpt>
   <trkpt lat="48.3240190" lon="-121.7464480">
    <ele>1384.4</ele>
    <time>2026-06-14T21:58:18Z</time>
    
   </trkpt>
   <trkpt lat="48.3240140" lon="-121.7464510">
    <ele>1384.2</ele>
    <time>2026-06-14T21:58:19Z</time>
    
   </trkpt>
   <trkpt lat="48.3240120" lon="-121.7464550">
    <ele>1384.0</ele>
    <time>2026-06-14T21:58:20Z</time>
    
   </trkpt>
   <trkpt lat="48.3239960" lon="-121.7464500">
    <ele>1383.0</ele>
    <time>2026-06-14T21:58:24Z</time>
    
   </trkpt>
   <trkpt lat="48.3239820" lon="-121.7464430">
    <ele>1382.2</ele>
    <time>2026-06-14T21:58:29Z</time>
    
   </trkpt>
   <trkpt lat="48.3239430" lon="-121.7464020">
    <ele>1382.0</ele>
    <time>2026-06-14T21:58:35Z</time>
    
   </trkpt>
   <trkpt lat="48.3239340" lon="-121.7464050">
    <ele>1381.8</ele>
    <time>2026-06-14T21:58:37Z</time>
    
   </trkpt>
   <trkpt lat="48.3239250" lon="-121.7464130">
    <ele>1381.6</ele>
    <time>2026-06-14T21:58:38Z</time>
    
   </trkpt>
   <trkpt lat="48.3238810" lon="-121.7464200">
    <ele>1380.8</ele>
    <time>2026-06-14T21:58:43Z</time>
    
   </trkpt>
   <trkpt lat="48.3238700" lon="-121.7464010">
    <ele>1380.8</ele>
    <time>2026-06-14T21:58:45Z</time>
    
   </trkpt>
   <trkpt lat="48.3238650" lon="-121.7463920">
    <ele>1380.8</ele>
    <time>2026-06-14T21:58:46Z</time>
    
   </trkpt>
   <trkpt lat="48.3238050" lon="-121.7463700">
    <ele>1379.8</ele>
    <time>2026-06-14T21:58:52Z</time>
    
   </trkpt>
   <trkpt lat="48.3237910" lon="-121.7463610">
    <ele>1379.8</ele>
    <time>2026-06-14T21:58:53Z</time>
    
   </trkpt>
   <trkpt lat="48.3237770" lon="-121.7463560">
    <ele>1379.6</ele>
    <time>2026-06-14T21:58:55Z</time>
    
   </trkpt>
   <trkpt lat="48.3237600" lon="-121.7463400">
    <ele>1379.2</ele>
    <time>2026-06-14T21:58:58Z</time>
    
   </trkpt>
   <trkpt lat="48.3237540" lon="-121.7463350">
    <ele>1378.8</ele>
    <time>2026-06-14T21:58:59Z</time>
    
   </trkpt>
   <trkpt lat="48.3237490" lon="-121.7463320">
    <ele>1378.6</ele>
    <time>2026-06-14T21:59:00Z</time>
    
   </trkpt>
   <trkpt lat="48.3237140" lon="-121.7463310">
    <ele>1378.2</ele>
    <time>2026-06-14T21:59:05Z</time>
    
   </trkpt>
   <trkpt lat="48.3236510" lon="-121.7462970">
    <ele>1378.2</ele>
    <time>2026-06-14T21:59:12Z</time>
    
   </trkpt>
   <trkpt lat="48.3236440" lon="-121.7463140">
    <ele>1378.2</ele>
    <time>2026-06-14T21:59:14Z</time>
    
   </trkpt>
   <trkpt lat="48.3236260" lon="-121.7463180">
    <ele>1378.0</ele>
    <time>2026-06-14T21:59:17Z</time>
    
   </trkpt>
   <trkpt lat="48.3236220" lon="-121.7463190">
    <ele>1377.8</ele>
    <time>2026-06-14T21:59:18Z</time>
    
   </trkpt>
   <trkpt lat="48.3236250" lon="-121.7463220">
    <ele>1377.6</ele>
    <time>2026-06-14T21:59:20Z</time>
    
   </trkpt>
   <trkpt lat="48.3236320" lon="-121.7463280">
    <ele>1377.4</ele>
    <time>2026-06-14T21:59:24Z</time>
    
   </trkpt>
   <trkpt lat="48.3236230" lon="-121.7463180">
    <ele>1377.2</ele>
    <time>2026-06-14T21:59:26Z</time>
    
   </trkpt>
   <trkpt lat="48.3236020" lon="-121.7463080">
    <ele>1377.4</ele>
    <time>2026-06-14T21:59:28Z</time>
    
   </trkpt>
   <trkpt lat="48.3235880" lon="-121.7462660">
    <ele>1378.6</ele>
    <time>2026-06-14T21:59:33Z</time>
    
   </trkpt>
   <trkpt lat="48.3235840" lon="-121.7462660">
    <ele>1378.8</ele>
    <time>2026-06-14T21:59:35Z</time>
    
   </trkpt>
   <trkpt lat="48.3235450" lon="-121.7462690">
    <ele>1378.8</ele>
    <time>2026-06-14T21:59:42Z</time>
    
   </trkpt>
   <trkpt lat="48.3235290" lon="-121.7462500">
    <ele>1378.8</ele>
    <time>2026-06-14T21:59:44Z</time>
    
   </trkpt>
   <trkpt lat="48.3235010" lon="-121.7461910">
    <ele>1378.6</ele>
    <time>2026-06-14T21:59:54Z</time>
    
   </trkpt>
   <trkpt lat="48.3234520" lon="-121.7461600">
    <ele>1378.4</ele>
    <time>2026-06-14T22:00:05Z</time>
    
   </trkpt>
   <trkpt lat="48.3234260" lon="-121.7461380">
    <ele>1378.4</ele>
    <time>2026-06-14T22:00:09Z</time>
    
   </trkpt>
   <trkpt lat="48.3233900" lon="-121.7460970">
    <ele>1379.2</ele>
    <time>2026-06-14T22:00:15Z</time>
    
   </trkpt>
   <trkpt lat="48.3233840" lon="-121.7460660">
    <ele>1379.8</ele>
    <time>2026-06-14T22:00:19Z</time>
    
   </trkpt>
   <trkpt lat="48.3233570" lon="-121.7460500">
    <ele>1380.6</ele>
    <time>2026-06-14T22:00:26Z</time>
    
   </trkpt>
   <trkpt lat="48.3233490" lon="-121.7460470">
    <ele>1380.8</ele>
    <time>2026-06-14T22:00:28Z</time>
    
   </trkpt>
   <trkpt lat="48.3233460" lon="-121.7460450">
    <ele>1381.0</ele>
    <time>2026-06-14T22:00:29Z</time>
    
   </trkpt>
   <trkpt lat="48.3233200" lon="-121.7460270">
    <ele>1381.8</ele>
    <time>2026-06-14T22:00:33Z</time>
    
   </trkpt>
   <trkpt lat="48.3233110" lon="-121.7460200">
    <ele>1382.0</ele>
    <time>2026-06-14T22:00:34Z</time>
    
   </trkpt>
   <trkpt lat="48.3232650" lon="-121.7460340">
    <ele>1383.2</ele>
    <time>2026-06-14T22:00:38Z</time>
    
   </trkpt>
   <trkpt lat="48.3232280" lon="-121.7460650">
    <ele>1383.6</ele>
    <time>2026-06-14T22:00:41Z</time>
    
   </trkpt>
   <trkpt lat="48.3231840" lon="-121.7460970">
    <ele>1384.2</ele>
    <time>2026-06-14T22:00:46Z</time>
    
   </trkpt>
   <trkpt lat="48.3231750" lon="-121.7460970">
    <ele>1384.0</ele>
    <time>2026-06-14T22:00:48Z</time>
    
   </trkpt>
   <trkpt lat="48.3231660" lon="-121.7460740">
    <ele>1384.2</ele>
    <time>2026-06-14T22:00:55Z</time>
    
   </trkpt>
   <trkpt lat="48.3231680" lon="-121.7460590">
    <ele>1384.2</ele>
    <time>2026-06-14T22:00:57Z</time>
    
   </trkpt>
   <trkpt lat="48.3230910" lon="-121.7460380">
    <ele>1384.2</ele>
    <time>2026-06-14T22:01:04Z</time>
    
   </trkpt>
   <trkpt lat="48.3230630" lon="-121.7460250">
    <ele>1384.0</ele>
    <time>2026-06-14T22:01:06Z</time>
    
   </trkpt>
   <trkpt lat="48.3230470" lon="-121.7460080">
    <ele>1383.8</ele>
    <time>2026-06-14T22:01:08Z</time>
    
   </trkpt>
   <trkpt lat="48.3230340" lon="-121.7460030">
    <ele>1383.8</ele>
    <time>2026-06-14T22:01:10Z</time>
    
   </trkpt>
   <trkpt lat="48.3230260" lon="-121.7460020">
    <ele>1383.8</ele>
    <time>2026-06-14T22:01:11Z</time>
    
   </trkpt>
   <trkpt lat="48.3230150" lon="-121.7460120">
    <ele>1383.2</ele>
    <time>2026-06-14T22:01:16Z</time>
    
   </trkpt>
   <trkpt lat="48.3230140" lon="-121.7460220">
    <ele>1382.6</ele>
    <time>2026-06-14T22:01:29Z</time>
    
   </trkpt>
   <trkpt lat="48.3230160" lon="-121.7460270">
    <ele>1382.4</ele>
    <time>2026-06-14T22:01:34Z</time>
    
   </trkpt>
   <trkpt lat="48.3230220" lon="-121.7460300">
    <ele>1382.6</ele>
    <time>2026-06-14T22:01:39Z</time>
    
   </trkpt>
   <trkpt lat="48.3230130" lon="-121.7460330">
    <ele>1382.8</ele>
    <time>2026-06-14T22:01:41Z</time>
    
   </trkpt>
   <trkpt lat="48.3230180" lon="-121.7460450">
    <ele>1383.2</ele>
    <time>2026-06-14T22:01:53Z</time>
    
   </trkpt>
   <trkpt lat="48.3230170" lon="-121.7460480">
    <ele>1383.2</ele>
    <time>2026-06-14T22:01:55Z</time>
    
   </trkpt>
   <trkpt lat="48.3230150" lon="-121.7460420">
    <ele>1383.2</ele>
    <time>2026-06-14T22:01:56Z</time>
    
   </trkpt>
   <trkpt lat="48.3230180" lon="-121.7460440">
    <ele>1383.2</ele>
    <time>2026-06-14T22:01:58Z</time>
    
   </trkpt>
   <trkpt lat="48.3230180" lon="-121.7460450">
    <ele>1383.2</ele>
    <time>2026-06-14T22:02:00Z</time>
    
   </trkpt>
   <trkpt lat="48.3230180" lon="-121.7460460">
    <ele>1383.4</ele>
    <time>2026-06-14T22:02:02Z</time>
    
   </trkpt>
   <trkpt lat="48.3230180" lon="-121.7460450">
    <ele>1383.4</ele>
    <time>2026-06-14T22:02:04Z</time>
    
   </trkpt>
   <trkpt lat="48.3230160" lon="-121.7460400">
    <ele>1383.2</ele>
    <time>2026-06-14T22:02:07Z</time>
    
   </trkpt>
   <trkpt lat="48.3230170" lon="-121.7460430">
    <ele>1383.0</ele>
    <time>2026-06-14T22:02:10Z</time>
    
   </trkpt>
   <trkpt lat="48.3230150" lon="-121.7460370">
    <ele>1383.2</ele>
    <time>2026-06-14T22:02:17Z</time>
    
   </trkpt>
   <trkpt lat="48.3230120" lon="-121.7460460">
    <ele>1383.0</ele>
    <time>2026-06-14T22:02:21Z</time>
    
   </trkpt>
   <trkpt lat="48.3230150" lon="-121.7460450">
    <ele>1382.6</ele>
    <time>2026-06-14T22:02:28Z</time>
    
   </trkpt>
   <trkpt lat="48.3230140" lon="-121.7460460">
    <ele>1382.6</ele>
    <time>2026-06-14T22:02:29Z</time>
    
   </trkpt>
   <trkpt lat="48.3230170" lon="-121.7460480">
    <ele>1382.8</ele>
    <time>2026-06-14T22:02:33Z</time>
    
   </trkpt>
   <trkpt lat="48.3230170" lon="-121.7460480">
    <ele>1382.8</ele>
    <time>2026-06-14T22:02:35Z</time>
    
   </trkpt>
   <trkpt lat="48.3230180" lon="-121.7460590">
    <ele>1382.8</ele>
    <time>2026-06-14T22:02:41Z</time>
    
   </trkpt>
   <trkpt lat="48.3230220" lon="-121.7460640">
    <ele>1383.0</ele>
    <time>2026-06-14T22:02:43Z</time>
    
   </trkpt>
   <trkpt lat="48.3230230" lon="-121.7460530">
    <ele>1382.4</ele>
    <time>2026-06-14T22:02:49Z</time>
    
   </trkpt>
   <trkpt lat="48.3230230" lon="-121.7460450">
    <ele>1382.4</ele>
    <time>2026-06-14T22:03:00Z</time>
    
   </trkpt>
   <trkpt lat="48.3230280" lon="-121.7460610">
    <ele>1382.4</ele>
    <time>2026-06-14T22:03:11Z</time>
    
   </trkpt>
   <trkpt lat="48.3230280" lon="-121.7460640">
    <ele>1382.2</ele>
    <time>2026-06-14T22:03:15Z</time>
    
   </trkpt>
   <trkpt lat="48.3230270" lon="-121.7460620">
    <ele>1382.4</ele>
    <time>2026-06-14T22:03:20Z</time>
    
   </trkpt>
   <trkpt lat="48.3230260" lon="-121.7460600">
    <ele>1382.4</ele>
    <time>2026-06-14T22:03:22Z</time>
    
   </trkpt>
   <trkpt lat="48.3230280" lon="-121.7460600">
    <ele>1382.4</ele>
    <time>2026-06-14T22:03:24Z</time>
    
   </trkpt>
   <trkpt lat="48.3230290" lon="-121.7460580">
    <ele>1382.4</ele>
    <time>2026-06-14T22:03:27Z</time>
    
   </trkpt>
   <trkpt lat="48.3230260" lon="-121.7460500">
    <ele>1382.2</ele>
    <time>2026-06-14T22:03:31Z</time>
    
   </trkpt>
   <trkpt lat="48.3230270" lon="-121.7460470">
    <ele>1382.0</ele>
    <time>2026-06-14T22:03:35Z</time>
    
   </trkpt>
   <trkpt lat="48.3230150" lon="-121.7460390">
    <ele>1382.0</ele>
    <time>2026-06-14T22:03:46Z</time>
    
   </trkpt>
   <trkpt lat="48.3230130" lon="-121.7460400">
    <ele>1382.2</ele>
    <time>2026-06-14T22:03:48Z</time>
    
   </trkpt>
   <trkpt lat="48.3230060" lon="-121.7460450">
    <ele>1381.8</ele>
    <time>2026-06-14T22:03:57Z</time>
    
   </trkpt>
   <trkpt lat="48.3230100" lon="-121.7460400">
    <ele>1382.2</ele>
    <time>2026-06-14T22:04:01Z</time>
    
   </trkpt>
   <trkpt lat="48.3230090" lon="-121.7460370">
    <ele>1382.2</ele>
    <time>2026-06-14T22:04:02Z</time>
    
   </trkpt>
   <trkpt lat="48.3230160" lon="-121.7460370">
    <ele>1382.2</ele>
    <time>2026-06-14T22:04:07Z</time>
    
   </trkpt>
   <trkpt lat="48.3230160" lon="-121.7460370">
    <ele>1382.2</ele>
    <time>2026-06-14T22:04:09Z</time>
    
   </trkpt>
   <trkpt lat="48.3230130" lon="-121.7460430">
    <ele>1382.2</ele>
    <time>2026-06-14T22:04:17Z</time>
    
   </trkpt>
   <trkpt lat="48.3230120" lon="-121.7460460">
    <ele>1382.2</ele>
    <time>2026-06-14T22:04:21Z</time>
    
   </trkpt>
   <trkpt lat="48.3230140" lon="-121.7460470">
    <ele>1382.2</ele>
    <time>2026-06-14T22:04:23Z</time>
    
   </trkpt>
   <trkpt lat="48.3230160" lon="-121.7460480">
    <ele>1382.2</ele>
    <time>2026-06-14T22:04:30Z</time>
    
   </trkpt>
   <trkpt lat="48.3230140" lon="-121.7460510">
    <ele>1382.2</ele>
    <time>2026-06-14T22:04:33Z</time>
    
   </trkpt>
   <trkpt lat="48.3230160" lon="-121.7460570">
    <ele>1382.2</ele>
    <time>2026-06-14T22:04:42Z</time>
    
   </trkpt>
   <trkpt lat="48.3230200" lon="-121.7460530">
    <ele>1382.2</ele>
    <time>2026-06-14T22:04:47Z</time>
    
   </trkpt>
   <trkpt lat="48.3229990" lon="-121.7460360">
    <ele>1382.2</ele>
    <time>2026-06-14T22:04:57Z</time>
    
   </trkpt>
   <trkpt lat="48.3229960" lon="-121.7460420">
    <ele>1382.2</ele>
    <time>2026-06-14T22:05:00Z</time>
    
   </trkpt>
   <trkpt lat="48.3229950" lon="-121.7460440">
    <ele>1382.2</ele>
    <time>2026-06-14T22:05:01Z</time>
    
   </trkpt>
   <trkpt lat="48.3229860" lon="-121.7460300">
    <ele>1382.2</ele>
    <time>2026-06-14T22:05:04Z</time>
    
   </trkpt>
   <trkpt lat="48.3229800" lon="-121.7460200">
    <ele>1382.2</ele>
    <time>2026-06-14T22:05:06Z</time>
    
   </trkpt>
   <trkpt lat="48.3229750" lon="-121.7459990">
    <ele>1382.2</ele>
    <time>2026-06-14T22:05:08Z</time>
    
   </trkpt>
   <trkpt lat="48.3229780" lon="-121.7459740">
    <ele>1382.2</ele>
    <time>2026-06-14T22:05:10Z</time>
    
   </trkpt>
   <trkpt lat="48.3230040" lon="-121.7458830">
    <ele>1380.2</ele>
    <time>2026-06-14T22:05:18Z</time>
    
   </trkpt>
   <trkpt lat="48.3230160" lon="-121.7458640">
    <ele>1379.4</ele>
    <time>2026-06-14T22:05:20Z</time>
    
   </trkpt>
   <trkpt lat="48.3230240" lon="-121.7458540">
    <ele>1379.0</ele>
    <time>2026-06-14T22:05:21Z</time>
    
   </trkpt>
   <trkpt lat="48.3230410" lon="-121.7458240">
    <ele>1378.0</ele>
    <time>2026-06-14T22:05:24Z</time>
    
   </trkpt>
   <trkpt lat="48.3230470" lon="-121.7458120">
    <ele>1377.8</ele>
    <time>2026-06-14T22:05:25Z</time>
    
   </trkpt>
   <trkpt lat="48.3230580" lon="-121.7457680">
    <ele>1376.4</ele>
    <time>2026-06-14T22:05:30Z</time>
    
   </trkpt>
   <trkpt lat="48.3230620" lon="-121.7457630">
    <ele>1376.0</ele>
    <time>2026-06-14T22:05:31Z</time>
    
   </trkpt>
   <trkpt lat="48.3230670" lon="-121.7457510">
    <ele>1375.6</ele>
    <time>2026-06-14T22:05:33Z</time>
    
   </trkpt>
   <trkpt lat="48.3230680" lon="-121.7457450">
    <ele>1375.2</ele>
    <time>2026-06-14T22:05:34Z</time>
    
   </trkpt>
   <trkpt lat="48.3230670" lon="-121.7457390">
    <ele>1374.8</ele>
    <time>2026-06-14T22:05:35Z</time>
    
   </trkpt>
   <trkpt lat="48.3230640" lon="-121.7457240">
    <ele>1374.2</ele>
    <time>2026-06-14T22:05:37Z</time>
    
   </trkpt>
   <trkpt lat="48.3230610" lon="-121.7456870">
    <ele>1373.0</ele>
    <time>2026-06-14T22:05:41Z</time>
    
   </trkpt>
   <trkpt lat="48.3230740" lon="-121.7456740">
    <ele>1372.2</ele>
    <time>2026-06-14T22:05:46Z</time>
    
   </trkpt>
   <trkpt lat="48.3230600" lon="-121.7456470">
    <ele>1371.8</ele>
    <time>2026-06-14T22:05:52Z</time>
    
   </trkpt>
   <trkpt lat="48.3230550" lon="-121.7456120">
    <ele>1370.6</ele>
    <time>2026-06-14T22:05:56Z</time>
    
   </trkpt>
   <trkpt lat="48.3230590" lon="-121.7456010">
    <ele>1370.4</ele>
    <time>2026-06-14T22:05:57Z</time>
    
   </trkpt>
   <trkpt lat="48.3230650" lon="-121.7455850">
    <ele>1369.6</ele>
    <time>2026-06-14T22:06:00Z</time>
    
   </trkpt>
   <trkpt lat="48.3230600" lon="-121.7455060">
    <ele>1368.4</ele>
    <time>2026-06-14T22:06:09Z</time>
    
   </trkpt>
   <trkpt lat="48.3230510" lon="-121.7454540">
    <ele>1367.4</ele>
    <time>2026-06-14T22:06:13Z</time>
    
   </trkpt>
   <trkpt lat="48.3230570" lon="-121.7454340">
    <ele>1366.0</ele>
    <time>2026-06-14T22:06:17Z</time>
    
   </trkpt>
   <trkpt lat="48.3230630" lon="-121.7454140">
    <ele>1365.2</ele>
    <time>2026-06-14T22:06:20Z</time>
    
   </trkpt>
   <trkpt lat="48.3230600" lon="-121.7454090">
    <ele>1365.0</ele>
    <time>2026-06-14T22:06:21Z</time>
    
   </trkpt>
   <trkpt lat="48.3230780" lon="-121.7453820">
    <ele>1364.2</ele>
    <time>2026-06-14T22:06:33Z</time>
    
   </trkpt>
   <trkpt lat="48.3230770" lon="-121.7453760">
    <ele>1364.4</ele>
    <time>2026-06-14T22:06:34Z</time>
    
   </trkpt>
   <trkpt lat="48.3230780" lon="-121.7453650">
    <ele>1363.8</ele>
    <time>2026-06-14T22:06:38Z</time>
    
   </trkpt>
   <trkpt lat="48.3230840" lon="-121.7453450">
    <ele>1362.6</ele>
    <time>2026-06-14T22:06:42Z</time>
    
   </trkpt>
   <trkpt lat="48.3231090" lon="-121.7453160">
    <ele>1361.6</ele>
    <time>2026-06-14T22:06:47Z</time>
    
   </trkpt>
   <trkpt lat="48.3231010" lon="-121.7452380">
    <ele>1360.4</ele>
    <time>2026-06-14T22:06:53Z</time>
    
   </trkpt>
   <trkpt lat="48.3231100" lon="-121.7451770">
    <ele>1359.2</ele>
    <time>2026-06-14T22:06:56Z</time>
    
   </trkpt>
   <trkpt lat="48.3231300" lon="-121.7451190">
    <ele>1358.2</ele>
    <time>2026-06-14T22:06:59Z</time>
    
   </trkpt>
   <trkpt lat="48.3231350" lon="-121.7451020">
    <ele>1358.0</ele>
    <time>2026-06-14T22:07:00Z</time>
    
   </trkpt>
   <trkpt lat="48.3231310" lon="-121.7450570">
    <ele>1357.6</ele>
    <time>2026-06-14T22:07:03Z</time>
    
   </trkpt>
   <trkpt lat="48.3231360" lon="-121.7450450">
    <ele>1357.2</ele>
    <time>2026-06-14T22:07:05Z</time>
    
   </trkpt>
   <trkpt lat="48.3231380" lon="-121.7450350">
    <ele>1356.8</ele>
    <time>2026-06-14T22:07:06Z</time>
    
   </trkpt>
   <trkpt lat="48.3231450" lon="-121.7449980">
    <ele>1356.0</ele>
    <time>2026-06-14T22:07:09Z</time>
    
   </trkpt>
   <trkpt lat="48.3231520" lon="-121.7449900">
    <ele>1355.6</ele>
    <time>2026-06-14T22:07:10Z</time>
    
   </trkpt>
   <trkpt lat="48.3231500" lon="-121.7449750">
    <ele>1355.2</ele>
    <time>2026-06-14T22:07:11Z</time>
    
   </trkpt>
   <trkpt lat="48.3231690" lon="-121.7449440">
    <ele>1354.6</ele>
    <time>2026-06-14T22:07:14Z</time>
    
   </trkpt>
   <trkpt lat="48.3231810" lon="-121.7449030">
    <ele>1353.8</ele>
    <time>2026-06-14T22:07:17Z</time>
    
   </trkpt>
   <trkpt lat="48.3231830" lon="-121.7448870">
    <ele>1353.4</ele>
    <time>2026-06-14T22:07:18Z</time>
    
   </trkpt>
   <trkpt lat="48.3231860" lon="-121.7448710">
    <ele>1353.2</ele>
    <time>2026-06-14T22:07:19Z</time>
    
   </trkpt>
   <trkpt lat="48.3231870" lon="-121.7448240">
    <ele>1352.2</ele>
    <time>2026-06-14T22:07:22Z</time>
    
   </trkpt>
   <trkpt lat="48.3231930" lon="-121.7448130">
    <ele>1352.0</ele>
    <time>2026-06-14T22:07:23Z</time>
    
   </trkpt>
   <trkpt lat="48.3232070" lon="-121.7447710">
    <ele>1351.2</ele>
    <time>2026-06-14T22:07:27Z</time>
    
   </trkpt>
   <trkpt lat="48.3232130" lon="-121.7447410">
    <ele>1350.6</ele>
    <time>2026-06-14T22:07:29Z</time>
    
   </trkpt>
   <trkpt lat="48.3232140" lon="-121.7447370">
    <ele>1350.4</ele>
    <time>2026-06-14T22:07:30Z</time>
    
   </trkpt>
   <trkpt lat="48.3232200" lon="-121.7447200">
    <ele>1350.0</ele>
    <time>2026-06-14T22:07:32Z</time>
    
   </trkpt>
   <trkpt lat="48.3232310" lon="-121.7446770">
    <ele>1349.2</ele>
    <time>2026-06-14T22:07:35Z</time>
    
   </trkpt>
   <trkpt lat="48.3232360" lon="-121.7446550">
    <ele>1349.0</ele>
    <time>2026-06-14T22:07:36Z</time>
    
   </trkpt>
   <trkpt lat="48.3232410" lon="-121.7445750">
    <ele>1348.2</ele>
    <time>2026-06-14T22:07:39Z</time>
    
   </trkpt>
   <trkpt lat="48.3232420" lon="-121.7445330">
    <ele>1347.8</ele>
    <time>2026-06-14T22:07:41Z</time>
    
   </trkpt>
   <trkpt lat="48.3232530" lon="-121.7445100">
    <ele>1347.8</ele>
    <time>2026-06-14T22:07:43Z</time>
    
   </trkpt>
   <trkpt lat="48.3232590" lon="-121.7444720">
    <ele>1347.4</ele>
    <time>2026-06-14T22:07:46Z</time>
    
   </trkpt>
   <trkpt lat="48.3232620" lon="-121.7444530">
    <ele>1347.2</ele>
    <time>2026-06-14T22:07:48Z</time>
    
   </trkpt>
   <trkpt lat="48.3232720" lon="-121.7444300">
    <ele>1347.2</ele>
    <time>2026-06-14T22:07:50Z</time>
    
   </trkpt>
   <trkpt lat="48.3232780" lon="-121.7444180">
    <ele>1347.0</ele>
    <time>2026-06-14T22:07:51Z</time>
    
   </trkpt>
   <trkpt lat="48.3232830" lon="-121.7443950">
    <ele>1346.8</ele>
    <time>2026-06-14T22:07:53Z</time>
    
   </trkpt>
   <trkpt lat="48.3232650" lon="-121.7443120">
    <ele>1345.6</ele>
    <time>2026-06-14T22:07:57Z</time>
    
   </trkpt>
   <trkpt lat="48.3232600" lon="-121.7442880">
    <ele>1345.4</ele>
    <time>2026-06-14T22:07:58Z</time>
    
   </trkpt>
   <trkpt lat="48.3232460" lon="-121.7442310">
    <ele>1345.2</ele>
    <time>2026-06-14T22:08:01Z</time>
    
   </trkpt>
   <trkpt lat="48.3232470" lon="-121.7442040">
    <ele>1344.8</ele>
    <time>2026-06-14T22:08:03Z</time>
    
   </trkpt>
   <trkpt lat="48.3232480" lon="-121.7441920">
    <ele>1344.4</ele>
    <time>2026-06-14T22:08:04Z</time>
    
   </trkpt>
   <trkpt lat="48.3233130" lon="-121.7440960">
    <ele>1344.0</ele>
    <time>2026-06-14T22:08:13Z</time>
    
   </trkpt>
   <trkpt lat="48.3233200" lon="-121.7440740">
    <ele>1344.0</ele>
    <time>2026-06-14T22:08:15Z</time>
    
   </trkpt>
   <trkpt lat="48.3233230" lon="-121.7440410">
    <ele>1344.0</ele>
    <time>2026-06-14T22:08:17Z</time>
    
   </trkpt>
   <trkpt lat="48.3233320" lon="-121.7440190">
    <ele>1344.0</ele>
    <time>2026-06-14T22:08:19Z</time>
    
   </trkpt>
   <trkpt lat="48.3233390" lon="-121.7440010">
    <ele>1344.2</ele>
    <time>2026-06-14T22:08:21Z</time>
    
   </trkpt>
   <trkpt lat="48.3233590" lon="-121.7439590">
    <ele>1344.6</ele>
    <time>2026-06-14T22:08:26Z</time>
    
   </trkpt>
   <trkpt lat="48.3233780" lon="-121.7439460">
    <ele>1344.4</ele>
    <time>2026-06-14T22:08:28Z</time>
    
   </trkpt>
   <trkpt lat="48.3233940" lon="-121.7439020">
    <ele>1344.4</ele>
    <time>2026-06-14T22:08:32Z</time>
    
   </trkpt>
   <trkpt lat="48.3233980" lon="-121.7438840">
    <ele>1344.2</ele>
    <time>2026-06-14T22:08:34Z</time>
    
   </trkpt>
   <trkpt lat="48.3233980" lon="-121.7438740">
    <ele>1344.2</ele>
    <time>2026-06-14T22:08:35Z</time>
    
   </trkpt>
   <trkpt lat="48.3233990" lon="-121.7438510">
    <ele>1344.2</ele>
    <time>2026-06-14T22:08:37Z</time>
    
   </trkpt>
   <trkpt lat="48.3233960" lon="-121.7438270">
    <ele>1343.8</ele>
    <time>2026-06-14T22:08:39Z</time>
    
   </trkpt>
   <trkpt lat="48.3234080" lon="-121.7438040">
    <ele>1343.6</ele>
    <time>2026-06-14T22:08:41Z</time>
    
   </trkpt>
   <trkpt lat="48.3234170" lon="-121.7437970">
    <ele>1343.4</ele>
    <time>2026-06-14T22:08:42Z</time>
    
   </trkpt>
   <trkpt lat="48.3234300" lon="-121.7437870">
    <ele>1343.4</ele>
    <time>2026-06-14T22:08:43Z</time>
    
   </trkpt>
   <trkpt lat="48.3234610" lon="-121.7437240">
    <ele>1343.2</ele>
    <time>2026-06-14T22:08:48Z</time>
    
   </trkpt>
   <trkpt lat="48.3234700" lon="-121.7437010">
    <ele>1343.2</ele>
    <time>2026-06-14T22:08:50Z</time>
    
   </trkpt>
   <trkpt lat="48.3234890" lon="-121.7436770">
    <ele>1342.6</ele>
    <time>2026-06-14T22:08:53Z</time>
    
   </trkpt>
   <trkpt lat="48.3234980" lon="-121.7436720">
    <ele>1342.6</ele>
    <time>2026-06-14T22:08:54Z</time>
    
   </trkpt>
   <trkpt lat="48.3235060" lon="-121.7436610">
    <ele>1342.4</ele>
    <time>2026-06-14T22:08:56Z</time>
    
   </trkpt>
   <trkpt lat="48.3235380" lon="-121.7435950">
    <ele>1341.2</ele>
    <time>2026-06-14T22:09:03Z</time>
    
   </trkpt>
   <trkpt lat="48.3235650" lon="-121.7435650">
    <ele>1340.0</ele>
    <time>2026-06-14T22:09:09Z</time>
    
   </trkpt>
   <trkpt lat="48.3235700" lon="-121.7435480">
    <ele>1339.6</ele>
    <time>2026-06-14T22:09:10Z</time>
    
   </trkpt>
   <trkpt lat="48.3235670" lon="-121.7435150">
    <ele>1338.8</ele>
    <time>2026-06-14T22:09:13Z</time>
    
   </trkpt>
   <trkpt lat="48.3235660" lon="-121.7434640">
    <ele>1337.8</ele>
    <time>2026-06-14T22:09:18Z</time>
    
   </trkpt>
   <trkpt lat="48.3235830" lon="-121.7433610">
    <ele>1337.2</ele>
    <time>2026-06-14T22:09:24Z</time>
    
   </trkpt>
   <trkpt lat="48.3235780" lon="-121.7433020">
    <ele>1337.2</ele>
    <time>2026-06-14T22:09:27Z</time>
    
   </trkpt>
   <trkpt lat="48.3235900" lon="-121.7432500">
    <ele>1336.8</ele>
    <time>2026-06-14T22:09:29Z</time>
    
   </trkpt>
   <trkpt lat="48.3236160" lon="-121.7432000">
    <ele>1336.4</ele>
    <time>2026-06-14T22:09:33Z</time>
    
   </trkpt>
   <trkpt lat="48.3236220" lon="-121.7431750">
    <ele>1336.4</ele>
    <time>2026-06-14T22:09:35Z</time>
    
   </trkpt>
   <trkpt lat="48.3236450" lon="-121.7431120">
    <ele>1336.0</ele>
    <time>2026-06-14T22:09:41Z</time>
    
   </trkpt>
   <trkpt lat="48.3236550" lon="-121.7430890">
    <ele>1335.8</ele>
    <time>2026-06-14T22:09:43Z</time>
    
   </trkpt>
   <trkpt lat="48.3236650" lon="-121.7430790">
    <ele>1335.6</ele>
    <time>2026-06-14T22:09:44Z</time>
    
   </trkpt>
   <trkpt lat="48.3236740" lon="-121.7430720">
    <ele>1335.4</ele>
    <time>2026-06-14T22:09:45Z</time>
    
   </trkpt>
   <trkpt lat="48.3236960" lon="-121.7430370">
    <ele>1334.8</ele>
    <time>2026-06-14T22:09:49Z</time>
    
   </trkpt>
   <trkpt lat="48.3237010" lon="-121.7430260">
    <ele>1334.6</ele>
    <time>2026-06-14T22:09:50Z</time>
    
   </trkpt>
   <trkpt lat="48.3237090" lon="-121.7430150">
    <ele>1334.6</ele>
    <time>2026-06-14T22:09:51Z</time>
    
   </trkpt>
   <trkpt lat="48.3237390" lon="-121.7429650">
    <ele>1334.2</ele>
    <time>2026-06-14T22:09:56Z</time>
    
   </trkpt>
   <trkpt lat="48.3237650" lon="-121.7429020">
    <ele>1333.8</ele>
    <time>2026-06-14T22:10:01Z</time>
    
   </trkpt>
   <trkpt lat="48.3237740" lon="-121.7428970">
    <ele>1333.6</ele>
    <time>2026-06-14T22:10:02Z</time>
    
   </trkpt>
   <trkpt lat="48.3237790" lon="-121.7428900">
    <ele>1333.4</ele>
    <time>2026-06-14T22:10:03Z</time>
    
   </trkpt>
   <trkpt lat="48.3237900" lon="-121.7428640">
    <ele>1333.2</ele>
    <time>2026-06-14T22:10:05Z</time>
    
   </trkpt>
   <trkpt lat="48.3237950" lon="-121.7428550">
    <ele>1333.2</ele>
    <time>2026-06-14T22:10:06Z</time>
    
   </trkpt>
   <trkpt lat="48.3238170" lon="-121.7428210">
    <ele>1332.4</ele>
    <time>2026-06-14T22:10:09Z</time>
    
   </trkpt>
   <trkpt lat="48.3238270" lon="-121.7428040">
    <ele>1332.2</ele>
    <time>2026-06-14T22:10:11Z</time>
    
   </trkpt>
   <trkpt lat="48.3238400" lon="-121.7427870">
    <ele>1331.8</ele>
    <time>2026-06-14T22:10:13Z</time>
    
   </trkpt>
   <trkpt lat="48.3238660" lon="-121.7427430">
    <ele>1331.4</ele>
    <time>2026-06-14T22:10:16Z</time>
    
   </trkpt>
   <trkpt lat="48.3238770" lon="-121.7427250">
    <ele>1331.4</ele>
    <time>2026-06-14T22:10:17Z</time>
    
   </trkpt>
   <trkpt lat="48.3238950" lon="-121.7426690">
    <ele>1331.0</ele>
    <time>2026-06-14T22:10:20Z</time>
    
   </trkpt>
   <trkpt lat="48.3239040" lon="-121.7426090">
    <ele>1330.2</ele>
    <time>2026-06-14T22:10:24Z</time>
    
   </trkpt>
   <trkpt lat="48.3239100" lon="-121.7425990">
    <ele>1330.0</ele>
    <time>2026-06-14T22:10:25Z</time>
    
   </trkpt>
   <trkpt lat="48.3239280" lon="-121.7425650">
    <ele>1329.4</ele>
    <time>2026-06-14T22:10:28Z</time>
    
   </trkpt>
   <trkpt lat="48.3239340" lon="-121.7425530">
    <ele>1329.2</ele>
    <time>2026-06-14T22:10:29Z</time>
    
   </trkpt>
   <trkpt lat="48.3239570" lon="-121.7425330">
    <ele>1328.8</ele>
    <time>2026-06-14T22:10:31Z</time>
    
   </trkpt>
   <trkpt lat="48.3239680" lon="-121.7425240">
    <ele>1328.6</ele>
    <time>2026-06-14T22:10:32Z</time>
    
   </trkpt>
   <trkpt lat="48.3239920" lon="-121.7424730">
    <ele>1328.8</ele>
    <time>2026-06-14T22:10:38Z</time>
    
   </trkpt>
   <trkpt lat="48.3239960" lon="-121.7424630">
    <ele>1328.6</ele>
    <time>2026-06-14T22:10:39Z</time>
    
   </trkpt>
   <trkpt lat="48.3240050" lon="-121.7424370">
    <ele>1328.4</ele>
    <time>2026-06-14T22:10:41Z</time>
    
   </trkpt>
   <trkpt lat="48.3240190" lon="-121.7424120">
    <ele>1328.0</ele>
    <time>2026-06-14T22:10:43Z</time>
    
   </trkpt>
   <trkpt lat="48.3240510" lon="-121.7424010">
    <ele>1328.2</ele>
    <time>2026-06-14T22:10:48Z</time>
    
   </trkpt>
   <trkpt lat="48.3240540" lon="-121.7423780">
    <ele>1328.4</ele>
    <time>2026-06-14T22:10:50Z</time>
    
   </trkpt>
   <trkpt lat="48.3241130" lon="-121.7422800">
    <ele>1328.0</ele>
    <time>2026-06-14T22:11:02Z</time>
    
   </trkpt>
   <trkpt lat="48.3241340" lon="-121.7422460">
    <ele>1328.2</ele>
    <time>2026-06-14T22:11:05Z</time>
    
   </trkpt>
   <trkpt lat="48.3241520" lon="-121.7422280">
    <ele>1328.6</ele>
    <time>2026-06-14T22:11:08Z</time>
    
   </trkpt>
   <trkpt lat="48.3241650" lon="-121.7421480">
    <ele>1328.8</ele>
    <time>2026-06-14T22:11:13Z</time>
    
   </trkpt>
   <trkpt lat="48.3241700" lon="-121.7421250">
    <ele>1328.4</ele>
    <time>2026-06-14T22:11:15Z</time>
    
   </trkpt>
   <trkpt lat="48.3241900" lon="-121.7420760">
    <ele>1327.8</ele>
    <time>2026-06-14T22:11:18Z</time>
    
   </trkpt>
   <trkpt lat="48.3242030" lon="-121.7420330">
    <ele>1327.4</ele>
    <time>2026-06-14T22:11:20Z</time>
    
   </trkpt>
   <trkpt lat="48.3242230" lon="-121.7419430">
    <ele>1327.0</ele>
    <time>2026-06-14T22:11:28Z</time>
    
   </trkpt>
   <trkpt lat="48.3242370" lon="-121.7419210">
    <ele>1325.8</ele>
    <time>2026-06-14T22:11:31Z</time>
    
   </trkpt>
   <trkpt lat="48.3242570" lon="-121.7419320">
    <ele>1325.2</ele>
    <time>2026-06-14T22:11:36Z</time>
    
   </trkpt>
   <trkpt lat="48.3242610" lon="-121.7419330">
    <ele>1325.2</ele>
    <time>2026-06-14T22:11:37Z</time>
    
   </trkpt>
   <trkpt lat="48.3242770" lon="-121.7419120">
    <ele>1324.8</ele>
    <time>2026-06-14T22:11:42Z</time>
    
   </trkpt>
   <trkpt lat="48.3242800" lon="-121.7419070">
    <ele>1324.8</ele>
    <time>2026-06-14T22:11:43Z</time>
    
   </trkpt>
   <trkpt lat="48.3243130" lon="-121.7418530">
    <ele>1324.8</ele>
    <time>2026-06-14T22:11:51Z</time>
    
   </trkpt>
   <trkpt lat="48.3243330" lon="-121.7418440">
    <ele>1324.8</ele>
    <time>2026-06-14T22:11:55Z</time>
    
   </trkpt>
   <trkpt lat="48.3243350" lon="-121.7418330">
    <ele>1324.8</ele>
    <time>2026-06-14T22:11:56Z</time>
    
   </trkpt>
   <trkpt lat="48.3244010" lon="-121.7417640">
    <ele>1323.6</ele>
    <time>2026-06-14T22:12:07Z</time>
    
   </trkpt>
   <trkpt lat="48.3244020" lon="-121.7417400">
    <ele>1323.2</ele>
    <time>2026-06-14T22:12:09Z</time>
    
   </trkpt>
   <trkpt lat="48.3244240" lon="-121.7417120">
    <ele>1322.4</ele>
    <time>2026-06-14T22:12:13Z</time>
    
   </trkpt>
   <trkpt lat="48.3244350" lon="-121.7416650">
    <ele>1321.2</ele>
    <time>2026-06-14T22:12:18Z</time>
    
   </trkpt>
   <trkpt lat="48.3244410" lon="-121.7416570">
    <ele>1320.8</ele>
    <time>2026-06-14T22:12:19Z</time>
    
   </trkpt>
   <trkpt lat="48.3244510" lon="-121.7416010">
    <ele>1320.2</ele>
    <time>2026-06-14T22:12:23Z</time>
    
   </trkpt>
   <trkpt lat="48.3244670" lon="-121.7415490">
    <ele>1318.8</ele>
    <time>2026-06-14T22:12:28Z</time>
    
   </trkpt>
   <trkpt lat="48.3244810" lon="-121.7414950">
    <ele>1317.6</ele>
    <time>2026-06-14T22:12:33Z</time>
    
   </trkpt>
   <trkpt lat="48.3244920" lon="-121.7414550">
    <ele>1316.6</ele>
    <time>2026-06-14T22:12:38Z</time>
    
   </trkpt>
   <trkpt lat="48.3245540" lon="-121.7413940">
    <ele>1315.4</ele>
    <time>2026-06-14T22:12:51Z</time>
    
   </trkpt>
   <trkpt lat="48.3245580" lon="-121.7413920">
    <ele>1315.2</ele>
    <time>2026-06-14T22:12:52Z</time>
    
   </trkpt>
   <trkpt lat="48.3247040" lon="-121.7413740">
    <ele>1314.6</ele>
    <time>2026-06-14T22:13:08Z</time>
    
   </trkpt>
   <trkpt lat="48.3247100" lon="-121.7413690">
    <ele>1314.4</ele>
    <time>2026-06-14T22:13:09Z</time>
    
   </trkpt>
   <trkpt lat="48.3247430" lon="-121.7413640">
    <ele>1313.6</ele>
    <time>2026-06-14T22:13:14Z</time>
    
   </trkpt>
   <trkpt lat="48.3247530" lon="-121.7413770">
    <ele>1313.2</ele>
    <time>2026-06-14T22:13:16Z</time>
    
   </trkpt>
   <trkpt lat="48.3247310" lon="-121.7413750">
    <ele>1313.0</ele>
    <time>2026-06-14T22:13:23Z</time>
    
   </trkpt>
   <trkpt lat="48.3247320" lon="-121.7413880">
    <ele>1312.8</ele>
    <time>2026-06-14T22:13:27Z</time>
    
   </trkpt>
   <trkpt lat="48.3247070" lon="-121.7413210">
    <ele>1312.2</ele>
    <time>2026-06-14T22:13:33Z</time>
    
   </trkpt>
   <trkpt lat="48.3246960" lon="-121.7412760">
    <ele>1312.2</ele>
    <time>2026-06-14T22:13:35Z</time>
    
   </trkpt>
   <trkpt lat="48.3246910" lon="-121.7412520">
    <ele>1312.0</ele>
    <time>2026-06-14T22:13:37Z</time>
    
   </trkpt>
   <trkpt lat="48.3246910" lon="-121.7412310">
    <ele>1311.6</ele>
    <time>2026-06-14T22:13:39Z</time>
    
   </trkpt>
   <trkpt lat="48.3246880" lon="-121.7411810">
    <ele>1311.6</ele>
    <time>2026-06-14T22:13:41Z</time>
    
   </trkpt>
   <trkpt lat="48.3246990" lon="-121.7411540">
    <ele>1311.2</ele>
    <time>2026-06-14T22:13:43Z</time>
    
   </trkpt>
   <trkpt lat="48.3247050" lon="-121.7411450">
    <ele>1311.0</ele>
    <time>2026-06-14T22:13:44Z</time>
    
   </trkpt>
   <trkpt lat="48.3247110" lon="-121.7411310">
    <ele>1310.6</ele>
    <time>2026-06-14T22:13:46Z</time>
    
   </trkpt>
   <trkpt lat="48.3247170" lon="-121.7410830">
    <ele>1310.0</ele>
    <time>2026-06-14T22:13:49Z</time>
    
   </trkpt>
   <trkpt lat="48.3247250" lon="-121.7410660">
    <ele>1309.6</ele>
    <time>2026-06-14T22:13:50Z</time>
    
   </trkpt>
   <trkpt lat="48.3247270" lon="-121.7410260">
    <ele>1309.2</ele>
    <time>2026-06-14T22:13:52Z</time>
    
   </trkpt>
   <trkpt lat="48.3247280" lon="-121.7409800">
    <ele>1308.8</ele>
    <time>2026-06-14T22:13:54Z</time>
    
   </trkpt>
   <trkpt lat="48.3247340" lon="-121.7409620">
    <ele>1308.6</ele>
    <time>2026-06-14T22:13:55Z</time>
    
   </trkpt>
   <trkpt lat="48.3247810" lon="-121.7408920">
    <ele>1307.4</ele>
    <time>2026-06-14T22:14:01Z</time>
    
   </trkpt>
   <trkpt lat="48.3248150" lon="-121.7408550">
    <ele>1306.6</ele>
    <time>2026-06-14T22:14:05Z</time>
    
   </trkpt>
   <trkpt lat="48.3248340" lon="-121.7408380">
    <ele>1306.2</ele>
    <time>2026-06-14T22:14:07Z</time>
    
   </trkpt>
   <trkpt lat="48.3249200" lon="-121.7407810">
    <ele>1305.4</ele>
    <time>2026-06-14T22:14:15Z</time>
    
   </trkpt>
   <trkpt lat="48.3249350" lon="-121.7407680">
    <ele>1305.4</ele>
    <time>2026-06-14T22:14:16Z</time>
    
   </trkpt>
   <trkpt lat="48.3249460" lon="-121.7407540">
    <ele>1305.2</ele>
    <time>2026-06-14T22:14:17Z</time>
    
   </trkpt>
   <trkpt lat="48.3249600" lon="-121.7406930">
    <ele>1304.4</ele>
    <time>2026-06-14T22:14:21Z</time>
    
   </trkpt>
   <trkpt lat="48.3249630" lon="-121.7406790">
    <ele>1304.0</ele>
    <time>2026-06-14T22:14:22Z</time>
    
   </trkpt>
   <trkpt lat="48.3249970" lon="-121.7406200">
    <ele>1303.0</ele>
    <time>2026-06-14T22:14:27Z</time>
    
   </trkpt>
   <trkpt lat="48.3250050" lon="-121.7406080">
    <ele>1302.8</ele>
    <time>2026-06-14T22:14:28Z</time>
    
   </trkpt>
   <trkpt lat="48.3250260" lon="-121.7405610">
    <ele>1301.8</ele>
    <time>2026-06-14T22:14:32Z</time>
    
   </trkpt>
   <trkpt lat="48.3250680" lon="-121.7405420">
    <ele>1301.0</ele>
    <time>2026-06-14T22:14:37Z</time>
    
   </trkpt>
   <trkpt lat="48.3250790" lon="-121.7405400">
    <ele>1300.8</ele>
    <time>2026-06-14T22:14:38Z</time>
    
   </trkpt>
   <trkpt lat="48.3251220" lon="-121.7404900">
    <ele>1300.6</ele>
    <time>2026-06-14T22:14:45Z</time>
    
   </trkpt>
   <trkpt lat="48.3251910" lon="-121.7404270">
    <ele>1300.2</ele>
    <time>2026-06-14T22:14:56Z</time>
    
   </trkpt>
   <trkpt lat="48.3252430" lon="-121.7403860">
    <ele>1300.2</ele>
    <time>2026-06-14T22:15:07Z</time>
    
   </trkpt>
   <trkpt lat="48.3252450" lon="-121.7403580">
    <ele>1299.6</ele>
    <time>2026-06-14T22:15:09Z</time>
    
   </trkpt>
   <trkpt lat="48.3252470" lon="-121.7403200">
    <ele>1299.2</ele>
    <time>2026-06-14T22:15:11Z</time>
    
   </trkpt>
   <trkpt lat="48.3252440" lon="-121.7402290">
    <ele>1298.4</ele>
    <time>2026-06-14T22:15:14Z</time>
    
   </trkpt>
   <trkpt lat="48.3252630" lon="-121.7401040">
    <ele>1297.4</ele>
    <time>2026-06-14T22:15:22Z</time>
    
   </trkpt>
   <trkpt lat="48.3252910" lon="-121.7400490">
    <ele>1296.4</ele>
    <time>2026-06-14T22:15:26Z</time>
    
   </trkpt>
   <trkpt lat="48.3253100" lon="-121.7400290">
    <ele>1296.2</ele>
    <time>2026-06-14T22:15:27Z</time>
    
   </trkpt>
   <trkpt lat="48.3253190" lon="-121.7400010">
    <ele>1295.8</ele>
    <time>2026-06-14T22:15:28Z</time>
    
   </trkpt>
   <trkpt lat="48.3253390" lon="-121.7399490">
    <ele>1295.6</ele>
    <time>2026-06-14T22:15:30Z</time>
    
   </trkpt>
   <trkpt lat="48.3253440" lon="-121.7399110">
    <ele>1295.0</ele>
    <time>2026-06-14T22:15:32Z</time>
    
   </trkpt>
   <trkpt lat="48.3253430" lon="-121.7398580">
    <ele>1294.4</ele>
    <time>2026-06-14T22:15:34Z</time>
    
   </trkpt>
   <trkpt lat="48.3253440" lon="-121.7397810">
    <ele>1294.0</ele>
    <time>2026-06-14T22:15:37Z</time>
    
   </trkpt>
   <trkpt lat="48.3253440" lon="-121.7397720">
    <ele>1294.0</ele>
    <time>2026-06-14T22:15:38Z</time>
    
   </trkpt>
   <trkpt lat="48.3253450" lon="-121.7397290">
    <ele>1293.2</ele>
    <time>2026-06-14T22:15:41Z</time>
    
   </trkpt>
   <trkpt lat="48.3253500" lon="-121.7396910">
    <ele>1292.8</ele>
    <time>2026-06-14T22:15:43Z</time>
    
   </trkpt>
   <trkpt lat="48.3253560" lon="-121.7396630">
    <ele>1292.4</ele>
    <time>2026-06-14T22:15:46Z</time>
    
   </trkpt>
   <trkpt lat="48.3253590" lon="-121.7396550">
    <ele>1292.2</ele>
    <time>2026-06-14T22:15:47Z</time>
    
   </trkpt>
   <trkpt lat="48.3253690" lon="-121.7396380">
    <ele>1291.8</ele>
    <time>2026-06-14T22:15:51Z</time>
    
   </trkpt>
   <trkpt lat="48.3253870" lon="-121.7395790">
    <ele>1290.6</ele>
    <time>2026-06-14T22:16:01Z</time>
    
   </trkpt>
   <trkpt lat="48.3254170" lon="-121.7395680">
    <ele>1289.8</ele>
    <time>2026-06-14T22:16:05Z</time>
    
   </trkpt>
   <trkpt lat="48.3254240" lon="-121.7395630">
    <ele>1289.6</ele>
    <time>2026-06-14T22:16:06Z</time>
    
   </trkpt>
   <trkpt lat="48.3254440" lon="-121.7394310">
    <ele>1288.6</ele>
    <time>2026-06-14T22:16:17Z</time>
    
   </trkpt>
   <trkpt lat="48.3254420" lon="-121.7393810">
    <ele>1288.0</ele>
    <time>2026-06-14T22:16:20Z</time>
    
   </trkpt>
   <trkpt lat="48.3254420" lon="-121.7393710">
    <ele>1287.8</ele>
    <time>2026-06-14T22:16:21Z</time>
    
   </trkpt>
   <trkpt lat="48.3254480" lon="-121.7393630">
    <ele>1287.8</ele>
    <time>2026-06-14T22:16:22Z</time>
    
   </trkpt>
   <trkpt lat="48.3254550" lon="-121.7393240">
    <ele>1287.4</ele>
    <time>2026-06-14T22:16:24Z</time>
    
   </trkpt>
   <trkpt lat="48.3254630" lon="-121.7393060">
    <ele>1287.0</ele>
    <time>2026-06-14T22:16:25Z</time>
    
   </trkpt>
   <trkpt lat="48.3254600" lon="-121.7392500">
    <ele>1286.4</ele>
    <time>2026-06-14T22:16:29Z</time>
    
   </trkpt>
   <trkpt lat="48.3254590" lon="-121.7392380">
    <ele>1286.4</ele>
    <time>2026-06-14T22:16:30Z</time>
    
   </trkpt>
   <trkpt lat="48.3254550" lon="-121.7392230">
    <ele>1286.2</ele>
    <time>2026-06-14T22:16:31Z</time>
    
   </trkpt>
   <trkpt lat="48.3254550" lon="-121.7392060">
    <ele>1286.0</ele>
    <time>2026-06-14T22:16:32Z</time>
    
   </trkpt>
   <trkpt lat="48.3254640" lon="-121.7391830">
    <ele>1285.6</ele>
    <time>2026-06-14T22:16:34Z</time>
    
   </trkpt>
   <trkpt lat="48.3254720" lon="-121.7391610">
    <ele>1285.2</ele>
    <time>2026-06-14T22:16:36Z</time>
    
   </trkpt>
   <trkpt lat="48.3254810" lon="-121.7391370">
    <ele>1284.8</ele>
    <time>2026-06-14T22:16:38Z</time>
    
   </trkpt>
   <trkpt lat="48.3254900" lon="-121.7391200">
    <ele>1284.2</ele>
    <time>2026-06-14T22:16:40Z</time>
    
   </trkpt>
   <trkpt lat="48.3254940" lon="-121.7391150">
    <ele>1284.0</ele>
    <time>2026-06-14T22:16:41Z</time>
    
   </trkpt>
   <trkpt lat="48.3255060" lon="-121.7390940">
    <ele>1283.8</ele>
    <time>2026-06-14T22:16:44Z</time>
    
   </trkpt>
   <trkpt lat="48.3255240" lon="-121.7390550">
    <ele>1283.0</ele>
    <time>2026-06-14T22:16:48Z</time>
    
   </trkpt>
   <trkpt lat="48.3255530" lon="-121.7390400">
    <ele>1282.0</ele>
    <time>2026-06-14T22:16:55Z</time>
    
   </trkpt>
   <trkpt lat="48.3255640" lon="-121.7390100">
    <ele>1281.6</ele>
    <time>2026-06-14T22:16:58Z</time>
    
   </trkpt>
   <trkpt lat="48.3255730" lon="-121.7389860">
    <ele>1281.0</ele>
    <time>2026-06-14T22:17:01Z</time>
    
   </trkpt>
   <trkpt lat="48.3255740" lon="-121.7389670">
    <ele>1280.0</ele>
    <time>2026-06-14T22:17:04Z</time>
    
   </trkpt>
   <trkpt lat="48.3256040" lon="-121.7389150">
    <ele>1278.8</ele>
    <time>2026-06-14T22:17:09Z</time>
    
   </trkpt>
   <trkpt lat="48.3255890" lon="-121.7388540">
    <ele>1278.4</ele>
    <time>2026-06-14T22:17:12Z</time>
    
   </trkpt>
   <trkpt lat="48.3255790" lon="-121.7387900">
    <ele>1277.8</ele>
    <time>2026-06-14T22:17:15Z</time>
    
   </trkpt>
   <trkpt lat="48.3255670" lon="-121.7387600">
    <ele>1277.6</ele>
    <time>2026-06-14T22:17:16Z</time>
    
   </trkpt>
   <trkpt lat="48.3255590" lon="-121.7387260">
    <ele>1277.2</ele>
    <time>2026-06-14T22:17:19Z</time>
    
   </trkpt>
   <trkpt lat="48.3255570" lon="-121.7386870">
    <ele>1276.8</ele>
    <time>2026-06-14T22:17:24Z</time>
    
   </trkpt>
   <trkpt lat="48.3255570" lon="-121.7386780">
    <ele>1276.4</ele>
    <time>2026-06-14T22:17:25Z</time>
    
   </trkpt>
   <trkpt lat="48.3255420" lon="-121.7386280">
    <ele>1275.4</ele>
    <time>2026-06-14T22:17:28Z</time>
    
   </trkpt>
   <trkpt lat="48.3255410" lon="-121.7386090">
    <ele>1275.4</ele>
    <time>2026-06-14T22:17:29Z</time>
    
   </trkpt>
   <trkpt lat="48.3255270" lon="-121.7385560">
    <ele>1274.8</ele>
    <time>2026-06-14T22:17:31Z</time>
    
   </trkpt>
   <trkpt lat="48.3255200" lon="-121.7385110">
    <ele>1274.4</ele>
    <time>2026-06-14T22:17:33Z</time>
    
   </trkpt>
   <trkpt lat="48.3255210" lon="-121.7384350">
    <ele>1274.0</ele>
    <time>2026-06-14T22:17:38Z</time>
    
   </trkpt>
   <trkpt lat="48.3255190" lon="-121.7384220">
    <ele>1273.8</ele>
    <time>2026-06-14T22:17:39Z</time>
    
   </trkpt>
   <trkpt lat="48.3255100" lon="-121.7383940">
    <ele>1273.4</ele>
    <time>2026-06-14T22:17:41Z</time>
    
   </trkpt>
   <trkpt lat="48.3255020" lon="-121.7383760">
    <ele>1273.2</ele>
    <time>2026-06-14T22:17:42Z</time>
    
   </trkpt>
   <trkpt lat="48.3255020" lon="-121.7383590">
    <ele>1272.8</ele>
    <time>2026-06-14T22:17:44Z</time>
    
   </trkpt>
   <trkpt lat="48.3254990" lon="-121.7383240">
    <ele>1272.2</ele>
    <time>2026-06-14T22:17:47Z</time>
    
   </trkpt>
   <trkpt lat="48.3254860" lon="-121.7382600">
    <ele>1271.4</ele>
    <time>2026-06-14T22:17:52Z</time>
    
   </trkpt>
   <trkpt lat="48.3254870" lon="-121.7382560">
    <ele>1271.2</ele>
    <time>2026-06-14T22:17:54Z</time>
    
   </trkpt>
   <trkpt lat="48.3254760" lon="-121.7382340">
    <ele>1271.2</ele>
    <time>2026-06-14T22:17:58Z</time>
    
   </trkpt>
   <trkpt lat="48.3254780" lon="-121.7382170">
    <ele>1270.6</ele>
    <time>2026-06-14T22:18:02Z</time>
    
   </trkpt>
   <trkpt lat="48.3254930" lon="-121.7381660">
    <ele>1270.2</ele>
    <time>2026-06-14T22:18:06Z</time>
    
   </trkpt>
   <trkpt lat="48.3254780" lon="-121.7381320">
    <ele>1269.8</ele>
    <time>2026-06-14T22:18:09Z</time>
    
   </trkpt>
   <trkpt lat="48.3254750" lon="-121.7380910">
    <ele>1269.2</ele>
    <time>2026-06-14T22:18:13Z</time>
    
   </trkpt>
   <trkpt lat="48.3254800" lon="-121.7380740">
    <ele>1268.0</ele>
    <time>2026-06-14T22:18:16Z</time>
    
   </trkpt>
   <trkpt lat="48.3254990" lon="-121.7380590">
    <ele>1267.0</ele>
    <time>2026-06-14T22:18:20Z</time>
    
   </trkpt>
   <trkpt lat="48.3255040" lon="-121.7380180">
    <ele>1266.4</ele>
    <time>2026-06-14T22:18:25Z</time>
    
   </trkpt>
   <trkpt lat="48.3255040" lon="-121.7380110">
    <ele>1266.0</ele>
    <time>2026-06-14T22:18:27Z</time>
    
   </trkpt>
   <trkpt lat="48.3255020" lon="-121.7379170">
    <ele>1265.2</ele>
    <time>2026-06-14T22:18:37Z</time>
    
   </trkpt>
   <trkpt lat="48.3255000" lon="-121.7378850">
    <ele>1264.8</ele>
    <time>2026-06-14T22:18:40Z</time>
    
   </trkpt>
   <trkpt lat="48.3255030" lon="-121.7378570">
    <ele>1264.2</ele>
    <time>2026-06-14T22:18:43Z</time>
    
   </trkpt>
   <trkpt lat="48.3254880" lon="-121.7378230">
    <ele>1263.8</ele>
    <time>2026-06-14T22:18:45Z</time>
    
   </trkpt>
   <trkpt lat="48.3254730" lon="-121.7378010">
    <ele>1262.8</ele>
    <time>2026-06-14T22:18:48Z</time>
    
   </trkpt>
   <trkpt lat="48.3254710" lon="-121.7377910">
    <ele>1263.6</ele>
    <time>2026-06-14T22:18:55Z</time>
    
   </trkpt>
   <trkpt lat="48.3254750" lon="-121.7377430">
    <ele>1261.8</ele>
    <time>2026-06-14T22:19:10Z</time>
    
   </trkpt>
   <trkpt lat="48.3254760" lon="-121.7377360">
    <ele>1261.8</ele>
    <time>2026-06-14T22:19:11Z</time>
    
   </trkpt>
   <trkpt lat="48.3254660" lon="-121.7377060">
    <ele>1261.6</ele>
    <time>2026-06-14T22:19:13Z</time>
    
   </trkpt>
   <trkpt lat="48.3254620" lon="-121.7376840">
    <ele>1261.4</ele>
    <time>2026-06-14T22:19:14Z</time>
    
   </trkpt>
   <trkpt lat="48.3254590" lon="-121.7376520">
    <ele>1261.0</ele>
    <time>2026-06-14T22:19:16Z</time>
    
   </trkpt>
   <trkpt lat="48.3254600" lon="-121.7376390">
    <ele>1260.6</ele>
    <time>2026-06-14T22:19:17Z</time>
    
   </trkpt>
   <trkpt lat="48.3254630" lon="-121.7375690">
    <ele>1259.6</ele>
    <time>2026-06-14T22:19:21Z</time>
    
   </trkpt>
   <trkpt lat="48.3254500" lon="-121.7374970">
    <ele>1259.0</ele>
    <time>2026-06-14T22:19:25Z</time>
    
   </trkpt>
   <trkpt lat="48.3254480" lon="-121.7374820">
    <ele>1258.8</ele>
    <time>2026-06-14T22:19:26Z</time>
    
   </trkpt>
   <trkpt lat="48.3254430" lon="-121.7374480">
    <ele>1258.2</ele>
    <time>2026-06-14T22:19:28Z</time>
    
   </trkpt>
   <trkpt lat="48.3254540" lon="-121.7374000">
    <ele>1257.2</ele>
    <time>2026-06-14T22:19:35Z</time>
    
   </trkpt>
   <trkpt lat="48.3254610" lon="-121.7373700">
    <ele>1256.4</ele>
    <time>2026-06-14T22:19:38Z</time>
    
   </trkpt>
   <trkpt lat="48.3254720" lon="-121.7373580">
    <ele>1256.0</ele>
    <time>2026-06-14T22:19:40Z</time>
    
   </trkpt>
   <trkpt lat="48.3254810" lon="-121.7373300">
    <ele>1254.8</ele>
    <time>2026-06-14T22:19:44Z</time>
    
   </trkpt>
   <trkpt lat="48.3254730" lon="-121.7372550">
    <ele>1253.6</ele>
    <time>2026-06-14T22:19:49Z</time>
    
   </trkpt>
   <trkpt lat="48.3254720" lon="-121.7371960">
    <ele>1252.4</ele>
    <time>2026-06-14T22:19:55Z</time>
    
   </trkpt>
   <trkpt lat="48.3254720" lon="-121.7371840">
    <ele>1252.2</ele>
    <time>2026-06-14T22:19:56Z</time>
    
   </trkpt>
   <trkpt lat="48.3254630" lon="-121.7371510">
    <ele>1251.4</ele>
    <time>2026-06-14T22:20:00Z</time>
    
   </trkpt>
   <trkpt lat="48.3254460" lon="-121.7370810">
    <ele>1250.4</ele>
    <time>2026-06-14T22:20:05Z</time>
    
   </trkpt>
   <trkpt lat="48.3254300" lon="-121.7369990">
    <ele>1250.0</ele>
    <time>2026-06-14T22:20:09Z</time>
    
   </trkpt>
   <trkpt lat="48.3254240" lon="-121.7369490">
    <ele>1249.6</ele>
    <time>2026-06-14T22:20:11Z</time>
    
   </trkpt>
   <trkpt lat="48.3254220" lon="-121.7369350">
    <ele>1249.6</ele>
    <time>2026-06-14T22:20:12Z</time>
    
   </trkpt>
   <trkpt lat="48.3254190" lon="-121.7369110">
    <ele>1249.4</ele>
    <time>2026-06-14T22:20:13Z</time>
    
   </trkpt>
   <trkpt lat="48.3254180" lon="-121.7368290">
    <ele>1248.6</ele>
    <time>2026-06-14T22:20:18Z</time>
    
   </trkpt>
   <trkpt lat="48.3254210" lon="-121.7368000">
    <ele>1248.2</ele>
    <time>2026-06-14T22:20:20Z</time>
    
   </trkpt>
   <trkpt lat="48.3254240" lon="-121.7367650">
    <ele>1247.4</ele>
    <time>2026-06-14T22:20:23Z</time>
    
   </trkpt>
   <trkpt lat="48.3254230" lon="-121.7367550">
    <ele>1247.0</ele>
    <time>2026-06-14T22:20:24Z</time>
    
   </trkpt>
   <trkpt lat="48.3254210" lon="-121.7367390">
    <ele>1246.2</ele>
    <time>2026-06-14T22:20:26Z</time>
    
   </trkpt>
   <trkpt lat="48.3254180" lon="-121.7367330">
    <ele>1245.8</ele>
    <time>2026-06-14T22:20:27Z</time>
    
   </trkpt>
   <trkpt lat="48.3254050" lon="-121.7366880">
    <ele>1244.6</ele>
    <time>2026-06-14T22:20:34Z</time>
    
   </trkpt>
   <trkpt lat="48.3254040" lon="-121.7366830">
    <ele>1244.2</ele>
    <time>2026-06-14T22:20:35Z</time>
    
   </trkpt>
   <trkpt lat="48.3254030" lon="-121.7366790">
    <ele>1244.0</ele>
    <time>2026-06-14T22:20:36Z</time>
    
   </trkpt>
   <trkpt lat="48.3253920" lon="-121.7366330">
    <ele>1243.6</ele>
    <time>2026-06-14T22:20:39Z</time>
    
   </trkpt>
   <trkpt lat="48.3254020" lon="-121.7366080">
    <ele>1242.4</ele>
    <time>2026-06-14T22:20:43Z</time>
    
   </trkpt>
   <trkpt lat="48.3254350" lon="-121.7365860">
    <ele>1241.2</ele>
    <time>2026-06-14T22:20:50Z</time>
    
   </trkpt>
   <trkpt lat="48.3254270" lon="-121.7365100">
    <ele>1240.0</ele>
    <time>2026-06-14T22:20:56Z</time>
    
   </trkpt>
   <trkpt lat="48.3254100" lon="-121.7364630">
    <ele>1238.8</ele>
    <time>2026-06-14T22:21:01Z</time>
    
   </trkpt>
   <trkpt lat="48.3254100" lon="-121.7364260">
    <ele>1238.0</ele>
    <time>2026-06-14T22:21:05Z</time>
    
   </trkpt>
   <trkpt lat="48.3254200" lon="-121.7363770">
    <ele>1237.6</ele>
    <time>2026-06-14T22:21:09Z</time>
    
   </trkpt>
   <trkpt lat="48.3254260" lon="-121.7363610">
    <ele>1236.6</ele>
    <time>2026-06-14T22:21:14Z</time>
    
   </trkpt>
   <trkpt lat="48.3254390" lon="-121.7363100">
    <ele>1235.4</ele>
    <time>2026-06-14T22:21:19Z</time>
    
   </trkpt>
   <trkpt lat="48.3254450" lon="-121.7362880">
    <ele>1234.2</ele>
    <time>2026-06-14T22:21:22Z</time>
    
   </trkpt>
   <trkpt lat="48.3254700" lon="-121.7362390">
    <ele>1233.4</ele>
    <time>2026-06-14T22:21:26Z</time>
    
   </trkpt>
   <trkpt lat="48.3255060" lon="-121.7362110">
    <ele>1233.2</ele>
    <time>2026-06-14T22:21:29Z</time>
    
   </trkpt>
   <trkpt lat="48.3255230" lon="-121.7361830">
    <ele>1232.6</ele>
    <time>2026-06-14T22:21:33Z</time>
    
   </trkpt>
   <trkpt lat="48.3255200" lon="-121.7361800">
    <ele>1232.2</ele>
    <time>2026-06-14T22:21:35Z</time>
    
   </trkpt>
   <trkpt lat="48.3255350" lon="-121.7361600">
    <ele>1231.2</ele>
    <time>2026-06-14T22:21:39Z</time>
    
   </trkpt>
   <trkpt lat="48.3255480" lon="-121.7361310">
    <ele>1230.8</ele>
    <time>2026-06-14T22:21:44Z</time>
    
   </trkpt>
   <trkpt lat="48.3255580" lon="-121.7361300">
    <ele>1229.8</ele>
    <time>2026-06-14T22:21:49Z</time>
    
   </trkpt>
   <trkpt lat="48.3255770" lon="-121.7361200">
    <ele>1229.0</ele>
    <time>2026-06-14T22:22:00Z</time>
    
   </trkpt>
   <trkpt lat="48.3255890" lon="-121.7361150">
    <ele>1229.0</ele>
    <time>2026-06-14T22:22:03Z</time>
    
   </trkpt>
   <trkpt lat="48.3256040" lon="-121.7361160">
    <ele>1229.2</ele>
    <time>2026-06-14T22:22:07Z</time>
    
   </trkpt>
   <trkpt lat="48.3256150" lon="-121.7361170">
    <ele>1229.2</ele>
    <time>2026-06-14T22:22:10Z</time>
    
   </trkpt>
   <trkpt lat="48.3256140" lon="-121.7361210">
    <ele>1229.2</ele>
    <time>2026-06-14T22:22:11Z</time>
    
   </trkpt>
   <trkpt lat="48.3256110" lon="-121.7361320">
    <ele>1229.0</ele>
    <time>2026-06-14T22:22:13Z</time>
    
   </trkpt>
   <trkpt lat="48.3256100" lon="-121.7361350">
    <ele>1229.0</ele>
    <time>2026-06-14T22:22:14Z</time>
    
   </trkpt>
   <trkpt lat="48.3255850" lon="-121.7361540">
    <ele>1228.8</ele>
    <time>2026-06-14T22:22:18Z</time>
    
   </trkpt>
   <trkpt lat="48.3255790" lon="-121.7361600">
    <ele>1228.8</ele>
    <time>2026-06-14T22:22:19Z</time>
    
   </trkpt>
   <trkpt lat="48.3255430" lon="-121.7361960">
    <ele>1228.8</ele>
    <time>2026-06-14T22:22:24Z</time>
    
   </trkpt>
   <trkpt lat="48.3255340" lon="-121.7364680">
    <ele>1228.8</ele>
    <time>2026-06-14T22:22:37Z</time>
    
   </trkpt>
   <trkpt lat="48.3255400" lon="-121.7364400">
    <ele>1229.0</ele>
    <time>2026-06-14T22:22:41Z</time>
    
   </trkpt>
   <trkpt lat="48.3255060" lon="-121.7361740">
    <ele>1229.0</ele>
    <time>2026-06-14T22:22:47Z</time>
    
   </trkpt>
   <trkpt lat="48.3255270" lon="-121.7361520">
    <ele>1229.0</ele>
    <time>2026-06-14T22:22:48Z</time>
    
   </trkpt>
   <trkpt lat="48.3255330" lon="-121.7361360">
    <ele>1230.0</ele>
    <time>2026-06-14T22:22:54Z</time>
    
   </trkpt>
   <trkpt lat="48.3255440" lon="-121.7361240">
    <ele>1230.2</ele>
    <time>2026-06-14T22:23:00Z</time>
    
   </trkpt>
   <trkpt lat="48.3255460" lon="-121.7361240">
    <ele>1230.4</ele>
    <time>2026-06-14T22:23:01Z</time>
    
   </trkpt>
   <trkpt lat="48.3255440" lon="-121.7361140">
    <ele>1231.0</ele>
    <time>2026-06-14T22:23:10Z</time>
    
   </trkpt>
   <trkpt lat="48.3255320" lon="-121.7361040">
    <ele>1230.8</ele>
    <time>2026-06-14T22:23:14Z</time>
    
   </trkpt>
   <trkpt lat="48.3255270" lon="-121.7361000">
    <ele>1230.8</ele>
    <time>2026-06-14T22:23:16Z</time>
    
   </trkpt>
   <trkpt lat="48.3255270" lon="-121.7361000">
    <ele>1230.8</ele>
    <time>2026-06-14T22:23:17Z</time>
    
   </trkpt>
   <trkpt lat="48.3255260" lon="-121.7360990">
    <ele>1230.8</ele>
    <time>2026-06-14T22:23:18Z</time>
    
   </trkpt>
   <trkpt lat="48.3255250" lon="-121.7361000">
    <ele>1230.8</ele>
    <time>2026-06-14T22:23:19Z</time>
    
   </trkpt>
   <trkpt lat="48.3255200" lon="-121.7361030">
    <ele>1231.0</ele>
    <time>2026-06-14T22:23:23Z</time>
    
   </trkpt>
   <trkpt lat="48.3254940" lon="-121.7361140">
    <ele>1230.8</ele>
    <time>2026-06-14T22:23:35Z</time>
    
   </trkpt>
   <trkpt lat="48.3254820" lon="-121.7361320">
    <ele>1230.8</ele>
    <time>2026-06-14T22:23:40Z</time>
    
   </trkpt>
   <trkpt lat="48.3254830" lon="-121.7361340">
    <ele>1230.8</ele>
    <time>2026-06-14T22:23:41Z</time>
    
   </trkpt>
   <trkpt lat="48.3254850" lon="-121.7361360">
    <ele>1230.8</ele>
    <time>2026-06-14T22:23:42Z</time>
    
   </trkpt>
   <trkpt lat="48.3254920" lon="-121.7361540">
    <ele>1230.8</ele>
    <time>2026-06-14T22:23:46Z</time>
    
   </trkpt>
   <trkpt lat="48.3254970" lon="-121.7361630">
    <ele>1230.8</ele>
    <time>2026-06-14T22:23:49Z</time>
    
   </trkpt>
   <trkpt lat="48.3255070" lon="-121.7361840">
    <ele>1231.0</ele>
    <time>2026-06-14T22:23:55Z</time>
    
   </trkpt>
   <trkpt lat="48.3255060" lon="-121.7361810">
    <ele>1230.8</ele>
    <time>2026-06-14T22:23:57Z</time>
    
   </trkpt>
   <trkpt lat="48.3255090" lon="-121.7361770">
    <ele>1230.8</ele>
    <time>2026-06-14T22:24:07Z</time>
    
   </trkpt>
   <trkpt lat="48.3255240" lon="-121.7361310">
    <ele>1230.8</ele>
    <time>2026-06-14T22:24:15Z</time>
    
   </trkpt>
   <trkpt lat="48.3255320" lon="-121.7360780">
    <ele>1230.2</ele>
    <time>2026-06-14T22:24:24Z</time>
    
   </trkpt>
   <trkpt lat="48.3255290" lon="-121.7360750">
    <ele>1230.4</ele>
    <time>2026-06-14T22:24:31Z</time>
    
   </trkpt>
   <trkpt lat="48.3255300" lon="-121.7360700">
    <ele>1230.4</ele>
    <time>2026-06-14T22:24:34Z</time>
    
   </trkpt>
   <trkpt lat="48.3255270" lon="-121.7360710">
    <ele>1230.2</ele>
    <time>2026-06-14T22:24:35Z</time>
    
   </trkpt>
   <trkpt lat="48.3255190" lon="-121.7360690">
    <ele>1230.4</ele>
    <time>2026-06-14T22:24:37Z</time>
    
   </trkpt>
   <trkpt lat="48.3255120" lon="-121.7360650">
    <ele>1230.6</ele>
    <time>2026-06-14T22:24:40Z</time>
    
   </trkpt>
   <trkpt lat="48.3255110" lon="-121.7360660">
    <ele>1230.6</ele>
    <time>2026-06-14T22:24:41Z</time>
    
   </trkpt>
   <trkpt lat="48.3254930" lon="-121.7360500">
    <ele>1230.6</ele>
    <time>2026-06-14T22:24:46Z</time>
    
   </trkpt>
   <trkpt lat="48.3254860" lon="-121.7360420">
    <ele>1230.8</ele>
    <time>2026-06-14T22:24:53Z</time>
    
   </trkpt>
   <trkpt lat="48.3254840" lon="-121.7360580">
    <ele>1230.8</ele>
    <time>2026-06-14T22:24:58Z</time>
    
   </trkpt>
   <trkpt lat="48.3254770" lon="-121.7360730">
    <ele>1229.8</ele>
    <time>2026-06-14T22:25:04Z</time>
    
   </trkpt>
   <trkpt lat="48.3254740" lon="-121.7360890">
    <ele>1229.4</ele>
    <time>2026-06-14T22:25:10Z</time>
    
   </trkpt>
   <trkpt lat="48.3254750" lon="-121.7360850">
    <ele>1229.4</ele>
    <time>2026-06-14T22:25:11Z</time>
    
   </trkpt>
   <trkpt lat="48.3254770" lon="-121.7360810">
    <ele>1229.4</ele>
    <time>2026-06-14T22:25:12Z</time>
    
   </trkpt>
   <trkpt lat="48.3254750" lon="-121.7360820">
    <ele>1229.4</ele>
    <time>2026-06-14T22:25:13Z</time>
    
   </trkpt>
   <trkpt lat="48.3254400" lon="-121.7360410">
    <ele>1229.4</ele>
    <time>2026-06-14T22:25:20Z</time>
    
   </trkpt>
   <trkpt lat="48.3254030" lon="-121.7360200">
    <ele>1230.6</ele>
    <time>2026-06-14T22:25:28Z</time>
    
   </trkpt>
   <trkpt lat="48.3253990" lon="-121.7360200">
    <ele>1230.4</ele>
    <time>2026-06-14T22:25:31Z</time>
    
   </trkpt>
   <trkpt lat="48.3254000" lon="-121.7360230">
    <ele>1230.0</ele>
    <time>2026-06-14T22:25:33Z</time>
    
   </trkpt>
   <trkpt lat="48.3254050" lon="-121.7360340">
    <ele>1229.4</ele>
    <time>2026-06-14T22:25:40Z</time>
    
   </trkpt>
   <trkpt lat="48.3254020" lon="-121.7360550">
    <ele>1229.8</ele>
    <time>2026-06-14T22:25:44Z</time>
    
   </trkpt>
   <trkpt lat="48.3254050" lon="-121.7360590">
    <ele>1230.2</ele>
    <time>2026-06-14T22:25:47Z</time>
    
   </trkpt>
   <trkpt lat="48.3254220" lon="-121.7360680">
    <ele>1230.2</ele>
    <time>2026-06-14T22:25:51Z</time>
    
   </trkpt>
   <trkpt lat="48.3254500" lon="-121.7360780">
    <ele>1230.0</ele>
    <time>2026-06-14T22:25:55Z</time>
    
   </trkpt>
   <trkpt lat="48.3255090" lon="-121.7360940">
    <ele>1230.2</ele>
    <time>2026-06-14T22:26:07Z</time>
    
   </trkpt>
   <trkpt lat="48.3255070" lon="-121.7360860">
    <ele>1230.6</ele>
    <time>2026-06-14T22:26:23Z</time>
    
   </trkpt>
   <trkpt lat="48.3254890" lon="-121.7360770">
    <ele>1230.0</ele>
    <time>2026-06-14T22:26:30Z</time>
    
   </trkpt>
   <trkpt lat="48.3254940" lon="-121.7360700">
    <ele>1230.0</ele>
    <time>2026-06-14T22:26:31Z</time>
    
   </trkpt>
   <trkpt lat="48.3254970" lon="-121.7360470">
    <ele>1229.0</ele>
    <time>2026-06-14T22:26:34Z</time>
    
   </trkpt>
   <trkpt lat="48.3255020" lon="-121.7360350">
    <ele>1228.8</ele>
    <time>2026-06-14T22:26:35Z</time>
    
   </trkpt>
   <trkpt lat="48.3255200" lon="-121.7360110">
    <ele>1228.0</ele>
    <time>2026-06-14T22:26:39Z</time>
    
   </trkpt>
   <trkpt lat="48.3255280" lon="-121.7360040">
    <ele>1227.8</ele>
    <time>2026-06-14T22:26:40Z</time>
    
   </trkpt>
   <trkpt lat="48.3255460" lon="-121.7359770">
    <ele>1227.2</ele>
    <time>2026-06-14T22:26:43Z</time>
    
   </trkpt>
   <trkpt lat="48.3255520" lon="-121.7359620">
    <ele>1226.6</ele>
    <time>2026-06-14T22:26:45Z</time>
    
   </trkpt>
   <trkpt lat="48.3255640" lon="-121.7359500">
    <ele>1226.0</ele>
    <time>2026-06-14T22:26:47Z</time>
    
   </trkpt>
   <trkpt lat="48.3255720" lon="-121.7359460">
    <ele>1225.6</ele>
    <time>2026-06-14T22:26:48Z</time>
    
   </trkpt>
   <trkpt lat="48.3255950" lon="-121.7359310">
    <ele>1225.2</ele>
    <time>2026-06-14T22:26:50Z</time>
    
   </trkpt>
   <trkpt lat="48.3256100" lon="-121.7358930">
    <ele>1224.8</ele>
    <time>2026-06-14T22:26:54Z</time>
    
   </trkpt>
   <trkpt lat="48.3256190" lon="-121.7358790">
    <ele>1224.8</ele>
    <time>2026-06-14T22:26:56Z</time>
    
   </trkpt>
   <trkpt lat="48.3256260" lon="-121.7358140">
    <ele>1224.8</ele>
    <time>2026-06-14T22:27:01Z</time>
    
   </trkpt>
   <trkpt lat="48.3256430" lon="-121.7357730">
    <ele>1225.2</ele>
    <time>2026-06-14T22:27:04Z</time>
    
   </trkpt>
   <trkpt lat="48.3256470" lon="-121.7357400">
    <ele>1225.2</ele>
    <time>2026-06-14T22:27:07Z</time>
    
   </trkpt>
   <trkpt lat="48.3256720" lon="-121.7356900">
    <ele>1224.8</ele>
    <time>2026-06-14T22:27:11Z</time>
    
   </trkpt>
   <trkpt lat="48.3256770" lon="-121.7356850">
    <ele>1224.8</ele>
    <time>2026-06-14T22:27:12Z</time>
    
   </trkpt>
   <trkpt lat="48.3256850" lon="-121.7356770">
    <ele>1224.6</ele>
    <time>2026-06-14T22:27:13Z</time>
    
   </trkpt>
   <trkpt lat="48.3256910" lon="-121.7356650">
    <ele>1224.4</ele>
    <time>2026-06-14T22:27:14Z</time>
    
   </trkpt>
   <trkpt lat="48.3256970" lon="-121.7356590">
    <ele>1224.4</ele>
    <time>2026-06-14T22:27:15Z</time>
    
   </trkpt>
   <trkpt lat="48.3257050" lon="-121.7356510">
    <ele>1224.2</ele>
    <time>2026-06-14T22:27:17Z</time>
    
   </trkpt>
   <trkpt lat="48.3257170" lon="-121.7356100">
    <ele>1223.8</ele>
    <time>2026-06-14T22:27:21Z</time>
    
   </trkpt>
   <trkpt lat="48.3257230" lon="-121.7355970">
    <ele>1223.6</ele>
    <time>2026-06-14T22:27:22Z</time>
    
   </trkpt>
   <trkpt lat="48.3257350" lon="-121.7355750">
    <ele>1223.4</ele>
    <time>2026-06-14T22:27:24Z</time>
    
   </trkpt>
   <trkpt lat="48.3257400" lon="-121.7355690">
    <ele>1223.2</ele>
    <time>2026-06-14T22:27:25Z</time>
    
   </trkpt>
   <trkpt lat="48.3257540" lon="-121.7355450">
    <ele>1222.2</ele>
    <time>2026-06-14T22:27:28Z</time>
    
   </trkpt>
   <trkpt lat="48.3257650" lon="-121.7355270">
    <ele>1221.4</ele>
    <time>2026-06-14T22:27:31Z</time>
    
   </trkpt>
   <trkpt lat="48.3257690" lon="-121.7355220">
    <ele>1221.2</ele>
    <time>2026-06-14T22:27:32Z</time>
    
   </trkpt>
   <trkpt lat="48.3257690" lon="-121.7354780">
    <ele>1220.6</ele>
    <time>2026-06-14T22:27:35Z</time>
    
   </trkpt>
   <trkpt lat="48.3257730" lon="-121.7354600">
    <ele>1220.4</ele>
    <time>2026-06-14T22:27:37Z</time>
    
   </trkpt>
   <trkpt lat="48.3257770" lon="-121.7354500">
    <ele>1220.0</ele>
    <time>2026-06-14T22:27:39Z</time>
    
   </trkpt>
   <trkpt lat="48.3257780" lon="-121.7354430">
    <ele>1219.8</ele>
    <time>2026-06-14T22:27:40Z</time>
    
   </trkpt>
   <trkpt lat="48.3257750" lon="-121.7354220">
    <ele>1219.2</ele>
    <time>2026-06-14T22:27:42Z</time>
    
   </trkpt>
   <trkpt lat="48.3257750" lon="-121.7354070">
    <ele>1218.8</ele>
    <time>2026-06-14T22:27:44Z</time>
    
   </trkpt>
   <trkpt lat="48.3257730" lon="-121.7353570">
    <ele>1217.8</ele>
    <time>2026-06-14T22:27:48Z</time>
    
   </trkpt>
   <trkpt lat="48.3257720" lon="-121.7353410">
    <ele>1217.4</ele>
    <time>2026-06-14T22:27:49Z</time>
    
   </trkpt>
   <trkpt lat="48.3257710" lon="-121.7353080">
    <ele>1217.2</ele>
    <time>2026-06-14T22:27:51Z</time>
    
   </trkpt>
   <trkpt lat="48.3257710" lon="-121.7352990">
    <ele>1217.0</ele>
    <time>2026-06-14T22:27:52Z</time>
    
   </trkpt>
   <trkpt lat="48.3257880" lon="-121.7352760">
    <ele>1216.8</ele>
    <time>2026-06-14T22:27:53Z</time>
    
   </trkpt>
   <trkpt lat="48.3257940" lon="-121.7352600">
    <ele>1216.6</ele>
    <time>2026-06-14T22:27:54Z</time>
    
   </trkpt>
   <trkpt lat="48.3258240" lon="-121.7352010">
    <ele>1215.6</ele>
    <time>2026-06-14T22:27:58Z</time>
    
   </trkpt>
   <trkpt lat="48.3258400" lon="-121.7351770">
    <ele>1215.6</ele>
    <time>2026-06-14T22:28:00Z</time>
    
   </trkpt>
   <trkpt lat="48.3258720" lon="-121.7351110">
    <ele>1215.2</ele>
    <time>2026-06-14T22:28:05Z</time>
    
   </trkpt>
   <trkpt lat="48.3258960" lon="-121.7350770">
    <ele>1214.6</ele>
    <time>2026-06-14T22:28:07Z</time>
    
   </trkpt>
   <trkpt lat="48.3259200" lon="-121.7349910">
    <ele>1214.2</ele>
    <time>2026-06-14T22:28:12Z</time>
    
   </trkpt>
   <trkpt lat="48.3259330" lon="-121.7349490">
    <ele>1214.8</ele>
    <time>2026-06-14T22:28:15Z</time>
    
   </trkpt>
   <trkpt lat="48.3259430" lon="-121.7349200">
    <ele>1215.2</ele>
    <time>2026-06-14T22:28:17Z</time>
    
   </trkpt>
   <trkpt lat="48.3259540" lon="-121.7348990">
    <ele>1215.8</ele>
    <time>2026-06-14T22:28:19Z</time>
    
   </trkpt>
   <trkpt lat="48.3259840" lon="-121.7348720">
    <ele>1216.6</ele>
    <time>2026-06-14T22:28:22Z</time>
    
   </trkpt>
   <trkpt lat="48.3259960" lon="-121.7348690">
    <ele>1217.2</ele>
    <time>2026-06-14T22:28:24Z</time>
    
   </trkpt>
   <trkpt lat="48.3260000" lon="-121.7348650">
    <ele>1217.6</ele>
    <time>2026-06-14T22:28:25Z</time>
    
   </trkpt>
   <trkpt lat="48.3260060" lon="-121.7348580">
    <ele>1217.8</ele>
    <time>2026-06-14T22:28:26Z</time>
    
   </trkpt>
   <trkpt lat="48.3260090" lon="-121.7348470">
    <ele>1218.2</ele>
    <time>2026-06-14T22:28:27Z</time>
    
   </trkpt>
   <trkpt lat="48.3260160" lon="-121.7348210">
    <ele>1218.8</ele>
    <time>2026-06-14T22:28:29Z</time>
    
   </trkpt>
   <trkpt lat="48.3260180" lon="-121.7348130">
    <ele>1219.0</ele>
    <time>2026-06-14T22:28:30Z</time>
    
   </trkpt>
   <trkpt lat="48.3260210" lon="-121.7348030">
    <ele>1219.2</ele>
    <time>2026-06-14T22:28:31Z</time>
    
   </trkpt>
   <trkpt lat="48.3260270" lon="-121.7347780">
    <ele>1219.6</ele>
    <time>2026-06-14T22:28:33Z</time>
    
   </trkpt>
   <trkpt lat="48.3260370" lon="-121.7347700">
    <ele>1219.8</ele>
    <time>2026-06-14T22:28:34Z</time>
    
   </trkpt>
   <trkpt lat="48.3260420" lon="-121.7347610">
    <ele>1219.8</ele>
    <time>2026-06-14T22:28:35Z</time>
    
   </trkpt>
   <trkpt lat="48.3260530" lon="-121.7347510">
    <ele>1219.8</ele>
    <time>2026-06-14T22:28:36Z</time>
    
   </trkpt>
   <trkpt lat="48.3260670" lon="-121.7347340">
    <ele>1220.0</ele>
    <time>2026-06-14T22:28:38Z</time>
    
   </trkpt>
   <trkpt lat="48.3260750" lon="-121.7347250">
    <ele>1220.2</ele>
    <time>2026-06-14T22:28:39Z</time>
    
   </trkpt>
   <trkpt lat="48.3260930" lon="-121.7347050">
    <ele>1220.4</ele>
    <time>2026-06-14T22:28:41Z</time>
    
   </trkpt>
   <trkpt lat="48.3261050" lon="-121.7346500">
    <ele>1220.6</ele>
    <time>2026-06-14T22:28:45Z</time>
    
   </trkpt>
   <trkpt lat="48.3261060" lon="-121.7346420">
    <ele>1220.6</ele>
    <time>2026-06-14T22:28:46Z</time>
    
   </trkpt>
   <trkpt lat="48.3261240" lon="-121.7346250">
    <ele>1220.8</ele>
    <time>2026-06-14T22:28:49Z</time>
    
   </trkpt>
   <trkpt lat="48.3261290" lon="-121.7346180">
    <ele>1221.0</ele>
    <time>2026-06-14T22:28:50Z</time>
    
   </trkpt>
   <trkpt lat="48.3261400" lon="-121.7345930">
    <ele>1221.4</ele>
    <time>2026-06-14T22:28:53Z</time>
    
   </trkpt>
   <trkpt lat="48.3261520" lon="-121.7345720">
    <ele>1221.4</ele>
    <time>2026-06-14T22:28:55Z</time>
    
   </trkpt>
   <trkpt lat="48.3262140" lon="-121.7345170">
    <ele>1222.0</ele>
    <time>2026-06-14T22:28:59Z</time>
    
   </trkpt>
   <trkpt lat="48.3262240" lon="-121.7345130">
    <ele>1222.2</ele>
    <time>2026-06-14T22:29:00Z</time>
    
   </trkpt>
   <trkpt lat="48.3262480" lon="-121.7344880">
    <ele>1222.6</ele>
    <time>2026-06-14T22:29:03Z</time>
    
   </trkpt>
   <trkpt lat="48.3262560" lon="-121.7344780">
    <ele>1222.8</ele>
    <time>2026-06-14T22:29:04Z</time>
    
   </trkpt>
   <trkpt lat="48.3262650" lon="-121.7344640">
    <ele>1223.2</ele>
    <time>2026-06-14T22:29:06Z</time>
    
   </trkpt>
   <trkpt lat="48.3262800" lon="-121.7344350">
    <ele>1223.8</ele>
    <time>2026-06-14T22:29:09Z</time>
    
   </trkpt>
   <trkpt lat="48.3263080" lon="-121.7343990">
    <ele>1224.8</ele>
    <time>2026-06-14T22:29:14Z</time>
    
   </trkpt>
   <trkpt lat="48.3263240" lon="-121.7343790">
    <ele>1225.2</ele>
    <time>2026-06-14T22:29:16Z</time>
    
   </trkpt>
   <trkpt lat="48.3263270" lon="-121.7343780">
    <ele>1225.4</ele>
    <time>2026-06-14T22:29:17Z</time>
    
   </trkpt>
   <trkpt lat="48.3263350" lon="-121.7343460">
    <ele>1225.8</ele>
    <time>2026-06-14T22:29:20Z</time>
    
   </trkpt>
   <trkpt lat="48.3263380" lon="-121.7343400">
    <ele>1226.0</ele>
    <time>2026-06-14T22:29:21Z</time>
    
   </trkpt>
   <trkpt lat="48.3263690" lon="-121.7343330">
    <ele>1227.0</ele>
    <time>2026-06-14T22:29:28Z</time>
    
   </trkpt>
   <trkpt lat="48.3263780" lon="-121.7343310">
    <ele>1227.4</ele>
    <time>2026-06-14T22:29:29Z</time>
    
   </trkpt>
   <trkpt lat="48.3263950" lon="-121.7343260">
    <ele>1228.2</ele>
    <time>2026-06-14T22:29:31Z</time>
    
   </trkpt>
   <trkpt lat="48.3264310" lon="-121.7342800">
    <ele>1229.4</ele>
    <time>2026-06-14T22:29:36Z</time>
    
   </trkpt>
   <trkpt lat="48.3264540" lon="-121.7342410">
    <ele>1230.0</ele>
    <time>2026-06-14T22:29:39Z</time>
    
   </trkpt>
   <trkpt lat="48.3264660" lon="-121.7342200">
    <ele>1230.6</ele>
    <time>2026-06-14T22:29:41Z</time>
    
   </trkpt>
   <trkpt lat="48.3264690" lon="-121.7342110">
    <ele>1230.8</ele>
    <time>2026-06-14T22:29:42Z</time>
    
   </trkpt>
   <trkpt lat="48.3264690" lon="-121.7342070">
    <ele>1231.2</ele>
    <time>2026-06-14T22:29:44Z</time>
    
   </trkpt>
   <trkpt lat="48.3264760" lon="-121.7341940">
    <ele>1231.6</ele>
    <time>2026-06-14T22:29:47Z</time>
    
   </trkpt>
   <trkpt lat="48.3264790" lon="-121.7341600">
    <ele>1232.0</ele>
    <time>2026-06-14T22:29:50Z</time>
    
   </trkpt>
   <trkpt lat="48.3264810" lon="-121.7341500">
    <ele>1232.2</ele>
    <time>2026-06-14T22:29:51Z</time>
    
   </trkpt>
   <trkpt lat="48.3265040" lon="-121.7341200">
    <ele>1232.6</ele>
    <time>2026-06-14T22:29:59Z</time>
    
   </trkpt>
   <trkpt lat="48.3265190" lon="-121.7341050">
    <ele>1233.6</ele>
    <time>2026-06-14T22:30:02Z</time>
    
   </trkpt>
   <trkpt lat="48.3265250" lon="-121.7340990">
    <ele>1233.8</ele>
    <time>2026-06-14T22:30:03Z</time>
    
   </trkpt>
   <trkpt lat="48.3265480" lon="-121.7340390">
    <ele>1234.8</ele>
    <time>2026-06-14T22:30:14Z</time>
    
   </trkpt>
   <trkpt lat="48.3265500" lon="-121.7340110">
    <ele>1235.6</ele>
    <time>2026-06-14T22:30:18Z</time>
    
   </trkpt>
   <trkpt lat="48.3265530" lon="-121.7340070">
    <ele>1235.8</ele>
    <time>2026-06-14T22:30:19Z</time>
    
   </trkpt>
   <trkpt lat="48.3265810" lon="-121.7339520">
    <ele>1236.8</ele>
    <time>2026-06-14T22:30:27Z</time>
    
   </trkpt>
   <trkpt lat="48.3266120" lon="-121.7339270">
    <ele>1238.0</ele>
    <time>2026-06-14T22:30:32Z</time>
    
   </trkpt>
   <trkpt lat="48.3266220" lon="-121.7338910">
    <ele>1239.0</ele>
    <time>2026-06-14T22:30:46Z</time>
    
   </trkpt>
   <trkpt lat="48.3266220" lon="-121.7338860">
    <ele>1239.2</ele>
    <time>2026-06-14T22:30:47Z</time>
    
   </trkpt>
   <trkpt lat="48.3266220" lon="-121.7338550">
    <ele>1239.8</ele>
    <time>2026-06-14T22:30:51Z</time>
    
   </trkpt>
   <trkpt lat="48.3266380" lon="-121.7338330">
    <ele>1240.2</ele>
    <time>2026-06-14T22:30:55Z</time>
    
   </trkpt>
   <trkpt lat="48.3266420" lon="-121.7338120">
    <ele>1240.6</ele>
    <time>2026-06-14T22:31:00Z</time>
    
   </trkpt>
   <trkpt lat="48.3266330" lon="-121.7337900">
    <ele>1241.2</ele>
    <time>2026-06-14T22:31:10Z</time>
    
   </trkpt>
   <trkpt lat="48.3266330" lon="-121.7337850">
    <ele>1241.6</ele>
    <time>2026-06-14T22:31:13Z</time>
    
   </trkpt>
   <trkpt lat="48.3266290" lon="-121.7337830">
    <ele>1240.8</ele>
    <time>2026-06-14T22:31:20Z</time>
    
   </trkpt>
   <trkpt lat="48.3266250" lon="-121.7337810">
    <ele>1240.2</ele>
    <time>2026-06-14T22:31:24Z</time>
    
   </trkpt>
   <trkpt lat="48.3266270" lon="-121.7337870">
    <ele>1240.2</ele>
    <time>2026-06-14T22:31:29Z</time>
    
   </trkpt>
   <trkpt lat="48.3266330" lon="-121.7337810">
    <ele>1240.4</ele>
    <time>2026-06-14T22:31:36Z</time>
    
   </trkpt>
   <trkpt lat="48.3266400" lon="-121.7337760">
    <ele>1240.6</ele>
    <time>2026-06-14T22:31:38Z</time>
    
   </trkpt>
   <trkpt lat="48.3266440" lon="-121.7337630">
    <ele>1240.8</ele>
    <time>2026-06-14T22:31:40Z</time>
    
   </trkpt>
   <trkpt lat="48.3266520" lon="-121.7337540">
    <ele>1241.2</ele>
    <time>2026-06-14T22:31:42Z</time>
    
   </trkpt>
   <trkpt lat="48.3266580" lon="-121.7337420">
    <ele>1241.8</ele>
    <time>2026-06-14T22:31:44Z</time>
    
   </trkpt>
   <trkpt lat="48.3266690" lon="-121.7337270">
    <ele>1242.4</ele>
    <time>2026-06-14T22:31:48Z</time>
    
   </trkpt>
   <trkpt lat="48.3266840" lon="-121.7337010">
    <ele>1243.0</ele>
    <time>2026-06-14T22:31:52Z</time>
    
   </trkpt>
   <trkpt lat="48.3266880" lon="-121.7336840">
    <ele>1243.2</ele>
    <time>2026-06-14T22:31:55Z</time>
    
   </trkpt>
   <trkpt lat="48.3266960" lon="-121.7336720">
    <ele>1243.6</ele>
    <time>2026-06-14T22:31:57Z</time>
    
   </trkpt>
   <trkpt lat="48.3267010" lon="-121.7336630">
    <ele>1244.4</ele>
    <time>2026-06-14T22:31:59Z</time>
    
   </trkpt>
   <trkpt lat="48.3267070" lon="-121.7336530">
    <ele>1244.8</ele>
    <time>2026-06-14T22:32:01Z</time>
    
   </trkpt>
   <trkpt lat="48.3267220" lon="-121.7336450">
    <ele>1245.8</ele>
    <time>2026-06-14T22:32:06Z</time>
    
   </trkpt>
   <trkpt lat="48.3267360" lon="-121.7336260">
    <ele>1246.6</ele>
    <time>2026-06-14T22:32:10Z</time>
    
   </trkpt>
   <trkpt lat="48.3267400" lon="-121.7336200">
    <ele>1246.8</ele>
    <time>2026-06-14T22:32:11Z</time>
    
   </trkpt>
   <trkpt lat="48.3267700" lon="-121.7335690">
    <ele>1247.6</ele>
    <time>2026-06-14T22:32:16Z</time>
    
   </trkpt>
   <trkpt lat="48.3267770" lon="-121.7335610">
    <ele>1247.6</ele>
    <time>2026-06-14T22:32:17Z</time>
    
   </trkpt>
   <trkpt lat="48.3267910" lon="-121.7335360">
    <ele>1247.8</ele>
    <time>2026-06-14T22:32:19Z</time>
    
   </trkpt>
   <trkpt lat="48.3268150" lon="-121.7334580">
    <ele>1248.2</ele>
    <time>2026-06-14T22:32:24Z</time>
    
   </trkpt>
   <trkpt lat="48.3268250" lon="-121.7334060">
    <ele>1248.2</ele>
    <time>2026-06-14T22:32:28Z</time>
    
   </trkpt>
   <trkpt lat="48.3268420" lon="-121.7333680">
    <ele>1248.2</ele>
    <time>2026-06-14T22:32:31Z</time>
    
   </trkpt>
   <trkpt lat="48.3268440" lon="-121.7333380">
    <ele>1248.2</ele>
    <time>2026-06-14T22:32:33Z</time>
    
   </trkpt>
   <trkpt lat="48.3268440" lon="-121.7332750">
    <ele>1248.2</ele>
    <time>2026-06-14T22:32:37Z</time>
    
   </trkpt>
   <trkpt lat="48.3268430" lon="-121.7332420">
    <ele>1248.4</ele>
    <time>2026-06-14T22:32:39Z</time>
    
   </trkpt>
   <trkpt lat="48.3268680" lon="-121.7331320">
    <ele>1248.2</ele>
    <time>2026-06-14T22:32:45Z</time>
    
   </trkpt>
   <trkpt lat="48.3268970" lon="-121.7330230">
    <ele>1247.4</ele>
    <time>2026-06-14T22:32:53Z</time>
    
   </trkpt>
   <trkpt lat="48.3269080" lon="-121.7329920">
    <ele>1247.2</ele>
    <time>2026-06-14T22:32:55Z</time>
    
   </trkpt>
   <trkpt lat="48.3269140" lon="-121.7329650">
    <ele>1247.0</ele>
    <time>2026-06-14T22:32:57Z</time>
    
   </trkpt>
   <trkpt lat="48.3269190" lon="-121.7329430">
    <ele>1246.8</ele>
    <time>2026-06-14T22:32:59Z</time>
    
   </trkpt>
   <trkpt lat="48.3269280" lon="-121.7329190">
    <ele>1246.6</ele>
    <time>2026-06-14T22:33:01Z</time>
    
   </trkpt>
   <trkpt lat="48.3269270" lon="-121.7328720">
    <ele>1246.4</ele>
    <time>2026-06-14T22:33:04Z</time>
    
   </trkpt>
   <trkpt lat="48.3269350" lon="-121.7328290">
    <ele>1246.0</ele>
    <time>2026-06-14T22:33:07Z</time>
    
   </trkpt>
   <trkpt lat="48.3269500" lon="-121.7328000">
    <ele>1246.0</ele>
    <time>2026-06-14T22:33:10Z</time>
    
   </trkpt>
   <trkpt lat="48.3269610" lon="-121.7327780">
    <ele>1246.0</ele>
    <time>2026-06-14T22:33:12Z</time>
    
   </trkpt>
   <trkpt lat="48.3269640" lon="-121.7327470">
    <ele>1246.0</ele>
    <time>2026-06-14T22:33:14Z</time>
    
   </trkpt>
   <trkpt lat="48.3269620" lon="-121.7327150">
    <ele>1246.0</ele>
    <time>2026-06-14T22:33:16Z</time>
    
   </trkpt>
   <trkpt lat="48.3269650" lon="-121.7326910">
    <ele>1245.8</ele>
    <time>2026-06-14T22:33:18Z</time>
    
   </trkpt>
   <trkpt lat="48.3269840" lon="-121.7326660">
    <ele>1245.4</ele>
    <time>2026-06-14T22:33:20Z</time>
    
   </trkpt>
   <trkpt lat="48.3269900" lon="-121.7326330">
    <ele>1244.8</ele>
    <time>2026-06-14T22:33:23Z</time>
    
   </trkpt>
   <trkpt lat="48.3269950" lon="-121.7326230">
    <ele>1244.6</ele>
    <time>2026-06-14T22:33:24Z</time>
    
   </trkpt>
   <trkpt lat="48.3270000" lon="-121.7326150">
    <ele>1244.4</ele>
    <time>2026-06-14T22:33:25Z</time>
    
   </trkpt>
   <trkpt lat="48.3270050" lon="-121.7325980">
    <ele>1243.8</ele>
    <time>2026-06-14T22:33:27Z</time>
    
   </trkpt>
   <trkpt lat="48.3270170" lon="-121.7325680">
    <ele>1243.4</ele>
    <time>2026-06-14T22:33:29Z</time>
    
   </trkpt>
   <trkpt lat="48.3270390" lon="-121.7325460">
    <ele>1242.8</ele>
    <time>2026-06-14T22:33:31Z</time>
    
   </trkpt>
   <trkpt lat="48.3270450" lon="-121.7325350">
    <ele>1242.6</ele>
    <time>2026-06-14T22:33:32Z</time>
    
   </trkpt>
   <trkpt lat="48.3270500" lon="-121.7325260">
    <ele>1242.2</ele>
    <time>2026-06-14T22:33:33Z</time>
    
   </trkpt>
   <trkpt lat="48.3270730" lon="-121.7325090">
    <ele>1242.0</ele>
    <time>2026-06-14T22:33:35Z</time>
    
   </trkpt>
   <trkpt lat="48.3270940" lon="-121.7324930">
    <ele>1241.6</ele>
    <time>2026-06-14T22:33:37Z</time>
    
   </trkpt>
   <trkpt lat="48.3271100" lon="-121.7324740">
    <ele>1241.0</ele>
    <time>2026-06-14T22:33:39Z</time>
    
   </trkpt>
   <trkpt lat="48.3271280" lon="-121.7324400">
    <ele>1240.4</ele>
    <time>2026-06-14T22:33:42Z</time>
    
   </trkpt>
   <trkpt lat="48.3271290" lon="-121.7323850">
    <ele>1239.6</ele>
    <time>2026-06-14T22:33:46Z</time>
    
   </trkpt>
   <trkpt lat="48.3271370" lon="-121.7323360">
    <ele>1239.0</ele>
    <time>2026-06-14T22:33:49Z</time>
    
   </trkpt>
   <trkpt lat="48.3271380" lon="-121.7323250">
    <ele>1238.6</ele>
    <time>2026-06-14T22:33:50Z</time>
    
   </trkpt>
   <trkpt lat="48.3271630" lon="-121.7323110">
    <ele>1238.0</ele>
    <time>2026-06-14T22:33:52Z</time>
    
   </trkpt>
   <trkpt lat="48.3271760" lon="-121.7322970">
    <ele>1237.8</ele>
    <time>2026-06-14T22:33:54Z</time>
    
   </trkpt>
   <trkpt lat="48.3271900" lon="-121.7322940">
    <ele>1237.8</ele>
    <time>2026-06-14T22:33:55Z</time>
    
   </trkpt>
   <trkpt lat="48.3272070" lon="-121.7322900">
    <ele>1237.6</ele>
    <time>2026-06-14T22:33:56Z</time>
    
   </trkpt>
   <trkpt lat="48.3272310" lon="-121.7322770">
    <ele>1236.4</ele>
    <time>2026-06-14T22:33:59Z</time>
    
   </trkpt>
   <trkpt lat="48.3272410" lon="-121.7322570">
    <ele>1236.0</ele>
    <time>2026-06-14T22:34:01Z</time>
    
   </trkpt>
   <trkpt lat="48.3272460" lon="-121.7322290">
    <ele>1235.6</ele>
    <time>2026-06-14T22:34:03Z</time>
    
   </trkpt>
   <trkpt lat="48.3272560" lon="-121.7322140">
    <ele>1235.4</ele>
    <time>2026-06-14T22:34:04Z</time>
    
   </trkpt>
   <trkpt lat="48.3272760" lon="-121.7321490">
    <ele>1234.6</ele>
    <time>2026-06-14T22:34:09Z</time>
    
   </trkpt>
   <trkpt lat="48.3272960" lon="-121.7321120">
    <ele>1234.2</ele>
    <time>2026-06-14T22:34:12Z</time>
    
   </trkpt>
   <trkpt lat="48.3273040" lon="-121.7321020">
    <ele>1234.2</ele>
    <time>2026-06-14T22:34:13Z</time>
    
   </trkpt>
   <trkpt lat="48.3273080" lon="-121.7320890">
    <ele>1234.2</ele>
    <time>2026-06-14T22:34:14Z</time>
    
   </trkpt>
   <trkpt lat="48.3273360" lon="-121.7320690">
    <ele>1234.0</ele>
    <time>2026-06-14T22:34:17Z</time>
    
   </trkpt>
   <trkpt lat="48.3273770" lon="-121.7320390">
    <ele>1233.6</ele>
    <time>2026-06-14T22:34:21Z</time>
    
   </trkpt>
   <trkpt lat="48.3274020" lon="-121.7320280">
    <ele>1233.2</ele>
    <time>2026-06-14T22:34:23Z</time>
    
   </trkpt>
   <trkpt lat="48.3274160" lon="-121.7320170">
    <ele>1232.8</ele>
    <time>2026-06-14T22:34:25Z</time>
    
   </trkpt>
   <trkpt lat="48.3274210" lon="-121.7319940">
    <ele>1232.8</ele>
    <time>2026-06-14T22:34:27Z</time>
    
   </trkpt>
   <trkpt lat="48.3274240" lon="-121.7319840">
    <ele>1232.6</ele>
    <time>2026-06-14T22:34:28Z</time>
    
   </trkpt>
   <trkpt lat="48.3274250" lon="-121.7319490">
    <ele>1232.6</ele>
    <time>2026-06-14T22:34:30Z</time>
    
   </trkpt>
   <trkpt lat="48.3274360" lon="-121.7319330">
    <ele>1232.6</ele>
    <time>2026-06-14T22:34:32Z</time>
    
   </trkpt>
   <trkpt lat="48.3274400" lon="-121.7319280">
    <ele>1232.8</ele>
    <time>2026-06-14T22:34:33Z</time>
    
   </trkpt>
   <trkpt lat="48.3274610" lon="-121.7319220">
    <ele>1232.2</ele>
    <time>2026-06-14T22:34:38Z</time>
    
   </trkpt>
   <trkpt lat="48.3274700" lon="-121.7319260">
    <ele>1232.0</ele>
    <time>2026-06-14T22:34:39Z</time>
    
   </trkpt>
   <trkpt lat="48.3274810" lon="-121.7319280">
    <ele>1231.6</ele>
    <time>2026-06-14T22:34:40Z</time>
    
   </trkpt>
   <trkpt lat="48.3275190" lon="-121.7319390">
    <ele>1230.8</ele>
    <time>2026-06-14T22:34:43Z</time>
    
   </trkpt>
   <trkpt lat="48.3275290" lon="-121.7319430">
    <ele>1230.6</ele>
    <time>2026-06-14T22:34:44Z</time>
    
   </trkpt>
   <trkpt lat="48.3275680" lon="-121.7319500">
    <ele>1230.2</ele>
    <time>2026-06-14T22:34:47Z</time>
    
   </trkpt>
   <trkpt lat="48.3276000" lon="-121.7319540">
    <ele>1229.8</ele>
    <time>2026-06-14T22:34:49Z</time>
    
   </trkpt>
   <trkpt lat="48.3276390" lon="-121.7319470">
    <ele>1228.8</ele>
    <time>2026-06-14T22:34:53Z</time>
    
   </trkpt>
   <trkpt lat="48.3276640" lon="-121.7319480">
    <ele>1227.6</ele>
    <time>2026-06-14T22:34:57Z</time>
    
   </trkpt>
   <trkpt lat="48.3276980" lon="-121.7319490">
    <ele>1226.4</ele>
    <time>2026-06-14T22:35:01Z</time>
    
   </trkpt>
   <trkpt lat="48.3277040" lon="-121.7319560">
    <ele>1226.2</ele>
    <time>2026-06-14T22:35:02Z</time>
    
   </trkpt>
   <trkpt lat="48.3277290" lon="-121.7319710">
    <ele>1225.4</ele>
    <time>2026-06-14T22:35:06Z</time>
    
   </trkpt>
   <trkpt lat="48.3277390" lon="-121.7319740">
    <ele>1225.2</ele>
    <time>2026-06-14T22:35:07Z</time>
    
   </trkpt>
   <trkpt lat="48.3277730" lon="-121.7319770">
    <ele>1224.4</ele>
    <time>2026-06-14T22:35:13Z</time>
    
   </trkpt>
   <trkpt lat="48.3277780" lon="-121.7319810">
    <ele>1224.2</ele>
    <time>2026-06-14T22:35:14Z</time>
    
   </trkpt>
   <trkpt lat="48.3278020" lon="-121.7319920">
    <ele>1223.0</ele>
    <time>2026-06-14T22:35:18Z</time>
    
   </trkpt>
   <trkpt lat="48.3278350" lon="-121.7319880">
    <ele>1221.8</ele>
    <time>2026-06-14T22:35:26Z</time>
    
   </trkpt>
   <trkpt lat="48.3278410" lon="-121.7319880">
    <ele>1221.2</ele>
    <time>2026-06-14T22:35:27Z</time>
    
   </trkpt>
   <trkpt lat="48.3278510" lon="-121.7319930">
    <ele>1220.4</ele>
    <time>2026-06-14T22:35:29Z</time>
    
   </trkpt>
   <trkpt lat="48.3278680" lon="-121.7319990">
    <ele>1219.2</ele>
    <time>2026-06-14T22:35:32Z</time>
    
   </trkpt>
   <trkpt lat="48.3278980" lon="-121.7319970">
    <ele>1218.2</ele>
    <time>2026-06-14T22:35:37Z</time>
    
   </trkpt>
   <trkpt lat="48.3279390" lon="-121.7319920">
    <ele>1217.2</ele>
    <time>2026-06-14T22:35:40Z</time>
    
   </trkpt>
   <trkpt lat="48.3279510" lon="-121.7319840">
    <ele>1217.0</ele>
    <time>2026-06-14T22:35:41Z</time>
    
   </trkpt>
   <trkpt lat="48.3280290" lon="-121.7319700">
    <ele>1215.8</ele>
    <time>2026-06-14T22:35:50Z</time>
    
   </trkpt>
   <trkpt lat="48.3280350" lon="-121.7319790">
    <ele>1215.4</ele>
    <time>2026-06-14T22:35:53Z</time>
    
   </trkpt>
   <trkpt lat="48.3280640" lon="-121.7319790">
    <ele>1215.0</ele>
    <time>2026-06-14T22:35:57Z</time>
    
   </trkpt>
   <trkpt lat="48.3280710" lon="-121.7319710">
    <ele>1214.6</ele>
    <time>2026-06-14T22:35:59Z</time>
    
   </trkpt>
   <trkpt lat="48.3280740" lon="-121.7319630">
    <ele>1213.6</ele>
    <time>2026-06-14T22:36:04Z</time>
    
   </trkpt>
   <trkpt lat="48.3280770" lon="-121.7319650">
    <ele>1213.6</ele>
    <time>2026-06-14T22:36:05Z</time>
    
   </trkpt>
   <trkpt lat="48.3281320" lon="-121.7319960">
    <ele>1213.0</ele>
    <time>2026-06-14T22:36:11Z</time>
    
   </trkpt>
   <trkpt lat="48.3281840" lon="-121.7320070">
    <ele>1212.6</ele>
    <time>2026-06-14T22:36:16Z</time>
    
   </trkpt>
   <trkpt lat="48.3281930" lon="-121.7320120">
    <ele>1212.2</ele>
    <time>2026-06-14T22:36:18Z</time>
    
   </trkpt>
   <trkpt lat="48.3282100" lon="-121.7320230">
    <ele>1211.8</ele>
    <time>2026-06-14T22:36:21Z</time>
    
   </trkpt>
   <trkpt lat="48.3282150" lon="-121.7320270">
    <ele>1211.6</ele>
    <time>2026-06-14T22:36:22Z</time>
    
   </trkpt>
   <trkpt lat="48.3282180" lon="-121.7320250">
    <ele>1211.4</ele>
    <time>2026-06-14T22:36:23Z</time>
    
   </trkpt>
   <trkpt lat="48.3282360" lon="-121.7320230">
    <ele>1211.2</ele>
    <time>2026-06-14T22:36:26Z</time>
    
   </trkpt>
   <trkpt lat="48.3282810" lon="-121.7320440">
    <ele>1211.0</ele>
    <time>2026-06-14T22:36:32Z</time>
    
   </trkpt>
   <trkpt lat="48.3282840" lon="-121.7320440">
    <ele>1211.0</ele>
    <time>2026-06-14T22:36:33Z</time>
    
   </trkpt>
   <trkpt lat="48.3283100" lon="-121.7320590">
    <ele>1210.6</ele>
    <time>2026-06-14T22:36:37Z</time>
    
   </trkpt>
   <trkpt lat="48.3283180" lon="-121.7320610">
    <ele>1210.4</ele>
    <time>2026-06-14T22:36:38Z</time>
    
   </trkpt>
   <trkpt lat="48.3283470" lon="-121.7320580">
    <ele>1209.8</ele>
    <time>2026-06-14T22:36:41Z</time>
    
   </trkpt>
   <trkpt lat="48.3283690" lon="-121.7320640">
    <ele>1209.4</ele>
    <time>2026-06-14T22:36:43Z</time>
    
   </trkpt>
   <trkpt lat="48.3283970" lon="-121.7320770">
    <ele>1209.0</ele>
    <time>2026-06-14T22:36:46Z</time>
    
   </trkpt>
   <trkpt lat="48.3284170" lon="-121.7320710">
    <ele>1208.6</ele>
    <time>2026-06-14T22:36:48Z</time>
    
   </trkpt>
   <trkpt lat="48.3284230" lon="-121.7320690">
    <ele>1208.4</ele>
    <time>2026-06-14T22:36:49Z</time>
    
   </trkpt>
   <trkpt lat="48.3284610" lon="-121.7320670">
    <ele>1207.2</ele>
    <time>2026-06-14T22:36:53Z</time>
    
   </trkpt>
   <trkpt lat="48.3284660" lon="-121.7320640">
    <ele>1207.0</ele>
    <time>2026-06-14T22:36:54Z</time>
    
   </trkpt>
   <trkpt lat="48.3284830" lon="-121.7320620">
    <ele>1206.8</ele>
    <time>2026-06-14T22:36:56Z</time>
    
   </trkpt>
   <trkpt lat="48.3285090" lon="-121.7320730">
    <ele>1206.4</ele>
    <time>2026-06-14T22:36:58Z</time>
    
   </trkpt>
   <trkpt lat="48.3285200" lon="-121.7320730">
    <ele>1206.2</ele>
    <time>2026-06-14T22:37:00Z</time>
    
   </trkpt>
   <trkpt lat="48.3285220" lon="-121.7320750">
    <ele>1205.6</ele>
    <time>2026-06-14T22:37:01Z</time>
    
   </trkpt>
   <trkpt lat="48.3285250" lon="-121.7320780">
    <ele>1205.2</ele>
    <time>2026-06-14T22:37:02Z</time>
    
   </trkpt>
   <trkpt lat="48.3285370" lon="-121.7320760">
    <ele>1204.4</ele>
    <time>2026-06-14T22:37:04Z</time>
    
   </trkpt>
   <trkpt lat="48.3285430" lon="-121.7320790">
    <ele>1204.2</ele>
    <time>2026-06-14T22:37:05Z</time>
    
   </trkpt>
   <trkpt lat="48.3285790" lon="-121.7320950">
    <ele>1203.0</ele>
    <time>2026-06-14T22:37:09Z</time>
    
   </trkpt>
   <trkpt lat="48.3286030" lon="-121.7321060">
    <ele>1202.6</ele>
    <time>2026-06-14T22:37:11Z</time>
    
   </trkpt>
   <trkpt lat="48.3286150" lon="-121.7321160">
    <ele>1202.6</ele>
    <time>2026-06-14T22:37:12Z</time>
    
   </trkpt>
   <trkpt lat="48.3286370" lon="-121.7321370">
    <ele>1201.8</ele>
    <time>2026-06-14T22:37:15Z</time>
    
   </trkpt>
   <trkpt lat="48.3286520" lon="-121.7321410">
    <ele>1201.0</ele>
    <time>2026-06-14T22:37:17Z</time>
    
   </trkpt>
   <trkpt lat="48.3286600" lon="-121.7321510">
    <ele>1200.6</ele>
    <time>2026-06-14T22:37:18Z</time>
    
   </trkpt>
   <trkpt lat="48.3286660" lon="-121.7321590">
    <ele>1200.4</ele>
    <time>2026-06-14T22:37:19Z</time>
    
   </trkpt>
   <trkpt lat="48.3286970" lon="-121.7321660">
    <ele>1199.6</ele>
    <time>2026-06-14T22:37:23Z</time>
    
   </trkpt>
   <trkpt lat="48.3287050" lon="-121.7321710">
    <ele>1199.2</ele>
    <time>2026-06-14T22:37:24Z</time>
    
   </trkpt>
   <trkpt lat="48.3287300" lon="-121.7321820">
    <ele>1198.6</ele>
    <time>2026-06-14T22:37:26Z</time>
    
   </trkpt>
   <trkpt lat="48.3287420" lon="-121.7321900">
    <ele>1198.4</ele>
    <time>2026-06-14T22:37:27Z</time>
    
   </trkpt>
   <trkpt lat="48.3287830" lon="-121.7322160">
    <ele>1197.6</ele>
    <time>2026-06-14T22:37:31Z</time>
    
   </trkpt>
   <trkpt lat="48.3288010" lon="-121.7322270">
    <ele>1197.4</ele>
    <time>2026-06-14T22:37:33Z</time>
    
   </trkpt>
   <trkpt lat="48.3288240" lon="-121.7322410">
    <ele>1196.8</ele>
    <time>2026-06-14T22:37:36Z</time>
    
   </trkpt>
   <trkpt lat="48.3288380" lon="-121.7322480">
    <ele>1196.2</ele>
    <time>2026-06-14T22:37:38Z</time>
    
   </trkpt>
   <trkpt lat="48.3288500" lon="-121.7322570">
    <ele>1195.4</ele>
    <time>2026-06-14T22:37:40Z</time>
    
   </trkpt>
   <trkpt lat="48.3288500" lon="-121.7322580">
    <ele>1195.0</ele>
    <time>2026-06-14T22:37:41Z</time>
    
   </trkpt>
   <trkpt lat="48.3288670" lon="-121.7322800">
    <ele>1194.0</ele>
    <time>2026-06-14T22:37:45Z</time>
    
   </trkpt>
   <trkpt lat="48.3288740" lon="-121.7322780">
    <ele>1193.8</ele>
    <time>2026-06-14T22:37:46Z</time>
    
   </trkpt>
   <trkpt lat="48.3288960" lon="-121.7322720">
    <ele>1193.2</ele>
    <time>2026-06-14T22:37:52Z</time>
    
   </trkpt>
   <trkpt lat="48.3289020" lon="-121.7322820">
    <ele>1193.0</ele>
    <time>2026-06-14T22:37:53Z</time>
    
   </trkpt>
   <trkpt lat="48.3289270" lon="-121.7322960">
    <ele>1192.4</ele>
    <time>2026-06-14T22:37:56Z</time>
    
   </trkpt>
   <trkpt lat="48.3289480" lon="-121.7323040">
    <ele>1191.8</ele>
    <time>2026-06-14T22:37:58Z</time>
    
   </trkpt>
   <trkpt lat="48.3290050" lon="-121.7323140">
    <ele>1190.8</ele>
    <time>2026-06-14T22:38:04Z</time>
    
   </trkpt>
   <trkpt lat="48.3290540" lon="-121.7322920">
    <ele>1190.2</ele>
    <time>2026-06-14T22:38:10Z</time>
    
   </trkpt>
   <trkpt lat="48.3290640" lon="-121.7322870">
    <ele>1190.2</ele>
    <time>2026-06-14T22:38:11Z</time>
    
   </trkpt>
   <trkpt lat="48.3290760" lon="-121.7322840">
    <ele>1190.2</ele>
    <time>2026-06-14T22:38:12Z</time>
    
   </trkpt>
   <trkpt lat="48.3290930" lon="-121.7322780">
    <ele>1190.0</ele>
    <time>2026-06-14T22:38:14Z</time>
    
   </trkpt>
   <trkpt lat="48.3291220" lon="-121.7322720">
    <ele>1189.6</ele>
    <time>2026-06-14T22:38:16Z</time>
    
   </trkpt>
   <trkpt lat="48.3291820" lon="-121.7322780">
    <ele>1188.2</ele>
    <time>2026-06-14T22:38:20Z</time>
    
   </trkpt>
   <trkpt lat="48.3292140" lon="-121.7322480">
    <ele>1187.6</ele>
    <time>2026-06-14T22:38:24Z</time>
    
   </trkpt>
   <trkpt lat="48.3292350" lon="-121.7322400">
    <ele>1187.4</ele>
    <time>2026-06-14T22:38:27Z</time>
    
   </trkpt>
   <trkpt lat="48.3292380" lon="-121.7322340">
    <ele>1187.2</ele>
    <time>2026-06-14T22:38:28Z</time>
    
   </trkpt>
   <trkpt lat="48.3292430" lon="-121.7322290">
    <ele>1187.0</ele>
    <time>2026-06-14T22:38:29Z</time>
    
   </trkpt>
   <trkpt lat="48.3292630" lon="-121.7322120">
    <ele>1186.6</ele>
    <time>2026-06-14T22:38:32Z</time>
    
   </trkpt>
   <trkpt lat="48.3292870" lon="-121.7321960">
    <ele>1186.0</ele>
    <time>2026-06-14T22:38:35Z</time>
    
   </trkpt>
   <trkpt lat="48.3293020" lon="-121.7321880">
    <ele>1185.8</ele>
    <time>2026-06-14T22:38:36Z</time>
    
   </trkpt>
   <trkpt lat="48.3293330" lon="-121.7321780">
    <ele>1185.2</ele>
    <time>2026-06-14T22:38:40Z</time>
    
   </trkpt>
   <trkpt lat="48.3293470" lon="-121.7321750">
    <ele>1184.8</ele>
    <time>2026-06-14T22:38:42Z</time>
    
   </trkpt>
   <trkpt lat="48.3293690" lon="-121.7321680">
    <ele>1184.0</ele>
    <time>2026-06-14T22:38:45Z</time>
    
   </trkpt>
   <trkpt lat="48.3293990" lon="-121.7321700">
    <ele>1183.8</ele>
    <time>2026-06-14T22:38:48Z</time>
    
   </trkpt>
   <trkpt lat="48.3294120" lon="-121.7321590">
    <ele>1183.6</ele>
    <time>2026-06-14T22:38:50Z</time>
    
   </trkpt>
   <trkpt lat="48.3294340" lon="-121.7321210">
    <ele>1183.0</ele>
    <time>2026-06-14T22:38:55Z</time>
    
   </trkpt>
   <trkpt lat="48.3294670" lon="-121.7321090">
    <ele>1182.8</ele>
    <time>2026-06-14T22:38:59Z</time>
    
   </trkpt>
   <trkpt lat="48.3294730" lon="-121.7321050">
    <ele>1182.6</ele>
    <time>2026-06-14T22:39:00Z</time>
    
   </trkpt>
   <trkpt lat="48.3294970" lon="-121.7320940">
    <ele>1182.0</ele>
    <time>2026-06-14T22:39:02Z</time>
    
   </trkpt>
   <trkpt lat="48.3295040" lon="-121.7320870">
    <ele>1181.4</ele>
    <time>2026-06-14T22:39:04Z</time>
    
   </trkpt>
   <trkpt lat="48.3295430" lon="-121.7320350">
    <ele>1180.4</ele>
    <time>2026-06-14T22:39:12Z</time>
    
   </trkpt>
   <trkpt lat="48.3295720" lon="-121.7320040">
    <ele>1180.0</ele>
    <time>2026-06-14T22:39:16Z</time>
    
   </trkpt>
   <trkpt lat="48.3296960" lon="-121.7319700">
    <ele>1180.4</ele>
    <time>2026-06-14T22:39:26Z</time>
    
   </trkpt>
   <trkpt lat="48.3297090" lon="-121.7319750">
    <ele>1180.4</ele>
    <time>2026-06-14T22:39:28Z</time>
    
   </trkpt>
   <trkpt lat="48.3297510" lon="-121.7319720">
    <ele>1180.6</ele>
    <time>2026-06-14T22:39:35Z</time>
    
   </trkpt>
   <trkpt lat="48.3298000" lon="-121.7319760">
    <ele>1181.0</ele>
    <time>2026-06-14T22:39:42Z</time>
    
   </trkpt>
   <trkpt lat="48.3298230" lon="-121.7319700">
    <ele>1181.6</ele>
    <time>2026-06-14T22:39:45Z</time>
    
   </trkpt>
   <trkpt lat="48.3298650" lon="-121.7319770">
    <ele>1182.6</ele>
    <time>2026-06-14T22:39:49Z</time>
    
   </trkpt>
   <trkpt lat="48.3298990" lon="-121.7319700">
    <ele>1183.2</ele>
    <time>2026-06-14T22:39:53Z</time>
    
   </trkpt>
   <trkpt lat="48.3299200" lon="-121.7319660">
    <ele>1183.8</ele>
    <time>2026-06-14T22:39:56Z</time>
    
   </trkpt>
   <trkpt lat="48.3299410" lon="-121.7319640">
    <ele>1184.6</ele>
    <time>2026-06-14T22:40:00Z</time>
    
   </trkpt>
   <trkpt lat="48.3299460" lon="-121.7319650">
    <ele>1184.8</ele>
    <time>2026-06-14T22:40:01Z</time>
    
   </trkpt>
   <trkpt lat="48.3299570" lon="-121.7319670">
    <ele>1185.0</ele>
    <time>2026-06-14T22:40:03Z</time>
    
   </trkpt>
   <trkpt lat="48.3299970" lon="-121.7319580">
    <ele>1185.6</ele>
    <time>2026-06-14T22:40:08Z</time>
    
   </trkpt>
   <trkpt lat="48.3300230" lon="-121.7319470">
    <ele>1186.0</ele>
    <time>2026-06-14T22:40:11Z</time>
    
   </trkpt>
   <trkpt lat="48.3300510" lon="-121.7319520">
    <ele>1186.4</ele>
    <time>2026-06-14T22:40:15Z</time>
    
   </trkpt>
   <trkpt lat="48.3300790" lon="-121.7319410">
    <ele>1187.0</ele>
    <time>2026-06-14T22:40:18Z</time>
    
   </trkpt>
   <trkpt lat="48.3300880" lon="-121.7319400">
    <ele>1187.2</ele>
    <time>2026-06-14T22:40:19Z</time>
    
   </trkpt>
   <trkpt lat="48.3301070" lon="-121.7319550">
    <ele>1187.6</ele>
    <time>2026-06-14T22:40:22Z</time>
    
   </trkpt>
   <trkpt lat="48.3301510" lon="-121.7319640">
    <ele>1187.6</ele>
    <time>2026-06-14T22:40:29Z</time>
    
   </trkpt>
   <trkpt lat="48.3302470" lon="-121.7319980">
    <ele>1188.0</ele>
    <time>2026-06-14T22:40:43Z</time>
    
   </trkpt>
   <trkpt lat="48.3302530" lon="-121.7320000">
    <ele>1188.2</ele>
    <time>2026-06-14T22:40:44Z</time>
    
   </trkpt>
   <trkpt lat="48.3303430" lon="-121.7320570">
    <ele>1187.2</ele>
    <time>2026-06-14T22:40:54Z</time>
    
   </trkpt>
   <trkpt lat="48.3303480" lon="-121.7320570">
    <ele>1187.2</ele>
    <time>2026-06-14T22:40:55Z</time>
    
   </trkpt>
   <trkpt lat="48.3303650" lon="-121.7320640">
    <ele>1187.0</ele>
    <time>2026-06-14T22:40:57Z</time>
    
   </trkpt>
   <trkpt lat="48.3303850" lon="-121.7320750">
    <ele>1186.8</ele>
    <time>2026-06-14T22:41:02Z</time>
    
   </trkpt>
   <trkpt lat="48.3304290" lon="-121.7321200">
    <ele>1185.8</ele>
    <time>2026-06-14T22:41:08Z</time>
    
   </trkpt>
   <trkpt lat="48.3304370" lon="-121.7321380">
    <ele>1185.8</ele>
    <time>2026-06-14T22:41:09Z</time>
    
   </trkpt>
   <trkpt lat="48.3304730" lon="-121.7321720">
    <ele>1185.2</ele>
    <time>2026-06-14T22:41:14Z</time>
    
   </trkpt>
   <trkpt lat="48.3304750" lon="-121.7321760">
    <ele>1185.0</ele>
    <time>2026-06-14T22:41:15Z</time>
    
   </trkpt>
   <trkpt lat="48.3304840" lon="-121.7321800">
    <ele>1184.8</ele>
    <time>2026-06-14T22:41:16Z</time>
    
   </trkpt>
   <trkpt lat="48.3304990" lon="-121.7321840">
    <ele>1184.2</ele>
    <time>2026-06-14T22:41:18Z</time>
    
   </trkpt>
   <trkpt lat="48.3305160" lon="-121.7321890">
    <ele>1183.8</ele>
    <time>2026-06-14T22:41:20Z</time>
    
   </trkpt>
   <trkpt lat="48.3305200" lon="-121.7321900">
    <ele>1183.6</ele>
    <time>2026-06-14T22:41:21Z</time>
    
   </trkpt>
   <trkpt lat="48.3305330" lon="-121.7322040">
    <ele>1183.0</ele>
    <time>2026-06-14T22:41:23Z</time>
    
   </trkpt>
   <trkpt lat="48.3305840" lon="-121.7322080">
    <ele>1182.6</ele>
    <time>2026-06-14T22:41:32Z</time>
    
   </trkpt>
   <trkpt lat="48.3306030" lon="-121.7322030">
    <ele>1182.2</ele>
    <time>2026-06-14T22:41:35Z</time>
    
   </trkpt>
   <trkpt lat="48.3306180" lon="-121.7322020">
    <ele>1181.6</ele>
    <time>2026-06-14T22:41:37Z</time>
    
   </trkpt>
   <trkpt lat="48.3306270" lon="-121.7321980">
    <ele>1181.2</ele>
    <time>2026-06-14T22:41:38Z</time>
    
   </trkpt>
   <trkpt lat="48.3306580" lon="-121.7321770">
    <ele>1180.0</ele>
    <time>2026-06-14T22:41:42Z</time>
    
   </trkpt>
   <trkpt lat="48.3306640" lon="-121.7321820">
    <ele>1179.0</ele>
    <time>2026-06-14T22:41:47Z</time>
    
   </trkpt>
   <trkpt lat="48.3306770" lon="-121.7321760">
    <ele>1178.6</ele>
    <time>2026-06-14T22:41:49Z</time>
    
   </trkpt>
   <trkpt lat="48.3306820" lon="-121.7321490">
    <ele>1177.8</ele>
    <time>2026-06-14T22:41:55Z</time>
    
   </trkpt>
   <trkpt lat="48.3306940" lon="-121.7321370">
    <ele>1177.6</ele>
    <time>2026-06-14T22:41:57Z</time>
    
   </trkpt>
   <trkpt lat="48.3307000" lon="-121.7321240">
    <ele>1177.4</ele>
    <time>2026-06-14T22:41:59Z</time>
    
   </trkpt>
   <trkpt lat="48.3307060" lon="-121.7321180">
    <ele>1177.4</ele>
    <time>2026-06-14T22:42:00Z</time>
    
   </trkpt>
   <trkpt lat="48.3307270" lon="-121.7321100">
    <ele>1177.4</ele>
    <time>2026-06-14T22:42:02Z</time>
    
   </trkpt>
   <trkpt lat="48.3307590" lon="-121.7321080">
    <ele>1176.6</ele>
    <time>2026-06-14T22:42:07Z</time>
    
   </trkpt>
   <trkpt lat="48.3308170" lon="-121.7321310">
    <ele>1175.6</ele>
    <time>2026-06-14T22:42:11Z</time>
    
   </trkpt>
   <trkpt lat="48.3308440" lon="-121.7321400">
    <ele>1175.0</ele>
    <time>2026-06-14T22:42:14Z</time>
    
   </trkpt>
   <trkpt lat="48.3308510" lon="-121.7321390">
    <ele>1174.8</ele>
    <time>2026-06-14T22:42:15Z</time>
    
   </trkpt>
   <trkpt lat="48.3309390" lon="-121.7321330">
    <ele>1176.4</ele>
    <time>2026-06-14T22:42:28Z</time>
    
   </trkpt>
   <trkpt lat="48.3309420" lon="-121.7321310">
    <ele>1176.6</ele>
    <time>2026-06-14T22:42:29Z</time>
    
   </trkpt>
   <trkpt lat="48.3309640" lon="-121.7320940">
    <ele>1177.8</ele>
    <time>2026-06-14T22:42:34Z</time>
    
   </trkpt>
   <trkpt lat="48.3310230" lon="-121.7320550">
    <ele>1178.4</ele>
    <time>2026-06-14T22:42:38Z</time>
    
   </trkpt>
   <trkpt lat="48.3310510" lon="-121.7320440">
    <ele>1178.8</ele>
    <time>2026-06-14T22:42:41Z</time>
    
   </trkpt>
   <trkpt lat="48.3310680" lon="-121.7320410">
    <ele>1178.6</ele>
    <time>2026-06-14T22:42:43Z</time>
    
   </trkpt>
   <trkpt lat="48.3311080" lon="-121.7320270">
    <ele>1177.8</ele>
    <time>2026-06-14T22:42:47Z</time>
    
   </trkpt>
   <trkpt lat="48.3311330" lon="-121.7320280">
    <ele>1177.4</ele>
    <time>2026-06-14T22:42:50Z</time>
    
   </trkpt>
   <trkpt lat="48.3311480" lon="-121.7320230">
    <ele>1177.2</ele>
    <time>2026-06-14T22:42:52Z</time>
    
   </trkpt>
   <trkpt lat="48.3311620" lon="-121.7320060">
    <ele>1177.2</ele>
    <time>2026-06-14T22:42:54Z</time>
    
   </trkpt>
   <trkpt lat="48.3311860" lon="-121.7320050">
    <ele>1176.6</ele>
    <time>2026-06-14T22:42:58Z</time>
    
   </trkpt>
   <trkpt lat="48.3311930" lon="-121.7320040">
    <ele>1176.6</ele>
    <time>2026-06-14T22:42:59Z</time>
    
   </trkpt>
   <trkpt lat="48.3312110" lon="-121.7320000">
    <ele>1176.4</ele>
    <time>2026-06-14T22:43:01Z</time>
    
   </trkpt>
   <trkpt lat="48.3312420" lon="-121.7319750">
    <ele>1176.4</ele>
    <time>2026-06-14T22:43:05Z</time>
    
   </trkpt>
   <trkpt lat="48.3312480" lon="-121.7319650">
    <ele>1176.4</ele>
    <time>2026-06-14T22:43:06Z</time>
    
   </trkpt>
   <trkpt lat="48.3312520" lon="-121.7319570">
    <ele>1176.2</ele>
    <time>2026-06-14T22:43:07Z</time>
    
   </trkpt>
   <trkpt lat="48.3312670" lon="-121.7319360">
    <ele>1176.0</ele>
    <time>2026-06-14T22:43:09Z</time>
    
   </trkpt>
   <trkpt lat="48.3312750" lon="-121.7319260">
    <ele>1175.6</ele>
    <time>2026-06-14T22:43:10Z</time>
    
   </trkpt>
   <trkpt lat="48.3312840" lon="-121.7319140">
    <ele>1175.4</ele>
    <time>2026-06-14T22:43:11Z</time>
    
   </trkpt>
   <trkpt lat="48.3313590" lon="-121.7317970">
    <ele>1174.8</ele>
    <time>2026-06-14T22:43:19Z</time>
    
   </trkpt>
   <trkpt lat="48.3313760" lon="-121.7317560">
    <ele>1174.8</ele>
    <time>2026-06-14T22:43:21Z</time>
    
   </trkpt>
   <trkpt lat="48.3313990" lon="-121.7317090">
    <ele>1174.6</ele>
    <time>2026-06-14T22:43:24Z</time>
    
   </trkpt>
   <trkpt lat="48.3313930" lon="-121.7315990">
    <ele>1173.4</ele>
    <time>2026-06-14T22:43:30Z</time>
    
   </trkpt>
   <trkpt lat="48.3313870" lon="-121.7315830">
    <ele>1173.2</ele>
    <time>2026-06-14T22:43:31Z</time>
    
   </trkpt>
   <trkpt lat="48.3314050" lon="-121.7315180">
    <ele>1172.4</ele>
    <time>2026-06-14T22:43:35Z</time>
    
   </trkpt>
   <trkpt lat="48.3314420" lon="-121.7312950">
    <ele>1171.4</ele>
    <time>2026-06-14T22:43:47Z</time>
    
   </trkpt>
   <trkpt lat="48.3314150" lon="-121.7312040">
    <ele>1171.4</ele>
    <time>2026-06-14T22:43:52Z</time>
    
   </trkpt>
   <trkpt lat="48.3313970" lon="-121.7310880">
    <ele>1170.4</ele>
    <time>2026-06-14T22:43:59Z</time>
    
   </trkpt>
   <trkpt lat="48.3313980" lon="-121.7310590">
    <ele>1170.0</ele>
    <time>2026-06-14T22:44:01Z</time>
    
   </trkpt>
   <trkpt lat="48.3314020" lon="-121.7310170">
    <ele>1169.8</ele>
    <time>2026-06-14T22:44:05Z</time>
    
   </trkpt>
   <trkpt lat="48.3314010" lon="-121.7309940">
    <ele>1170.0</ele>
    <time>2026-06-14T22:44:08Z</time>
    
   </trkpt>
   <trkpt lat="48.3314020" lon="-121.7309790">
    <ele>1170.4</ele>
    <time>2026-06-14T22:44:12Z</time>
    
   </trkpt>
   <trkpt lat="48.3313970" lon="-121.7309790">
    <ele>1170.4</ele>
    <time>2026-06-14T22:44:13Z</time>
    
   </trkpt>
   <trkpt lat="48.3314020" lon="-121.7309190">
    <ele>1170.0</ele>
    <time>2026-06-14T22:44:17Z</time>
    
   </trkpt>
   <trkpt lat="48.3314020" lon="-121.7309000">
    <ele>1169.8</ele>
    <time>2026-06-14T22:44:19Z</time>
    
   </trkpt>
   <trkpt lat="48.3314080" lon="-121.7308560">
    <ele>1169.4</ele>
    <time>2026-06-14T22:44:22Z</time>
    
   </trkpt>
   <trkpt lat="48.3314120" lon="-121.7308390">
    <ele>1169.2</ele>
    <time>2026-06-14T22:44:23Z</time>
    
   </trkpt>
   <trkpt lat="48.3314110" lon="-121.7308210">
    <ele>1169.0</ele>
    <time>2026-06-14T22:44:24Z</time>
    
   </trkpt>
   <trkpt lat="48.3314160" lon="-121.7307790">
    <ele>1168.6</ele>
    <time>2026-06-14T22:44:27Z</time>
    
   </trkpt>
   <trkpt lat="48.3314090" lon="-121.7307170">
    <ele>1168.4</ele>
    <time>2026-06-14T22:44:32Z</time>
    
   </trkpt>
   <trkpt lat="48.3314000" lon="-121.7306860">
    <ele>1168.4</ele>
    <time>2026-06-14T22:44:35Z</time>
    
   </trkpt>
   <trkpt lat="48.3314120" lon="-121.7306430">
    <ele>1168.8</ele>
    <time>2026-06-14T22:44:38Z</time>
    
   </trkpt>
   <trkpt lat="48.3314180" lon="-121.7306290">
    <ele>1168.8</ele>
    <time>2026-06-14T22:44:39Z</time>
    
   </trkpt>
   <trkpt lat="48.3314310" lon="-121.7306020">
    <ele>1168.6</ele>
    <time>2026-06-14T22:44:42Z</time>
    
   </trkpt>
   <trkpt lat="48.3314500" lon="-121.7305550">
    <ele>1168.2</ele>
    <time>2026-06-14T22:44:45Z</time>
    
   </trkpt>
   <trkpt lat="48.3314550" lon="-121.7305400">
    <ele>1168.2</ele>
    <time>2026-06-14T22:44:46Z</time>
    
   </trkpt>
   <trkpt lat="48.3314640" lon="-121.7305240">
    <ele>1168.0</ele>
    <time>2026-06-14T22:44:47Z</time>
    
   </trkpt>
   <trkpt lat="48.3314770" lon="-121.7304860">
    <ele>1167.6</ele>
    <time>2026-06-14T22:44:50Z</time>
    
   </trkpt>
   <trkpt lat="48.3314780" lon="-121.7304690">
    <ele>1167.6</ele>
    <time>2026-06-14T22:44:51Z</time>
    
   </trkpt>
   <trkpt lat="48.3314860" lon="-121.7304080">
    <ele>1167.6</ele>
    <time>2026-06-14T22:44:55Z</time>
    
   </trkpt>
   <trkpt lat="48.3314950" lon="-121.7303710">
    <ele>1167.2</ele>
    <time>2026-06-14T22:44:58Z</time>
    
   </trkpt>
   <trkpt lat="48.3315420" lon="-121.7303120">
    <ele>1166.4</ele>
    <time>2026-06-14T22:45:04Z</time>
    
   </trkpt>
   <trkpt lat="48.3315620" lon="-121.7302900">
    <ele>1166.0</ele>
    <time>2026-06-14T22:45:06Z</time>
    
   </trkpt>
   <trkpt lat="48.3316290" lon="-121.7302300">
    <ele>1165.0</ele>
    <time>2026-06-14T22:45:12Z</time>
    
   </trkpt>
   <trkpt lat="48.3316650" lon="-121.7302060">
    <ele>1164.2</ele>
    <time>2026-06-14T22:45:18Z</time>
    
   </trkpt>
   <trkpt lat="48.3316800" lon="-121.7302000">
    <ele>1163.6</ele>
    <time>2026-06-14T22:45:20Z</time>
    
   </trkpt>
   <trkpt lat="48.3317130" lon="-121.7301820">
    <ele>1162.4</ele>
    <time>2026-06-14T22:45:26Z</time>
    
   </trkpt>
   <trkpt lat="48.3317640" lon="-121.7301510">
    <ele>1161.4</ele>
    <time>2026-06-14T22:45:31Z</time>
    
   </trkpt>
   <trkpt lat="48.3317940" lon="-121.7301200">
    <ele>1161.0</ele>
    <time>2026-06-14T22:45:35Z</time>
    
   </trkpt>
   <trkpt lat="48.3318070" lon="-121.7300990">
    <ele>1160.4</ele>
    <time>2026-06-14T22:45:39Z</time>
    
   </trkpt>
   <trkpt lat="48.3318270" lon="-121.7300720">
    <ele>1159.0</ele>
    <time>2026-06-14T22:45:42Z</time>
    
   </trkpt>
   <trkpt lat="48.3318490" lon="-121.7300540">
    <ele>1158.0</ele>
    <time>2026-06-14T22:45:46Z</time>
    
   </trkpt>
   <trkpt lat="48.3318490" lon="-121.7300400">
    <ele>1157.8</ele>
    <time>2026-06-14T22:45:49Z</time>
    
   </trkpt>
   <trkpt lat="48.3318500" lon="-121.7300360">
    <ele>1157.8</ele>
    <time>2026-06-14T22:45:50Z</time>
    
   </trkpt>
   <trkpt lat="48.3319620" lon="-121.7299600">
    <ele>1157.4</ele>
    <time>2026-06-14T22:45:57Z</time>
    
   </trkpt>
   <trkpt lat="48.3320120" lon="-121.7299180">
    <ele>1156.8</ele>
    <time>2026-06-14T22:46:02Z</time>
    
   </trkpt>
   <trkpt lat="48.3320460" lon="-121.7298480">
    <ele>1156.2</ele>
    <time>2026-06-14T22:46:08Z</time>
    
   </trkpt>
   <trkpt lat="48.3320600" lon="-121.7298150">
    <ele>1155.6</ele>
    <time>2026-06-14T22:46:10Z</time>
    
   </trkpt>
   <trkpt lat="48.3320760" lon="-121.7297860">
    <ele>1155.0</ele>
    <time>2026-06-14T22:46:13Z</time>
    
   </trkpt>
   <trkpt lat="48.3321100" lon="-121.7297500">
    <ele>1154.8</ele>
    <time>2026-06-14T22:46:15Z</time>
    
   </trkpt>
   <trkpt lat="48.3321180" lon="-121.7297400">
    <ele>1154.8</ele>
    <time>2026-06-14T22:46:16Z</time>
    
   </trkpt>
   <trkpt lat="48.3321510" lon="-121.7296980">
    <ele>1154.8</ele>
    <time>2026-06-14T22:46:20Z</time>
    
   </trkpt>
   <trkpt lat="48.3321570" lon="-121.7296850">
    <ele>1154.6</ele>
    <time>2026-06-14T22:46:21Z</time>
    
   </trkpt>
   <trkpt lat="48.3321670" lon="-121.7296750">
    <ele>1154.4</ele>
    <time>2026-06-14T22:46:22Z</time>
    
   </trkpt>
   <trkpt lat="48.3322190" lon="-121.7295380">
    <ele>1154.0</ele>
    <time>2026-06-14T22:46:32Z</time>
    
   </trkpt>
   <trkpt lat="48.3322470" lon="-121.7294910">
    <ele>1154.0</ele>
    <time>2026-06-14T22:46:37Z</time>
    
   </trkpt>
   <trkpt lat="48.3322820" lon="-121.7294440">
    <ele>1154.0</ele>
    <time>2026-06-14T22:46:41Z</time>
    
   </trkpt>
   <trkpt lat="48.3322840" lon="-121.7294220">
    <ele>1154.0</ele>
    <time>2026-06-14T22:46:43Z</time>
    
   </trkpt>
   <trkpt lat="48.3322870" lon="-121.7294030">
    <ele>1154.2</ele>
    <time>2026-06-14T22:46:45Z</time>
    
   </trkpt>
   <trkpt lat="48.3322920" lon="-121.7293930">
    <ele>1154.2</ele>
    <time>2026-06-14T22:46:46Z</time>
    
   </trkpt>
   <trkpt lat="48.3323390" lon="-121.7293330">
    <ele>1154.4</ele>
    <time>2026-06-14T22:46:50Z</time>
    
   </trkpt>
   <trkpt lat="48.3323440" lon="-121.7293230">
    <ele>1154.4</ele>
    <time>2026-06-14T22:46:52Z</time>
    
   </trkpt>
   <trkpt lat="48.3323640" lon="-121.7292990">
    <ele>1154.2</ele>
    <time>2026-06-14T22:46:55Z</time>
    
   </trkpt>
   <trkpt lat="48.3323800" lon="-121.7292860">
    <ele>1154.2</ele>
    <time>2026-06-14T22:46:57Z</time>
    
   </trkpt>
   <trkpt lat="48.3323970" lon="-121.7292780">
    <ele>1154.2</ele>
    <time>2026-06-14T22:46:59Z</time>
    
   </trkpt>
   <trkpt lat="48.3324200" lon="-121.7292520">
    <ele>1154.2</ele>
    <time>2026-06-14T22:47:01Z</time>
    
   </trkpt>
   <trkpt lat="48.3324370" lon="-121.7292140">
    <ele>1154.2</ele>
    <time>2026-06-14T22:47:03Z</time>
    
   </trkpt>
   <trkpt lat="48.3324400" lon="-121.7291930">
    <ele>1154.4</ele>
    <time>2026-06-14T22:47:05Z</time>
    
   </trkpt>
   <trkpt lat="48.3324600" lon="-121.7291630">
    <ele>1154.4</ele>
    <time>2026-06-14T22:47:09Z</time>
    
   </trkpt>
   <trkpt lat="48.3324800" lon="-121.7291130">
    <ele>1154.2</ele>
    <time>2026-06-14T22:47:14Z</time>
    
   </trkpt>
   <trkpt lat="48.3324740" lon="-121.7291000">
    <ele>1154.2</ele>
    <time>2026-06-14T22:47:15Z</time>
    
   </trkpt>
   <trkpt lat="48.3324770" lon="-121.7290870">
    <ele>1154.0</ele>
    <time>2026-06-14T22:47:16Z</time>
    
   </trkpt>
   <trkpt lat="48.3324770" lon="-121.7290660">
    <ele>1154.0</ele>
    <time>2026-06-14T22:47:19Z</time>
    
   </trkpt>
   <trkpt lat="48.3324860" lon="-121.7290300">
    <ele>1154.2</ele>
    <time>2026-06-14T22:47:22Z</time>
    
   </trkpt>
   <trkpt lat="48.3324940" lon="-121.7290140">
    <ele>1154.6</ele>
    <time>2026-06-14T22:47:25Z</time>
    
   </trkpt>
   <trkpt lat="48.3325570" lon="-121.7289160">
    <ele>1155.6</ele>
    <time>2026-06-14T22:47:36Z</time>
    
   </trkpt>
   <trkpt lat="48.3325830" lon="-121.7288510">
    <ele>1156.6</ele>
    <time>2026-06-14T22:47:41Z</time>
    
   </trkpt>
   <trkpt lat="48.3325890" lon="-121.7288330">
    <ele>1156.8</ele>
    <time>2026-06-14T22:47:42Z</time>
    
   </trkpt>
   <trkpt lat="48.3326040" lon="-121.7287650">
    <ele>1157.2</ele>
    <time>2026-06-14T22:47:46Z</time>
    
   </trkpt>
   <trkpt lat="48.3326040" lon="-121.7287050">
    <ele>1157.8</ele>
    <time>2026-06-14T22:47:50Z</time>
    
   </trkpt>
   <trkpt lat="48.3326110" lon="-121.7286950">
    <ele>1158.0</ele>
    <time>2026-06-14T22:47:51Z</time>
    
   </trkpt>
   <trkpt lat="48.3326170" lon="-121.7286800">
    <ele>1158.0</ele>
    <time>2026-06-14T22:47:52Z</time>
    
   </trkpt>
   <trkpt lat="48.3326780" lon="-121.7285730">
    <ele>1158.8</ele>
    <time>2026-06-14T22:47:59Z</time>
    
   </trkpt>
   <trkpt lat="48.3327070" lon="-121.7285300">
    <ele>1158.8</ele>
    <time>2026-06-14T22:48:03Z</time>
    
   </trkpt>
   <trkpt lat="48.3327220" lon="-121.7285060">
    <ele>1158.8</ele>
    <time>2026-06-14T22:48:06Z</time>
    
   </trkpt>
   <trkpt lat="48.3327260" lon="-121.7284980">
    <ele>1158.8</ele>
    <time>2026-06-14T22:48:07Z</time>
    
   </trkpt>
   <trkpt lat="48.3327450" lon="-121.7285000">
    <ele>1159.4</ele>
    <time>2026-06-14T22:48:10Z</time>
    
   </trkpt>
   <trkpt lat="48.3327490" lon="-121.7284610">
    <ele>1159.2</ele>
    <time>2026-06-14T22:48:17Z</time>
    
   </trkpt>
   <trkpt lat="48.3327730" lon="-121.7284350">
    <ele>1158.4</ele>
    <time>2026-06-14T22:48:31Z</time>
    
   </trkpt>
   <trkpt lat="48.3327760" lon="-121.7284330">
    <ele>1158.4</ele>
    <time>2026-06-14T22:48:32Z</time>
    
   </trkpt>
   <trkpt lat="48.3328470" lon="-121.7283750">
    <ele>1158.4</ele>
    <time>2026-06-14T22:48:42Z</time>
    
   </trkpt>
   <trkpt lat="48.3328560" lon="-121.7283700">
    <ele>1158.4</ele>
    <time>2026-06-14T22:48:43Z</time>
    
   </trkpt>
   <trkpt lat="48.3328670" lon="-121.7283500">
    <ele>1158.0</ele>
    <time>2026-06-14T22:48:45Z</time>
    
   </trkpt>
   <trkpt lat="48.3328750" lon="-121.7283410">
    <ele>1157.8</ele>
    <time>2026-06-14T22:48:46Z</time>
    
   </trkpt>
   <trkpt lat="48.3328890" lon="-121.7283340">
    <ele>1157.6</ele>
    <time>2026-06-14T22:48:47Z</time>
    
   </trkpt>
   <trkpt lat="48.3329450" lon="-121.7282810">
    <ele>1157.2</ele>
    <time>2026-06-14T22:48:51Z</time>
    
   </trkpt>
   <trkpt lat="48.3329760" lon="-121.7282420">
    <ele>1156.8</ele>
    <time>2026-06-14T22:48:54Z</time>
    
   </trkpt>
   <trkpt lat="48.3329830" lon="-121.7282320">
    <ele>1156.6</ele>
    <time>2026-06-14T22:48:55Z</time>
    
   </trkpt>
   <trkpt lat="48.3330240" lon="-121.7281680">
    <ele>1155.8</ele>
    <time>2026-06-14T22:49:00Z</time>
    
   </trkpt>
   <trkpt lat="48.3330280" lon="-121.7281050">
    <ele>1155.4</ele>
    <time>2026-06-14T22:49:06Z</time>
    
   </trkpt>
   <trkpt lat="48.3330240" lon="-121.7280990">
    <ele>1155.4</ele>
    <time>2026-06-14T22:49:08Z</time>
    
   </trkpt>
   <trkpt lat="48.3330190" lon="-121.7280920">
    <ele>1155.4</ele>
    <time>2026-06-14T22:49:09Z</time>
    
   </trkpt>
   <trkpt lat="48.3330140" lon="-121.7280880">
    <ele>1155.4</ele>
    <time>2026-06-14T22:49:10Z</time>
    
   </trkpt>
   <trkpt lat="48.3330720" lon="-121.7280550">
    <ele>1155.0</ele>
    <time>2026-06-14T22:49:22Z</time>
    
   </trkpt>
   <trkpt lat="48.3331400" lon="-121.7279850">
    <ele>1155.2</ele>
    <time>2026-06-14T22:49:31Z</time>
    
   </trkpt>
   <trkpt lat="48.3331500" lon="-121.7279810">
    <ele>1155.4</ele>
    <time>2026-06-14T22:49:33Z</time>
    
   </trkpt>
   <trkpt lat="48.3331570" lon="-121.7279700">
    <ele>1155.6</ele>
    <time>2026-06-14T22:49:35Z</time>
    
   </trkpt>
   <trkpt lat="48.3331660" lon="-121.7279380">
    <ele>1155.4</ele>
    <time>2026-06-14T22:49:39Z</time>
    
   </trkpt>
   <trkpt lat="48.3331650" lon="-121.7279300">
    <ele>1154.8</ele>
    <time>2026-06-14T22:49:42Z</time>
    
   </trkpt>
   <trkpt lat="48.3331800" lon="-121.7279180">
    <ele>1154.4</ele>
    <time>2026-06-14T22:49:47Z</time>
    
   </trkpt>
   <trkpt lat="48.3331850" lon="-121.7279110">
    <ele>1154.2</ele>
    <time>2026-06-14T22:49:48Z</time>
    
   </trkpt>
   <trkpt lat="48.3331820" lon="-121.7278340">
    <ele>1154.4</ele>
    <time>2026-06-14T22:49:53Z</time>
    
   </trkpt>
   <trkpt lat="48.3331900" lon="-121.7278080">
    <ele>1154.4</ele>
    <time>2026-06-14T22:49:55Z</time>
    
   </trkpt>
   <trkpt lat="48.3332110" lon="-121.7277780">
    <ele>1154.2</ele>
    <time>2026-06-14T22:49:57Z</time>
    
   </trkpt>
   <trkpt lat="48.3332200" lon="-121.7276860">
    <ele>1154.0</ele>
    <time>2026-06-14T22:50:06Z</time>
    
   </trkpt>
   <trkpt lat="48.3332180" lon="-121.7276480">
    <ele>1153.8</ele>
    <time>2026-06-14T22:50:09Z</time>
    
   </trkpt>
   <trkpt lat="48.3332160" lon="-121.7276350">
    <ele>1153.8</ele>
    <time>2026-06-14T22:50:10Z</time>
    
   </trkpt>
   <trkpt lat="48.3332240" lon="-121.7276180">
    <ele>1153.8</ele>
    <time>2026-06-14T22:50:11Z</time>
    
   </trkpt>
   <trkpt lat="48.3332350" lon="-121.7275640">
    <ele>1154.0</ele>
    <time>2026-06-14T22:50:15Z</time>
    
   </trkpt>
   <trkpt lat="48.3332380" lon="-121.7275490">
    <ele>1154.0</ele>
    <time>2026-06-14T22:50:16Z</time>
    
   </trkpt>
   <trkpt lat="48.3332470" lon="-121.7275190">
    <ele>1154.0</ele>
    <time>2026-06-14T22:50:18Z</time>
    
   </trkpt>
   <trkpt lat="48.3332630" lon="-121.7274630">
    <ele>1153.6</ele>
    <time>2026-06-14T22:50:21Z</time>
    
   </trkpt>
   <trkpt lat="48.3332800" lon="-121.7274110">
    <ele>1153.2</ele>
    <time>2026-06-14T22:50:24Z</time>
    
   </trkpt>
   <trkpt lat="48.3332960" lon="-121.7273250">
    <ele>1153.2</ele>
    <time>2026-06-14T22:50:30Z</time>
    
   </trkpt>
   <trkpt lat="48.3332970" lon="-121.7273020">
    <ele>1153.4</ele>
    <time>2026-06-14T22:50:32Z</time>
    
   </trkpt>
   <trkpt lat="48.3332910" lon="-121.7272520">
    <ele>1153.2</ele>
    <time>2026-06-14T22:50:35Z</time>
    
   </trkpt>
   <trkpt lat="48.3332840" lon="-121.7271900">
    <ele>1153.2</ele>
    <time>2026-06-14T22:50:39Z</time>
    
   </trkpt>
   <trkpt lat="48.3332900" lon="-121.7271760">
    <ele>1153.2</ele>
    <time>2026-06-14T22:50:40Z</time>
    
   </trkpt>
   <trkpt lat="48.3332840" lon="-121.7271370">
    <ele>1152.8</ele>
    <time>2026-06-14T22:50:43Z</time>
    
   </trkpt>
   <trkpt lat="48.3332880" lon="-121.7270970">
    <ele>1152.6</ele>
    <time>2026-06-14T22:50:46Z</time>
    
   </trkpt>
   <trkpt lat="48.3332850" lon="-121.7270810">
    <ele>1152.4</ele>
    <time>2026-06-14T22:50:47Z</time>
    
   </trkpt>
   <trkpt lat="48.3332790" lon="-121.7270720">
    <ele>1152.4</ele>
    <time>2026-06-14T22:50:48Z</time>
    
   </trkpt>
   <trkpt lat="48.3332660" lon="-121.7270310">
    <ele>1152.4</ele>
    <time>2026-06-14T22:50:51Z</time>
    
   </trkpt>
   <trkpt lat="48.3332640" lon="-121.7270050">
    <ele>1152.2</ele>
    <time>2026-06-14T22:50:53Z</time>
    
   </trkpt>
   <trkpt lat="48.3332650" lon="-121.7269690">
    <ele>1151.8</ele>
    <time>2026-06-14T22:50:55Z</time>
    
   </trkpt>
   <trkpt lat="48.3332630" lon="-121.7269390">
    <ele>1151.4</ele>
    <time>2026-06-14T22:50:57Z</time>
    
   </trkpt>
   <trkpt lat="48.3332610" lon="-121.7269290">
    <ele>1151.2</ele>
    <time>2026-06-14T22:50:58Z</time>
    
   </trkpt>
   <trkpt lat="48.3332630" lon="-121.7268470">
    <ele>1150.2</ele>
    <time>2026-06-14T22:51:03Z</time>
    
   </trkpt>
   <trkpt lat="48.3332620" lon="-121.7268040">
    <ele>1149.4</ele>
    <time>2026-06-14T22:51:06Z</time>
    
   </trkpt>
   <trkpt lat="48.3332580" lon="-121.7267890">
    <ele>1149.2</ele>
    <time>2026-06-14T22:51:07Z</time>
    
   </trkpt>
   <trkpt lat="48.3332540" lon="-121.7267350">
    <ele>1148.4</ele>
    <time>2026-06-14T22:51:12Z</time>
    
   </trkpt>
   <trkpt lat="48.3332400" lon="-121.7266930">
    <ele>1148.0</ele>
    <time>2026-06-14T22:51:15Z</time>
    
   </trkpt>
   <trkpt lat="48.3332290" lon="-121.7266750">
    <ele>1147.4</ele>
    <time>2026-06-14T22:51:17Z</time>
    
   </trkpt>
   <trkpt lat="48.3332200" lon="-121.7266610">
    <ele>1146.6</ele>
    <time>2026-06-14T22:51:19Z</time>
    
   </trkpt>
   <trkpt lat="48.3332100" lon="-121.7266410">
    <ele>1145.8</ele>
    <time>2026-06-14T22:51:21Z</time>
    
   </trkpt>
   <trkpt lat="48.3331930" lon="-121.7266170">
    <ele>1145.4</ele>
    <time>2026-06-14T22:51:22Z</time>
    
   </trkpt>
   <trkpt lat="48.3331750" lon="-121.7265970">
    <ele>1145.2</ele>
    <time>2026-06-14T22:51:23Z</time>
    
   </trkpt>
   <trkpt lat="48.3331540" lon="-121.7265640">
    <ele>1145.0</ele>
    <time>2026-06-14T22:51:25Z</time>
    
   </trkpt>
   <trkpt lat="48.3331460" lon="-121.7265510">
    <ele>1144.8</ele>
    <time>2026-06-14T22:51:27Z</time>
    
   </trkpt>
   <trkpt lat="48.3331180" lon="-121.7265270">
    <ele>1144.2</ele>
    <time>2026-06-14T22:51:31Z</time>
    
   </trkpt>
   <trkpt lat="48.3331190" lon="-121.7265200">
    <ele>1144.2</ele>
    <time>2026-06-14T22:51:35Z</time>
    
   </trkpt>
   <trkpt lat="48.3331170" lon="-121.7265150">
    <ele>1144.0</ele>
    <time>2026-06-14T22:51:40Z</time>
    
   </trkpt>
   <trkpt lat="48.3331040" lon="-121.7264760">
    <ele>1144.4</ele>
    <time>2026-06-14T22:51:50Z</time>
    
   </trkpt>
   <trkpt lat="48.3331030" lon="-121.7264480">
    <ele>1143.2</ele>
    <time>2026-06-14T22:51:55Z</time>
    
   </trkpt>
   <trkpt lat="48.3330890" lon="-121.7264410">
    <ele>1141.8</ele>
    <time>2026-06-14T22:51:59Z</time>
    
   </trkpt>
   <trkpt lat="48.3330730" lon="-121.7264350">
    <ele>1141.0</ele>
    <time>2026-06-14T22:52:01Z</time>
    
   </trkpt>
   <trkpt lat="48.3330660" lon="-121.7264170">
    <ele>1140.8</ele>
    <time>2026-06-14T22:52:02Z</time>
    
   </trkpt>
   <trkpt lat="48.3330500" lon="-121.7263710">
    <ele>1140.2</ele>
    <time>2026-06-14T22:52:05Z</time>
    
   </trkpt>
   <trkpt lat="48.3330340" lon="-121.7263270">
    <ele>1139.6</ele>
    <time>2026-06-14T22:52:08Z</time>
    
   </trkpt>
   <trkpt lat="48.3330140" lon="-121.7262760">
    <ele>1138.4</ele>
    <time>2026-06-14T22:52:12Z</time>
    
   </trkpt>
   <trkpt lat="48.3329780" lon="-121.7262620">
    <ele>1137.0</ele>
    <time>2026-06-14T22:52:16Z</time>
    
   </trkpt>
   <trkpt lat="48.3329660" lon="-121.7262600">
    <ele>1136.4</ele>
    <time>2026-06-14T22:52:18Z</time>
    
   </trkpt>
   <trkpt lat="48.3329540" lon="-121.7262500">
    <ele>1135.8</ele>
    <time>2026-06-14T22:52:20Z</time>
    
   </trkpt>
   <trkpt lat="48.3329350" lon="-121.7262360">
    <ele>1135.2</ele>
    <time>2026-06-14T22:52:23Z</time>
    
   </trkpt>
   <trkpt lat="48.3329410" lon="-121.7262240">
    <ele>1134.8</ele>
    <time>2026-06-14T22:52:25Z</time>
    
   </trkpt>
   <trkpt lat="48.3329370" lon="-121.7262180">
    <ele>1134.6</ele>
    <time>2026-06-14T22:52:26Z</time>
    
   </trkpt>
   <trkpt lat="48.3329360" lon="-121.7262080">
    <ele>1133.8</ele>
    <time>2026-06-14T22:52:29Z</time>
    
   </trkpt>
   <trkpt lat="48.3329340" lon="-121.7262080">
    <ele>1133.4</ele>
    <time>2026-06-14T22:52:30Z</time>
    
   </trkpt>
   <trkpt lat="48.3329210" lon="-121.7262140">
    <ele>1132.8</ele>
    <time>2026-06-14T22:52:33Z</time>
    
   </trkpt>
   <trkpt lat="48.3329100" lon="-121.7262070">
    <ele>1132.4</ele>
    <time>2026-06-14T22:52:37Z</time>
    
   </trkpt>
   <trkpt lat="48.3329010" lon="-121.7261930">
    <ele>1131.4</ele>
    <time>2026-06-14T22:52:39Z</time>
    
   </trkpt>
   <trkpt lat="48.3328970" lon="-121.7261820">
    <ele>1131.0</ele>
    <time>2026-06-14T22:52:40Z</time>
    
   </trkpt>
   <trkpt lat="48.3328800" lon="-121.7261620">
    <ele>1130.0</ele>
    <time>2026-06-14T22:52:43Z</time>
    
   </trkpt>
   <trkpt lat="48.3328800" lon="-121.7261530">
    <ele>1129.0</ele>
    <time>2026-06-14T22:52:46Z</time>
    
   </trkpt>
   <trkpt lat="48.3328740" lon="-121.7261460">
    <ele>1128.8</ele>
    <time>2026-06-14T22:52:49Z</time>
    
   </trkpt>
   <trkpt lat="48.3328580" lon="-121.7261020">
    <ele>1127.8</ele>
    <time>2026-06-14T22:52:57Z</time>
    
   </trkpt>
   <trkpt lat="48.3328550" lon="-121.7260880">
    <ele>1127.2</ele>
    <time>2026-06-14T22:53:00Z</time>
    
   </trkpt>
   <trkpt lat="48.3328530" lon="-121.7260770">
    <ele>1126.8</ele>
    <time>2026-06-14T22:53:04Z</time>
    
   </trkpt>
   <trkpt lat="48.3328720" lon="-121.7260680">
    <ele>1125.6</ele>
    <time>2026-06-14T22:53:11Z</time>
    
   </trkpt>
   <trkpt lat="48.3328810" lon="-121.7260630">
    <ele>1125.2</ele>
    <time>2026-06-14T22:53:13Z</time>
    
   </trkpt>
   <trkpt lat="48.3328800" lon="-121.7260460">
    <ele>1124.6</ele>
    <time>2026-06-14T22:53:17Z</time>
    
   </trkpt>
   <trkpt lat="48.3328720" lon="-121.7260490">
    <ele>1123.4</ele>
    <time>2026-06-14T22:53:21Z</time>
    
   </trkpt>
   <trkpt lat="48.3328530" lon="-121.7260380">
    <ele>1122.4</ele>
    <time>2026-06-14T22:53:26Z</time>
    
   </trkpt>
   <trkpt lat="48.3328410" lon="-121.7260380">
    <ele>1122.4</ele>
    <time>2026-06-14T22:53:27Z</time>
    
   </trkpt>
   <trkpt lat="48.3327630" lon="-121.7259780">
    <ele>1121.8</ele>
    <time>2026-06-14T22:53:36Z</time>
    
   </trkpt>
   <trkpt lat="48.3327430" lon="-121.7259510">
    <ele>1121.2</ele>
    <time>2026-06-14T22:53:39Z</time>
    
   </trkpt>
   <trkpt lat="48.3327350" lon="-121.7259380">
    <ele>1120.6</ele>
    <time>2026-06-14T22:53:40Z</time>
    
   </trkpt>
   <trkpt lat="48.3327270" lon="-121.7259180">
    <ele>1120.0</ele>
    <time>2026-06-14T22:53:42Z</time>
    
   </trkpt>
   <trkpt lat="48.3327270" lon="-121.7259090">
    <ele>1119.8</ele>
    <time>2026-06-14T22:53:43Z</time>
    
   </trkpt>
   <trkpt lat="48.3327350" lon="-121.7258950">
    <ele>1119.4</ele>
    <time>2026-06-14T22:53:46Z</time>
    
   </trkpt>
   <trkpt lat="48.3327660" lon="-121.7258740">
    <ele>1118.8</ele>
    <time>2026-06-14T22:53:53Z</time>
    
   </trkpt>
   <trkpt lat="48.3328000" lon="-121.7258760">
    <ele>1118.6</ele>
    <time>2026-06-14T22:53:56Z</time>
    
   </trkpt>
   <trkpt lat="48.3328160" lon="-121.7258750">
    <ele>1118.6</ele>
    <time>2026-06-14T22:53:58Z</time>
    
   </trkpt>
   <trkpt lat="48.3328690" lon="-121.7258600">
    <ele>1118.6</ele>
    <time>2026-06-14T22:54:04Z</time>
    
   </trkpt>
   <trkpt lat="48.3328880" lon="-121.7258550">
    <ele>1118.4</ele>
    <time>2026-06-14T22:54:06Z</time>
    
   </trkpt>
   <trkpt lat="48.3329060" lon="-121.7258540">
    <ele>1118.4</ele>
    <time>2026-06-14T22:54:08Z</time>
    
   </trkpt>
   <trkpt lat="48.3329340" lon="-121.7258460">
    <ele>1118.0</ele>
    <time>2026-06-14T22:54:11Z</time>
    
   </trkpt>
   <trkpt lat="48.3329510" lon="-121.7258370">
    <ele>1117.8</ele>
    <time>2026-06-14T22:54:13Z</time>
    
   </trkpt>
   <trkpt lat="48.3329650" lon="-121.7258360">
    <ele>1117.6</ele>
    <time>2026-06-14T22:54:15Z</time>
    
   </trkpt>
   <trkpt lat="48.3329750" lon="-121.7258400">
    <ele>1117.6</ele>
    <time>2026-06-14T22:54:16Z</time>
    
   </trkpt>
   <trkpt lat="48.3329820" lon="-121.7258400">
    <ele>1117.4</ele>
    <time>2026-06-14T22:54:17Z</time>
    
   </trkpt>
   <trkpt lat="48.3330150" lon="-121.7258200">
    <ele>1116.6</ele>
    <time>2026-06-14T22:54:21Z</time>
    
   </trkpt>
   <trkpt lat="48.3330290" lon="-121.7258130">
    <ele>1116.4</ele>
    <time>2026-06-14T22:54:23Z</time>
    
   </trkpt>
   <trkpt lat="48.3330560" lon="-121.7257910">
    <ele>1115.4</ele>
    <time>2026-06-14T22:54:28Z</time>
    
   </trkpt>
   <trkpt lat="48.3330690" lon="-121.7257850">
    <ele>1115.2</ele>
    <time>2026-06-14T22:54:30Z</time>
    
   </trkpt>
   <trkpt lat="48.3331230" lon="-121.7257690">
    <ele>1114.4</ele>
    <time>2026-06-14T22:54:37Z</time>
    
   </trkpt>
   <trkpt lat="48.3331610" lon="-121.7257080">
    <ele>1113.2</ele>
    <time>2026-06-14T22:54:45Z</time>
    
   </trkpt>
   <trkpt lat="48.3331600" lon="-121.7256830">
    <ele>1112.2</ele>
    <time>2026-06-14T22:54:49Z</time>
    
   </trkpt>
   <trkpt lat="48.3331930" lon="-121.7256510">
    <ele>1110.8</ele>
    <time>2026-06-14T22:54:53Z</time>
    
   </trkpt>
   <trkpt lat="48.3332090" lon="-121.7256410">
    <ele>1110.4</ele>
    <time>2026-06-14T22:54:55Z</time>
    
   </trkpt>
   <trkpt lat="48.3332160" lon="-121.7256230">
    <ele>1109.8</ele>
    <time>2026-06-14T22:54:58Z</time>
    
   </trkpt>
   <trkpt lat="48.3332400" lon="-121.7256000">
    <ele>1109.8</ele>
    <time>2026-06-14T22:55:03Z</time>
    
   </trkpt>
   <trkpt lat="48.3332680" lon="-121.7255860">
    <ele>1110.2</ele>
    <time>2026-06-14T22:55:09Z</time>
    
   </trkpt>
   <trkpt lat="48.3332800" lon="-121.7255840">
    <ele>1110.4</ele>
    <time>2026-06-14T22:55:12Z</time>
    
   </trkpt>
   <trkpt lat="48.3333520" lon="-121.7255360">
    <ele>1110.2</ele>
    <time>2026-06-14T22:55:18Z</time>
    
   </trkpt>
   <trkpt lat="48.3334330" lon="-121.7254770">
    <ele>1109.6</ele>
    <time>2026-06-14T22:55:24Z</time>
    
   </trkpt>
   <trkpt lat="48.3334420" lon="-121.7254620">
    <ele>1109.6</ele>
    <time>2026-06-14T22:55:25Z</time>
    
   </trkpt>
   <trkpt lat="48.3334530" lon="-121.7254240">
    <ele>1109.4</ele>
    <time>2026-06-14T22:55:28Z</time>
    
   </trkpt>
   <trkpt lat="48.3334620" lon="-121.7254070">
    <ele>1109.2</ele>
    <time>2026-06-14T22:55:30Z</time>
    
   </trkpt>
   <trkpt lat="48.3334970" lon="-121.7253840">
    <ele>1109.2</ele>
    <time>2026-06-14T22:55:32Z</time>
    
   </trkpt>
   <trkpt lat="48.3334990" lon="-121.7253800">
    <ele>1109.2</ele>
    <time>2026-06-14T22:55:33Z</time>
    
   </trkpt>
   <trkpt lat="48.3335010" lon="-121.7253600">
    <ele>1109.0</ele>
    <time>2026-06-14T22:55:35Z</time>
    
   </trkpt>
   <trkpt lat="48.3335040" lon="-121.7253490">
    <ele>1109.0</ele>
    <time>2026-06-14T22:55:36Z</time>
    
   </trkpt>
   <trkpt lat="48.3335220" lon="-121.7253170">
    <ele>1109.0</ele>
    <time>2026-06-14T22:55:38Z</time>
    
   </trkpt>
   <trkpt lat="48.3335470" lon="-121.7252750">
    <ele>1109.0</ele>
    <time>2026-06-14T22:55:42Z</time>
    
   </trkpt>
   <trkpt lat="48.3335490" lon="-121.7252580">
    <ele>1108.8</ele>
    <time>2026-06-14T22:55:44Z</time>
    
   </trkpt>
   <trkpt lat="48.3335490" lon="-121.7252540">
    <ele>1108.6</ele>
    <time>2026-06-14T22:55:45Z</time>
    
   </trkpt>
   <trkpt lat="48.3335500" lon="-121.7252490">
    <ele>1108.4</ele>
    <time>2026-06-14T22:55:46Z</time>
    
   </trkpt>
   <trkpt lat="48.3335580" lon="-121.7252290">
    <ele>1108.0</ele>
    <time>2026-06-14T22:55:48Z</time>
    
   </trkpt>
   <trkpt lat="48.3335670" lon="-121.7251930">
    <ele>1107.8</ele>
    <time>2026-06-14T22:55:51Z</time>
    
   </trkpt>
   <trkpt lat="48.3335610" lon="-121.7251750">
    <ele>1107.8</ele>
    <time>2026-06-14T22:55:52Z</time>
    
   </trkpt>
   <trkpt lat="48.3335560" lon="-121.7251520">
    <ele>1107.8</ele>
    <time>2026-06-14T22:55:53Z</time>
    
   </trkpt>
   <trkpt lat="48.3335500" lon="-121.7251280">
    <ele>1107.6</ele>
    <time>2026-06-14T22:55:54Z</time>
    
   </trkpt>
   <trkpt lat="48.3335500" lon="-121.7250710">
    <ele>1107.4</ele>
    <time>2026-06-14T22:55:57Z</time>
    
   </trkpt>
   <trkpt lat="48.3335510" lon="-121.7250500">
    <ele>1107.4</ele>
    <time>2026-06-14T22:55:58Z</time>
    
   </trkpt>
   <trkpt lat="48.3335480" lon="-121.7249930">
    <ele>1106.6</ele>
    <time>2026-06-14T22:56:01Z</time>
    
   </trkpt>
   <trkpt lat="48.3335540" lon="-121.7249540">
    <ele>1106.2</ele>
    <time>2026-06-14T22:56:04Z</time>
    
   </trkpt>
   <trkpt lat="48.3335720" lon="-121.7249210">
    <ele>1106.0</ele>
    <time>2026-06-14T22:56:07Z</time>
    
   </trkpt>
   <trkpt lat="48.3335840" lon="-121.7248760">
    <ele>1105.8</ele>
    <time>2026-06-14T22:56:10Z</time>
    
   </trkpt>
   <trkpt lat="48.3335860" lon="-121.7248550">
    <ele>1105.6</ele>
    <time>2026-06-14T22:56:11Z</time>
    
   </trkpt>
   <trkpt lat="48.3335890" lon="-121.7248390">
    <ele>1105.6</ele>
    <time>2026-06-14T22:56:12Z</time>
    
   </trkpt>
   <trkpt lat="48.3335980" lon="-121.7248100">
    <ele>1105.4</ele>
    <time>2026-06-14T22:56:14Z</time>
    
   </trkpt>
   <trkpt lat="48.3335980" lon="-121.7247080">
    <ele>1104.6</ele>
    <time>2026-06-14T22:56:19Z</time>
    
   </trkpt>
   <trkpt lat="48.3335970" lon="-121.7246880">
    <ele>1104.4</ele>
    <time>2026-06-14T22:56:20Z</time>
    
   </trkpt>
   <trkpt lat="48.3335960" lon="-121.7246360">
    <ele>1104.2</ele>
    <time>2026-06-14T22:56:23Z</time>
    
   </trkpt>
   <trkpt lat="48.3336110" lon="-121.7246170">
    <ele>1104.0</ele>
    <time>2026-06-14T22:56:25Z</time>
    
   </trkpt>
   <trkpt lat="48.3336180" lon="-121.7245990">
    <ele>1103.8</ele>
    <time>2026-06-14T22:56:26Z</time>
    
   </trkpt>
   <trkpt lat="48.3336220" lon="-121.7245850">
    <ele>1103.6</ele>
    <time>2026-06-14T22:56:27Z</time>
    
   </trkpt>
   <trkpt lat="48.3336280" lon="-121.7245550">
    <ele>1103.0</ele>
    <time>2026-06-14T22:56:29Z</time>
    
   </trkpt>
   <trkpt lat="48.3336300" lon="-121.7245300">
    <ele>1102.6</ele>
    <time>2026-06-14T22:56:31Z</time>
    
   </trkpt>
   <trkpt lat="48.3336410" lon="-121.7244950">
    <ele>1102.4</ele>
    <time>2026-06-14T22:56:33Z</time>
    
   </trkpt>
   <trkpt lat="48.3336430" lon="-121.7244790">
    <ele>1102.4</ele>
    <time>2026-06-14T22:56:34Z</time>
    
   </trkpt>
   <trkpt lat="48.3336900" lon="-121.7244260">
    <ele>1101.8</ele>
    <time>2026-06-14T22:56:41Z</time>
    
   </trkpt>
   <trkpt lat="48.3336990" lon="-121.7244180">
    <ele>1101.8</ele>
    <time>2026-06-14T22:56:42Z</time>
    
   </trkpt>
   <trkpt lat="48.3337110" lon="-121.7243940">
    <ele>1101.6</ele>
    <time>2026-06-14T22:56:45Z</time>
    
   </trkpt>
   <trkpt lat="48.3337210" lon="-121.7243810">
    <ele>1101.4</ele>
    <time>2026-06-14T22:56:47Z</time>
    
   </trkpt>
   <trkpt lat="48.3337270" lon="-121.7243710">
    <ele>1101.4</ele>
    <time>2026-06-14T22:56:48Z</time>
    
   </trkpt>
   <trkpt lat="48.3337460" lon="-121.7243440">
    <ele>1101.2</ele>
    <time>2026-06-14T22:56:51Z</time>
    
   </trkpt>
   <trkpt lat="48.3337710" lon="-121.7243230">
    <ele>1100.2</ele>
    <time>2026-06-14T22:56:54Z</time>
    
   </trkpt>
   <trkpt lat="48.3337820" lon="-121.7243170">
    <ele>1100.0</ele>
    <time>2026-06-14T22:56:55Z</time>
    
   </trkpt>
   <trkpt lat="48.3337830" lon="-121.7243050">
    <ele>1100.0</ele>
    <time>2026-06-14T22:56:56Z</time>
    
   </trkpt>
   <trkpt lat="48.3338230" lon="-121.7242690">
    <ele>1099.6</ele>
    <time>2026-06-14T22:57:00Z</time>
    
   </trkpt>
   <trkpt lat="48.3338310" lon="-121.7242630">
    <ele>1099.6</ele>
    <time>2026-06-14T22:57:01Z</time>
    
   </trkpt>
   <trkpt lat="48.3338380" lon="-121.7242560">
    <ele>1099.2</ele>
    <time>2026-06-14T22:57:03Z</time>
    
   </trkpt>
   <trkpt lat="48.3338360" lon="-121.7242400">
    <ele>1099.0</ele>
    <time>2026-06-14T22:57:05Z</time>
    
   </trkpt>
   <trkpt lat="48.3338370" lon="-121.7242010">
    <ele>1098.2</ele>
    <time>2026-06-14T22:57:11Z</time>
    
   </trkpt>
   <trkpt lat="48.3338420" lon="-121.7241900">
    <ele>1097.8</ele>
    <time>2026-06-14T22:57:12Z</time>
    
   </trkpt>
   <trkpt lat="48.3338480" lon="-121.7241840">
    <ele>1097.6</ele>
    <time>2026-06-14T22:57:13Z</time>
    
   </trkpt>
   <trkpt lat="48.3338620" lon="-121.7241780">
    <ele>1097.0</ele>
    <time>2026-06-14T22:57:15Z</time>
    
   </trkpt>
   <trkpt lat="48.3338630" lon="-121.7241750">
    <ele>1096.8</ele>
    <time>2026-06-14T22:57:16Z</time>
    
   </trkpt>
   <trkpt lat="48.3338650" lon="-121.7241710">
    <ele>1096.8</ele>
    <time>2026-06-14T22:57:17Z</time>
    
   </trkpt>
   <trkpt lat="48.3338730" lon="-121.7241620">
    <ele>1096.4</ele>
    <time>2026-06-14T22:57:19Z</time>
    
   </trkpt>
   <trkpt lat="48.3338850" lon="-121.7241240">
    <ele>1095.8</ele>
    <time>2026-06-14T22:57:24Z</time>
    
   </trkpt>
   <trkpt lat="48.3338900" lon="-121.7240920">
    <ele>1095.0</ele>
    <time>2026-06-14T22:57:27Z</time>
    
   </trkpt>
   <trkpt lat="48.3338920" lon="-121.7240820">
    <ele>1094.8</ele>
    <time>2026-06-14T22:57:28Z</time>
    
   </trkpt>
   <trkpt lat="48.3339060" lon="-121.7240220">
    <ele>1094.2</ele>
    <time>2026-06-14T22:57:34Z</time>
    
   </trkpt>
   <trkpt lat="48.3339190" lon="-121.7240130">
    <ele>1094.2</ele>
    <time>2026-06-14T22:57:36Z</time>
    
   </trkpt>
   <trkpt lat="48.3339710" lon="-121.7239390">
    <ele>1093.8</ele>
    <time>2026-06-14T22:57:42Z</time>
    
   </trkpt>
   <trkpt lat="48.3339740" lon="-121.7239020">
    <ele>1093.8</ele>
    <time>2026-06-14T22:57:44Z</time>
    
   </trkpt>
   <trkpt lat="48.3339740" lon="-121.7238830">
    <ele>1093.6</ele>
    <time>2026-06-14T22:57:45Z</time>
    
   </trkpt>
   <trkpt lat="48.3339700" lon="-121.7238390">
    <ele>1093.2</ele>
    <time>2026-06-14T22:57:48Z</time>
    
   </trkpt>
   <trkpt lat="48.3339660" lon="-121.7238220">
    <ele>1093.0</ele>
    <time>2026-06-14T22:57:50Z</time>
    
   </trkpt>
   <trkpt lat="48.3339670" lon="-121.7237980">
    <ele>1093.0</ele>
    <time>2026-06-14T22:57:52Z</time>
    
   </trkpt>
   <trkpt lat="48.3339780" lon="-121.7237590">
    <ele>1092.6</ele>
    <time>2026-06-14T22:57:54Z</time>
    
   </trkpt>
   <trkpt lat="48.3339870" lon="-121.7237330">
    <ele>1092.6</ele>
    <time>2026-06-14T22:57:55Z</time>
    
   </trkpt>
   <trkpt lat="48.3339890" lon="-121.7236970">
    <ele>1092.4</ele>
    <time>2026-06-14T22:57:57Z</time>
    
   </trkpt>
   <trkpt lat="48.3339960" lon="-121.7236840">
    <ele>1092.4</ele>
    <time>2026-06-14T22:57:58Z</time>
    
   </trkpt>
   <trkpt lat="48.3339980" lon="-121.7236570">
    <ele>1092.4</ele>
    <time>2026-06-14T22:58:00Z</time>
    
   </trkpt>
   <trkpt lat="48.3340290" lon="-121.7235910">
    <ele>1092.0</ele>
    <time>2026-06-14T22:58:04Z</time>
    
   </trkpt>
   <trkpt lat="48.3340390" lon="-121.7235780">
    <ele>1092.0</ele>
    <time>2026-06-14T22:58:05Z</time>
    
   </trkpt>
   <trkpt lat="48.3340980" lon="-121.7235120">
    <ele>1091.4</ele>
    <time>2026-06-14T22:58:10Z</time>
    
   </trkpt>
   <trkpt lat="48.3341190" lon="-121.7234940">
    <ele>1091.2</ele>
    <time>2026-06-14T22:58:11Z</time>
    
   </trkpt>
   <trkpt lat="48.3341590" lon="-121.7234350">
    <ele>1091.2</ele>
    <time>2026-06-14T22:58:17Z</time>
    
   </trkpt>
   <trkpt lat="48.3341700" lon="-121.7234300">
    <ele>1091.0</ele>
    <time>2026-06-14T22:58:18Z</time>
    
   </trkpt>
   <trkpt lat="48.3341790" lon="-121.7234040">
    <ele>1090.8</ele>
    <time>2026-06-14T22:58:21Z</time>
    
   </trkpt>
   <trkpt lat="48.3341830" lon="-121.7233890">
    <ele>1090.0</ele>
    <time>2026-06-14T22:58:23Z</time>
    
   </trkpt>
   <trkpt lat="48.3341910" lon="-121.7233790">
    <ele>1089.4</ele>
    <time>2026-06-14T22:58:25Z</time>
    
   </trkpt>
   <trkpt lat="48.3342010" lon="-121.7233620">
    <ele>1088.8</ele>
    <time>2026-06-14T22:58:27Z</time>
    
   </trkpt>
   <trkpt lat="48.3342090" lon="-121.7233060">
    <ele>1088.2</ele>
    <time>2026-06-14T22:58:31Z</time>
    
   </trkpt>
   <trkpt lat="48.3342100" lon="-121.7232750">
    <ele>1087.8</ele>
    <time>2026-06-14T22:58:34Z</time>
    
   </trkpt>
   <trkpt lat="48.3342000" lon="-121.7232430">
    <ele>1088.0</ele>
    <time>2026-06-14T22:58:36Z</time>
    
   </trkpt>
   <trkpt lat="48.3342040" lon="-121.7231860">
    <ele>1087.6</ele>
    <time>2026-06-14T22:58:40Z</time>
    
   </trkpt>
   <trkpt lat="48.3341980" lon="-121.7231730">
    <ele>1087.4</ele>
    <time>2026-06-14T22:58:41Z</time>
    
   </trkpt>
   <trkpt lat="48.3341940" lon="-121.7231590">
    <ele>1086.8</ele>
    <time>2026-06-14T22:58:43Z</time>
    
   </trkpt>
   <trkpt lat="48.3341930" lon="-121.7231540">
    <ele>1086.6</ele>
    <time>2026-06-14T22:58:44Z</time>
    
   </trkpt>
   <trkpt lat="48.3341940" lon="-121.7231380">
    <ele>1086.2</ele>
    <time>2026-06-14T22:58:46Z</time>
    
   </trkpt>
   <trkpt lat="48.3342020" lon="-121.7231270">
    <ele>1086.2</ele>
    <time>2026-06-14T22:58:47Z</time>
    
   </trkpt>
   <trkpt lat="48.3341930" lon="-121.7231200">
    <ele>1086.2</ele>
    <time>2026-06-14T22:58:53Z</time>
    
   </trkpt>
   <trkpt lat="48.3342080" lon="-121.7231000">
    <ele>1086.2</ele>
    <time>2026-06-14T22:58:56Z</time>
    
   </trkpt>
   <trkpt lat="48.3342150" lon="-121.7230950">
    <ele>1086.2</ele>
    <time>2026-06-14T22:58:57Z</time>
    
   </trkpt>
   <trkpt lat="48.3342240" lon="-121.7230820">
    <ele>1086.0</ele>
    <time>2026-06-14T22:58:58Z</time>
    
   </trkpt>
   <trkpt lat="48.3342280" lon="-121.7230620">
    <ele>1085.6</ele>
    <time>2026-06-14T22:59:00Z</time>
    
   </trkpt>
   <trkpt lat="48.3342340" lon="-121.7230210">
    <ele>1085.2</ele>
    <time>2026-06-14T22:59:03Z</time>
    
   </trkpt>
   <trkpt lat="48.3342730" lon="-121.7229560">
    <ele>1085.0</ele>
    <time>2026-06-14T22:59:07Z</time>
    
   </trkpt>
   <trkpt lat="48.3342780" lon="-121.7229280">
    <ele>1084.6</ele>
    <time>2026-06-14T22:59:09Z</time>
    
   </trkpt>
   <trkpt lat="48.3342790" lon="-121.7229180">
    <ele>1084.2</ele>
    <time>2026-06-14T22:59:10Z</time>
    
   </trkpt>
   <trkpt lat="48.3342900" lon="-121.7228990">
    <ele>1083.8</ele>
    <time>2026-06-14T22:59:12Z</time>
    
   </trkpt>
   <trkpt lat="48.3343050" lon="-121.7228760">
    <ele>1083.6</ele>
    <time>2026-06-14T22:59:15Z</time>
    
   </trkpt>
   <trkpt lat="48.3343050" lon="-121.7228750">
    <ele>1083.6</ele>
    <time>2026-06-14T22:59:18Z</time>
    
   </trkpt>
   <trkpt lat="48.3343040" lon="-121.7228730">
    <ele>1083.6</ele>
    <time>2026-06-14T22:59:19Z</time>
    
   </trkpt>
   <trkpt lat="48.3343120" lon="-121.7229100">
    <ele>1083.8</ele>
    <time>2026-06-14T22:59:24Z</time>
    
   </trkpt>
   <trkpt lat="48.3343810" lon="-121.7229480">
    <ele>1083.8</ele>
    <time>2026-06-14T22:59:31Z</time>
    
   </trkpt>
   <trkpt lat="48.3344240" lon="-121.7229840">
    <ele>1084.0</ele>
    <time>2026-06-14T22:59:36Z</time>
    
   </trkpt>
   <trkpt lat="48.3344200" lon="-121.7229960">
    <ele>1084.0</ele>
    <time>2026-06-14T22:59:38Z</time>
    
   </trkpt>
   <trkpt lat="48.3344190" lon="-121.7229980">
    <ele>1084.2</ele>
    <time>2026-06-14T22:59:39Z</time>
    
   </trkpt>
   <trkpt lat="48.3344310" lon="-121.7230180">
    <ele>1084.2</ele>
    <time>2026-06-14T22:59:44Z</time>
    
   </trkpt>
   <trkpt lat="48.3344770" lon="-121.7230410">
    <ele>1084.6</ele>
    <time>2026-06-14T22:59:50Z</time>
    
   </trkpt>
   <trkpt lat="48.3344840" lon="-121.7230520">
    <ele>1084.6</ele>
    <time>2026-06-14T22:59:51Z</time>
    
   </trkpt>
   <trkpt lat="48.3345570" lon="-121.7230860">
    <ele>1084.2</ele>
    <time>2026-06-14T22:59:59Z</time>
    
   </trkpt>
   <trkpt lat="48.3346120" lon="-121.7231020">
    <ele>1084.4</ele>
    <time>2026-06-14T23:00:03Z</time>
    
   </trkpt>
   <trkpt lat="48.3346660" lon="-121.7231060">
    <ele>1084.6</ele>
    <time>2026-06-14T23:00:08Z</time>
    
   </trkpt>
   <trkpt lat="48.3347160" lon="-121.7231190">
    <ele>1084.8</ele>
    <time>2026-06-14T23:00:12Z</time>
    
   </trkpt>
   <trkpt lat="48.3347740" lon="-121.7231350">
    <ele>1084.8</ele>
    <time>2026-06-14T23:00:16Z</time>
    
   </trkpt>
   <trkpt lat="48.3348880" lon="-121.7232020">
    <ele>1084.6</ele>
    <time>2026-06-14T23:00:30Z</time>
    
   </trkpt>
   <trkpt lat="48.3350050" lon="-121.7231940">
    <ele>1084.6</ele>
    <time>2026-06-14T23:00:42Z</time>
    
   </trkpt>
   <trkpt lat="48.3350140" lon="-121.7231910">
    <ele>1084.6</ele>
    <time>2026-06-14T23:00:43Z</time>
    
   </trkpt>
   <trkpt lat="48.3350650" lon="-121.7231560">
    <ele>1084.8</ele>
    <time>2026-06-14T23:00:48Z</time>
    
   </trkpt>
   <trkpt lat="48.3350830" lon="-121.7231150">
    <ele>1084.8</ele>
    <time>2026-06-14T23:00:50Z</time>
    
   </trkpt>
   <trkpt lat="48.3351280" lon="-121.7230370">
    <ele>1085.0</ele>
    <time>2026-06-14T23:00:54Z</time>
    
   </trkpt>
   <trkpt lat="48.3351930" lon="-121.7229110">
    <ele>1085.2</ele>
    <time>2026-06-14T23:01:00Z</time>
    
   </trkpt>
   <trkpt lat="48.3352090" lon="-121.7228750">
    <ele>1085.6</ele>
    <time>2026-06-14T23:01:02Z</time>
    
   </trkpt>
   <trkpt lat="48.3352310" lon="-121.7228230">
    <ele>1086.0</ele>
    <time>2026-06-14T23:01:05Z</time>
    
   </trkpt>
   <trkpt lat="48.3353200" lon="-121.7227380">
    <ele>1086.6</ele>
    <time>2026-06-14T23:01:09Z</time>
    
   </trkpt>
   <trkpt lat="48.3353490" lon="-121.7227170">
    <ele>1086.8</ele>
    <time>2026-06-14T23:01:10Z</time>
    
   </trkpt>
   <trkpt lat="48.3354130" lon="-121.7226240">
    <ele>1086.8</ele>
    <time>2026-06-14T23:01:15Z</time>
    
   </trkpt>
   <trkpt lat="48.3354500" lon="-121.7225570">
    <ele>1087.2</ele>
    <time>2026-06-14T23:01:19Z</time>
    
   </trkpt>
   <trkpt lat="48.3355320" lon="-121.7223690">
    <ele>1087.4</ele>
    <time>2026-06-14T23:01:30Z</time>
    
   </trkpt>
   <trkpt lat="48.3355360" lon="-121.7223320">
    <ele>1087.4</ele>
    <time>2026-06-14T23:01:33Z</time>
    
   </trkpt>
   <trkpt lat="48.3356270" lon="-121.7222430">
    <ele>1087.2</ele>
    <time>2026-06-14T23:01:43Z</time>
    
   </trkpt>
   <trkpt lat="48.3356580" lon="-121.7222380">
    <ele>1087.2</ele>
    <time>2026-06-14T23:01:46Z</time>
    
   </trkpt>
   <trkpt lat="48.3357200" lon="-121.7222540">
    <ele>1086.8</ele>
    <time>2026-06-14T23:01:52Z</time>
    
   </trkpt>
   <trkpt lat="48.3357430" lon="-121.7222670">
    <ele>1086.4</ele>
    <time>2026-06-14T23:01:56Z</time>
    
   </trkpt>
   <trkpt lat="48.3357540" lon="-121.7222970">
    <ele>1086.0</ele>
    <time>2026-06-14T23:01:59Z</time>
    
   </trkpt>
   <trkpt lat="48.3357940" lon="-121.7223420">
    <ele>1085.8</ele>
    <time>2026-06-14T23:02:06Z</time>
    
   </trkpt>
   <trkpt lat="48.3358030" lon="-121.7223490">
    <ele>1085.8</ele>
    <time>2026-06-14T23:02:08Z</time>
    
   </trkpt>
   <trkpt lat="48.3358150" lon="-121.7223540">
    <ele>1085.8</ele>
    <time>2026-06-14T23:02:10Z</time>
    
   </trkpt>
   <trkpt lat="48.3358330" lon="-121.7223510">
    <ele>1085.4</ele>
    <time>2026-06-14T23:02:12Z</time>
    
   </trkpt>
   <trkpt lat="48.3358620" lon="-121.7223310">
    <ele>1085.2</ele>
    <time>2026-06-14T23:02:14Z</time>
    
   </trkpt>
   <trkpt lat="48.3358700" lon="-121.7223260">
    <ele>1084.8</ele>
    <time>2026-06-14T23:02:16Z</time>
    
   </trkpt>
   <trkpt lat="48.3358820" lon="-121.7223240">
    <ele>1084.8</ele>
    <time>2026-06-14T23:02:18Z</time>
    
   </trkpt>
   <trkpt lat="48.3359840" lon="-121.7222880">
    <ele>1084.2</ele>
    <time>2026-06-14T23:02:25Z</time>
    
   </trkpt>
   <trkpt lat="48.3360380" lon="-121.7222670">
    <ele>1083.8</ele>
    <time>2026-06-14T23:02:30Z</time>
    
   </trkpt>
   <trkpt lat="48.3360540" lon="-121.7222670">
    <ele>1083.6</ele>
    <time>2026-06-14T23:02:32Z</time>
    
   </trkpt>
   <trkpt lat="48.3360780" lon="-121.7222620">
    <ele>1083.2</ele>
    <time>2026-06-14T23:02:35Z</time>
    
   </trkpt>
   <trkpt lat="48.3361090" lon="-121.7222690">
    <ele>1082.8</ele>
    <time>2026-06-14T23:02:38Z</time>
    
   </trkpt>
   <trkpt lat="48.3361230" lon="-121.7222650">
    <ele>1082.6</ele>
    <time>2026-06-14T23:02:39Z</time>
    
   </trkpt>
   <trkpt lat="48.3361720" lon="-121.7222500">
    <ele>1082.4</ele>
    <time>2026-06-14T23:02:42Z</time>
    
   </trkpt>
   <trkpt lat="48.3361890" lon="-121.7222460">
    <ele>1082.2</ele>
    <time>2026-06-14T23:02:44Z</time>
    
   </trkpt>
   <trkpt lat="48.3362160" lon="-121.7222470">
    <ele>1081.8</ele>
    <time>2026-06-14T23:02:48Z</time>
    
   </trkpt>
   <trkpt lat="48.3362290" lon="-121.7222460">
    <ele>1081.6</ele>
    <time>2026-06-14T23:02:49Z</time>
    
   </trkpt>
   <trkpt lat="48.3362450" lon="-121.7222440">
    <ele>1081.2</ele>
    <time>2026-06-14T23:02:51Z</time>
    
   </trkpt>
   <trkpt lat="48.3362790" lon="-121.7222450">
    <ele>1081.0</ele>
    <time>2026-06-14T23:02:55Z</time>
    
   </trkpt>
   <trkpt lat="48.3362960" lon="-121.7222470">
    <ele>1080.6</ele>
    <time>2026-06-14T23:02:57Z</time>
    
   </trkpt>
   <trkpt lat="48.3363030" lon="-121.7222460">
    <ele>1080.6</ele>
    <time>2026-06-14T23:02:58Z</time>
    
   </trkpt>
   <trkpt lat="48.3363250" lon="-121.7222370">
    <ele>1080.4</ele>
    <time>2026-06-14T23:02:59Z</time>
    
   </trkpt>
   <trkpt lat="48.3364260" lon="-121.7222140">
    <ele>1079.6</ele>
    <time>2026-06-14T23:03:04Z</time>
    
   </trkpt>
   <trkpt lat="48.3364570" lon="-121.7222110">
    <ele>1079.4</ele>
    <time>2026-06-14T23:03:05Z</time>
    
   </trkpt>
   <trkpt lat="48.3365400" lon="-121.7222000">
    <ele>1079.0</ele>
    <time>2026-06-14T23:03:09Z</time>
    
   </trkpt>
   <trkpt lat="48.3366870" lon="-121.7222080">
    <ele>1078.4</ele>
    <time>2026-06-14T23:03:16Z</time>
    
   </trkpt>
   <trkpt lat="48.3367730" lon="-121.7221970">
    <ele>1077.2</ele>
    <time>2026-06-14T23:03:22Z</time>
    
   </trkpt>
   <trkpt lat="48.3367800" lon="-121.7221910">
    <ele>1077.0</ele>
    <time>2026-06-14T23:03:23Z</time>
    
   </trkpt>
   <trkpt lat="48.3369000" lon="-121.7221720">
    <ele>1076.2</ele>
    <time>2026-06-14T23:03:31Z</time>
    
   </trkpt>
   <trkpt lat="48.3369700" lon="-121.7221770">
    <ele>1075.6</ele>
    <time>2026-06-14T23:03:39Z</time>
    
   </trkpt>
   <trkpt lat="48.3370150" lon="-121.7221700">
    <ele>1075.0</ele>
    <time>2026-06-14T23:03:42Z</time>
    
   </trkpt>
   <trkpt lat="48.3371370" lon="-121.7221500">
    <ele>1074.6</ele>
    <time>2026-06-14T23:03:54Z</time>
    
   </trkpt>
   <trkpt lat="48.3371690" lon="-121.7221490">
    <ele>1074.4</ele>
    <time>2026-06-14T23:03:57Z</time>
    
   </trkpt>
   <trkpt lat="48.3372190" lon="-121.7221460">
    <ele>1074.4</ele>
    <time>2026-06-14T23:04:01Z</time>
    
   </trkpt>
   <trkpt lat="48.3373020" lon="-121.7221640">
    <ele>1074.4</ele>
    <time>2026-06-14T23:04:10Z</time>
    
   </trkpt>
   <trkpt lat="48.3373440" lon="-121.7221530">
    <ele>1074.4</ele>
    <time>2026-06-14T23:04:12Z</time>
    
   </trkpt>
   <trkpt lat="48.3373590" lon="-121.7221510">
    <ele>1074.4</ele>
    <time>2026-06-14T23:04:13Z</time>
    
   </trkpt>
   <trkpt lat="48.3373770" lon="-121.7221380">
    <ele>1074.4</ele>
    <time>2026-06-14T23:04:15Z</time>
    
   </trkpt>
   <trkpt lat="48.3374000" lon="-121.7221240">
    <ele>1074.4</ele>
    <time>2026-06-14T23:04:17Z</time>
    
   </trkpt>
   <trkpt lat="48.3374460" lon="-121.7221060">
    <ele>1074.2</ele>
    <time>2026-06-14T23:04:22Z</time>
    
   </trkpt>
   <trkpt lat="48.3374710" lon="-121.7220660">
    <ele>1074.2</ele>
    <time>2026-06-14T23:04:25Z</time>
    
   </trkpt>
   <trkpt lat="48.3374960" lon="-121.7220290">
    <ele>1074.2</ele>
    <time>2026-06-14T23:04:28Z</time>
    
   </trkpt>
   <trkpt lat="48.3375220" lon="-121.7220000">
    <ele>1074.0</ele>
    <time>2026-06-14T23:04:34Z</time>
    
   </trkpt>
   <trkpt lat="48.3375290" lon="-121.7220090">
    <ele>1073.8</ele>
    <time>2026-06-14T23:04:37Z</time>
    
   </trkpt>
   <trkpt lat="48.3375330" lon="-121.7220090">
    <ele>1073.8</ele>
    <time>2026-06-14T23:04:38Z</time>
    
   </trkpt>
   <trkpt lat="48.3375490" lon="-121.7220090">
    <ele>1074.0</ele>
    <time>2026-06-14T23:04:43Z</time>
    
   </trkpt>
   <trkpt lat="48.3375490" lon="-121.7220230">
    <ele>1073.8</ele>
    <time>2026-06-14T23:04:49Z</time>
    
   </trkpt>
   <trkpt lat="48.3375840" lon="-121.7220130">
    <ele>1074.4</ele>
    <time>2026-06-14T23:04:54Z</time>
    
   </trkpt>
  </trkseg>
 </trk>
</gpx>
