<?xml version="1.0" encoding="UTF-8"?>
<gpx creator="StravaGPX" version="1.1" xmlns="http://www.topografix.com/GPX/1/1" xmlns:xsi="http://www.w3.org/2001/XMLSchema-instance" xsi:schemaLocation="http://www.topografix.com/GPX/1/1 http://www.topografix.com/GPX/1/1/gpx.xsd http://www.garmin.com/xmlschemas/GpxExtensions/v3 http://www.garmin.com/xmlschemas/GpxExtensionsv3.xsd http://www.garmin.com/xmlschemas/TrackPointExtension/v1 http://www.garmin.com/xmlschemas/TrackPointExtensionv1.xsd" xmlns:gpxtpx="http://www.garmin.com/xmlschemas/TrackPointExtension/v1" xmlns:gpxx="http://www.garmin.com/xmlschemas/GpxExtensions/v3">
 <metadata>
  <time>2026-09-05T11:21:09Z</time>
 </metadata>
 <trk>
  <name>The Citadel</name>
  <type>hiking</type>
  <trkseg>
   <trkpt lat="39.7026430" lon="-105.8540880">
    <ele>3015.8</ele>
    <time>2026-09-05T11:21:09Z</time>
    
   </trkpt>
   <trkpt lat="39.7026430" lon="-105.8540880">
    <ele>3015.8</ele>
    <time>2026-09-05T11:21:10Z</time>
    
   </trkpt>
   <trkpt lat="39.7026430" lon="-105.8540880">
    <ele>3017.2</ele>
    <time>2026-09-05T11:21:13Z</time>
    
   </trkpt>
   <trkpt lat="39.7026430" lon="-105.8540880">
    <ele>3017.8</ele>
    <time>2026-09-05T11:21:14Z</time>
    
   </trkpt>
   <trkpt lat="39.7026430" lon="-105.8540880">
    <ele>3018.4</ele>
    <time>2026-09-05T11:21:17Z</time>
    
   </trkpt>
   <trkpt lat="39.7026430" lon="-105.8540880">
    <ele>3019.2</ele>
    <time>2026-09-05T11:21:28Z</time>
    
   </trkpt>
   <trkpt lat="39.7026430" lon="-105.8540880">
    <ele>3019.2</ele>
    <time>2026-09-05T11:21:33Z</time>
    
   </trkpt>
   <trkpt lat="39.7026500" lon="-105.8540560">
    <ele>3019.6</ele>
    <time>2026-09-05T11:21:35Z</time>
    
   </trkpt>
   <trkpt lat="39.7026720" lon="-105.8539990">
    <ele>3020.0</ele>
    <time>2026-09-05T11:21:39Z</time>
    
   </trkpt>
   <trkpt lat="39.7026780" lon="-105.8539780">
    <ele>3020.4</ele>
    <time>2026-09-05T11:21:41Z</time>
    
   </trkpt>
   <trkpt lat="39.7026820" lon="-105.8539670">
    <ele>3020.6</ele>
    <time>2026-09-05T11:21:42Z</time>
    
   </trkpt>
   <trkpt lat="39.7026900" lon="-105.8539540">
    <ele>3020.6</ele>
    <time>2026-09-05T11:21:43Z</time>
    
   </trkpt>
   <trkpt lat="39.7027480" lon="-105.8538040">
    <ele>3021.6</ele>
    <time>2026-09-05T11:21:54Z</time>
    
   </trkpt>
   <trkpt lat="39.7027590" lon="-105.8537740">
    <ele>3021.8</ele>
    <time>2026-09-05T11:21:57Z</time>
    
   </trkpt>
   <trkpt lat="39.7027890" lon="-105.8537030">
    <ele>3021.8</ele>
    <time>2026-09-05T11:22:02Z</time>
    
   </trkpt>
   <trkpt lat="39.7028280" lon="-105.8536210">
    <ele>3022.0</ele>
    <time>2026-09-05T11:22:08Z</time>
    
   </trkpt>
   <trkpt lat="39.7028550" lon="-105.8535610">
    <ele>3022.0</ele>
    <time>2026-09-05T11:22:12Z</time>
    
   </trkpt>
   <trkpt lat="39.7028610" lon="-105.8535450">
    <ele>3022.0</ele>
    <time>2026-09-05T11:22:13Z</time>
    
   </trkpt>
   <trkpt lat="39.7028810" lon="-105.8534000">
    <ele>3022.4</ele>
    <time>2026-09-05T11:22:22Z</time>
    
   </trkpt>
   <trkpt lat="39.7028830" lon="-105.8533110">
    <ele>3022.8</ele>
    <time>2026-09-05T11:22:28Z</time>
    
   </trkpt>
   <trkpt lat="39.7028980" lon="-105.8531710">
    <ele>3023.8</ele>
    <time>2026-09-05T11:22:36Z</time>
    
   </trkpt>
   <trkpt lat="39.7029010" lon="-105.8531540">
    <ele>3023.8</ele>
    <time>2026-09-05T11:22:37Z</time>
    
   </trkpt>
   <trkpt lat="39.7029150" lon="-105.8530510">
    <ele>3024.2</ele>
    <time>2026-09-05T11:22:43Z</time>
    
   </trkpt>
   <trkpt lat="39.7029310" lon="-105.8529900">
    <ele>3025.0</ele>
    <time>2026-09-05T11:22:47Z</time>
    
   </trkpt>
   <trkpt lat="39.7029420" lon="-105.8529380">
    <ele>3025.8</ele>
    <time>2026-09-05T11:22:50Z</time>
    
   </trkpt>
   <trkpt lat="39.7029440" lon="-105.8529030">
    <ele>3026.0</ele>
    <time>2026-09-05T11:22:52Z</time>
    
   </trkpt>
   <trkpt lat="39.7029400" lon="-105.8528730">
    <ele>3026.0</ele>
    <time>2026-09-05T11:22:54Z</time>
    
   </trkpt>
   <trkpt lat="39.7029380" lon="-105.8528550">
    <ele>3026.0</ele>
    <time>2026-09-05T11:22:55Z</time>
    
   </trkpt>
   <trkpt lat="39.7029280" lon="-105.8527990">
    <ele>3026.0</ele>
    <time>2026-09-05T11:22:58Z</time>
    
   </trkpt>
   <trkpt lat="39.7029260" lon="-105.8527580">
    <ele>3025.8</ele>
    <time>2026-09-05T11:23:00Z</time>
    
   </trkpt>
   <trkpt lat="39.7029260" lon="-105.8527200">
    <ele>3025.8</ele>
    <time>2026-09-05T11:23:02Z</time>
    
   </trkpt>
   <trkpt lat="39.7029270" lon="-105.8526820">
    <ele>3025.6</ele>
    <time>2026-09-05T11:23:04Z</time>
    
   </trkpt>
   <trkpt lat="39.7029270" lon="-105.8526450">
    <ele>3025.6</ele>
    <time>2026-09-05T11:23:06Z</time>
    
   </trkpt>
   <trkpt lat="39.7029290" lon="-105.8526300">
    <ele>3025.6</ele>
    <time>2026-09-05T11:23:07Z</time>
    
   </trkpt>
   <trkpt lat="39.7029360" lon="-105.8525910">
    <ele>3025.4</ele>
    <time>2026-09-05T11:23:10Z</time>
    
   </trkpt>
   <trkpt lat="39.7029410" lon="-105.8525280">
    <ele>3025.6</ele>
    <time>2026-09-05T11:23:14Z</time>
    
   </trkpt>
   <trkpt lat="39.7029290" lon="-105.8523850">
    <ele>3026.0</ele>
    <time>2026-09-05T11:23:22Z</time>
    
   </trkpt>
   <trkpt lat="39.7029280" lon="-105.8523250">
    <ele>3026.2</ele>
    <time>2026-09-05T11:23:25Z</time>
    
   </trkpt>
   <trkpt lat="39.7029390" lon="-105.8522440">
    <ele>3026.2</ele>
    <time>2026-09-05T11:23:30Z</time>
    
   </trkpt>
   <trkpt lat="39.7029470" lon="-105.8521480">
    <ele>3026.4</ele>
    <time>2026-09-05T11:23:35Z</time>
    
   </trkpt>
   <trkpt lat="39.7029550" lon="-105.8520660">
    <ele>3026.6</ele>
    <time>2026-09-05T11:23:39Z</time>
    
   </trkpt>
   <trkpt lat="39.7029520" lon="-105.8520060">
    <ele>3027.0</ele>
    <time>2026-09-05T11:23:42Z</time>
    
   </trkpt>
   <trkpt lat="39.7029520" lon="-105.8519000">
    <ele>3027.4</ele>
    <time>2026-09-05T11:23:47Z</time>
    
   </trkpt>
   <trkpt lat="39.7029510" lon="-105.8517490">
    <ele>3027.2</ele>
    <time>2026-09-05T11:23:54Z</time>
    
   </trkpt>
   <trkpt lat="39.7029630" lon="-105.8515930">
    <ele>3027.2</ele>
    <time>2026-09-05T11:24:02Z</time>
    
   </trkpt>
   <trkpt lat="39.7029880" lon="-105.8515270">
    <ele>3027.2</ele>
    <time>2026-09-05T11:24:06Z</time>
    
   </trkpt>
   <trkpt lat="39.7030010" lon="-105.8514790">
    <ele>3027.4</ele>
    <time>2026-09-05T11:24:09Z</time>
    
   </trkpt>
   <trkpt lat="39.7030070" lon="-105.8514460">
    <ele>3027.6</ele>
    <time>2026-09-05T11:24:11Z</time>
    
   </trkpt>
   <trkpt lat="39.7030150" lon="-105.8513410">
    <ele>3027.6</ele>
    <time>2026-09-05T11:24:18Z</time>
    
   </trkpt>
   <trkpt lat="39.7030380" lon="-105.8512730">
    <ele>3028.2</ele>
    <time>2026-09-05T11:24:23Z</time>
    
   </trkpt>
   <trkpt lat="39.7030500" lon="-105.8512300">
    <ele>3028.8</ele>
    <time>2026-09-05T11:24:26Z</time>
    
   </trkpt>
   <trkpt lat="39.7030710" lon="-105.8511690">
    <ele>3029.4</ele>
    <time>2026-09-05T11:24:30Z</time>
    
   </trkpt>
   <trkpt lat="39.7030970" lon="-105.8511370">
    <ele>3029.6</ele>
    <time>2026-09-05T11:24:34Z</time>
    
   </trkpt>
   <trkpt lat="39.7031000" lon="-105.8511360">
    <ele>3029.6</ele>
    <time>2026-09-05T11:24:35Z</time>
    
   </trkpt>
   <trkpt lat="39.7031050" lon="-105.8511420">
    <ele>3029.6</ele>
    <time>2026-09-05T11:24:38Z</time>
    
   </trkpt>
   <trkpt lat="39.7031100" lon="-105.8511390">
    <ele>3029.6</ele>
    <time>2026-09-05T11:24:39Z</time>
    
   </trkpt>
   <trkpt lat="39.7031140" lon="-105.8511330">
    <ele>3029.6</ele>
    <time>2026-09-05T11:24:40Z</time>
    
   </trkpt>
   <trkpt lat="39.7031200" lon="-105.8511070">
    <ele>3029.6</ele>
    <time>2026-09-05T11:24:44Z</time>
    
   </trkpt>
   <trkpt lat="39.7031260" lon="-105.8511150">
    <ele>3029.6</ele>
    <time>2026-09-05T11:24:49Z</time>
    
   </trkpt>
   <trkpt lat="39.7031210" lon="-105.8511620">
    <ele>3030.4</ele>
    <time>2026-09-05T11:24:53Z</time>
    
   </trkpt>
   <trkpt lat="39.7031230" lon="-105.8512060">
    <ele>3030.6</ele>
    <time>2026-09-05T11:24:56Z</time>
    
   </trkpt>
   <trkpt lat="39.7031210" lon="-105.8512330">
    <ele>3030.6</ele>
    <time>2026-09-05T11:24:58Z</time>
    
   </trkpt>
   <trkpt lat="39.7031340" lon="-105.8513050">
    <ele>3031.6</ele>
    <time>2026-09-05T11:25:03Z</time>
    
   </trkpt>
   <trkpt lat="39.7031350" lon="-105.8513640">
    <ele>3032.0</ele>
    <time>2026-09-05T11:25:07Z</time>
    
   </trkpt>
   <trkpt lat="39.7031440" lon="-105.8514320">
    <ele>3032.6</ele>
    <time>2026-09-05T11:25:11Z</time>
    
   </trkpt>
   <trkpt lat="39.7031490" lon="-105.8514660">
    <ele>3033.0</ele>
    <time>2026-09-05T11:25:13Z</time>
    
   </trkpt>
   <trkpt lat="39.7031710" lon="-105.8515280">
    <ele>3033.4</ele>
    <time>2026-09-05T11:25:17Z</time>
    
   </trkpt>
   <trkpt lat="39.7031830" lon="-105.8515800">
    <ele>3033.8</ele>
    <time>2026-09-05T11:25:20Z</time>
    
   </trkpt>
   <trkpt lat="39.7031850" lon="-105.8515960">
    <ele>3034.0</ele>
    <time>2026-09-05T11:25:21Z</time>
    
   </trkpt>
   <trkpt lat="39.7032150" lon="-105.8517120">
    <ele>3035.0</ele>
    <time>2026-09-05T11:25:28Z</time>
    
   </trkpt>
   <trkpt lat="39.7032490" lon="-105.8517890">
    <ele>3035.8</ele>
    <time>2026-09-05T11:25:33Z</time>
    
   </trkpt>
   <trkpt lat="39.7032560" lon="-105.8518020">
    <ele>3036.0</ele>
    <time>2026-09-05T11:25:34Z</time>
    
   </trkpt>
   <trkpt lat="39.7032930" lon="-105.8518940">
    <ele>3036.8</ele>
    <time>2026-09-05T11:25:40Z</time>
    
   </trkpt>
   <trkpt lat="39.7032970" lon="-105.8519100">
    <ele>3037.0</ele>
    <time>2026-09-05T11:25:41Z</time>
    
   </trkpt>
   <trkpt lat="39.7033130" lon="-105.8519360">
    <ele>3037.4</ele>
    <time>2026-09-05T11:25:43Z</time>
    
   </trkpt>
   <trkpt lat="39.7033440" lon="-105.8519780">
    <ele>3038.2</ele>
    <time>2026-09-05T11:25:47Z</time>
    
   </trkpt>
   <trkpt lat="39.7033720" lon="-105.8520160">
    <ele>3039.2</ele>
    <time>2026-09-05T11:25:51Z</time>
    
   </trkpt>
   <trkpt lat="39.7033810" lon="-105.8520280">
    <ele>3039.2</ele>
    <time>2026-09-05T11:25:52Z</time>
    
   </trkpt>
   <trkpt lat="39.7033970" lon="-105.8520610">
    <ele>3039.8</ele>
    <time>2026-09-05T11:25:55Z</time>
    
   </trkpt>
   <trkpt lat="39.7034170" lon="-105.8520890">
    <ele>3040.4</ele>
    <time>2026-09-05T11:25:58Z</time>
    
   </trkpt>
   <trkpt lat="39.7034660" lon="-105.8521530">
    <ele>3041.4</ele>
    <time>2026-09-05T11:26:04Z</time>
    
   </trkpt>
   <trkpt lat="39.7034840" lon="-105.8521760">
    <ele>3041.8</ele>
    <time>2026-09-05T11:26:06Z</time>
    
   </trkpt>
   <trkpt lat="39.7035150" lon="-105.8522170">
    <ele>3042.4</ele>
    <time>2026-09-05T11:26:10Z</time>
    
   </trkpt>
   <trkpt lat="39.7035360" lon="-105.8522440">
    <ele>3043.0</ele>
    <time>2026-09-05T11:26:13Z</time>
    
   </trkpt>
   <trkpt lat="39.7035540" lon="-105.8522770">
    <ele>3043.6</ele>
    <time>2026-09-05T11:26:16Z</time>
    
   </trkpt>
   <trkpt lat="39.7035810" lon="-105.8523280">
    <ele>3044.6</ele>
    <time>2026-09-05T11:26:21Z</time>
    
   </trkpt>
   <trkpt lat="39.7035880" lon="-105.8523370">
    <ele>3044.8</ele>
    <time>2026-09-05T11:26:22Z</time>
    
   </trkpt>
   <trkpt lat="39.7036240" lon="-105.8523800">
    <ele>3045.6</ele>
    <time>2026-09-05T11:26:26Z</time>
    
   </trkpt>
   <trkpt lat="39.7036530" lon="-105.8524090">
    <ele>3046.2</ele>
    <time>2026-09-05T11:26:30Z</time>
    
   </trkpt>
   <trkpt lat="39.7036680" lon="-105.8524280">
    <ele>3046.8</ele>
    <time>2026-09-05T11:26:32Z</time>
    
   </trkpt>
   <trkpt lat="39.7037060" lon="-105.8524960">
    <ele>3047.6</ele>
    <time>2026-09-05T11:26:38Z</time>
    
   </trkpt>
   <trkpt lat="39.7037120" lon="-105.8525090">
    <ele>3047.8</ele>
    <time>2026-09-05T11:26:39Z</time>
    
   </trkpt>
   <trkpt lat="39.7037530" lon="-105.8525910">
    <ele>3048.8</ele>
    <time>2026-09-05T11:26:47Z</time>
    
   </trkpt>
   <trkpt lat="39.7037890" lon="-105.8526320">
    <ele>3050.0</ele>
    <time>2026-09-05T11:26:52Z</time>
    
   </trkpt>
   <trkpt lat="39.7038030" lon="-105.8526430">
    <ele>3050.2</ele>
    <time>2026-09-05T11:26:54Z</time>
    
   </trkpt>
   <trkpt lat="39.7038090" lon="-105.8526520">
    <ele>3050.4</ele>
    <time>2026-09-05T11:26:55Z</time>
    
   </trkpt>
   <trkpt lat="39.7038160" lon="-105.8526630">
    <ele>3050.4</ele>
    <time>2026-09-05T11:26:56Z</time>
    
   </trkpt>
   <trkpt lat="39.7038310" lon="-105.8526940">
    <ele>3051.0</ele>
    <time>2026-09-05T11:26:59Z</time>
    
   </trkpt>
   <trkpt lat="39.7038560" lon="-105.8527450">
    <ele>3052.2</ele>
    <time>2026-09-05T11:27:05Z</time>
    
   </trkpt>
   <trkpt lat="39.7038700" lon="-105.8527780">
    <ele>3052.8</ele>
    <time>2026-09-05T11:27:08Z</time>
    
   </trkpt>
   <trkpt lat="39.7038900" lon="-105.8528110">
    <ele>3053.4</ele>
    <time>2026-09-05T11:27:11Z</time>
    
   </trkpt>
   <trkpt lat="39.7039450" lon="-105.8529490">
    <ele>3054.2</ele>
    <time>2026-09-05T11:27:21Z</time>
    
   </trkpt>
   <trkpt lat="39.7039490" lon="-105.8529830">
    <ele>3054.4</ele>
    <time>2026-09-05T11:27:23Z</time>
    
   </trkpt>
   <trkpt lat="39.7039560" lon="-105.8530650">
    <ele>3055.6</ele>
    <time>2026-09-05T11:27:29Z</time>
    
   </trkpt>
   <trkpt lat="39.7039580" lon="-105.8531170">
    <ele>3056.6</ele>
    <time>2026-09-05T11:27:33Z</time>
    
   </trkpt>
   <trkpt lat="39.7039690" lon="-105.8531950">
    <ele>3057.6</ele>
    <time>2026-09-05T11:27:39Z</time>
    
   </trkpt>
   <trkpt lat="39.7039710" lon="-105.8532080">
    <ele>3057.8</ele>
    <time>2026-09-05T11:27:40Z</time>
    
   </trkpt>
   <trkpt lat="39.7039980" lon="-105.8532780">
    <ele>3058.8</ele>
    <time>2026-09-05T11:27:46Z</time>
    
   </trkpt>
   <trkpt lat="39.7040090" lon="-105.8533030">
    <ele>3059.2</ele>
    <time>2026-09-05T11:27:48Z</time>
    
   </trkpt>
   <trkpt lat="39.7040350" lon="-105.8533440">
    <ele>3060.0</ele>
    <time>2026-09-05T11:27:52Z</time>
    
   </trkpt>
   <trkpt lat="39.7040790" lon="-105.8533830">
    <ele>3061.2</ele>
    <time>2026-09-05T11:27:57Z</time>
    
   </trkpt>
   <trkpt lat="39.7041090" lon="-105.8533940">
    <ele>3061.8</ele>
    <time>2026-09-05T11:28:00Z</time>
    
   </trkpt>
   <trkpt lat="39.7041310" lon="-105.8534040">
    <ele>3062.2</ele>
    <time>2026-09-05T11:28:03Z</time>
    
   </trkpt>
   <trkpt lat="39.7041770" lon="-105.8534290">
    <ele>3063.6</ele>
    <time>2026-09-05T11:28:09Z</time>
    
   </trkpt>
   <trkpt lat="39.7042110" lon="-105.8534370">
    <ele>3064.6</ele>
    <time>2026-09-05T11:28:14Z</time>
    
   </trkpt>
   <trkpt lat="39.7042210" lon="-105.8534430">
    <ele>3064.6</ele>
    <time>2026-09-05T11:28:15Z</time>
    
   </trkpt>
   <trkpt lat="39.7042790" lon="-105.8535070">
    <ele>3065.6</ele>
    <time>2026-09-05T11:28:22Z</time>
    
   </trkpt>
   <trkpt lat="39.7042890" lon="-105.8535110">
    <ele>3065.8</ele>
    <time>2026-09-05T11:28:23Z</time>
    
   </trkpt>
   <trkpt lat="39.7042970" lon="-105.8535180">
    <ele>3066.2</ele>
    <time>2026-09-05T11:28:24Z</time>
    
   </trkpt>
   <trkpt lat="39.7043370" lon="-105.8535490">
    <ele>3067.0</ele>
    <time>2026-09-05T11:28:29Z</time>
    
   </trkpt>
   <trkpt lat="39.7043780" lon="-105.8535960">
    <ele>3068.0</ele>
    <time>2026-09-05T11:28:34Z</time>
    
   </trkpt>
   <trkpt lat="39.7043890" lon="-105.8536110">
    <ele>3068.8</ele>
    <time>2026-09-05T11:28:37Z</time>
    
   </trkpt>
   <trkpt lat="39.7043920" lon="-105.8536160">
    <ele>3068.8</ele>
    <time>2026-09-05T11:28:38Z</time>
    
   </trkpt>
   <trkpt lat="39.7044100" lon="-105.8536290">
    <ele>3069.2</ele>
    <time>2026-09-05T11:28:43Z</time>
    
   </trkpt>
   <trkpt lat="39.7044540" lon="-105.8536480">
    <ele>3069.8</ele>
    <time>2026-09-05T11:28:48Z</time>
    
   </trkpt>
   <trkpt lat="39.7044650" lon="-105.8536530">
    <ele>3070.0</ele>
    <time>2026-09-05T11:28:49Z</time>
    
   </trkpt>
   <trkpt lat="39.7044820" lon="-105.8536650">
    <ele>3070.2</ele>
    <time>2026-09-05T11:28:51Z</time>
    
   </trkpt>
   <trkpt lat="39.7045080" lon="-105.8536760">
    <ele>3070.8</ele>
    <time>2026-09-05T11:28:54Z</time>
    
   </trkpt>
   <trkpt lat="39.7045150" lon="-105.8536840">
    <ele>3071.0</ele>
    <time>2026-09-05T11:28:55Z</time>
    
   </trkpt>
   <trkpt lat="39.7045310" lon="-105.8536940">
    <ele>3071.4</ele>
    <time>2026-09-05T11:28:57Z</time>
    
   </trkpt>
   <trkpt lat="39.7045410" lon="-105.8536980">
    <ele>3071.4</ele>
    <time>2026-09-05T11:28:58Z</time>
    
   </trkpt>
   <trkpt lat="39.7045890" lon="-105.8537230">
    <ele>3072.4</ele>
    <time>2026-09-05T11:29:03Z</time>
    
   </trkpt>
   <trkpt lat="39.7046360" lon="-105.8537690">
    <ele>3073.6</ele>
    <time>2026-09-05T11:29:08Z</time>
    
   </trkpt>
   <trkpt lat="39.7046470" lon="-105.8537880">
    <ele>3073.8</ele>
    <time>2026-09-05T11:29:10Z</time>
    
   </trkpt>
   <trkpt lat="39.7046830" lon="-105.8538230">
    <ele>3074.8</ele>
    <time>2026-09-05T11:29:15Z</time>
    
   </trkpt>
   <trkpt lat="39.7046950" lon="-105.8538450">
    <ele>3075.2</ele>
    <time>2026-09-05T11:29:17Z</time>
    
   </trkpt>
   <trkpt lat="39.7047090" lon="-105.8538650">
    <ele>3075.8</ele>
    <time>2026-09-05T11:29:19Z</time>
    
   </trkpt>
   <trkpt lat="39.7047410" lon="-105.8539320">
    <ele>3076.8</ele>
    <time>2026-09-05T11:29:24Z</time>
    
   </trkpt>
   <trkpt lat="39.7047770" lon="-105.8539870">
    <ele>3078.0</ele>
    <time>2026-09-05T11:29:29Z</time>
    
   </trkpt>
   <trkpt lat="39.7048040" lon="-105.8540170">
    <ele>3079.0</ele>
    <time>2026-09-05T11:29:33Z</time>
    
   </trkpt>
   <trkpt lat="39.7048250" lon="-105.8540540">
    <ele>3080.2</ele>
    <time>2026-09-05T11:29:39Z</time>
    
   </trkpt>
   <trkpt lat="39.7048270" lon="-105.8540630">
    <ele>3080.2</ele>
    <time>2026-09-05T11:29:40Z</time>
    
   </trkpt>
   <trkpt lat="39.7048390" lon="-105.8541030">
    <ele>3081.2</ele>
    <time>2026-09-05T11:29:44Z</time>
    
   </trkpt>
   <trkpt lat="39.7048610" lon="-105.8541620">
    <ele>3082.2</ele>
    <time>2026-09-05T11:29:49Z</time>
    
   </trkpt>
   <trkpt lat="39.7048920" lon="-105.8541910">
    <ele>3083.2</ele>
    <time>2026-09-05T11:29:53Z</time>
    
   </trkpt>
   <trkpt lat="39.7048980" lon="-105.8542000">
    <ele>3083.2</ele>
    <time>2026-09-05T11:29:54Z</time>
    
   </trkpt>
   <trkpt lat="39.7049520" lon="-105.8542740">
    <ele>3084.6</ele>
    <time>2026-09-05T11:30:00Z</time>
    
   </trkpt>
   <trkpt lat="39.7049810" lon="-105.8543100">
    <ele>3085.8</ele>
    <time>2026-09-05T11:30:04Z</time>
    
   </trkpt>
   <trkpt lat="39.7049830" lon="-105.8543200">
    <ele>3086.0</ele>
    <time>2026-09-05T11:30:05Z</time>
    
   </trkpt>
   <trkpt lat="39.7050110" lon="-105.8543470">
    <ele>3086.8</ele>
    <time>2026-09-05T11:30:09Z</time>
    
   </trkpt>
   <trkpt lat="39.7050330" lon="-105.8544060">
    <ele>3088.0</ele>
    <time>2026-09-05T11:30:15Z</time>
    
   </trkpt>
   <trkpt lat="39.7050620" lon="-105.8544360">
    <ele>3089.0</ele>
    <time>2026-09-05T11:30:19Z</time>
    
   </trkpt>
   <trkpt lat="39.7050880" lon="-105.8544860">
    <ele>3090.2</ele>
    <time>2026-09-05T11:30:26Z</time>
    
   </trkpt>
   <trkpt lat="39.7051180" lon="-105.8545180">
    <ele>3091.0</ele>
    <time>2026-09-05T11:30:31Z</time>
    
   </trkpt>
   <trkpt lat="39.7051250" lon="-105.8545260">
    <ele>3091.2</ele>
    <time>2026-09-05T11:30:32Z</time>
    
   </trkpt>
   <trkpt lat="39.7051490" lon="-105.8545670">
    <ele>3092.0</ele>
    <time>2026-09-05T11:30:37Z</time>
    
   </trkpt>
   <trkpt lat="39.7051560" lon="-105.8545760">
    <ele>3092.4</ele>
    <time>2026-09-05T11:30:38Z</time>
    
   </trkpt>
   <trkpt lat="39.7051900" lon="-105.8546380">
    <ele>3093.4</ele>
    <time>2026-09-05T11:30:44Z</time>
    
   </trkpt>
   <trkpt lat="39.7052270" lon="-105.8546930">
    <ele>3094.6</ele>
    <time>2026-09-05T11:30:49Z</time>
    
   </trkpt>
   <trkpt lat="39.7052590" lon="-105.8547520">
    <ele>3095.6</ele>
    <time>2026-09-05T11:30:55Z</time>
    
   </trkpt>
   <trkpt lat="39.7052820" lon="-105.8548050">
    <ele>3096.8</ele>
    <time>2026-09-05T11:31:01Z</time>
    
   </trkpt>
   <trkpt lat="39.7052880" lon="-105.8548110">
    <ele>3097.0</ele>
    <time>2026-09-05T11:31:02Z</time>
    
   </trkpt>
   <trkpt lat="39.7053110" lon="-105.8548380">
    <ele>3097.8</ele>
    <time>2026-09-05T11:31:08Z</time>
    
   </trkpt>
   <trkpt lat="39.7053100" lon="-105.8548390">
    <ele>3097.8</ele>
    <time>2026-09-05T11:31:09Z</time>
    
   </trkpt>
   <trkpt lat="39.7053070" lon="-105.8548400">
    <ele>3097.8</ele>
    <time>2026-09-05T11:31:12Z</time>
    
   </trkpt>
   <trkpt lat="39.7052990" lon="-105.8548460">
    <ele>3098.0</ele>
    <time>2026-09-05T11:31:28Z</time>
    
   </trkpt>
   <trkpt lat="39.7053000" lon="-105.8548670">
    <ele>3098.0</ele>
    <time>2026-09-05T11:31:39Z</time>
    
   </trkpt>
   <trkpt lat="39.7052980" lon="-105.8548650">
    <ele>3098.0</ele>
    <time>2026-09-05T11:31:42Z</time>
    
   </trkpt>
   <trkpt lat="39.7052890" lon="-105.8548550">
    <ele>3098.0</ele>
    <time>2026-09-05T11:31:50Z</time>
    
   </trkpt>
   <trkpt lat="39.7052910" lon="-105.8548550">
    <ele>3098.0</ele>
    <time>2026-09-05T11:31:51Z</time>
    
   </trkpt>
   <trkpt lat="39.7052930" lon="-105.8548610">
    <ele>3098.0</ele>
    <time>2026-09-05T11:31:55Z</time>
    
   </trkpt>
   <trkpt lat="39.7053010" lon="-105.8548670">
    <ele>3098.0</ele>
    <time>2026-09-05T11:32:04Z</time>
    
   </trkpt>
   <trkpt lat="39.7053010" lon="-105.8548640">
    <ele>3098.4</ele>
    <time>2026-09-05T11:32:06Z</time>
    
   </trkpt>
   <trkpt lat="39.7052990" lon="-105.8548640">
    <ele>3098.4</ele>
    <time>2026-09-05T11:32:13Z</time>
    
   </trkpt>
   <trkpt lat="39.7053020" lon="-105.8548650">
    <ele>3098.4</ele>
    <time>2026-09-05T11:32:18Z</time>
    
   </trkpt>
   <trkpt lat="39.7053120" lon="-105.8548740">
    <ele>3098.2</ele>
    <time>2026-09-05T11:32:28Z</time>
    
   </trkpt>
   <trkpt lat="39.7053140" lon="-105.8548750">
    <ele>3098.4</ele>
    <time>2026-09-05T11:32:38Z</time>
    
   </trkpt>
   <trkpt lat="39.7053150" lon="-105.8548770">
    <ele>3098.2</ele>
    <time>2026-09-05T11:32:42Z</time>
    
   </trkpt>
   <trkpt lat="39.7053150" lon="-105.8548770">
    <ele>3098.2</ele>
    <time>2026-09-05T11:32:43Z</time>
    
   </trkpt>
   <trkpt lat="39.7053140" lon="-105.8548780">
    <ele>3098.2</ele>
    <time>2026-09-05T11:32:45Z</time>
    
   </trkpt>
   <trkpt lat="39.7053140" lon="-105.8548770">
    <ele>3098.2</ele>
    <time>2026-09-05T11:32:48Z</time>
    
   </trkpt>
   <trkpt lat="39.7053210" lon="-105.8548770">
    <ele>3098.4</ele>
    <time>2026-09-05T11:32:53Z</time>
    
   </trkpt>
   <trkpt lat="39.7053320" lon="-105.8548830">
    <ele>3098.4</ele>
    <time>2026-09-05T11:32:59Z</time>
    
   </trkpt>
   <trkpt lat="39.7053310" lon="-105.8548820">
    <ele>3098.4</ele>
    <time>2026-09-05T11:33:00Z</time>
    
   </trkpt>
   <trkpt lat="39.7053340" lon="-105.8548780">
    <ele>3098.4</ele>
    <time>2026-09-05T11:33:07Z</time>
    
   </trkpt>
   <trkpt lat="39.7053380" lon="-105.8548790">
    <ele>3098.6</ele>
    <time>2026-09-05T11:33:14Z</time>
    
   </trkpt>
   <trkpt lat="39.7053390" lon="-105.8548790">
    <ele>3098.8</ele>
    <time>2026-09-05T11:33:16Z</time>
    
   </trkpt>
   <trkpt lat="39.7053400" lon="-105.8548780">
    <ele>3098.8</ele>
    <time>2026-09-05T11:33:23Z</time>
    
   </trkpt>
   <trkpt lat="39.7053480" lon="-105.8548840">
    <ele>3098.8</ele>
    <time>2026-09-05T11:33:26Z</time>
    
   </trkpt>
   <trkpt lat="39.7053710" lon="-105.8549020">
    <ele>3098.8</ele>
    <time>2026-09-05T11:33:31Z</time>
    
   </trkpt>
   <trkpt lat="39.7054200" lon="-105.8549450">
    <ele>3098.8</ele>
    <time>2026-09-05T11:33:37Z</time>
    
   </trkpt>
   <trkpt lat="39.7054290" lon="-105.8549590">
    <ele>3099.0</ele>
    <time>2026-09-05T11:33:39Z</time>
    
   </trkpt>
   <trkpt lat="39.7054380" lon="-105.8549680">
    <ele>3100.6</ele>
    <time>2026-09-05T11:33:41Z</time>
    
   </trkpt>
   <trkpt lat="39.7054560" lon="-105.8549960">
    <ele>3101.8</ele>
    <time>2026-09-05T11:33:44Z</time>
    
   </trkpt>
   <trkpt lat="39.7054650" lon="-105.8550180">
    <ele>3102.2</ele>
    <time>2026-09-05T11:33:46Z</time>
    
   </trkpt>
   <trkpt lat="39.7054800" lon="-105.8550330">
    <ele>3102.8</ele>
    <time>2026-09-05T11:33:48Z</time>
    
   </trkpt>
   <trkpt lat="39.7054870" lon="-105.8550420">
    <ele>3102.8</ele>
    <time>2026-09-05T11:33:49Z</time>
    
   </trkpt>
   <trkpt lat="39.7055030" lon="-105.8550570">
    <ele>3103.2</ele>
    <time>2026-09-05T11:33:51Z</time>
    
   </trkpt>
   <trkpt lat="39.7055120" lon="-105.8550640">
    <ele>3103.6</ele>
    <time>2026-09-05T11:33:52Z</time>
    
   </trkpt>
   <trkpt lat="39.7055240" lon="-105.8550810">
    <ele>3104.0</ele>
    <time>2026-09-05T11:33:54Z</time>
    
   </trkpt>
   <trkpt lat="39.7055290" lon="-105.8550920">
    <ele>3104.2</ele>
    <time>2026-09-05T11:33:55Z</time>
    
   </trkpt>
   <trkpt lat="39.7055520" lon="-105.8551240">
    <ele>3104.8</ele>
    <time>2026-09-05T11:33:58Z</time>
    
   </trkpt>
   <trkpt lat="39.7055570" lon="-105.8551340">
    <ele>3105.2</ele>
    <time>2026-09-05T11:33:59Z</time>
    
   </trkpt>
   <trkpt lat="39.7055720" lon="-105.8551910">
    <ele>3105.8</ele>
    <time>2026-09-05T11:34:03Z</time>
    
   </trkpt>
   <trkpt lat="39.7055880" lon="-105.8552260">
    <ele>3106.4</ele>
    <time>2026-09-05T11:34:06Z</time>
    
   </trkpt>
   <trkpt lat="39.7056010" lon="-105.8552430">
    <ele>3107.0</ele>
    <time>2026-09-05T11:34:08Z</time>
    
   </trkpt>
   <trkpt lat="39.7056260" lon="-105.8552780">
    <ele>3107.4</ele>
    <time>2026-09-05T11:34:11Z</time>
    
   </trkpt>
   <trkpt lat="39.7056330" lon="-105.8552910">
    <ele>3107.6</ele>
    <time>2026-09-05T11:34:12Z</time>
    
   </trkpt>
   <trkpt lat="39.7056580" lon="-105.8553460">
    <ele>3108.8</ele>
    <time>2026-09-05T11:34:16Z</time>
    
   </trkpt>
   <trkpt lat="39.7056730" lon="-105.8553890">
    <ele>3109.2</ele>
    <time>2026-09-05T11:34:19Z</time>
    
   </trkpt>
   <trkpt lat="39.7056760" lon="-105.8554000">
    <ele>3109.2</ele>
    <time>2026-09-05T11:34:20Z</time>
    
   </trkpt>
   <trkpt lat="39.7056960" lon="-105.8554410">
    <ele>3109.8</ele>
    <time>2026-09-05T11:34:23Z</time>
    
   </trkpt>
   <trkpt lat="39.7057250" lon="-105.8554990">
    <ele>3111.0</ele>
    <time>2026-09-05T11:34:28Z</time>
    
   </trkpt>
   <trkpt lat="39.7057430" lon="-105.8555400">
    <ele>3111.8</ele>
    <time>2026-09-05T11:34:32Z</time>
    
   </trkpt>
   <trkpt lat="39.7057500" lon="-105.8555600">
    <ele>3112.2</ele>
    <time>2026-09-05T11:34:34Z</time>
    
   </trkpt>
   <trkpt lat="39.7057680" lon="-105.8556170">
    <ele>3113.2</ele>
    <time>2026-09-05T11:34:39Z</time>
    
   </trkpt>
   <trkpt lat="39.7058000" lon="-105.8556850">
    <ele>3114.4</ele>
    <time>2026-09-05T11:34:44Z</time>
    
   </trkpt>
   <trkpt lat="39.7058070" lon="-105.8556970">
    <ele>3114.6</ele>
    <time>2026-09-05T11:34:45Z</time>
    
   </trkpt>
   <trkpt lat="39.7058220" lon="-105.8557220">
    <ele>3115.0</ele>
    <time>2026-09-05T11:34:47Z</time>
    
   </trkpt>
   <trkpt lat="39.7058490" lon="-105.8557720">
    <ele>3115.6</ele>
    <time>2026-09-05T11:34:51Z</time>
    
   </trkpt>
   <trkpt lat="39.7059110" lon="-105.8558430">
    <ele>3116.8</ele>
    <time>2026-09-05T11:34:58Z</time>
    
   </trkpt>
   <trkpt lat="39.7059210" lon="-105.8558500">
    <ele>3116.8</ele>
    <time>2026-09-05T11:34:59Z</time>
    
   </trkpt>
   <trkpt lat="39.7060010" lon="-105.8559120">
    <ele>3117.8</ele>
    <time>2026-09-05T11:35:06Z</time>
    
   </trkpt>
   <trkpt lat="39.7060540" lon="-105.8559930">
    <ele>3118.4</ele>
    <time>2026-09-05T11:35:13Z</time>
    
   </trkpt>
   <trkpt lat="39.7060600" lon="-105.8560270">
    <ele>3118.8</ele>
    <time>2026-09-05T11:35:15Z</time>
    
   </trkpt>
   <trkpt lat="39.7060840" lon="-105.8560720">
    <ele>3120.0</ele>
    <time>2026-09-05T11:35:19Z</time>
    
   </trkpt>
   <trkpt lat="39.7061110" lon="-105.8561040">
    <ele>3120.6</ele>
    <time>2026-09-05T11:35:23Z</time>
    
   </trkpt>
   <trkpt lat="39.7061370" lon="-105.8561310">
    <ele>3121.2</ele>
    <time>2026-09-05T11:35:26Z</time>
    
   </trkpt>
   <trkpt lat="39.7061990" lon="-105.8561880">
    <ele>3122.6</ele>
    <time>2026-09-05T11:35:34Z</time>
    
   </trkpt>
   <trkpt lat="39.7062030" lon="-105.8561950">
    <ele>3122.8</ele>
    <time>2026-09-05T11:35:35Z</time>
    
   </trkpt>
   <trkpt lat="39.7062170" lon="-105.8562400">
    <ele>3123.6</ele>
    <time>2026-09-05T11:35:39Z</time>
    
   </trkpt>
   <trkpt lat="39.7062430" lon="-105.8562840">
    <ele>3124.8</ele>
    <time>2026-09-05T11:35:44Z</time>
    
   </trkpt>
   <trkpt lat="39.7062750" lon="-105.8563090">
    <ele>3125.6</ele>
    <time>2026-09-05T11:35:48Z</time>
    
   </trkpt>
   <trkpt lat="39.7063060" lon="-105.8563210">
    <ele>3126.0</ele>
    <time>2026-09-05T11:35:51Z</time>
    
   </trkpt>
   <trkpt lat="39.7063170" lon="-105.8563280">
    <ele>3126.2</ele>
    <time>2026-09-05T11:35:52Z</time>
    
   </trkpt>
   <trkpt lat="39.7063550" lon="-105.8563470">
    <ele>3127.2</ele>
    <time>2026-09-05T11:35:56Z</time>
    
   </trkpt>
   <trkpt lat="39.7064100" lon="-105.8563780">
    <ele>3128.6</ele>
    <time>2026-09-05T11:36:01Z</time>
    
   </trkpt>
   <trkpt lat="39.7064790" lon="-105.8564240">
    <ele>3129.6</ele>
    <time>2026-09-05T11:36:08Z</time>
    
   </trkpt>
   <trkpt lat="39.7065070" lon="-105.8564400">
    <ele>3130.2</ele>
    <time>2026-09-05T11:36:11Z</time>
    
   </trkpt>
   <trkpt lat="39.7065400" lon="-105.8564670">
    <ele>3130.8</ele>
    <time>2026-09-05T11:36:14Z</time>
    
   </trkpt>
   <trkpt lat="39.7065920" lon="-105.8564890">
    <ele>3132.0</ele>
    <time>2026-09-05T11:36:19Z</time>
    
   </trkpt>
   <trkpt lat="39.7066250" lon="-105.8565120">
    <ele>3132.6</ele>
    <time>2026-09-05T11:36:22Z</time>
    
   </trkpt>
   <trkpt lat="39.7066350" lon="-105.8565170">
    <ele>3132.8</ele>
    <time>2026-09-05T11:36:23Z</time>
    
   </trkpt>
   <trkpt lat="39.7066550" lon="-105.8565230">
    <ele>3133.0</ele>
    <time>2026-09-05T11:36:26Z</time>
    
   </trkpt>
   <trkpt lat="39.7067030" lon="-105.8565270">
    <ele>3134.0</ele>
    <time>2026-09-05T11:36:30Z</time>
    
   </trkpt>
   <trkpt lat="39.7067260" lon="-105.8565430">
    <ele>3134.4</ele>
    <time>2026-09-05T11:36:32Z</time>
    
   </trkpt>
   <trkpt lat="39.7067380" lon="-105.8565480">
    <ele>3134.6</ele>
    <time>2026-09-05T11:36:33Z</time>
    
   </trkpt>
   <trkpt lat="39.7067620" lon="-105.8565630">
    <ele>3135.2</ele>
    <time>2026-09-05T11:36:36Z</time>
    
   </trkpt>
   <trkpt lat="39.7068080" lon="-105.8565780">
    <ele>3136.2</ele>
    <time>2026-09-05T11:36:41Z</time>
    
   </trkpt>
   <trkpt lat="39.7068170" lon="-105.8565810">
    <ele>3136.2</ele>
    <time>2026-09-05T11:36:42Z</time>
    
   </trkpt>
   <trkpt lat="39.7068480" lon="-105.8565900">
    <ele>3137.2</ele>
    <time>2026-09-05T11:36:47Z</time>
    
   </trkpt>
   <trkpt lat="39.7068560" lon="-105.8565910">
    <ele>3137.4</ele>
    <time>2026-09-05T11:36:48Z</time>
    
   </trkpt>
   <trkpt lat="39.7068990" lon="-105.8565860">
    <ele>3138.6</ele>
    <time>2026-09-05T11:36:54Z</time>
    
   </trkpt>
   <trkpt lat="39.7069360" lon="-105.8565780">
    <ele>3139.4</ele>
    <time>2026-09-05T11:37:00Z</time>
    
   </trkpt>
   <trkpt lat="39.7069410" lon="-105.8565730">
    <ele>3139.8</ele>
    <time>2026-09-05T11:37:01Z</time>
    
   </trkpt>
   <trkpt lat="39.7069520" lon="-105.8565560">
    <ele>3141.0</ele>
    <time>2026-09-05T11:37:04Z</time>
    
   </trkpt>
   <trkpt lat="39.7069530" lon="-105.8565470">
    <ele>3141.2</ele>
    <time>2026-09-05T11:37:05Z</time>
    
   </trkpt>
   <trkpt lat="39.7069630" lon="-105.8565220">
    <ele>3141.6</ele>
    <time>2026-09-05T11:37:08Z</time>
    
   </trkpt>
   <trkpt lat="39.7069750" lon="-105.8565180">
    <ele>3141.8</ele>
    <time>2026-09-05T11:37:09Z</time>
    
   </trkpt>
   <trkpt lat="39.7069860" lon="-105.8565140">
    <ele>3141.8</ele>
    <time>2026-09-05T11:37:10Z</time>
    
   </trkpt>
   <trkpt lat="39.7069990" lon="-105.8565080">
    <ele>3142.0</ele>
    <time>2026-09-05T11:37:11Z</time>
    
   </trkpt>
   <trkpt lat="39.7070100" lon="-105.8565030">
    <ele>3142.2</ele>
    <time>2026-09-05T11:37:12Z</time>
    
   </trkpt>
   <trkpt lat="39.7070530" lon="-105.8564810">
    <ele>3143.0</ele>
    <time>2026-09-05T11:37:17Z</time>
    
   </trkpt>
   <trkpt lat="39.7070610" lon="-105.8564770">
    <ele>3143.2</ele>
    <time>2026-09-05T11:37:18Z</time>
    
   </trkpt>
   <trkpt lat="39.7070930" lon="-105.8564650">
    <ele>3144.2</ele>
    <time>2026-09-05T11:37:22Z</time>
    
   </trkpt>
   <trkpt lat="39.7071130" lon="-105.8564470">
    <ele>3145.2</ele>
    <time>2026-09-05T11:37:26Z</time>
    
   </trkpt>
   <trkpt lat="39.7071200" lon="-105.8564460">
    <ele>3145.4</ele>
    <time>2026-09-05T11:37:27Z</time>
    
   </trkpt>
   <trkpt lat="39.7072520" lon="-105.8564330">
    <ele>3146.2</ele>
    <time>2026-09-05T11:37:37Z</time>
    
   </trkpt>
   <trkpt lat="39.7072700" lon="-105.8564360">
    <ele>3146.2</ele>
    <time>2026-09-05T11:37:39Z</time>
    
   </trkpt>
   <trkpt lat="39.7072980" lon="-105.8564420">
    <ele>3146.4</ele>
    <time>2026-09-05T11:37:42Z</time>
    
   </trkpt>
   <trkpt lat="39.7073970" lon="-105.8564660">
    <ele>3147.0</ele>
    <time>2026-09-05T11:37:50Z</time>
    
   </trkpt>
   <trkpt lat="39.7074340" lon="-105.8564860">
    <ele>3147.2</ele>
    <time>2026-09-05T11:37:53Z</time>
    
   </trkpt>
   <trkpt lat="39.7074830" lon="-105.8565230">
    <ele>3147.4</ele>
    <time>2026-09-05T11:37:57Z</time>
    
   </trkpt>
   <trkpt lat="39.7075850" lon="-105.8565460">
    <ele>3148.6</ele>
    <time>2026-09-05T11:38:05Z</time>
    
   </trkpt>
   <trkpt lat="39.7076620" lon="-105.8566220">
    <ele>3149.2</ele>
    <time>2026-09-05T11:38:12Z</time>
    
   </trkpt>
   <trkpt lat="39.7076910" lon="-105.8566730">
    <ele>3149.4</ele>
    <time>2026-09-05T11:38:15Z</time>
    
   </trkpt>
   <trkpt lat="39.7077110" lon="-105.8567000">
    <ele>3149.6</ele>
    <time>2026-09-05T11:38:17Z</time>
    
   </trkpt>
   <trkpt lat="39.7077850" lon="-105.8567930">
    <ele>3150.6</ele>
    <time>2026-09-05T11:38:26Z</time>
    
   </trkpt>
   <trkpt lat="39.7077950" lon="-105.8568000">
    <ele>3150.8</ele>
    <time>2026-09-05T11:38:27Z</time>
    
   </trkpt>
   <trkpt lat="39.7078800" lon="-105.8568840">
    <ele>3151.8</ele>
    <time>2026-09-05T11:38:35Z</time>
    
   </trkpt>
   <trkpt lat="39.7078940" lon="-105.8569030">
    <ele>3152.6</ele>
    <time>2026-09-05T11:38:37Z</time>
    
   </trkpt>
   <trkpt lat="39.7079060" lon="-105.8569240">
    <ele>3152.8</ele>
    <time>2026-09-05T11:38:39Z</time>
    
   </trkpt>
   <trkpt lat="39.7079310" lon="-105.8569580">
    <ele>3153.0</ele>
    <time>2026-09-05T11:38:42Z</time>
    
   </trkpt>
   <trkpt lat="39.7080140" lon="-105.8569920">
    <ele>3154.0</ele>
    <time>2026-09-05T11:38:49Z</time>
    
   </trkpt>
   <trkpt lat="39.7080230" lon="-105.8569900">
    <ele>3154.2</ele>
    <time>2026-09-05T11:38:50Z</time>
    
   </trkpt>
   <trkpt lat="39.7080420" lon="-105.8569780">
    <ele>3154.6</ele>
    <time>2026-09-05T11:38:52Z</time>
    
   </trkpt>
   <trkpt lat="39.7080640" lon="-105.8569570">
    <ele>3155.2</ele>
    <time>2026-09-05T11:38:54Z</time>
    
   </trkpt>
   <trkpt lat="39.7080860" lon="-105.8569370">
    <ele>3155.8</ele>
    <time>2026-09-05T11:38:56Z</time>
    
   </trkpt>
   <trkpt lat="39.7081060" lon="-105.8569350">
    <ele>3156.0</ele>
    <time>2026-09-05T11:38:58Z</time>
    
   </trkpt>
   <trkpt lat="39.7081140" lon="-105.8569410">
    <ele>3156.2</ele>
    <time>2026-09-05T11:38:59Z</time>
    
   </trkpt>
   <trkpt lat="39.7081260" lon="-105.8569540">
    <ele>3156.6</ele>
    <time>2026-09-05T11:39:01Z</time>
    
   </trkpt>
   <trkpt lat="39.7081320" lon="-105.8569680">
    <ele>3156.6</ele>
    <time>2026-09-05T11:39:02Z</time>
    
   </trkpt>
   <trkpt lat="39.7081730" lon="-105.8570880">
    <ele>3157.0</ele>
    <time>2026-09-05T11:39:10Z</time>
    
   </trkpt>
   <trkpt lat="39.7081880" lon="-105.8571170">
    <ele>3157.2</ele>
    <time>2026-09-05T11:39:12Z</time>
    
   </trkpt>
   <trkpt lat="39.7082350" lon="-105.8571750">
    <ele>3157.4</ele>
    <time>2026-09-05T11:39:17Z</time>
    
   </trkpt>
   <trkpt lat="39.7082920" lon="-105.8572460">
    <ele>3158.2</ele>
    <time>2026-09-05T11:39:25Z</time>
    
   </trkpt>
   <trkpt lat="39.7083600" lon="-105.8573330">
    <ele>3158.8</ele>
    <time>2026-09-05T11:39:32Z</time>
    
   </trkpt>
   <trkpt lat="39.7083670" lon="-105.8573510">
    <ele>3158.8</ele>
    <time>2026-09-05T11:39:33Z</time>
    
   </trkpt>
   <trkpt lat="39.7084020" lon="-105.8573990">
    <ele>3159.4</ele>
    <time>2026-09-05T11:39:37Z</time>
    
   </trkpt>
   <trkpt lat="39.7084360" lon="-105.8574280">
    <ele>3160.2</ele>
    <time>2026-09-05T11:39:41Z</time>
    
   </trkpt>
   <trkpt lat="39.7084480" lon="-105.8574420">
    <ele>3160.6</ele>
    <time>2026-09-05T11:39:43Z</time>
    
   </trkpt>
   <trkpt lat="39.7084580" lon="-105.8574530">
    <ele>3160.8</ele>
    <time>2026-09-05T11:39:45Z</time>
    
   </trkpt>
   <trkpt lat="39.7084970" lon="-105.8574760">
    <ele>3161.0</ele>
    <time>2026-09-05T11:39:49Z</time>
    
   </trkpt>
   <trkpt lat="39.7085170" lon="-105.8575050">
    <ele>3161.4</ele>
    <time>2026-09-05T11:39:52Z</time>
    
   </trkpt>
   <trkpt lat="39.7085320" lon="-105.8575300">
    <ele>3161.6</ele>
    <time>2026-09-05T11:39:54Z</time>
    
   </trkpt>
   <trkpt lat="39.7085830" lon="-105.8575860">
    <ele>3161.8</ele>
    <time>2026-09-05T11:39:59Z</time>
    
   </trkpt>
   <trkpt lat="39.7086420" lon="-105.8576850">
    <ele>3162.8</ele>
    <time>2026-09-05T11:40:06Z</time>
    
   </trkpt>
   <trkpt lat="39.7086590" lon="-105.8577300">
    <ele>3162.8</ele>
    <time>2026-09-05T11:40:09Z</time>
    
   </trkpt>
   <trkpt lat="39.7087000" lon="-105.8577990">
    <ele>3162.8</ele>
    <time>2026-09-05T11:40:13Z</time>
    
   </trkpt>
   <trkpt lat="39.7087240" lon="-105.8578430">
    <ele>3162.8</ele>
    <time>2026-09-05T11:40:17Z</time>
    
   </trkpt>
   <trkpt lat="39.7087770" lon="-105.8579510">
    <ele>3163.6</ele>
    <time>2026-09-05T11:40:24Z</time>
    
   </trkpt>
   <trkpt lat="39.7087930" lon="-105.8579810">
    <ele>3163.8</ele>
    <time>2026-09-05T11:40:26Z</time>
    
   </trkpt>
   <trkpt lat="39.7088160" lon="-105.8580180">
    <ele>3164.0</ele>
    <time>2026-09-05T11:40:29Z</time>
    
   </trkpt>
   <trkpt lat="39.7088340" lon="-105.8580560">
    <ele>3164.0</ele>
    <time>2026-09-05T11:40:32Z</time>
    
   </trkpt>
   <trkpt lat="39.7088480" lon="-105.8580840">
    <ele>3164.0</ele>
    <time>2026-09-05T11:40:34Z</time>
    
   </trkpt>
   <trkpt lat="39.7089060" lon="-105.8581610">
    <ele>3164.6</ele>
    <time>2026-09-05T11:40:40Z</time>
    
   </trkpt>
   <trkpt lat="39.7089340" lon="-105.8581930">
    <ele>3164.6</ele>
    <time>2026-09-05T11:40:43Z</time>
    
   </trkpt>
   <trkpt lat="39.7089450" lon="-105.8582000">
    <ele>3164.8</ele>
    <time>2026-09-05T11:40:44Z</time>
    
   </trkpt>
   <trkpt lat="39.7089820" lon="-105.8582150">
    <ele>3165.6</ele>
    <time>2026-09-05T11:40:47Z</time>
    
   </trkpt>
   <trkpt lat="39.7090060" lon="-105.8582210">
    <ele>3166.0</ele>
    <time>2026-09-05T11:40:49Z</time>
    
   </trkpt>
   <trkpt lat="39.7090760" lon="-105.8582410">
    <ele>3166.2</ele>
    <time>2026-09-05T11:40:55Z</time>
    
   </trkpt>
   <trkpt lat="39.7090850" lon="-105.8582440">
    <ele>3166.2</ele>
    <time>2026-09-05T11:40:56Z</time>
    
   </trkpt>
   <trkpt lat="39.7091380" lon="-105.8583030">
    <ele>3167.0</ele>
    <time>2026-09-05T11:41:02Z</time>
    
   </trkpt>
   <trkpt lat="39.7091530" lon="-105.8583230">
    <ele>3167.2</ele>
    <time>2026-09-05T11:41:04Z</time>
    
   </trkpt>
   <trkpt lat="39.7091950" lon="-105.8583530">
    <ele>3168.0</ele>
    <time>2026-09-05T11:41:09Z</time>
    
   </trkpt>
   <trkpt lat="39.7092060" lon="-105.8583580">
    <ele>3168.2</ele>
    <time>2026-09-05T11:41:10Z</time>
    
   </trkpt>
   <trkpt lat="39.7092170" lon="-105.8583610">
    <ele>3168.4</ele>
    <time>2026-09-05T11:41:11Z</time>
    
   </trkpt>
   <trkpt lat="39.7092450" lon="-105.8583780">
    <ele>3169.2</ele>
    <time>2026-09-05T11:41:14Z</time>
    
   </trkpt>
   <trkpt lat="39.7092550" lon="-105.8583820">
    <ele>3169.4</ele>
    <time>2026-09-05T11:41:15Z</time>
    
   </trkpt>
   <trkpt lat="39.7092640" lon="-105.8583820">
    <ele>3169.4</ele>
    <time>2026-09-05T11:41:16Z</time>
    
   </trkpt>
   <trkpt lat="39.7093150" lon="-105.8583910">
    <ele>3170.2</ele>
    <time>2026-09-05T11:41:21Z</time>
    
   </trkpt>
   <trkpt lat="39.7093340" lon="-105.8583900">
    <ele>3170.4</ele>
    <time>2026-09-05T11:41:23Z</time>
    
   </trkpt>
   <trkpt lat="39.7093420" lon="-105.8583860">
    <ele>3170.6</ele>
    <time>2026-09-05T11:41:24Z</time>
    
   </trkpt>
   <trkpt lat="39.7093690" lon="-105.8583670">
    <ele>3171.0</ele>
    <time>2026-09-05T11:41:27Z</time>
    
   </trkpt>
   <trkpt lat="39.7093910" lon="-105.8583520">
    <ele>3171.6</ele>
    <time>2026-09-05T11:41:29Z</time>
    
   </trkpt>
   <trkpt lat="39.7094080" lon="-105.8583440">
    <ele>3172.0</ele>
    <time>2026-09-05T11:41:31Z</time>
    
   </trkpt>
   <trkpt lat="39.7094140" lon="-105.8583390">
    <ele>3172.2</ele>
    <time>2026-09-05T11:41:32Z</time>
    
   </trkpt>
   <trkpt lat="39.7094200" lon="-105.8583360">
    <ele>3172.6</ele>
    <time>2026-09-05T11:41:33Z</time>
    
   </trkpt>
   <trkpt lat="39.7094900" lon="-105.8583460">
    <ele>3173.6</ele>
    <time>2026-09-05T11:41:40Z</time>
    
   </trkpt>
   <trkpt lat="39.7095010" lon="-105.8583520">
    <ele>3173.6</ele>
    <time>2026-09-05T11:41:41Z</time>
    
   </trkpt>
   <trkpt lat="39.7095430" lon="-105.8583910">
    <ele>3174.0</ele>
    <time>2026-09-05T11:41:46Z</time>
    
   </trkpt>
   <trkpt lat="39.7095610" lon="-105.8584020">
    <ele>3174.2</ele>
    <time>2026-09-05T11:41:48Z</time>
    
   </trkpt>
   <trkpt lat="39.7095820" lon="-105.8584130">
    <ele>3174.2</ele>
    <time>2026-09-05T11:41:51Z</time>
    
   </trkpt>
   <trkpt lat="39.7096090" lon="-105.8584360">
    <ele>3174.4</ele>
    <time>2026-09-05T11:41:54Z</time>
    
   </trkpt>
   <trkpt lat="39.7096150" lon="-105.8584520">
    <ele>3174.6</ele>
    <time>2026-09-05T11:41:55Z</time>
    
   </trkpt>
   <trkpt lat="39.7096340" lon="-105.8584750">
    <ele>3174.6</ele>
    <time>2026-09-05T11:41:57Z</time>
    
   </trkpt>
   <trkpt lat="39.7096420" lon="-105.8584870">
    <ele>3174.8</ele>
    <time>2026-09-05T11:41:58Z</time>
    
   </trkpt>
   <trkpt lat="39.7096770" lon="-105.8585200">
    <ele>3174.8</ele>
    <time>2026-09-05T11:42:02Z</time>
    
   </trkpt>
   <trkpt lat="39.7097090" lon="-105.8585220">
    <ele>3174.6</ele>
    <time>2026-09-05T11:42:05Z</time>
    
   </trkpt>
   <trkpt lat="39.7097160" lon="-105.8585270">
    <ele>3174.8</ele>
    <time>2026-09-05T11:42:06Z</time>
    
   </trkpt>
   <trkpt lat="39.7097220" lon="-105.8585280">
    <ele>3174.8</ele>
    <time>2026-09-05T11:42:07Z</time>
    
   </trkpt>
   <trkpt lat="39.7097400" lon="-105.8585400">
    <ele>3175.0</ele>
    <time>2026-09-05T11:42:10Z</time>
    
   </trkpt>
   <trkpt lat="39.7097530" lon="-105.8585440">
    <ele>3175.4</ele>
    <time>2026-09-05T11:42:12Z</time>
    
   </trkpt>
   <trkpt lat="39.7097600" lon="-105.8585450">
    <ele>3175.4</ele>
    <time>2026-09-05T11:42:13Z</time>
    
   </trkpt>
   <trkpt lat="39.7097650" lon="-105.8585690">
    <ele>3175.8</ele>
    <time>2026-09-05T11:42:15Z</time>
    
   </trkpt>
   <trkpt lat="39.7097770" lon="-105.8585910">
    <ele>3175.8</ele>
    <time>2026-09-05T11:42:17Z</time>
    
   </trkpt>
   <trkpt lat="39.7097940" lon="-105.8586210">
    <ele>3175.8</ele>
    <time>2026-09-05T11:42:19Z</time>
    
   </trkpt>
   <trkpt lat="39.7098380" lon="-105.8586670">
    <ele>3175.6</ele>
    <time>2026-09-05T11:42:23Z</time>
    
   </trkpt>
   <trkpt lat="39.7099150" lon="-105.8587430">
    <ele>3175.6</ele>
    <time>2026-09-05T11:42:32Z</time>
    
   </trkpt>
   <trkpt lat="39.7099350" lon="-105.8587610">
    <ele>3175.8</ele>
    <time>2026-09-05T11:42:34Z</time>
    
   </trkpt>
   <trkpt lat="39.7099800" lon="-105.8588100">
    <ele>3176.6</ele>
    <time>2026-09-05T11:42:39Z</time>
    
   </trkpt>
   <trkpt lat="39.7099890" lon="-105.8588210">
    <ele>3176.6</ele>
    <time>2026-09-05T11:42:40Z</time>
    
   </trkpt>
   <trkpt lat="39.7100100" lon="-105.8588490">
    <ele>3176.8</ele>
    <time>2026-09-05T11:42:43Z</time>
    
   </trkpt>
   <trkpt lat="39.7100260" lon="-105.8589010">
    <ele>3177.0</ele>
    <time>2026-09-05T11:42:46Z</time>
    
   </trkpt>
   <trkpt lat="39.7100460" lon="-105.8589400">
    <ele>3177.0</ele>
    <time>2026-09-05T11:42:49Z</time>
    
   </trkpt>
   <trkpt lat="39.7100760" lon="-105.8590300">
    <ele>3176.6</ele>
    <time>2026-09-05T11:42:54Z</time>
    
   </trkpt>
   <trkpt lat="39.7101000" lon="-105.8590780">
    <ele>3176.8</ele>
    <time>2026-09-05T11:42:57Z</time>
    
   </trkpt>
   <trkpt lat="39.7101140" lon="-105.8591000">
    <ele>3177.0</ele>
    <time>2026-09-05T11:42:59Z</time>
    
   </trkpt>
   <trkpt lat="39.7101260" lon="-105.8591240">
    <ele>3177.2</ele>
    <time>2026-09-05T11:43:02Z</time>
    
   </trkpt>
   <trkpt lat="39.7101180" lon="-105.8591260">
    <ele>3177.0</ele>
    <time>2026-09-05T11:43:04Z</time>
    
   </trkpt>
   <trkpt lat="39.7101210" lon="-105.8591250">
    <ele>3177.2</ele>
    <time>2026-09-05T11:43:06Z</time>
    
   </trkpt>
   <trkpt lat="39.7101590" lon="-105.8591570">
    <ele>3177.4</ele>
    <time>2026-09-05T11:43:19Z</time>
    
   </trkpt>
   <trkpt lat="39.7101620" lon="-105.8591670">
    <ele>3177.4</ele>
    <time>2026-09-05T11:43:20Z</time>
    
   </trkpt>
   <trkpt lat="39.7101800" lon="-105.8591990">
    <ele>3177.2</ele>
    <time>2026-09-05T11:43:23Z</time>
    
   </trkpt>
   <trkpt lat="39.7102040" lon="-105.8592370">
    <ele>3177.0</ele>
    <time>2026-09-05T11:43:26Z</time>
    
   </trkpt>
   <trkpt lat="39.7102330" lon="-105.8592950">
    <ele>3177.4</ele>
    <time>2026-09-05T11:43:30Z</time>
    
   </trkpt>
   <trkpt lat="39.7102420" lon="-105.8593090">
    <ele>3177.4</ele>
    <time>2026-09-05T11:43:31Z</time>
    
   </trkpt>
   <trkpt lat="39.7102510" lon="-105.8593290">
    <ele>3177.4</ele>
    <time>2026-09-05T11:43:32Z</time>
    
   </trkpt>
   <trkpt lat="39.7102690" lon="-105.8594110">
    <ele>3177.8</ele>
    <time>2026-09-05T11:43:36Z</time>
    
   </trkpt>
   <trkpt lat="39.7102900" lon="-105.8594780">
    <ele>3177.8</ele>
    <time>2026-09-05T11:43:40Z</time>
    
   </trkpt>
   <trkpt lat="39.7103080" lon="-105.8595040">
    <ele>3178.0</ele>
    <time>2026-09-05T11:43:42Z</time>
    
   </trkpt>
   <trkpt lat="39.7103160" lon="-105.8595170">
    <ele>3178.0</ele>
    <time>2026-09-05T11:43:43Z</time>
    
   </trkpt>
   <trkpt lat="39.7103660" lon="-105.8595790">
    <ele>3178.8</ele>
    <time>2026-09-05T11:43:49Z</time>
    
   </trkpt>
   <trkpt lat="39.7104120" lon="-105.8596390">
    <ele>3179.6</ele>
    <time>2026-09-05T11:43:56Z</time>
    
   </trkpt>
   <trkpt lat="39.7104180" lon="-105.8596460">
    <ele>3180.0</ele>
    <time>2026-09-05T11:43:57Z</time>
    
   </trkpt>
   <trkpt lat="39.7104710" lon="-105.8596820">
    <ele>3181.0</ele>
    <time>2026-09-05T11:44:03Z</time>
    
   </trkpt>
   <trkpt lat="39.7105170" lon="-105.8596940">
    <ele>3181.6</ele>
    <time>2026-09-05T11:44:07Z</time>
    
   </trkpt>
   <trkpt lat="39.7105280" lon="-105.8597000">
    <ele>3181.8</ele>
    <time>2026-09-05T11:44:08Z</time>
    
   </trkpt>
   <trkpt lat="39.7105700" lon="-105.8597430">
    <ele>3182.0</ele>
    <time>2026-09-05T11:44:13Z</time>
    
   </trkpt>
   <trkpt lat="39.7106410" lon="-105.8597730">
    <ele>3182.8</ele>
    <time>2026-09-05T11:44:19Z</time>
    
   </trkpt>
   <trkpt lat="39.7106530" lon="-105.8597790">
    <ele>3183.0</ele>
    <time>2026-09-05T11:44:20Z</time>
    
   </trkpt>
   <trkpt lat="39.7106660" lon="-105.8597830">
    <ele>3183.0</ele>
    <time>2026-09-05T11:44:21Z</time>
    
   </trkpt>
   <trkpt lat="39.7107340" lon="-105.8598010">
    <ele>3183.8</ele>
    <time>2026-09-05T11:44:28Z</time>
    
   </trkpt>
   <trkpt lat="39.7107870" lon="-105.8598070">
    <ele>3184.0</ele>
    <time>2026-09-05T11:44:32Z</time>
    
   </trkpt>
   <trkpt lat="39.7107990" lon="-105.8598130">
    <ele>3184.0</ele>
    <time>2026-09-05T11:44:33Z</time>
    
   </trkpt>
   <trkpt lat="39.7108250" lon="-105.8598280">
    <ele>3184.2</ele>
    <time>2026-09-05T11:44:35Z</time>
    
   </trkpt>
   <trkpt lat="39.7108810" lon="-105.8598980">
    <ele>3184.8</ele>
    <time>2026-09-05T11:44:40Z</time>
    
   </trkpt>
   <trkpt lat="39.7108910" lon="-105.8599360">
    <ele>3185.0</ele>
    <time>2026-09-05T11:44:43Z</time>
    
   </trkpt>
   <trkpt lat="39.7109040" lon="-105.8599620">
    <ele>3185.2</ele>
    <time>2026-09-05T11:44:45Z</time>
    
   </trkpt>
   <trkpt lat="39.7109640" lon="-105.8600530">
    <ele>3186.0</ele>
    <time>2026-09-05T11:44:53Z</time>
    
   </trkpt>
   <trkpt lat="39.7109790" lon="-105.8600680">
    <ele>3186.2</ele>
    <time>2026-09-05T11:44:55Z</time>
    
   </trkpt>
   <trkpt lat="39.7109870" lon="-105.8600760">
    <ele>3186.2</ele>
    <time>2026-09-05T11:44:56Z</time>
    
   </trkpt>
   <trkpt lat="39.7110920" lon="-105.8601860">
    <ele>3187.0</ele>
    <time>2026-09-05T11:45:08Z</time>
    
   </trkpt>
   <trkpt lat="39.7111630" lon="-105.8603340">
    <ele>3187.0</ele>
    <time>2026-09-05T11:45:19Z</time>
    
   </trkpt>
   <trkpt lat="39.7111850" lon="-105.8603460">
    <ele>3187.2</ele>
    <time>2026-09-05T11:45:21Z</time>
    
   </trkpt>
   <trkpt lat="39.7112160" lon="-105.8603700">
    <ele>3187.6</ele>
    <time>2026-09-05T11:45:26Z</time>
    
   </trkpt>
   <trkpt lat="39.7112430" lon="-105.8603730">
    <ele>3187.8</ele>
    <time>2026-09-05T11:45:29Z</time>
    
   </trkpt>
   <trkpt lat="39.7112580" lon="-105.8603710">
    <ele>3188.2</ele>
    <time>2026-09-05T11:45:31Z</time>
    
   </trkpt>
   <trkpt lat="39.7112970" lon="-105.8603690">
    <ele>3189.4</ele>
    <time>2026-09-05T11:45:36Z</time>
    
   </trkpt>
   <trkpt lat="39.7113570" lon="-105.8603700">
    <ele>3190.0</ele>
    <time>2026-09-05T11:45:42Z</time>
    
   </trkpt>
   <trkpt lat="39.7113660" lon="-105.8603730">
    <ele>3190.0</ele>
    <time>2026-09-05T11:45:43Z</time>
    
   </trkpt>
   <trkpt lat="39.7113860" lon="-105.8603750">
    <ele>3190.4</ele>
    <time>2026-09-05T11:45:45Z</time>
    
   </trkpt>
   <trkpt lat="39.7114370" lon="-105.8603860">
    <ele>3190.8</ele>
    <time>2026-09-05T11:45:49Z</time>
    
   </trkpt>
   <trkpt lat="39.7114590" lon="-105.8603850">
    <ele>3190.8</ele>
    <time>2026-09-05T11:45:50Z</time>
    
   </trkpt>
   <trkpt lat="39.7115580" lon="-105.8603750">
    <ele>3191.2</ele>
    <time>2026-09-05T11:45:56Z</time>
    
   </trkpt>
   <trkpt lat="39.7115820" lon="-105.8603680">
    <ele>3191.6</ele>
    <time>2026-09-05T11:45:58Z</time>
    
   </trkpt>
   <trkpt lat="39.7116310" lon="-105.8603570">
    <ele>3192.8</ele>
    <time>2026-09-05T11:46:03Z</time>
    
   </trkpt>
   <trkpt lat="39.7116610" lon="-105.8603630">
    <ele>3193.4</ele>
    <time>2026-09-05T11:46:06Z</time>
    
   </trkpt>
   <trkpt lat="39.7116770" lon="-105.8603600">
    <ele>3193.8</ele>
    <time>2026-09-05T11:46:07Z</time>
    
   </trkpt>
   <trkpt lat="39.7117140" lon="-105.8603500">
    <ele>3194.6</ele>
    <time>2026-09-05T11:46:10Z</time>
    
   </trkpt>
   <trkpt lat="39.7117460" lon="-105.8603580">
    <ele>3194.8</ele>
    <time>2026-09-05T11:46:13Z</time>
    
   </trkpt>
   <trkpt lat="39.7117570" lon="-105.8603640">
    <ele>3195.4</ele>
    <time>2026-09-05T11:46:16Z</time>
    
   </trkpt>
   <trkpt lat="39.7117670" lon="-105.8603700">
    <ele>3195.6</ele>
    <time>2026-09-05T11:46:18Z</time>
    
   </trkpt>
   <trkpt lat="39.7117820" lon="-105.8603700">
    <ele>3196.0</ele>
    <time>2026-09-05T11:46:20Z</time>
    
   </trkpt>
   <trkpt lat="39.7117930" lon="-105.8603700">
    <ele>3196.4</ele>
    <time>2026-09-05T11:46:22Z</time>
    
   </trkpt>
   <trkpt lat="39.7118070" lon="-105.8603680">
    <ele>3197.0</ele>
    <time>2026-09-05T11:46:24Z</time>
    
   </trkpt>
   <trkpt lat="39.7118290" lon="-105.8603720">
    <ele>3197.6</ele>
    <time>2026-09-05T11:46:27Z</time>
    
   </trkpt>
   <trkpt lat="39.7118480" lon="-105.8603870">
    <ele>3198.0</ele>
    <time>2026-09-05T11:46:29Z</time>
    
   </trkpt>
   <trkpt lat="39.7118650" lon="-105.8604030">
    <ele>3198.2</ele>
    <time>2026-09-05T11:46:31Z</time>
    
   </trkpt>
   <trkpt lat="39.7118900" lon="-105.8604410">
    <ele>3198.2</ele>
    <time>2026-09-05T11:46:34Z</time>
    
   </trkpt>
   <trkpt lat="39.7119100" lon="-105.8604720">
    <ele>3198.2</ele>
    <time>2026-09-05T11:46:36Z</time>
    
   </trkpt>
   <trkpt lat="39.7120030" lon="-105.8606340">
    <ele>3198.6</ele>
    <time>2026-09-05T11:46:48Z</time>
    
   </trkpt>
   <trkpt lat="39.7120150" lon="-105.8607390">
    <ele>3198.0</ele>
    <time>2026-09-05T11:46:56Z</time>
    
   </trkpt>
   <trkpt lat="39.7120140" lon="-105.8607480">
    <ele>3197.8</ele>
    <time>2026-09-05T11:46:57Z</time>
    
   </trkpt>
   <trkpt lat="39.7120570" lon="-105.8608860">
    <ele>3197.0</ele>
    <time>2026-09-05T11:47:07Z</time>
    
   </trkpt>
   <trkpt lat="39.7121170" lon="-105.8610250">
    <ele>3196.8</ele>
    <time>2026-09-05T11:47:16Z</time>
    
   </trkpt>
   <trkpt lat="39.7121270" lon="-105.8610700">
    <ele>3196.8</ele>
    <time>2026-09-05T11:47:19Z</time>
    
   </trkpt>
   <trkpt lat="39.7121450" lon="-105.8611120">
    <ele>3197.0</ele>
    <time>2026-09-05T11:47:22Z</time>
    
   </trkpt>
   <trkpt lat="39.7121490" lon="-105.8611260">
    <ele>3197.2</ele>
    <time>2026-09-05T11:47:23Z</time>
    
   </trkpt>
   <trkpt lat="39.7121610" lon="-105.8611520">
    <ele>3197.4</ele>
    <time>2026-09-05T11:47:25Z</time>
    
   </trkpt>
   <trkpt lat="39.7121680" lon="-105.8611650">
    <ele>3197.4</ele>
    <time>2026-09-05T11:47:26Z</time>
    
   </trkpt>
   <trkpt lat="39.7121810" lon="-105.8611940">
    <ele>3197.6</ele>
    <time>2026-09-05T11:47:28Z</time>
    
   </trkpt>
   <trkpt lat="39.7121870" lon="-105.8612290">
    <ele>3197.8</ele>
    <time>2026-09-05T11:47:30Z</time>
    
   </trkpt>
   <trkpt lat="39.7121960" lon="-105.8614170">
    <ele>3197.8</ele>
    <time>2026-09-05T11:47:43Z</time>
    
   </trkpt>
   <trkpt lat="39.7121980" lon="-105.8614540">
    <ele>3198.0</ele>
    <time>2026-09-05T11:47:47Z</time>
    
   </trkpt>
   <trkpt lat="39.7122040" lon="-105.8614600">
    <ele>3198.4</ele>
    <time>2026-09-05T11:47:52Z</time>
    
   </trkpt>
   <trkpt lat="39.7121970" lon="-105.8615270">
    <ele>3197.6</ele>
    <time>2026-09-05T11:47:59Z</time>
    
   </trkpt>
   <trkpt lat="39.7121970" lon="-105.8615390">
    <ele>3197.6</ele>
    <time>2026-09-05T11:48:00Z</time>
    
   </trkpt>
   <trkpt lat="39.7122010" lon="-105.8615490">
    <ele>3197.8</ele>
    <time>2026-09-05T11:48:08Z</time>
    
   </trkpt>
   <trkpt lat="39.7122010" lon="-105.8615580">
    <ele>3197.8</ele>
    <time>2026-09-05T11:48:09Z</time>
    
   </trkpt>
   <trkpt lat="39.7122020" lon="-105.8616190">
    <ele>3197.4</ele>
    <time>2026-09-05T11:48:13Z</time>
    
   </trkpt>
   <trkpt lat="39.7121970" lon="-105.8616880">
    <ele>3197.2</ele>
    <time>2026-09-05T11:48:17Z</time>
    
   </trkpt>
   <trkpt lat="39.7121920" lon="-105.8617030">
    <ele>3197.0</ele>
    <time>2026-09-05T11:48:18Z</time>
    
   </trkpt>
   <trkpt lat="39.7121600" lon="-105.8618520">
    <ele>3197.0</ele>
    <time>2026-09-05T11:48:27Z</time>
    
   </trkpt>
   <trkpt lat="39.7121870" lon="-105.8619710">
    <ele>3197.4</ele>
    <time>2026-09-05T11:48:34Z</time>
    
   </trkpt>
   <trkpt lat="39.7122250" lon="-105.8620370">
    <ele>3197.0</ele>
    <time>2026-09-05T11:48:39Z</time>
    
   </trkpt>
   <trkpt lat="39.7122520" lon="-105.8620770">
    <ele>3197.2</ele>
    <time>2026-09-05T11:48:42Z</time>
    
   </trkpt>
   <trkpt lat="39.7123290" lon="-105.8621900">
    <ele>3198.0</ele>
    <time>2026-09-05T11:48:51Z</time>
    
   </trkpt>
   <trkpt lat="39.7123450" lon="-105.8622160">
    <ele>3198.0</ele>
    <time>2026-09-05T11:48:53Z</time>
    
   </trkpt>
   <trkpt lat="39.7123530" lon="-105.8622300">
    <ele>3198.2</ele>
    <time>2026-09-05T11:48:54Z</time>
    
   </trkpt>
   <trkpt lat="39.7123850" lon="-105.8622820">
    <ele>3198.8</ele>
    <time>2026-09-05T11:48:58Z</time>
    
   </trkpt>
   <trkpt lat="39.7124340" lon="-105.8623740">
    <ele>3199.2</ele>
    <time>2026-09-05T11:49:05Z</time>
    
   </trkpt>
   <trkpt lat="39.7124480" lon="-105.8623980">
    <ele>3199.4</ele>
    <time>2026-09-05T11:49:07Z</time>
    
   </trkpt>
   <trkpt lat="39.7124830" lon="-105.8624650">
    <ele>3200.4</ele>
    <time>2026-09-05T11:49:12Z</time>
    
   </trkpt>
   <trkpt lat="39.7124980" lon="-105.8624940">
    <ele>3200.8</ele>
    <time>2026-09-05T11:49:14Z</time>
    
   </trkpt>
   <trkpt lat="39.7125500" lon="-105.8625640">
    <ele>3201.0</ele>
    <time>2026-09-05T11:49:20Z</time>
    
   </trkpt>
   <trkpt lat="39.7125730" lon="-105.8626070">
    <ele>3201.2</ele>
    <time>2026-09-05T11:49:23Z</time>
    
   </trkpt>
   <trkpt lat="39.7125760" lon="-105.8626210">
    <ele>3201.4</ele>
    <time>2026-09-05T11:49:24Z</time>
    
   </trkpt>
   <trkpt lat="39.7125840" lon="-105.8626540">
    <ele>3201.4</ele>
    <time>2026-09-05T11:49:25Z</time>
    
   </trkpt>
   <trkpt lat="39.7125980" lon="-105.8627010">
    <ele>3201.2</ele>
    <time>2026-09-05T11:49:29Z</time>
    
   </trkpt>
   <trkpt lat="39.7126180" lon="-105.8627800">
    <ele>3200.6</ele>
    <time>2026-09-05T11:49:34Z</time>
    
   </trkpt>
   <trkpt lat="39.7126370" lon="-105.8628240">
    <ele>3200.6</ele>
    <time>2026-09-05T11:49:37Z</time>
    
   </trkpt>
   <trkpt lat="39.7127010" lon="-105.8629000">
    <ele>3201.4</ele>
    <time>2026-09-05T11:49:44Z</time>
    
   </trkpt>
   <trkpt lat="39.7127130" lon="-105.8629090">
    <ele>3201.4</ele>
    <time>2026-09-05T11:49:45Z</time>
    
   </trkpt>
   <trkpt lat="39.7127740" lon="-105.8629740">
    <ele>3202.2</ele>
    <time>2026-09-05T11:49:52Z</time>
    
   </trkpt>
   <trkpt lat="39.7127880" lon="-105.8629960">
    <ele>3202.4</ele>
    <time>2026-09-05T11:49:54Z</time>
    
   </trkpt>
   <trkpt lat="39.7128270" lon="-105.8630350">
    <ele>3203.0</ele>
    <time>2026-09-05T11:49:58Z</time>
    
   </trkpt>
   <trkpt lat="39.7128500" lon="-105.8630480">
    <ele>3203.4</ele>
    <time>2026-09-05T11:50:00Z</time>
    
   </trkpt>
   <trkpt lat="39.7128700" lon="-105.8630570">
    <ele>3203.4</ele>
    <time>2026-09-05T11:50:02Z</time>
    
   </trkpt>
   <trkpt lat="39.7129010" lon="-105.8630720">
    <ele>3204.0</ele>
    <time>2026-09-05T11:50:05Z</time>
    
   </trkpt>
   <trkpt lat="39.7129100" lon="-105.8630810">
    <ele>3204.2</ele>
    <time>2026-09-05T11:50:06Z</time>
    
   </trkpt>
   <trkpt lat="39.7129180" lon="-105.8630920">
    <ele>3204.2</ele>
    <time>2026-09-05T11:50:07Z</time>
    
   </trkpt>
   <trkpt lat="39.7129260" lon="-105.8631020">
    <ele>3204.4</ele>
    <time>2026-09-05T11:50:08Z</time>
    
   </trkpt>
   <trkpt lat="39.7129360" lon="-105.8631120">
    <ele>3204.4</ele>
    <time>2026-09-05T11:50:09Z</time>
    
   </trkpt>
   <trkpt lat="39.7129470" lon="-105.8631190">
    <ele>3204.6</ele>
    <time>2026-09-05T11:50:10Z</time>
    
   </trkpt>
   <trkpt lat="39.7129680" lon="-105.8631300">
    <ele>3204.8</ele>
    <time>2026-09-05T11:50:12Z</time>
    
   </trkpt>
   <trkpt lat="39.7129890" lon="-105.8631390">
    <ele>3205.2</ele>
    <time>2026-09-05T11:50:14Z</time>
    
   </trkpt>
   <trkpt lat="39.7129970" lon="-105.8631400">
    <ele>3205.2</ele>
    <time>2026-09-05T11:50:15Z</time>
    
   </trkpt>
   <trkpt lat="39.7130350" lon="-105.8631550">
    <ele>3205.6</ele>
    <time>2026-09-05T11:50:19Z</time>
    
   </trkpt>
   <trkpt lat="39.7130670" lon="-105.8631740">
    <ele>3206.0</ele>
    <time>2026-09-05T11:50:22Z</time>
    
   </trkpt>
   <trkpt lat="39.7131110" lon="-105.8631960">
    <ele>3206.6</ele>
    <time>2026-09-05T11:50:26Z</time>
    
   </trkpt>
   <trkpt lat="39.7131600" lon="-105.8632020">
    <ele>3207.4</ele>
    <time>2026-09-05T11:50:30Z</time>
    
   </trkpt>
   <trkpt lat="39.7132120" lon="-105.8632270">
    <ele>3207.6</ele>
    <time>2026-09-05T11:50:35Z</time>
    
   </trkpt>
   <trkpt lat="39.7132250" lon="-105.8632270">
    <ele>3207.8</ele>
    <time>2026-09-05T11:50:36Z</time>
    
   </trkpt>
   <trkpt lat="39.7132920" lon="-105.8632670">
    <ele>3209.0</ele>
    <time>2026-09-05T11:50:42Z</time>
    
   </trkpt>
   <trkpt lat="39.7133040" lon="-105.8632700">
    <ele>3209.2</ele>
    <time>2026-09-05T11:50:43Z</time>
    
   </trkpt>
   <trkpt lat="39.7133300" lon="-105.8632740">
    <ele>3209.6</ele>
    <time>2026-09-05T11:50:45Z</time>
    
   </trkpt>
   <trkpt lat="39.7133560" lon="-105.8632920">
    <ele>3209.8</ele>
    <time>2026-09-05T11:50:48Z</time>
    
   </trkpt>
   <trkpt lat="39.7133790" lon="-105.8633230">
    <ele>3209.8</ele>
    <time>2026-09-05T11:50:50Z</time>
    
   </trkpt>
   <trkpt lat="39.7134540" lon="-105.8634150">
    <ele>3209.4</ele>
    <time>2026-09-05T11:50:59Z</time>
    
   </trkpt>
   <trkpt lat="39.7134580" lon="-105.8634330">
    <ele>3209.4</ele>
    <time>2026-09-05T11:51:00Z</time>
    
   </trkpt>
   <trkpt lat="39.7135100" lon="-105.8635170">
    <ele>3209.4</ele>
    <time>2026-09-05T11:51:07Z</time>
    
   </trkpt>
   <trkpt lat="39.7135180" lon="-105.8635280">
    <ele>3209.4</ele>
    <time>2026-09-05T11:51:08Z</time>
    
   </trkpt>
   <trkpt lat="39.7135820" lon="-105.8635830">
    <ele>3209.6</ele>
    <time>2026-09-05T11:51:14Z</time>
    
   </trkpt>
   <trkpt lat="39.7135970" lon="-105.8636090">
    <ele>3209.6</ele>
    <time>2026-09-05T11:51:16Z</time>
    
   </trkpt>
   <trkpt lat="39.7136060" lon="-105.8636200">
    <ele>3209.6</ele>
    <time>2026-09-05T11:51:17Z</time>
    
   </trkpt>
   <trkpt lat="39.7136420" lon="-105.8637200">
    <ele>3209.0</ele>
    <time>2026-09-05T11:51:23Z</time>
    
   </trkpt>
   <trkpt lat="39.7136600" lon="-105.8637480">
    <ele>3209.2</ele>
    <time>2026-09-05T11:51:26Z</time>
    
   </trkpt>
   <trkpt lat="39.7136800" lon="-105.8637780">
    <ele>3209.4</ele>
    <time>2026-09-05T11:51:29Z</time>
    
   </trkpt>
   <trkpt lat="39.7137140" lon="-105.8638170">
    <ele>3209.8</ele>
    <time>2026-09-05T11:51:34Z</time>
    
   </trkpt>
   <trkpt lat="39.7137200" lon="-105.8638410">
    <ele>3210.0</ele>
    <time>2026-09-05T11:51:36Z</time>
    
   </trkpt>
   <trkpt lat="39.7137240" lon="-105.8638760">
    <ele>3210.2</ele>
    <time>2026-09-05T11:51:38Z</time>
    
   </trkpt>
   <trkpt lat="39.7137600" lon="-105.8639360">
    <ele>3211.0</ele>
    <time>2026-09-05T11:51:43Z</time>
    
   </trkpt>
   <trkpt lat="39.7137870" lon="-105.8639650">
    <ele>3211.4</ele>
    <time>2026-09-05T11:51:46Z</time>
    
   </trkpt>
   <trkpt lat="39.7137940" lon="-105.8639780">
    <ele>3211.4</ele>
    <time>2026-09-05T11:51:47Z</time>
    
   </trkpt>
   <trkpt lat="39.7138460" lon="-105.8640570">
    <ele>3212.0</ele>
    <time>2026-09-05T11:51:53Z</time>
    
   </trkpt>
   <trkpt lat="39.7138490" lon="-105.8640710">
    <ele>3212.2</ele>
    <time>2026-09-05T11:51:54Z</time>
    
   </trkpt>
   <trkpt lat="39.7138570" lon="-105.8640990">
    <ele>3212.4</ele>
    <time>2026-09-05T11:51:56Z</time>
    
   </trkpt>
   <trkpt lat="39.7138710" lon="-105.8641540">
    <ele>3212.6</ele>
    <time>2026-09-05T11:51:59Z</time>
    
   </trkpt>
   <trkpt lat="39.7139110" lon="-105.8642310">
    <ele>3213.2</ele>
    <time>2026-09-05T11:52:04Z</time>
    
   </trkpt>
   <trkpt lat="39.7139360" lon="-105.8642700">
    <ele>3213.4</ele>
    <time>2026-09-05T11:52:07Z</time>
    
   </trkpt>
   <trkpt lat="39.7139760" lon="-105.8643420">
    <ele>3214.2</ele>
    <time>2026-09-05T11:52:12Z</time>
    
   </trkpt>
   <trkpt lat="39.7139860" lon="-105.8643710">
    <ele>3214.6</ele>
    <time>2026-09-05T11:52:14Z</time>
    
   </trkpt>
   <trkpt lat="39.7140330" lon="-105.8644170">
    <ele>3215.4</ele>
    <time>2026-09-05T11:52:19Z</time>
    
   </trkpt>
   <trkpt lat="39.7140430" lon="-105.8644430">
    <ele>3215.8</ele>
    <time>2026-09-05T11:52:21Z</time>
    
   </trkpt>
   <trkpt lat="39.7140560" lon="-105.8644650">
    <ele>3216.0</ele>
    <time>2026-09-05T11:52:23Z</time>
    
   </trkpt>
   <trkpt lat="39.7140710" lon="-105.8645000">
    <ele>3216.4</ele>
    <time>2026-09-05T11:52:26Z</time>
    
   </trkpt>
   <trkpt lat="39.7140840" lon="-105.8645350">
    <ele>3217.2</ele>
    <time>2026-09-05T11:52:29Z</time>
    
   </trkpt>
   <trkpt lat="39.7140960" lon="-105.8645730">
    <ele>3217.6</ele>
    <time>2026-09-05T11:52:32Z</time>
    
   </trkpt>
   <trkpt lat="39.7141100" lon="-105.8645920">
    <ele>3217.8</ele>
    <time>2026-09-05T11:52:34Z</time>
    
   </trkpt>
   <trkpt lat="39.7141230" lon="-105.8646130">
    <ele>3218.4</ele>
    <time>2026-09-05T11:52:36Z</time>
    
   </trkpt>
   <trkpt lat="39.7141260" lon="-105.8646270">
    <ele>3218.6</ele>
    <time>2026-09-05T11:52:37Z</time>
    
   </trkpt>
   <trkpt lat="39.7141720" lon="-105.8646840">
    <ele>3218.8</ele>
    <time>2026-09-05T11:52:43Z</time>
    
   </trkpt>
   <trkpt lat="39.7142200" lon="-105.8647370">
    <ele>3219.6</ele>
    <time>2026-09-05T11:52:48Z</time>
    
   </trkpt>
   <trkpt lat="39.7142560" lon="-105.8647560">
    <ele>3220.0</ele>
    <time>2026-09-05T11:52:51Z</time>
    
   </trkpt>
   <trkpt lat="39.7142940" lon="-105.8647710">
    <ele>3220.4</ele>
    <time>2026-09-05T11:52:54Z</time>
    
   </trkpt>
   <trkpt lat="39.7143030" lon="-105.8647790">
    <ele>3220.6</ele>
    <time>2026-09-05T11:52:55Z</time>
    
   </trkpt>
   <trkpt lat="39.7143300" lon="-105.8647870">
    <ele>3221.0</ele>
    <time>2026-09-05T11:52:58Z</time>
    
   </trkpt>
   <trkpt lat="39.7143380" lon="-105.8647940">
    <ele>3221.2</ele>
    <time>2026-09-05T11:52:59Z</time>
    
   </trkpt>
   <trkpt lat="39.7143610" lon="-105.8648240">
    <ele>3221.8</ele>
    <time>2026-09-05T11:53:02Z</time>
    
   </trkpt>
   <trkpt lat="39.7143850" lon="-105.8648900">
    <ele>3222.2</ele>
    <time>2026-09-05T11:53:07Z</time>
    
   </trkpt>
   <trkpt lat="39.7144060" lon="-105.8649270">
    <ele>3223.0</ele>
    <time>2026-09-05T11:53:10Z</time>
    
   </trkpt>
   <trkpt lat="39.7144290" lon="-105.8649840">
    <ele>3223.4</ele>
    <time>2026-09-05T11:53:14Z</time>
    
   </trkpt>
   <trkpt lat="39.7144330" lon="-105.8650020">
    <ele>3223.4</ele>
    <time>2026-09-05T11:53:15Z</time>
    
   </trkpt>
   <trkpt lat="39.7144530" lon="-105.8650590">
    <ele>3223.8</ele>
    <time>2026-09-05T11:53:19Z</time>
    
   </trkpt>
   <trkpt lat="39.7144680" lon="-105.8650840">
    <ele>3224.0</ele>
    <time>2026-09-05T11:53:21Z</time>
    
   </trkpt>
   <trkpt lat="39.7144820" lon="-105.8651130">
    <ele>3224.2</ele>
    <time>2026-09-05T11:53:23Z</time>
    
   </trkpt>
   <trkpt lat="39.7144950" lon="-105.8651770">
    <ele>3224.8</ele>
    <time>2026-09-05T11:53:27Z</time>
    
   </trkpt>
   <trkpt lat="39.7145180" lon="-105.8652220">
    <ele>3224.8</ele>
    <time>2026-09-05T11:53:31Z</time>
    
   </trkpt>
   <trkpt lat="39.7145530" lon="-105.8652920">
    <ele>3225.0</ele>
    <time>2026-09-05T11:53:36Z</time>
    
   </trkpt>
   <trkpt lat="39.7145750" lon="-105.8653320">
    <ele>3225.4</ele>
    <time>2026-09-05T11:53:39Z</time>
    
   </trkpt>
   <trkpt lat="39.7145800" lon="-105.8653580">
    <ele>3225.4</ele>
    <time>2026-09-05T11:53:41Z</time>
    
   </trkpt>
   <trkpt lat="39.7146010" lon="-105.8654210">
    <ele>3225.4</ele>
    <time>2026-09-05T11:53:46Z</time>
    
   </trkpt>
   <trkpt lat="39.7146780" lon="-105.8654780">
    <ele>3226.2</ele>
    <time>2026-09-05T11:53:53Z</time>
    
   </trkpt>
   <trkpt lat="39.7147210" lon="-105.8654850">
    <ele>3226.6</ele>
    <time>2026-09-05T11:53:56Z</time>
    
   </trkpt>
   <trkpt lat="39.7147290" lon="-105.8655240">
    <ele>3227.0</ele>
    <time>2026-09-05T11:53:59Z</time>
    
   </trkpt>
   <trkpt lat="39.7147350" lon="-105.8655390">
    <ele>3227.2</ele>
    <time>2026-09-05T11:54:00Z</time>
    
   </trkpt>
   <trkpt lat="39.7147620" lon="-105.8656170">
    <ele>3228.0</ele>
    <time>2026-09-05T11:54:05Z</time>
    
   </trkpt>
   <trkpt lat="39.7147660" lon="-105.8656310">
    <ele>3228.0</ele>
    <time>2026-09-05T11:54:06Z</time>
    
   </trkpt>
   <trkpt lat="39.7147800" lon="-105.8656530">
    <ele>3228.2</ele>
    <time>2026-09-05T11:54:08Z</time>
    
   </trkpt>
   <trkpt lat="39.7148500" lon="-105.8656930">
    <ele>3229.2</ele>
    <time>2026-09-05T11:54:14Z</time>
    
   </trkpt>
   <trkpt lat="39.7148670" lon="-105.8657160">
    <ele>3229.4</ele>
    <time>2026-09-05T11:54:16Z</time>
    
   </trkpt>
   <trkpt lat="39.7148920" lon="-105.8657810">
    <ele>3230.0</ele>
    <time>2026-09-05T11:54:21Z</time>
    
   </trkpt>
   <trkpt lat="39.7149220" lon="-105.8658440">
    <ele>3230.4</ele>
    <time>2026-09-05T11:54:25Z</time>
    
   </trkpt>
   <trkpt lat="39.7149500" lon="-105.8658690">
    <ele>3230.8</ele>
    <time>2026-09-05T11:54:28Z</time>
    
   </trkpt>
   <trkpt lat="39.7149820" lon="-105.8658970">
    <ele>3231.2</ele>
    <time>2026-09-05T11:54:32Z</time>
    
   </trkpt>
   <trkpt lat="39.7149960" lon="-105.8659200">
    <ele>3231.4</ele>
    <time>2026-09-05T11:54:34Z</time>
    
   </trkpt>
   <trkpt lat="39.7150050" lon="-105.8659270">
    <ele>3231.2</ele>
    <time>2026-09-05T11:54:35Z</time>
    
   </trkpt>
   <trkpt lat="39.7150180" lon="-105.8659480">
    <ele>3231.4</ele>
    <time>2026-09-05T11:54:37Z</time>
    
   </trkpt>
   <trkpt lat="39.7150510" lon="-105.8660000">
    <ele>3232.0</ele>
    <time>2026-09-05T11:54:41Z</time>
    
   </trkpt>
   <trkpt lat="39.7150650" lon="-105.8660200">
    <ele>3232.2</ele>
    <time>2026-09-05T11:54:43Z</time>
    
   </trkpt>
   <trkpt lat="39.7150720" lon="-105.8660370">
    <ele>3232.4</ele>
    <time>2026-09-05T11:54:45Z</time>
    
   </trkpt>
   <trkpt lat="39.7150910" lon="-105.8660480">
    <ele>3232.2</ele>
    <time>2026-09-05T11:54:47Z</time>
    
   </trkpt>
   <trkpt lat="39.7151090" lon="-105.8660550">
    <ele>3232.2</ele>
    <time>2026-09-05T11:54:49Z</time>
    
   </trkpt>
   <trkpt lat="39.7151320" lon="-105.8660610">
    <ele>3232.2</ele>
    <time>2026-09-05T11:54:51Z</time>
    
   </trkpt>
   <trkpt lat="39.7151610" lon="-105.8660810">
    <ele>3232.4</ele>
    <time>2026-09-05T11:54:54Z</time>
    
   </trkpt>
   <trkpt lat="39.7151690" lon="-105.8660830">
    <ele>3232.8</ele>
    <time>2026-09-05T11:54:55Z</time>
    
   </trkpt>
   <trkpt lat="39.7151860" lon="-105.8660900">
    <ele>3233.6</ele>
    <time>2026-09-05T11:54:57Z</time>
    
   </trkpt>
   <trkpt lat="39.7152020" lon="-105.8661000">
    <ele>3233.8</ele>
    <time>2026-09-05T11:54:59Z</time>
    
   </trkpt>
   <trkpt lat="39.7152670" lon="-105.8661570">
    <ele>3234.6</ele>
    <time>2026-09-05T11:55:05Z</time>
    
   </trkpt>
   <trkpt lat="39.7152750" lon="-105.8661730">
    <ele>3234.8</ele>
    <time>2026-09-05T11:55:06Z</time>
    
   </trkpt>
   <trkpt lat="39.7152950" lon="-105.8663240">
    <ele>3235.0</ele>
    <time>2026-09-05T11:55:14Z</time>
    
   </trkpt>
   <trkpt lat="39.7152920" lon="-105.8664190">
    <ele>3234.8</ele>
    <time>2026-09-05T11:55:20Z</time>
    
   </trkpt>
   <trkpt lat="39.7152960" lon="-105.8664530">
    <ele>3234.8</ele>
    <time>2026-09-05T11:55:22Z</time>
    
   </trkpt>
   <trkpt lat="39.7152790" lon="-105.8665970">
    <ele>3235.2</ele>
    <time>2026-09-05T11:55:30Z</time>
    
   </trkpt>
   <trkpt lat="39.7152850" lon="-105.8666470">
    <ele>3235.4</ele>
    <time>2026-09-05T11:55:33Z</time>
    
   </trkpt>
   <trkpt lat="39.7152980" lon="-105.8666900">
    <ele>3235.4</ele>
    <time>2026-09-05T11:55:36Z</time>
    
   </trkpt>
   <trkpt lat="39.7153210" lon="-105.8667250">
    <ele>3235.4</ele>
    <time>2026-09-05T11:55:39Z</time>
    
   </trkpt>
   <trkpt lat="39.7153290" lon="-105.8667530">
    <ele>3235.2</ele>
    <time>2026-09-05T11:55:41Z</time>
    
   </trkpt>
   <trkpt lat="39.7153330" lon="-105.8667720">
    <ele>3235.4</ele>
    <time>2026-09-05T11:55:42Z</time>
    
   </trkpt>
   <trkpt lat="39.7153910" lon="-105.8668490">
    <ele>3235.4</ele>
    <time>2026-09-05T11:55:49Z</time>
    
   </trkpt>
   <trkpt lat="39.7154140" lon="-105.8668650">
    <ele>3235.4</ele>
    <time>2026-09-05T11:55:51Z</time>
    
   </trkpt>
   <trkpt lat="39.7154580" lon="-105.8668690">
    <ele>3235.6</ele>
    <time>2026-09-05T11:55:54Z</time>
    
   </trkpt>
   <trkpt lat="39.7154680" lon="-105.8668720">
    <ele>3235.6</ele>
    <time>2026-09-05T11:55:55Z</time>
    
   </trkpt>
   <trkpt lat="39.7155340" lon="-105.8669110">
    <ele>3236.8</ele>
    <time>2026-09-05T11:56:01Z</time>
    
   </trkpt>
   <trkpt lat="39.7155450" lon="-105.8669150">
    <ele>3237.0</ele>
    <time>2026-09-05T11:56:02Z</time>
    
   </trkpt>
   <trkpt lat="39.7155750" lon="-105.8669370">
    <ele>3237.4</ele>
    <time>2026-09-05T11:56:07Z</time>
    
   </trkpt>
   <trkpt lat="39.7155890" lon="-105.8669510">
    <ele>3237.6</ele>
    <time>2026-09-05T11:56:09Z</time>
    
   </trkpt>
   <trkpt lat="39.7156110" lon="-105.8670040">
    <ele>3237.8</ele>
    <time>2026-09-05T11:56:13Z</time>
    
   </trkpt>
   <trkpt lat="39.7156220" lon="-105.8670370">
    <ele>3238.0</ele>
    <time>2026-09-05T11:56:15Z</time>
    
   </trkpt>
   <trkpt lat="39.7156400" lon="-105.8670570">
    <ele>3238.0</ele>
    <time>2026-09-05T11:56:17Z</time>
    
   </trkpt>
   <trkpt lat="39.7156640" lon="-105.8670920">
    <ele>3238.6</ele>
    <time>2026-09-05T11:56:21Z</time>
    
   </trkpt>
   <trkpt lat="39.7156850" lon="-105.8671020">
    <ele>3238.6</ele>
    <time>2026-09-05T11:56:23Z</time>
    
   </trkpt>
   <trkpt lat="39.7157010" lon="-105.8671100">
    <ele>3238.6</ele>
    <time>2026-09-05T11:56:24Z</time>
    
   </trkpt>
   <trkpt lat="39.7157550" lon="-105.8671410">
    <ele>3239.0</ele>
    <time>2026-09-05T11:56:28Z</time>
    
   </trkpt>
   <trkpt lat="39.7157890" lon="-105.8671890">
    <ele>3239.6</ele>
    <time>2026-09-05T11:56:32Z</time>
    
   </trkpt>
   <trkpt lat="39.7158280" lon="-105.8672320">
    <ele>3239.6</ele>
    <time>2026-09-05T11:56:36Z</time>
    
   </trkpt>
   <trkpt lat="39.7158730" lon="-105.8672530">
    <ele>3239.4</ele>
    <time>2026-09-05T11:56:40Z</time>
    
   </trkpt>
   <trkpt lat="39.7158960" lon="-105.8672690">
    <ele>3240.0</ele>
    <time>2026-09-05T11:56:43Z</time>
    
   </trkpt>
   <trkpt lat="39.7159040" lon="-105.8672960">
    <ele>3240.4</ele>
    <time>2026-09-05T11:56:45Z</time>
    
   </trkpt>
   <trkpt lat="39.7159060" lon="-105.8673130">
    <ele>3240.2</ele>
    <time>2026-09-05T11:56:46Z</time>
    
   </trkpt>
   <trkpt lat="39.7159270" lon="-105.8674400">
    <ele>3240.0</ele>
    <time>2026-09-05T11:56:53Z</time>
    
   </trkpt>
   <trkpt lat="39.7159700" lon="-105.8675430">
    <ele>3240.4</ele>
    <time>2026-09-05T11:57:01Z</time>
    
   </trkpt>
   <trkpt lat="39.7159710" lon="-105.8675590">
    <ele>3240.6</ele>
    <time>2026-09-05T11:57:02Z</time>
    
   </trkpt>
   <trkpt lat="39.7159740" lon="-105.8676420">
    <ele>3240.4</ele>
    <time>2026-09-05T11:57:07Z</time>
    
   </trkpt>
   <trkpt lat="39.7159610" lon="-105.8677350">
    <ele>3240.4</ele>
    <time>2026-09-05T11:57:13Z</time>
    
   </trkpt>
   <trkpt lat="39.7159660" lon="-105.8677620">
    <ele>3240.4</ele>
    <time>2026-09-05T11:57:15Z</time>
    
   </trkpt>
   <trkpt lat="39.7159760" lon="-105.8678400">
    <ele>3241.2</ele>
    <time>2026-09-05T11:57:20Z</time>
    
   </trkpt>
   <trkpt lat="39.7159890" lon="-105.8679170">
    <ele>3242.0</ele>
    <time>2026-09-05T11:57:25Z</time>
    
   </trkpt>
   <trkpt lat="39.7159960" lon="-105.8679400">
    <ele>3242.2</ele>
    <time>2026-09-05T11:57:27Z</time>
    
   </trkpt>
   <trkpt lat="39.7160070" lon="-105.8679790">
    <ele>3243.0</ele>
    <time>2026-09-05T11:57:30Z</time>
    
   </trkpt>
   <trkpt lat="39.7160050" lon="-105.8679910">
    <ele>3243.2</ele>
    <time>2026-09-05T11:57:31Z</time>
    
   </trkpt>
   <trkpt lat="39.7160040" lon="-105.8680030">
    <ele>3243.4</ele>
    <time>2026-09-05T11:57:32Z</time>
    
   </trkpt>
   <trkpt lat="39.7160260" lon="-105.8681310">
    <ele>3244.6</ele>
    <time>2026-09-05T11:57:41Z</time>
    
   </trkpt>
   <trkpt lat="39.7160310" lon="-105.8681430">
    <ele>3244.8</ele>
    <time>2026-09-05T11:57:42Z</time>
    
   </trkpt>
   <trkpt lat="39.7160410" lon="-105.8681670">
    <ele>3245.4</ele>
    <time>2026-09-05T11:57:44Z</time>
    
   </trkpt>
   <trkpt lat="39.7160490" lon="-105.8681770">
    <ele>3245.6</ele>
    <time>2026-09-05T11:57:45Z</time>
    
   </trkpt>
   <trkpt lat="39.7160630" lon="-105.8681990">
    <ele>3246.2</ele>
    <time>2026-09-05T11:57:47Z</time>
    
   </trkpt>
   <trkpt lat="39.7160740" lon="-105.8682380">
    <ele>3246.8</ele>
    <time>2026-09-05T11:57:50Z</time>
    
   </trkpt>
   <trkpt lat="39.7160860" lon="-105.8682740">
    <ele>3247.2</ele>
    <time>2026-09-05T11:57:53Z</time>
    
   </trkpt>
   <trkpt lat="39.7161010" lon="-105.8683060">
    <ele>3247.8</ele>
    <time>2026-09-05T11:57:56Z</time>
    
   </trkpt>
   <trkpt lat="39.7161210" lon="-105.8684110">
    <ele>3248.8</ele>
    <time>2026-09-05T11:58:03Z</time>
    
   </trkpt>
   <trkpt lat="39.7161210" lon="-105.8684110">
    <ele>3249.0</ele>
    <time>2026-09-05T11:58:04Z</time>
    
   </trkpt>
   <trkpt lat="39.7161450" lon="-105.8685030">
    <ele>3249.8</ele>
    <time>2026-09-05T11:58:10Z</time>
    
   </trkpt>
   <trkpt lat="39.7161570" lon="-105.8685270">
    <ele>3250.2</ele>
    <time>2026-09-05T11:58:12Z</time>
    
   </trkpt>
   <trkpt lat="39.7161610" lon="-105.8685450">
    <ele>3250.4</ele>
    <time>2026-09-05T11:58:13Z</time>
    
   </trkpt>
   <trkpt lat="39.7161790" lon="-105.8685990">
    <ele>3251.4</ele>
    <time>2026-09-05T11:58:17Z</time>
    
   </trkpt>
   <trkpt lat="39.7161860" lon="-105.8686310">
    <ele>3251.6</ele>
    <time>2026-09-05T11:58:19Z</time>
    
   </trkpt>
   <trkpt lat="39.7162400" lon="-105.8687310">
    <ele>3252.0</ele>
    <time>2026-09-05T11:58:27Z</time>
    
   </trkpt>
   <trkpt lat="39.7162640" lon="-105.8687610">
    <ele>3252.4</ele>
    <time>2026-09-05T11:58:30Z</time>
    
   </trkpt>
   <trkpt lat="39.7162900" lon="-105.8688210">
    <ele>3253.2</ele>
    <time>2026-09-05T11:58:34Z</time>
    
   </trkpt>
   <trkpt lat="39.7163090" lon="-105.8688470">
    <ele>3253.2</ele>
    <time>2026-09-05T11:58:36Z</time>
    
   </trkpt>
   <trkpt lat="39.7163450" lon="-105.8688980">
    <ele>3253.2</ele>
    <time>2026-09-05T11:58:40Z</time>
    
   </trkpt>
   <trkpt lat="39.7163650" lon="-105.8689460">
    <ele>3253.2</ele>
    <time>2026-09-05T11:58:43Z</time>
    
   </trkpt>
   <trkpt lat="39.7164050" lon="-105.8690120">
    <ele>3253.2</ele>
    <time>2026-09-05T11:58:48Z</time>
    
   </trkpt>
   <trkpt lat="39.7164100" lon="-105.8690260">
    <ele>3253.4</ele>
    <time>2026-09-05T11:58:49Z</time>
    
   </trkpt>
   <trkpt lat="39.7164220" lon="-105.8690570">
    <ele>3253.6</ele>
    <time>2026-09-05T11:58:51Z</time>
    
   </trkpt>
   <trkpt lat="39.7164290" lon="-105.8690710">
    <ele>3253.8</ele>
    <time>2026-09-05T11:58:52Z</time>
    
   </trkpt>
   <trkpt lat="39.7164400" lon="-105.8690990">
    <ele>3253.6</ele>
    <time>2026-09-05T11:58:53Z</time>
    
   </trkpt>
   <trkpt lat="39.7164690" lon="-105.8691690">
    <ele>3253.2</ele>
    <time>2026-09-05T11:58:59Z</time>
    
   </trkpt>
   <trkpt lat="39.7164810" lon="-105.8691990">
    <ele>3253.4</ele>
    <time>2026-09-05T11:59:01Z</time>
    
   </trkpt>
   <trkpt lat="39.7165210" lon="-105.8692640">
    <ele>3253.8</ele>
    <time>2026-09-05T11:59:07Z</time>
    
   </trkpt>
   <trkpt lat="39.7165250" lon="-105.8692640">
    <ele>3254.2</ele>
    <time>2026-09-05T11:59:09Z</time>
    
   </trkpt>
   <trkpt lat="39.7165310" lon="-105.8692550">
    <ele>3254.0</ele>
    <time>2026-09-05T11:59:13Z</time>
    
   </trkpt>
   <trkpt lat="39.7165270" lon="-105.8692620">
    <ele>3253.8</ele>
    <time>2026-09-05T11:59:15Z</time>
    
   </trkpt>
   <trkpt lat="39.7165220" lon="-105.8692680">
    <ele>3253.8</ele>
    <time>2026-09-05T11:59:17Z</time>
    
   </trkpt>
   <trkpt lat="39.7165180" lon="-105.8692730">
    <ele>3253.6</ele>
    <time>2026-09-05T11:59:19Z</time>
    
   </trkpt>
   <trkpt lat="39.7165360" lon="-105.8692640">
    <ele>3254.6</ele>
    <time>2026-09-05T11:59:29Z</time>
    
   </trkpt>
   <trkpt lat="39.7165510" lon="-105.8692540">
    <ele>3254.8</ele>
    <time>2026-09-05T11:59:35Z</time>
    
   </trkpt>
   <trkpt lat="39.7165490" lon="-105.8692540">
    <ele>3254.6</ele>
    <time>2026-09-05T11:59:38Z</time>
    
   </trkpt>
   <trkpt lat="39.7165610" lon="-105.8692510">
    <ele>3253.8</ele>
    <time>2026-09-05T11:59:46Z</time>
    
   </trkpt>
   <trkpt lat="39.7166110" lon="-105.8692890">
    <ele>3254.4</ele>
    <time>2026-09-05T11:59:52Z</time>
    
   </trkpt>
   <trkpt lat="39.7166210" lon="-105.8693040">
    <ele>3254.4</ele>
    <time>2026-09-05T11:59:54Z</time>
    
   </trkpt>
   <trkpt lat="39.7167260" lon="-105.8694210">
    <ele>3254.2</ele>
    <time>2026-09-05T12:00:06Z</time>
    
   </trkpt>
   <trkpt lat="39.7167470" lon="-105.8694430">
    <ele>3254.2</ele>
    <time>2026-09-05T12:00:08Z</time>
    
   </trkpt>
   <trkpt lat="39.7168220" lon="-105.8694970">
    <ele>3253.8</ele>
    <time>2026-09-05T12:00:15Z</time>
    
   </trkpt>
   <trkpt lat="39.7168510" lon="-105.8695400">
    <ele>3254.0</ele>
    <time>2026-09-05T12:00:20Z</time>
    
   </trkpt>
   <trkpt lat="39.7168560" lon="-105.8695740">
    <ele>3254.2</ele>
    <time>2026-09-05T12:00:22Z</time>
    
   </trkpt>
   <trkpt lat="39.7168650" lon="-105.8695850">
    <ele>3254.2</ele>
    <time>2026-09-05T12:00:23Z</time>
    
   </trkpt>
   <trkpt lat="39.7168740" lon="-105.8695980">
    <ele>3254.2</ele>
    <time>2026-09-05T12:00:24Z</time>
    
   </trkpt>
   <trkpt lat="39.7168890" lon="-105.8696290">
    <ele>3254.2</ele>
    <time>2026-09-05T12:00:26Z</time>
    
   </trkpt>
   <trkpt lat="39.7169080" lon="-105.8696560">
    <ele>3254.0</ele>
    <time>2026-09-05T12:00:28Z</time>
    
   </trkpt>
   <trkpt lat="39.7169150" lon="-105.8696710">
    <ele>3254.0</ele>
    <time>2026-09-05T12:00:29Z</time>
    
   </trkpt>
   <trkpt lat="39.7169290" lon="-105.8697080">
    <ele>3254.0</ele>
    <time>2026-09-05T12:00:31Z</time>
    
   </trkpt>
   <trkpt lat="39.7169620" lon="-105.8697970">
    <ele>3254.4</ele>
    <time>2026-09-05T12:00:37Z</time>
    
   </trkpt>
   <trkpt lat="39.7169880" lon="-105.8698180">
    <ele>3255.4</ele>
    <time>2026-09-05T12:00:41Z</time>
    
   </trkpt>
   <trkpt lat="39.7169970" lon="-105.8698440">
    <ele>3255.8</ele>
    <time>2026-09-05T12:00:43Z</time>
    
   </trkpt>
   <trkpt lat="39.7170030" lon="-105.8698550">
    <ele>3255.8</ele>
    <time>2026-09-05T12:00:44Z</time>
    
   </trkpt>
   <trkpt lat="39.7170450" lon="-105.8698790">
    <ele>3256.8</ele>
    <time>2026-09-05T12:00:49Z</time>
    
   </trkpt>
   <trkpt lat="39.7170820" lon="-105.8698950">
    <ele>3257.2</ele>
    <time>2026-09-05T12:00:53Z</time>
    
   </trkpt>
   <trkpt lat="39.7171090" lon="-105.8699020">
    <ele>3257.8</ele>
    <time>2026-09-05T12:00:56Z</time>
    
   </trkpt>
   <trkpt lat="39.7171290" lon="-105.8699090">
    <ele>3258.4</ele>
    <time>2026-09-05T12:00:58Z</time>
    
   </trkpt>
   <trkpt lat="39.7171570" lon="-105.8699190">
    <ele>3258.8</ele>
    <time>2026-09-05T12:01:01Z</time>
    
   </trkpt>
   <trkpt lat="39.7171620" lon="-105.8699280">
    <ele>3259.0</ele>
    <time>2026-09-05T12:01:02Z</time>
    
   </trkpt>
   <trkpt lat="39.7171780" lon="-105.8699580">
    <ele>3260.0</ele>
    <time>2026-09-05T12:01:06Z</time>
    
   </trkpt>
   <trkpt lat="39.7171870" lon="-105.8699600">
    <ele>3260.0</ele>
    <time>2026-09-05T12:01:07Z</time>
    
   </trkpt>
   <trkpt lat="39.7171870" lon="-105.8699600">
    <ele>3260.2</ele>
    <time>2026-09-05T12:01:08Z</time>
    
   </trkpt>
   <trkpt lat="39.7172060" lon="-105.8699590">
    <ele>3260.8</ele>
    <time>2026-09-05T12:01:11Z</time>
    
   </trkpt>
   <trkpt lat="39.7172200" lon="-105.8699620">
    <ele>3261.2</ele>
    <time>2026-09-05T12:01:13Z</time>
    
   </trkpt>
   <trkpt lat="39.7172690" lon="-105.8699560">
    <ele>3262.0</ele>
    <time>2026-09-05T12:01:17Z</time>
    
   </trkpt>
   <trkpt lat="39.7172840" lon="-105.8699580">
    <ele>3262.2</ele>
    <time>2026-09-05T12:01:18Z</time>
    
   </trkpt>
   <trkpt lat="39.7173700" lon="-105.8699930">
    <ele>3263.2</ele>
    <time>2026-09-05T12:01:24Z</time>
    
   </trkpt>
   <trkpt lat="39.7173840" lon="-105.8699940">
    <ele>3263.4</ele>
    <time>2026-09-05T12:01:25Z</time>
    
   </trkpt>
   <trkpt lat="39.7174210" lon="-105.8700330">
    <ele>3264.4</ele>
    <time>2026-09-05T12:01:31Z</time>
    
   </trkpt>
   <trkpt lat="39.7174250" lon="-105.8700380">
    <ele>3264.4</ele>
    <time>2026-09-05T12:01:32Z</time>
    
   </trkpt>
   <trkpt lat="39.7174220" lon="-105.8700480">
    <ele>3264.4</ele>
    <time>2026-09-05T12:01:33Z</time>
    
   </trkpt>
   <trkpt lat="39.7174350" lon="-105.8700770">
    <ele>3264.8</ele>
    <time>2026-09-05T12:01:38Z</time>
    
   </trkpt>
   <trkpt lat="39.7174400" lon="-105.8700900">
    <ele>3265.2</ele>
    <time>2026-09-05T12:01:40Z</time>
    
   </trkpt>
   <trkpt lat="39.7174430" lon="-105.8701040">
    <ele>3265.4</ele>
    <time>2026-09-05T12:01:41Z</time>
    
   </trkpt>
   <trkpt lat="39.7174570" lon="-105.8701280">
    <ele>3265.6</ele>
    <time>2026-09-05T12:01:43Z</time>
    
   </trkpt>
   <trkpt lat="39.7174780" lon="-105.8701420">
    <ele>3265.8</ele>
    <time>2026-09-05T12:01:45Z</time>
    
   </trkpt>
   <trkpt lat="39.7174870" lon="-105.8701440">
    <ele>3265.8</ele>
    <time>2026-09-05T12:01:46Z</time>
    
   </trkpt>
   <trkpt lat="39.7174890" lon="-105.8701800">
    <ele>3266.2</ele>
    <time>2026-09-05T12:01:49Z</time>
    
   </trkpt>
   <trkpt lat="39.7174970" lon="-105.8702140">
    <ele>3266.2</ele>
    <time>2026-09-05T12:01:52Z</time>
    
   </trkpt>
   <trkpt lat="39.7175120" lon="-105.8702390">
    <ele>3266.0</ele>
    <time>2026-09-05T12:01:54Z</time>
    
   </trkpt>
   <trkpt lat="39.7175530" lon="-105.8703150">
    <ele>3266.0</ele>
    <time>2026-09-05T12:02:00Z</time>
    
   </trkpt>
   <trkpt lat="39.7175590" lon="-105.8703290">
    <ele>3266.0</ele>
    <time>2026-09-05T12:02:01Z</time>
    
   </trkpt>
   <trkpt lat="39.7175610" lon="-105.8703430">
    <ele>3266.0</ele>
    <time>2026-09-05T12:02:02Z</time>
    
   </trkpt>
   <trkpt lat="39.7175620" lon="-105.8703560">
    <ele>3265.8</ele>
    <time>2026-09-05T12:02:03Z</time>
    
   </trkpt>
   <trkpt lat="39.7175560" lon="-105.8703740">
    <ele>3265.8</ele>
    <time>2026-09-05T12:02:04Z</time>
    
   </trkpt>
   <trkpt lat="39.7175540" lon="-105.8703870">
    <ele>3265.8</ele>
    <time>2026-09-05T12:02:05Z</time>
    
   </trkpt>
   <trkpt lat="39.7175270" lon="-105.8704480">
    <ele>3265.4</ele>
    <time>2026-09-05T12:02:07Z</time>
    
   </trkpt>
   <trkpt lat="39.7174800" lon="-105.8705310">
    <ele>3264.8</ele>
    <time>2026-09-05T12:02:13Z</time>
    
   </trkpt>
   <trkpt lat="39.7174730" lon="-105.8705400">
    <ele>3264.8</ele>
    <time>2026-09-05T12:02:14Z</time>
    
   </trkpt>
   <trkpt lat="39.7174600" lon="-105.8705470">
    <ele>3264.4</ele>
    <time>2026-09-05T12:02:18Z</time>
    
   </trkpt>
   <trkpt lat="39.7174600" lon="-105.8705440">
    <ele>3264.2</ele>
    <time>2026-09-05T12:02:19Z</time>
    
   </trkpt>
   <trkpt lat="39.7174610" lon="-105.8705380">
    <ele>3264.0</ele>
    <time>2026-09-05T12:02:21Z</time>
    
   </trkpt>
   <trkpt lat="39.7174600" lon="-105.8705350">
    <ele>3264.0</ele>
    <time>2026-09-05T12:02:22Z</time>
    
   </trkpt>
   <trkpt lat="39.7174610" lon="-105.8705390">
    <ele>3263.8</ele>
    <time>2026-09-05T12:02:27Z</time>
    
   </trkpt>
   <trkpt lat="39.7174600" lon="-105.8705250">
    <ele>3263.8</ele>
    <time>2026-09-05T12:02:30Z</time>
    
   </trkpt>
   <trkpt lat="39.7174610" lon="-105.8705190">
    <ele>3263.8</ele>
    <time>2026-09-05T12:02:31Z</time>
    
   </trkpt>
   <trkpt lat="39.7174630" lon="-105.8705090">
    <ele>3264.0</ele>
    <time>2026-09-05T12:02:33Z</time>
    
   </trkpt>
   <trkpt lat="39.7174640" lon="-105.8705030">
    <ele>3264.0</ele>
    <time>2026-09-05T12:02:34Z</time>
    
   </trkpt>
   <trkpt lat="39.7174770" lon="-105.8704950">
    <ele>3263.8</ele>
    <time>2026-09-05T12:02:36Z</time>
    
   </trkpt>
   <trkpt lat="39.7174860" lon="-105.8704940">
    <ele>3263.8</ele>
    <time>2026-09-05T12:02:38Z</time>
    
   </trkpt>
   <trkpt lat="39.7174820" lon="-105.8705050">
    <ele>3263.8</ele>
    <time>2026-09-05T12:02:43Z</time>
    
   </trkpt>
   <trkpt lat="39.7174970" lon="-105.8705060">
    <ele>3263.8</ele>
    <time>2026-09-05T12:02:46Z</time>
    
   </trkpt>
   <trkpt lat="39.7175120" lon="-105.8705050">
    <ele>3263.8</ele>
    <time>2026-09-05T12:02:52Z</time>
    
   </trkpt>
   <trkpt lat="39.7175310" lon="-105.8705040">
    <ele>3264.0</ele>
    <time>2026-09-05T12:02:56Z</time>
    
   </trkpt>
   <trkpt lat="39.7175620" lon="-105.8705010">
    <ele>3264.2</ele>
    <time>2026-09-05T12:02:59Z</time>
    
   </trkpt>
   <trkpt lat="39.7175840" lon="-105.8705120">
    <ele>3265.0</ele>
    <time>2026-09-05T12:03:02Z</time>
    
   </trkpt>
   <trkpt lat="39.7175950" lon="-105.8705180">
    <ele>3265.2</ele>
    <time>2026-09-05T12:03:03Z</time>
    
   </trkpt>
   <trkpt lat="39.7176010" lon="-105.8705260">
    <ele>3265.4</ele>
    <time>2026-09-05T12:03:04Z</time>
    
   </trkpt>
   <trkpt lat="39.7176200" lon="-105.8705430">
    <ele>3265.6</ele>
    <time>2026-09-05T12:03:06Z</time>
    
   </trkpt>
   <trkpt lat="39.7176320" lon="-105.8705510">
    <ele>3265.8</ele>
    <time>2026-09-05T12:03:07Z</time>
    
   </trkpt>
   <trkpt lat="39.7176610" lon="-105.8705890">
    <ele>3266.2</ele>
    <time>2026-09-05T12:03:10Z</time>
    
   </trkpt>
   <trkpt lat="39.7176940" lon="-105.8706320">
    <ele>3266.4</ele>
    <time>2026-09-05T12:03:14Z</time>
    
   </trkpt>
   <trkpt lat="39.7177040" lon="-105.8706510">
    <ele>3267.2</ele>
    <time>2026-09-05T12:03:16Z</time>
    
   </trkpt>
   <trkpt lat="39.7177080" lon="-105.8706690">
    <ele>3267.6</ele>
    <time>2026-09-05T12:03:17Z</time>
    
   </trkpt>
   <trkpt lat="39.7177020" lon="-105.8707420">
    <ele>3268.0</ele>
    <time>2026-09-05T12:03:21Z</time>
    
   </trkpt>
   <trkpt lat="39.7177020" lon="-105.8707650">
    <ele>3268.2</ele>
    <time>2026-09-05T12:03:22Z</time>
    
   </trkpt>
   <trkpt lat="39.7177060" lon="-105.8707810">
    <ele>3268.2</ele>
    <time>2026-09-05T12:03:23Z</time>
    
   </trkpt>
   <trkpt lat="39.7177220" lon="-105.8708270">
    <ele>3268.4</ele>
    <time>2026-09-05T12:03:26Z</time>
    
   </trkpt>
   <trkpt lat="39.7177680" lon="-105.8708950">
    <ele>3268.6</ele>
    <time>2026-09-05T12:03:33Z</time>
    
   </trkpt>
   <trkpt lat="39.7177740" lon="-105.8709070">
    <ele>3268.8</ele>
    <time>2026-09-05T12:03:34Z</time>
    
   </trkpt>
   <trkpt lat="39.7177810" lon="-105.8709290">
    <ele>3269.2</ele>
    <time>2026-09-05T12:03:36Z</time>
    
   </trkpt>
   <trkpt lat="39.7177810" lon="-105.8709590">
    <ele>3269.6</ele>
    <time>2026-09-05T12:03:38Z</time>
    
   </trkpt>
   <trkpt lat="39.7177820" lon="-105.8709740">
    <ele>3269.6</ele>
    <time>2026-09-05T12:03:39Z</time>
    
   </trkpt>
   <trkpt lat="39.7177820" lon="-105.8710020">
    <ele>3269.6</ele>
    <time>2026-09-05T12:03:41Z</time>
    
   </trkpt>
   <trkpt lat="39.7177530" lon="-105.8710980">
    <ele>3269.0</ele>
    <time>2026-09-05T12:03:48Z</time>
    
   </trkpt>
   <trkpt lat="39.7177590" lon="-105.8711040">
    <ele>3269.0</ele>
    <time>2026-09-05T12:03:49Z</time>
    
   </trkpt>
   <trkpt lat="39.7177650" lon="-105.8711310">
    <ele>3269.0</ele>
    <time>2026-09-05T12:03:52Z</time>
    
   </trkpt>
   <trkpt lat="39.7177810" lon="-105.8711680">
    <ele>3269.0</ele>
    <time>2026-09-05T12:03:56Z</time>
    
   </trkpt>
   <trkpt lat="39.7177820" lon="-105.8711770">
    <ele>3268.8</ele>
    <time>2026-09-05T12:03:57Z</time>
    
   </trkpt>
   <trkpt lat="39.7177870" lon="-105.8712000">
    <ele>3268.8</ele>
    <time>2026-09-05T12:03:59Z</time>
    
   </trkpt>
   <trkpt lat="39.7177940" lon="-105.8712130">
    <ele>3268.8</ele>
    <time>2026-09-05T12:04:00Z</time>
    
   </trkpt>
   <trkpt lat="39.7178000" lon="-105.8712380">
    <ele>3268.8</ele>
    <time>2026-09-05T12:04:02Z</time>
    
   </trkpt>
   <trkpt lat="39.7178090" lon="-105.8712740">
    <ele>3268.6</ele>
    <time>2026-09-05T12:04:05Z</time>
    
   </trkpt>
   <trkpt lat="39.7178290" lon="-105.8713300">
    <ele>3269.4</ele>
    <time>2026-09-05T12:04:10Z</time>
    
   </trkpt>
   <trkpt lat="39.7178340" lon="-105.8713430">
    <ele>3269.4</ele>
    <time>2026-09-05T12:04:11Z</time>
    
   </trkpt>
   <trkpt lat="39.7178470" lon="-105.8713750">
    <ele>3269.6</ele>
    <time>2026-09-05T12:04:14Z</time>
    
   </trkpt>
   <trkpt lat="39.7178570" lon="-105.8713970">
    <ele>3270.0</ele>
    <time>2026-09-05T12:04:16Z</time>
    
   </trkpt>
   <trkpt lat="39.7178690" lon="-105.8714350">
    <ele>3269.8</ele>
    <time>2026-09-05T12:04:20Z</time>
    
   </trkpt>
   <trkpt lat="39.7178770" lon="-105.8714510">
    <ele>3269.8</ele>
    <time>2026-09-05T12:04:22Z</time>
    
   </trkpt>
   <trkpt lat="39.7178930" lon="-105.8714800">
    <ele>3270.0</ele>
    <time>2026-09-05T12:04:24Z</time>
    
   </trkpt>
   <trkpt lat="39.7179020" lon="-105.8714910">
    <ele>3269.8</ele>
    <time>2026-09-05T12:04:25Z</time>
    
   </trkpt>
   <trkpt lat="39.7179380" lon="-105.8715460">
    <ele>3270.8</ele>
    <time>2026-09-05T12:04:30Z</time>
    
   </trkpt>
   <trkpt lat="39.7179480" lon="-105.8715720">
    <ele>3271.6</ele>
    <time>2026-09-05T12:04:32Z</time>
    
   </trkpt>
   <trkpt lat="39.7179560" lon="-105.8715820">
    <ele>3271.8</ele>
    <time>2026-09-05T12:04:33Z</time>
    
   </trkpt>
   <trkpt lat="39.7179850" lon="-105.8716190">
    <ele>3272.4</ele>
    <time>2026-09-05T12:04:38Z</time>
    
   </trkpt>
   <trkpt lat="39.7179910" lon="-105.8716250">
    <ele>3272.8</ele>
    <time>2026-09-05T12:04:39Z</time>
    
   </trkpt>
   <trkpt lat="39.7180000" lon="-105.8716430">
    <ele>3273.2</ele>
    <time>2026-09-05T12:04:41Z</time>
    
   </trkpt>
   <trkpt lat="39.7180400" lon="-105.8716890">
    <ele>3274.2</ele>
    <time>2026-09-05T12:04:45Z</time>
    
   </trkpt>
   <trkpt lat="39.7180490" lon="-105.8717130">
    <ele>3274.6</ele>
    <time>2026-09-05T12:04:47Z</time>
    
   </trkpt>
   <trkpt lat="39.7180650" lon="-105.8717550">
    <ele>3274.8</ele>
    <time>2026-09-05T12:04:51Z</time>
    
   </trkpt>
   <trkpt lat="39.7180710" lon="-105.8717810">
    <ele>3275.0</ele>
    <time>2026-09-05T12:04:53Z</time>
    
   </trkpt>
   <trkpt lat="39.7180750" lon="-105.8717880">
    <ele>3275.4</ele>
    <time>2026-09-05T12:04:54Z</time>
    
   </trkpt>
   <trkpt lat="39.7180830" lon="-105.8718050">
    <ele>3276.2</ele>
    <time>2026-09-05T12:04:56Z</time>
    
   </trkpt>
   <trkpt lat="39.7180910" lon="-105.8718160">
    <ele>3276.6</ele>
    <time>2026-09-05T12:04:57Z</time>
    
   </trkpt>
   <trkpt lat="39.7181220" lon="-105.8718550">
    <ele>3277.4</ele>
    <time>2026-09-05T12:05:01Z</time>
    
   </trkpt>
   <trkpt lat="39.7181330" lon="-105.8718780">
    <ele>3277.6</ele>
    <time>2026-09-05T12:05:03Z</time>
    
   </trkpt>
   <trkpt lat="39.7181650" lon="-105.8719220">
    <ele>3278.0</ele>
    <time>2026-09-05T12:05:07Z</time>
    
   </trkpt>
   <trkpt lat="39.7181950" lon="-105.8719510">
    <ele>3278.8</ele>
    <time>2026-09-05T12:05:10Z</time>
    
   </trkpt>
   <trkpt lat="39.7182550" lon="-105.8720570">
    <ele>3279.4</ele>
    <time>2026-09-05T12:05:18Z</time>
    
   </trkpt>
   <trkpt lat="39.7182750" lon="-105.8720830">
    <ele>3279.8</ele>
    <time>2026-09-05T12:05:21Z</time>
    
   </trkpt>
   <trkpt lat="39.7182790" lon="-105.8721070">
    <ele>3280.0</ele>
    <time>2026-09-05T12:05:23Z</time>
    
   </trkpt>
   <trkpt lat="39.7182860" lon="-105.8721400">
    <ele>3279.8</ele>
    <time>2026-09-05T12:05:25Z</time>
    
   </trkpt>
   <trkpt lat="39.7182940" lon="-105.8721570">
    <ele>3279.8</ele>
    <time>2026-09-05T12:05:27Z</time>
    
   </trkpt>
   <trkpt lat="39.7183030" lon="-105.8722150">
    <ele>3280.4</ele>
    <time>2026-09-05T12:05:31Z</time>
    
   </trkpt>
   <trkpt lat="39.7183020" lon="-105.8722480">
    <ele>3280.6</ele>
    <time>2026-09-05T12:05:33Z</time>
    
   </trkpt>
   <trkpt lat="39.7182920" lon="-105.8723010">
    <ele>3281.0</ele>
    <time>2026-09-05T12:05:35Z</time>
    
   </trkpt>
   <trkpt lat="39.7182990" lon="-105.8723610">
    <ele>3281.4</ele>
    <time>2026-09-05T12:05:38Z</time>
    
   </trkpt>
   <trkpt lat="39.7183260" lon="-105.8724100">
    <ele>3281.4</ele>
    <time>2026-09-05T12:05:41Z</time>
    
   </trkpt>
   <trkpt lat="39.7183490" lon="-105.8724560">
    <ele>3281.4</ele>
    <time>2026-09-05T12:05:44Z</time>
    
   </trkpt>
   <trkpt lat="39.7183740" lon="-105.8724930">
    <ele>3281.2</ele>
    <time>2026-09-05T12:05:46Z</time>
    
   </trkpt>
   <trkpt lat="39.7183850" lon="-105.8725060">
    <ele>3281.2</ele>
    <time>2026-09-05T12:05:47Z</time>
    
   </trkpt>
   <trkpt lat="39.7184460" lon="-105.8726120">
    <ele>3282.0</ele>
    <time>2026-09-05T12:05:55Z</time>
    
   </trkpt>
   <trkpt lat="39.7184990" lon="-105.8726730">
    <ele>3283.0</ele>
    <time>2026-09-05T12:06:02Z</time>
    
   </trkpt>
   <trkpt lat="39.7185010" lon="-105.8726940">
    <ele>3283.2</ele>
    <time>2026-09-05T12:06:04Z</time>
    
   </trkpt>
   <trkpt lat="39.7185110" lon="-105.8727380">
    <ele>3283.4</ele>
    <time>2026-09-05T12:06:09Z</time>
    
   </trkpt>
   <trkpt lat="39.7185130" lon="-105.8727540">
    <ele>3283.6</ele>
    <time>2026-09-05T12:06:11Z</time>
    
   </trkpt>
   <trkpt lat="39.7185150" lon="-105.8727600">
    <ele>3283.8</ele>
    <time>2026-09-05T12:06:12Z</time>
    
   </trkpt>
   <trkpt lat="39.7185360" lon="-105.8727940">
    <ele>3284.2</ele>
    <time>2026-09-05T12:06:15Z</time>
    
   </trkpt>
   <trkpt lat="39.7185420" lon="-105.8728020">
    <ele>3284.4</ele>
    <time>2026-09-05T12:06:16Z</time>
    
   </trkpt>
   <trkpt lat="39.7185580" lon="-105.8728260">
    <ele>3284.6</ele>
    <time>2026-09-05T12:06:19Z</time>
    
   </trkpt>
   <trkpt lat="39.7185690" lon="-105.8728500">
    <ele>3284.6</ele>
    <time>2026-09-05T12:06:26Z</time>
    
   </trkpt>
   <trkpt lat="39.7185700" lon="-105.8728530">
    <ele>3284.8</ele>
    <time>2026-09-05T12:06:27Z</time>
    
   </trkpt>
   <trkpt lat="39.7185830" lon="-105.8728630">
    <ele>3284.6</ele>
    <time>2026-09-05T12:06:29Z</time>
    
   </trkpt>
   <trkpt lat="39.7185940" lon="-105.8728780">
    <ele>3284.6</ele>
    <time>2026-09-05T12:06:32Z</time>
    
   </trkpt>
   <trkpt lat="39.7186020" lon="-105.8729230">
    <ele>3284.8</ele>
    <time>2026-09-05T12:06:36Z</time>
    
   </trkpt>
   <trkpt lat="39.7186050" lon="-105.8729470">
    <ele>3284.8</ele>
    <time>2026-09-05T12:06:38Z</time>
    
   </trkpt>
   <trkpt lat="39.7186030" lon="-105.8729570">
    <ele>3284.8</ele>
    <time>2026-09-05T12:06:39Z</time>
    
   </trkpt>
   <trkpt lat="39.7186040" lon="-105.8729640">
    <ele>3284.8</ele>
    <time>2026-09-05T12:06:40Z</time>
    
   </trkpt>
   <trkpt lat="39.7186120" lon="-105.8729870">
    <ele>3284.8</ele>
    <time>2026-09-05T12:06:42Z</time>
    
   </trkpt>
   <trkpt lat="39.7186210" lon="-105.8730060">
    <ele>3284.6</ele>
    <time>2026-09-05T12:06:44Z</time>
    
   </trkpt>
   <trkpt lat="39.7186230" lon="-105.8730200">
    <ele>3284.6</ele>
    <time>2026-09-05T12:06:45Z</time>
    
   </trkpt>
   <trkpt lat="39.7186400" lon="-105.8730670">
    <ele>3284.8</ele>
    <time>2026-09-05T12:06:49Z</time>
    
   </trkpt>
   <trkpt lat="39.7186430" lon="-105.8731240">
    <ele>3285.0</ele>
    <time>2026-09-05T12:06:52Z</time>
    
   </trkpt>
   <trkpt lat="39.7186730" lon="-105.8732120">
    <ele>3284.8</ele>
    <time>2026-09-05T12:06:58Z</time>
    
   </trkpt>
   <trkpt lat="39.7186980" lon="-105.8732620">
    <ele>3284.8</ele>
    <time>2026-09-05T12:07:02Z</time>
    
   </trkpt>
   <trkpt lat="39.7187160" lon="-105.8733110">
    <ele>3285.0</ele>
    <time>2026-09-05T12:07:07Z</time>
    
   </trkpt>
   <trkpt lat="39.7187330" lon="-105.8733270">
    <ele>3285.0</ele>
    <time>2026-09-05T12:07:10Z</time>
    
   </trkpt>
   <trkpt lat="39.7187410" lon="-105.8733400">
    <ele>3285.0</ele>
    <time>2026-09-05T12:07:12Z</time>
    
   </trkpt>
   <trkpt lat="39.7187440" lon="-105.8733450">
    <ele>3285.0</ele>
    <time>2026-09-05T12:07:13Z</time>
    
   </trkpt>
   <trkpt lat="39.7187460" lon="-105.8733550">
    <ele>3285.2</ele>
    <time>2026-09-05T12:07:14Z</time>
    
   </trkpt>
   <trkpt lat="39.7187490" lon="-105.8733590">
    <ele>3285.4</ele>
    <time>2026-09-05T12:07:15Z</time>
    
   </trkpt>
   <trkpt lat="39.7187530" lon="-105.8733650">
    <ele>3285.6</ele>
    <time>2026-09-05T12:07:16Z</time>
    
   </trkpt>
   <trkpt lat="39.7187740" lon="-105.8733800">
    <ele>3285.4</ele>
    <time>2026-09-05T12:07:25Z</time>
    
   </trkpt>
   <trkpt lat="39.7187990" lon="-105.8734120">
    <ele>3285.8</ele>
    <time>2026-09-05T12:07:37Z</time>
    
   </trkpt>
   <trkpt lat="39.7187830" lon="-105.8734360">
    <ele>3285.4</ele>
    <time>2026-09-05T12:07:48Z</time>
    
   </trkpt>
   <trkpt lat="39.7187740" lon="-105.8734370">
    <ele>3285.2</ele>
    <time>2026-09-05T12:07:51Z</time>
    
   </trkpt>
   <trkpt lat="39.7187720" lon="-105.8734360">
    <ele>3285.2</ele>
    <time>2026-09-05T12:07:52Z</time>
    
   </trkpt>
   <trkpt lat="39.7187620" lon="-105.8734120">
    <ele>3284.6</ele>
    <time>2026-09-05T12:08:07Z</time>
    
   </trkpt>
   <trkpt lat="39.7187580" lon="-105.8734120">
    <ele>3285.8</ele>
    <time>2026-09-05T12:08:21Z</time>
    
   </trkpt>
   <trkpt lat="39.7187640" lon="-105.8734170">
    <ele>3284.8</ele>
    <time>2026-09-05T12:08:29Z</time>
    
   </trkpt>
   <trkpt lat="39.7187660" lon="-105.8734230">
    <ele>3284.8</ele>
    <time>2026-09-05T12:08:36Z</time>
    
   </trkpt>
   <trkpt lat="39.7187600" lon="-105.8734110">
    <ele>3286.0</ele>
    <time>2026-09-05T12:08:49Z</time>
    
   </trkpt>
   <trkpt lat="39.7187360" lon="-105.8734300">
    <ele>3284.6</ele>
    <time>2026-09-05T12:09:02Z</time>
    
   </trkpt>
   <trkpt lat="39.7187350" lon="-105.8734270">
    <ele>3284.4</ele>
    <time>2026-09-05T12:09:04Z</time>
    
   </trkpt>
   <trkpt lat="39.7187310" lon="-105.8734230">
    <ele>3284.6</ele>
    <time>2026-09-05T12:09:06Z</time>
    
   </trkpt>
   <trkpt lat="39.7187270" lon="-105.8734240">
    <ele>3284.6</ele>
    <time>2026-09-05T12:09:12Z</time>
    
   </trkpt>
   <trkpt lat="39.7187320" lon="-105.8734200">
    <ele>3284.4</ele>
    <time>2026-09-05T12:09:18Z</time>
    
   </trkpt>
   <trkpt lat="39.7187350" lon="-105.8734170">
    <ele>3284.2</ele>
    <time>2026-09-05T12:09:20Z</time>
    
   </trkpt>
   <trkpt lat="39.7187360" lon="-105.8734110">
    <ele>3284.4</ele>
    <time>2026-09-05T12:09:24Z</time>
    
   </trkpt>
   <trkpt lat="39.7187320" lon="-105.8734170">
    <ele>3284.4</ele>
    <time>2026-09-05T12:09:27Z</time>
    
   </trkpt>
   <trkpt lat="39.7187310" lon="-105.8734160">
    <ele>3284.4</ele>
    <time>2026-09-05T12:09:34Z</time>
    
   </trkpt>
   <trkpt lat="39.7187390" lon="-105.8734250">
    <ele>3284.6</ele>
    <time>2026-09-05T12:09:39Z</time>
    
   </trkpt>
   <trkpt lat="39.7187400" lon="-105.8734250">
    <ele>3284.6</ele>
    <time>2026-09-05T12:09:42Z</time>
    
   </trkpt>
   <trkpt lat="39.7187420" lon="-105.8734130">
    <ele>3284.6</ele>
    <time>2026-09-05T12:09:47Z</time>
    
   </trkpt>
   <trkpt lat="39.7187480" lon="-105.8734140">
    <ele>3284.4</ele>
    <time>2026-09-05T12:09:54Z</time>
    
   </trkpt>
   <trkpt lat="39.7187760" lon="-105.8734170">
    <ele>3284.4</ele>
    <time>2026-09-05T12:10:05Z</time>
    
   </trkpt>
   <trkpt lat="39.7187760" lon="-105.8734170">
    <ele>3284.2</ele>
    <time>2026-09-05T12:10:06Z</time>
    
   </trkpt>
   <trkpt lat="39.7187760" lon="-105.8734250">
    <ele>3284.2</ele>
    <time>2026-09-05T12:10:13Z</time>
    
   </trkpt>
   <trkpt lat="39.7187870" lon="-105.8734420">
    <ele>3284.8</ele>
    <time>2026-09-05T12:10:20Z</time>
    
   </trkpt>
   <trkpt lat="39.7187850" lon="-105.8734490">
    <ele>3284.4</ele>
    <time>2026-09-05T12:10:28Z</time>
    
   </trkpt>
   <trkpt lat="39.7187600" lon="-105.8734570">
    <ele>3284.2</ele>
    <time>2026-09-05T12:10:37Z</time>
    
   </trkpt>
   <trkpt lat="39.7187540" lon="-105.8734570">
    <ele>3284.2</ele>
    <time>2026-09-05T12:10:39Z</time>
    
   </trkpt>
   <trkpt lat="39.7187310" lon="-105.8734420">
    <ele>3284.4</ele>
    <time>2026-09-05T12:10:48Z</time>
    
   </trkpt>
   <trkpt lat="39.7187310" lon="-105.8734360">
    <ele>3284.2</ele>
    <time>2026-09-05T12:10:51Z</time>
    
   </trkpt>
   <trkpt lat="39.7187510" lon="-105.8734530">
    <ele>3284.8</ele>
    <time>2026-09-05T12:10:55Z</time>
    
   </trkpt>
   <trkpt lat="39.7187510" lon="-105.8734250">
    <ele>3284.4</ele>
    <time>2026-09-05T12:11:02Z</time>
    
   </trkpt>
   <trkpt lat="39.7187540" lon="-105.8734230">
    <ele>3284.6</ele>
    <time>2026-09-05T12:11:11Z</time>
    
   </trkpt>
   <trkpt lat="39.7187620" lon="-105.8734280">
    <ele>3284.8</ele>
    <time>2026-09-05T12:11:20Z</time>
    
   </trkpt>
   <trkpt lat="39.7187640" lon="-105.8734350">
    <ele>3285.0</ele>
    <time>2026-09-05T12:11:32Z</time>
    
   </trkpt>
   <trkpt lat="39.7187500" lon="-105.8734300">
    <ele>3285.0</ele>
    <time>2026-09-05T12:11:42Z</time>
    
   </trkpt>
   <trkpt lat="39.7187450" lon="-105.8734330">
    <ele>3285.0</ele>
    <time>2026-09-05T12:11:47Z</time>
    
   </trkpt>
   <trkpt lat="39.7187440" lon="-105.8734340">
    <ele>3285.0</ele>
    <time>2026-09-05T12:11:48Z</time>
    
   </trkpt>
   <trkpt lat="39.7187360" lon="-105.8734330">
    <ele>3285.0</ele>
    <time>2026-09-05T12:11:57Z</time>
    
   </trkpt>
   <trkpt lat="39.7187350" lon="-105.8734340">
    <ele>3285.0</ele>
    <time>2026-09-05T12:11:58Z</time>
    
   </trkpt>
   <trkpt lat="39.7187330" lon="-105.8734290">
    <ele>3285.0</ele>
    <time>2026-09-05T12:12:01Z</time>
    
   </trkpt>
   <trkpt lat="39.7187320" lon="-105.8734280">
    <ele>3285.0</ele>
    <time>2026-09-05T12:12:02Z</time>
    
   </trkpt>
   <trkpt lat="39.7187330" lon="-105.8734250">
    <ele>3285.0</ele>
    <time>2026-09-05T12:12:03Z</time>
    
   </trkpt>
   <trkpt lat="39.7187370" lon="-105.8734150">
    <ele>3285.0</ele>
    <time>2026-09-05T12:12:15Z</time>
    
   </trkpt>
   <trkpt lat="39.7187370" lon="-105.8734150">
    <ele>3285.0</ele>
    <time>2026-09-05T12:12:17Z</time>
    
   </trkpt>
   <trkpt lat="39.7187400" lon="-105.8734230">
    <ele>3285.0</ele>
    <time>2026-09-05T12:12:28Z</time>
    
   </trkpt>
   <trkpt lat="39.7187390" lon="-105.8734240">
    <ele>3285.0</ele>
    <time>2026-09-05T12:12:31Z</time>
    
   </trkpt>
   <trkpt lat="39.7187360" lon="-105.8734240">
    <ele>3285.0</ele>
    <time>2026-09-05T12:12:33Z</time>
    
   </trkpt>
   <trkpt lat="39.7187330" lon="-105.8734270">
    <ele>3285.0</ele>
    <time>2026-09-05T12:12:35Z</time>
    
   </trkpt>
   <trkpt lat="39.7187320" lon="-105.8734290">
    <ele>3285.0</ele>
    <time>2026-09-05T12:12:37Z</time>
    
   </trkpt>
   <trkpt lat="39.7187310" lon="-105.8734280">
    <ele>3285.0</ele>
    <time>2026-09-05T12:12:40Z</time>
    
   </trkpt>
   <trkpt lat="39.7187470" lon="-105.8734210">
    <ele>3285.0</ele>
    <time>2026-09-05T12:12:46Z</time>
    
   </trkpt>
   <trkpt lat="39.7187520" lon="-105.8734210">
    <ele>3285.0</ele>
    <time>2026-09-05T12:12:49Z</time>
    
   </trkpt>
   <trkpt lat="39.7187630" lon="-105.8734110">
    <ele>3285.0</ele>
    <time>2026-09-05T12:12:58Z</time>
    
   </trkpt>
   <trkpt lat="39.7187700" lon="-105.8734150">
    <ele>3285.0</ele>
    <time>2026-09-05T12:13:00Z</time>
    
   </trkpt>
   <trkpt lat="39.7187770" lon="-105.8734200">
    <ele>3285.0</ele>
    <time>2026-09-05T12:13:05Z</time>
    
   </trkpt>
   <trkpt lat="39.7187740" lon="-105.8734220">
    <ele>3285.0</ele>
    <time>2026-09-05T12:13:06Z</time>
    
   </trkpt>
   <trkpt lat="39.7187660" lon="-105.8734250">
    <ele>3285.0</ele>
    <time>2026-09-05T12:13:08Z</time>
    
   </trkpt>
   <trkpt lat="39.7187550" lon="-105.8734120">
    <ele>3285.0</ele>
    <time>2026-09-05T12:13:14Z</time>
    
   </trkpt>
   <trkpt lat="39.7187550" lon="-105.8734080">
    <ele>3285.0</ele>
    <time>2026-09-05T12:13:16Z</time>
    
   </trkpt>
   <trkpt lat="39.7187560" lon="-105.8734010">
    <ele>3285.0</ele>
    <time>2026-09-05T12:13:23Z</time>
    
   </trkpt>
   <trkpt lat="39.7187590" lon="-105.8733900">
    <ele>3285.0</ele>
    <time>2026-09-05T12:13:26Z</time>
    
   </trkpt>
   <trkpt lat="39.7187620" lon="-105.8733890">
    <ele>3285.0</ele>
    <time>2026-09-05T12:13:29Z</time>
    
   </trkpt>
   <trkpt lat="39.7187610" lon="-105.8733900">
    <ele>3285.0</ele>
    <time>2026-09-05T12:13:30Z</time>
    
   </trkpt>
   <trkpt lat="39.7187640" lon="-105.8733900">
    <ele>3285.0</ele>
    <time>2026-09-05T12:13:31Z</time>
    
   </trkpt>
   <trkpt lat="39.7187630" lon="-105.8733890">
    <ele>3285.0</ele>
    <time>2026-09-05T12:13:38Z</time>
    
   </trkpt>
   <trkpt lat="39.7187650" lon="-105.8733840">
    <ele>3285.0</ele>
    <time>2026-09-05T12:13:46Z</time>
    
   </trkpt>
   <trkpt lat="39.7187670" lon="-105.8733800">
    <ele>3285.0</ele>
    <time>2026-09-05T12:13:52Z</time>
    
   </trkpt>
   <trkpt lat="39.7187750" lon="-105.8733890">
    <ele>3285.0</ele>
    <time>2026-09-05T12:13:55Z</time>
    
   </trkpt>
   <trkpt lat="39.7188160" lon="-105.8734120">
    <ele>3285.0</ele>
    <time>2026-09-05T12:14:00Z</time>
    
   </trkpt>
   <trkpt lat="39.7188310" lon="-105.8734160">
    <ele>3285.0</ele>
    <time>2026-09-05T12:14:01Z</time>
    
   </trkpt>
   <trkpt lat="39.7188620" lon="-105.8734430">
    <ele>3285.0</ele>
    <time>2026-09-05T12:14:04Z</time>
    
   </trkpt>
   <trkpt lat="39.7188850" lon="-105.8734710">
    <ele>3285.8</ele>
    <time>2026-09-05T12:14:07Z</time>
    
   </trkpt>
   <trkpt lat="39.7188930" lon="-105.8734780">
    <ele>3286.6</ele>
    <time>2026-09-05T12:14:08Z</time>
    
   </trkpt>
   <trkpt lat="39.7189000" lon="-105.8734860">
    <ele>3287.4</ele>
    <time>2026-09-05T12:14:09Z</time>
    
   </trkpt>
   <trkpt lat="39.7189050" lon="-105.8734970">
    <ele>3287.8</ele>
    <time>2026-09-05T12:14:10Z</time>
    
   </trkpt>
   <trkpt lat="39.7189100" lon="-105.8735110">
    <ele>3288.0</ele>
    <time>2026-09-05T12:14:11Z</time>
    
   </trkpt>
   <trkpt lat="39.7189250" lon="-105.8735370">
    <ele>3288.6</ele>
    <time>2026-09-05T12:14:13Z</time>
    
   </trkpt>
   <trkpt lat="39.7189350" lon="-105.8735490">
    <ele>3288.8</ele>
    <time>2026-09-05T12:14:14Z</time>
    
   </trkpt>
   <trkpt lat="39.7189460" lon="-105.8735600">
    <ele>3289.0</ele>
    <time>2026-09-05T12:14:15Z</time>
    
   </trkpt>
   <trkpt lat="39.7189560" lon="-105.8735710">
    <ele>3289.2</ele>
    <time>2026-09-05T12:14:16Z</time>
    
   </trkpt>
   <trkpt lat="39.7189670" lon="-105.8735790">
    <ele>3289.4</ele>
    <time>2026-09-05T12:14:17Z</time>
    
   </trkpt>
   <trkpt lat="39.7189940" lon="-105.8735930">
    <ele>3289.6</ele>
    <time>2026-09-05T12:14:19Z</time>
    
   </trkpt>
   <trkpt lat="39.7190170" lon="-105.8736100">
    <ele>3290.0</ele>
    <time>2026-09-05T12:14:21Z</time>
    
   </trkpt>
   <trkpt lat="39.7190580" lon="-105.8736740">
    <ele>3290.0</ele>
    <time>2026-09-05T12:14:27Z</time>
    
   </trkpt>
   <trkpt lat="39.7190640" lon="-105.8736830">
    <ele>3290.0</ele>
    <time>2026-09-05T12:14:28Z</time>
    
   </trkpt>
   <trkpt lat="39.7190880" lon="-105.8737130">
    <ele>3290.2</ele>
    <time>2026-09-05T12:14:31Z</time>
    
   </trkpt>
   <trkpt lat="39.7191320" lon="-105.8737890">
    <ele>3289.2</ele>
    <time>2026-09-05T12:14:40Z</time>
    
   </trkpt>
   <trkpt lat="39.7191380" lon="-105.8738000">
    <ele>3289.2</ele>
    <time>2026-09-05T12:14:41Z</time>
    
   </trkpt>
   <trkpt lat="39.7191450" lon="-105.8738270">
    <ele>3289.2</ele>
    <time>2026-09-05T12:14:44Z</time>
    
   </trkpt>
   <trkpt lat="39.7191660" lon="-105.8739030">
    <ele>3289.2</ele>
    <time>2026-09-05T12:14:49Z</time>
    
   </trkpt>
   <trkpt lat="39.7191740" lon="-105.8739530">
    <ele>3289.0</ele>
    <time>2026-09-05T12:14:52Z</time>
    
   </trkpt>
   <trkpt lat="39.7191850" lon="-105.8740000">
    <ele>3289.2</ele>
    <time>2026-09-05T12:14:56Z</time>
    
   </trkpt>
   <trkpt lat="39.7192150" lon="-105.8741040">
    <ele>3289.2</ele>
    <time>2026-09-05T12:15:03Z</time>
    
   </trkpt>
   <trkpt lat="39.7192210" lon="-105.8741540">
    <ele>3289.0</ele>
    <time>2026-09-05T12:15:06Z</time>
    
   </trkpt>
   <trkpt lat="39.7192230" lon="-105.8741680">
    <ele>3289.0</ele>
    <time>2026-09-05T12:15:07Z</time>
    
   </trkpt>
   <trkpt lat="39.7192260" lon="-105.8742330">
    <ele>3288.8</ele>
    <time>2026-09-05T12:15:11Z</time>
    
   </trkpt>
   <trkpt lat="39.7192270" lon="-105.8742490">
    <ele>3288.6</ele>
    <time>2026-09-05T12:15:12Z</time>
    
   </trkpt>
   <trkpt lat="39.7192320" lon="-105.8743050">
    <ele>3288.2</ele>
    <time>2026-09-05T12:15:16Z</time>
    
   </trkpt>
   <trkpt lat="39.7192570" lon="-105.8743500">
    <ele>3288.6</ele>
    <time>2026-09-05T12:15:20Z</time>
    
   </trkpt>
   <trkpt lat="39.7193260" lon="-105.8744260">
    <ele>3289.8</ele>
    <time>2026-09-05T12:15:29Z</time>
    
   </trkpt>
   <trkpt lat="39.7193530" lon="-105.8744370">
    <ele>3290.0</ele>
    <time>2026-09-05T12:15:32Z</time>
    
   </trkpt>
   <trkpt lat="39.7193830" lon="-105.8744600">
    <ele>3290.6</ele>
    <time>2026-09-05T12:15:35Z</time>
    
   </trkpt>
   <trkpt lat="39.7193910" lon="-105.8744690">
    <ele>3291.0</ele>
    <time>2026-09-05T12:15:36Z</time>
    
   </trkpt>
   <trkpt lat="39.7194320" lon="-105.8745200">
    <ele>3292.0</ele>
    <time>2026-09-05T12:15:42Z</time>
    
   </trkpt>
   <trkpt lat="39.7194680" lon="-105.8745620">
    <ele>3292.4</ele>
    <time>2026-09-05T12:15:48Z</time>
    
   </trkpt>
   <trkpt lat="39.7194930" lon="-105.8746210">
    <ele>3293.0</ele>
    <time>2026-09-05T12:15:53Z</time>
    
   </trkpt>
   <trkpt lat="39.7194780" lon="-105.8746980">
    <ele>3293.2</ele>
    <time>2026-09-05T12:15:56Z</time>
    
   </trkpt>
   <trkpt lat="39.7194710" lon="-105.8747460">
    <ele>3293.4</ele>
    <time>2026-09-05T12:15:58Z</time>
    
   </trkpt>
   <trkpt lat="39.7194650" lon="-105.8747910">
    <ele>3293.4</ele>
    <time>2026-09-05T12:16:01Z</time>
    
   </trkpt>
   <trkpt lat="39.7195020" lon="-105.8749050">
    <ele>3294.2</ele>
    <time>2026-09-05T12:16:10Z</time>
    
   </trkpt>
   <trkpt lat="39.7195080" lon="-105.8749170">
    <ele>3294.2</ele>
    <time>2026-09-05T12:16:12Z</time>
    
   </trkpt>
   <trkpt lat="39.7195230" lon="-105.8749940">
    <ele>3294.4</ele>
    <time>2026-09-05T12:16:17Z</time>
    
   </trkpt>
   <trkpt lat="39.7195350" lon="-105.8750680">
    <ele>3294.2</ele>
    <time>2026-09-05T12:16:22Z</time>
    
   </trkpt>
   <trkpt lat="39.7195590" lon="-105.8751020">
    <ele>3294.2</ele>
    <time>2026-09-05T12:16:25Z</time>
    
   </trkpt>
   <trkpt lat="39.7195670" lon="-105.8751140">
    <ele>3294.4</ele>
    <time>2026-09-05T12:16:26Z</time>
    
   </trkpt>
   <trkpt lat="39.7196190" lon="-105.8752000">
    <ele>3295.2</ele>
    <time>2026-09-05T12:16:33Z</time>
    
   </trkpt>
   <trkpt lat="39.7196370" lon="-105.8752540">
    <ele>3295.0</ele>
    <time>2026-09-05T12:16:37Z</time>
    
   </trkpt>
   <trkpt lat="39.7197050" lon="-105.8753350">
    <ele>3296.2</ele>
    <time>2026-09-05T12:16:46Z</time>
    
   </trkpt>
   <trkpt lat="39.7197540" lon="-105.8753860">
    <ele>3296.4</ele>
    <time>2026-09-05T12:16:52Z</time>
    
   </trkpt>
   <trkpt lat="39.7198280" lon="-105.8755580">
    <ele>3296.8</ele>
    <time>2026-09-05T12:17:04Z</time>
    
   </trkpt>
   <trkpt lat="39.7198330" lon="-105.8755730">
    <ele>3296.6</ele>
    <time>2026-09-05T12:17:05Z</time>
    
   </trkpt>
   <trkpt lat="39.7198630" lon="-105.8757040">
    <ele>3297.6</ele>
    <time>2026-09-05T12:17:15Z</time>
    
   </trkpt>
   <trkpt lat="39.7198830" lon="-105.8757510">
    <ele>3298.0</ele>
    <time>2026-09-05T12:17:19Z</time>
    
   </trkpt>
   <trkpt lat="39.7199130" lon="-105.8758100">
    <ele>3298.0</ele>
    <time>2026-09-05T12:17:26Z</time>
    
   </trkpt>
   <trkpt lat="39.7199370" lon="-105.8758380">
    <ele>3298.6</ele>
    <time>2026-09-05T12:17:30Z</time>
    
   </trkpt>
   <trkpt lat="39.7199430" lon="-105.8758550">
    <ele>3298.8</ele>
    <time>2026-09-05T12:17:32Z</time>
    
   </trkpt>
   <trkpt lat="39.7199610" lon="-105.8758990">
    <ele>3299.6</ele>
    <time>2026-09-05T12:17:36Z</time>
    
   </trkpt>
   <trkpt lat="39.7199610" lon="-105.8759230">
    <ele>3299.8</ele>
    <time>2026-09-05T12:17:38Z</time>
    
   </trkpt>
   <trkpt lat="39.7199650" lon="-105.8759510">
    <ele>3300.0</ele>
    <time>2026-09-05T12:17:40Z</time>
    
   </trkpt>
   <trkpt lat="39.7199900" lon="-105.8760100">
    <ele>3300.4</ele>
    <time>2026-09-05T12:17:43Z</time>
    
   </trkpt>
   <trkpt lat="39.7199970" lon="-105.8760470">
    <ele>3300.6</ele>
    <time>2026-09-05T12:17:45Z</time>
    
   </trkpt>
   <trkpt lat="39.7199970" lon="-105.8760660">
    <ele>3300.8</ele>
    <time>2026-09-05T12:17:46Z</time>
    
   </trkpt>
   <trkpt lat="39.7200520" lon="-105.8761690">
    <ele>3301.4</ele>
    <time>2026-09-05T12:17:52Z</time>
    
   </trkpt>
   <trkpt lat="39.7200590" lon="-105.8762060">
    <ele>3301.8</ele>
    <time>2026-09-05T12:17:55Z</time>
    
   </trkpt>
   <trkpt lat="39.7200650" lon="-105.8762220">
    <ele>3302.0</ele>
    <time>2026-09-05T12:17:56Z</time>
    
   </trkpt>
   <trkpt lat="39.7200700" lon="-105.8762540">
    <ele>3302.0</ele>
    <time>2026-09-05T12:17:58Z</time>
    
   </trkpt>
   <trkpt lat="39.7200760" lon="-105.8762700">
    <ele>3302.0</ele>
    <time>2026-09-05T12:17:59Z</time>
    
   </trkpt>
   <trkpt lat="39.7200840" lon="-105.8764330">
    <ele>3302.0</ele>
    <time>2026-09-05T12:18:10Z</time>
    
   </trkpt>
   <trkpt lat="39.7201100" lon="-105.8765930">
    <ele>3301.6</ele>
    <time>2026-09-05T12:18:22Z</time>
    
   </trkpt>
   <trkpt lat="39.7201080" lon="-105.8766200">
    <ele>3301.2</ele>
    <time>2026-09-05T12:18:24Z</time>
    
   </trkpt>
   <trkpt lat="39.7200810" lon="-105.8766840">
    <ele>3300.6</ele>
    <time>2026-09-05T12:18:29Z</time>
    
   </trkpt>
   <trkpt lat="39.7200810" lon="-105.8767270">
    <ele>3300.4</ele>
    <time>2026-09-05T12:18:31Z</time>
    
   </trkpt>
   <trkpt lat="39.7200810" lon="-105.8767400">
    <ele>3300.2</ele>
    <time>2026-09-05T12:18:32Z</time>
    
   </trkpt>
   <trkpt lat="39.7200860" lon="-105.8768100">
    <ele>3299.6</ele>
    <time>2026-09-05T12:18:35Z</time>
    
   </trkpt>
   <trkpt lat="39.7201570" lon="-105.8769820">
    <ele>3300.0</ele>
    <time>2026-09-05T12:18:47Z</time>
    
   </trkpt>
   <trkpt lat="39.7201790" lon="-105.8770550">
    <ele>3300.6</ele>
    <time>2026-09-05T12:18:52Z</time>
    
   </trkpt>
   <trkpt lat="39.7202180" lon="-105.8770890">
    <ele>3301.0</ele>
    <time>2026-09-05T12:18:57Z</time>
    
   </trkpt>
   <trkpt lat="39.7202260" lon="-105.8771120">
    <ele>3301.2</ele>
    <time>2026-09-05T12:18:59Z</time>
    
   </trkpt>
   <trkpt lat="39.7202320" lon="-105.8771280">
    <ele>3301.6</ele>
    <time>2026-09-05T12:19:01Z</time>
    
   </trkpt>
   <trkpt lat="39.7202320" lon="-105.8771480">
    <ele>3302.2</ele>
    <time>2026-09-05T12:19:03Z</time>
    
   </trkpt>
   <trkpt lat="39.7202420" lon="-105.8772120">
    <ele>3302.4</ele>
    <time>2026-09-05T12:19:09Z</time>
    
   </trkpt>
   <trkpt lat="39.7202470" lon="-105.8772510">
    <ele>3302.6</ele>
    <time>2026-09-05T12:19:11Z</time>
    
   </trkpt>
   <trkpt lat="39.7202510" lon="-105.8772630">
    <ele>3302.6</ele>
    <time>2026-09-05T12:19:12Z</time>
    
   </trkpt>
   <trkpt lat="39.7202590" lon="-105.8772790">
    <ele>3302.6</ele>
    <time>2026-09-05T12:19:13Z</time>
    
   </trkpt>
   <trkpt lat="39.7202710" lon="-105.8773160">
    <ele>3302.6</ele>
    <time>2026-09-05T12:19:16Z</time>
    
   </trkpt>
   <trkpt lat="39.7202500" lon="-105.8773070">
    <ele>3303.0</ele>
    <time>2026-09-05T12:19:19Z</time>
    
   </trkpt>
   <trkpt lat="39.7202490" lon="-105.8773070">
    <ele>3303.0</ele>
    <time>2026-09-05T12:19:20Z</time>
    
   </trkpt>
   <trkpt lat="39.7202460" lon="-105.8773160">
    <ele>3303.2</ele>
    <time>2026-09-05T12:19:21Z</time>
    
   </trkpt>
   <trkpt lat="39.7202510" lon="-105.8773280">
    <ele>3303.4</ele>
    <time>2026-09-05T12:19:23Z</time>
    
   </trkpt>
   <trkpt lat="39.7202560" lon="-105.8773360">
    <ele>3303.2</ele>
    <time>2026-09-05T12:19:24Z</time>
    
   </trkpt>
   <trkpt lat="39.7202650" lon="-105.8774120">
    <ele>3302.8</ele>
    <time>2026-09-05T12:19:28Z</time>
    
   </trkpt>
   <trkpt lat="39.7202630" lon="-105.8775770">
    <ele>3301.6</ele>
    <time>2026-09-05T12:19:37Z</time>
    
   </trkpt>
   <trkpt lat="39.7202720" lon="-105.8776160">
    <ele>3301.4</ele>
    <time>2026-09-05T12:19:39Z</time>
    
   </trkpt>
   <trkpt lat="39.7202750" lon="-105.8776340">
    <ele>3301.4</ele>
    <time>2026-09-05T12:19:40Z</time>
    
   </trkpt>
   <trkpt lat="39.7202700" lon="-105.8776710">
    <ele>3301.4</ele>
    <time>2026-09-05T12:19:42Z</time>
    
   </trkpt>
   <trkpt lat="39.7202970" lon="-105.8777500">
    <ele>3302.4</ele>
    <time>2026-09-05T12:19:49Z</time>
    
   </trkpt>
   <trkpt lat="39.7203000" lon="-105.8777510">
    <ele>3302.6</ele>
    <time>2026-09-05T12:19:50Z</time>
    
   </trkpt>
   <trkpt lat="39.7203140" lon="-105.8777660">
    <ele>3303.2</ele>
    <time>2026-09-05T12:19:57Z</time>
    
   </trkpt>
   <trkpt lat="39.7203130" lon="-105.8777770">
    <ele>3303.4</ele>
    <time>2026-09-05T12:20:01Z</time>
    
   </trkpt>
   <trkpt lat="39.7203180" lon="-105.8777890">
    <ele>3303.0</ele>
    <time>2026-09-05T12:20:07Z</time>
    
   </trkpt>
   <trkpt lat="39.7203190" lon="-105.8777880">
    <ele>3303.0</ele>
    <time>2026-09-05T12:20:10Z</time>
    
   </trkpt>
   <trkpt lat="39.7203170" lon="-105.8777850">
    <ele>3303.0</ele>
    <time>2026-09-05T12:20:14Z</time>
    
   </trkpt>
   <trkpt lat="39.7203140" lon="-105.8777840">
    <ele>3303.0</ele>
    <time>2026-09-05T12:20:15Z</time>
    
   </trkpt>
   <trkpt lat="39.7203090" lon="-105.8777850">
    <ele>3303.2</ele>
    <time>2026-09-05T12:20:17Z</time>
    
   </trkpt>
   <trkpt lat="39.7203090" lon="-105.8778230">
    <ele>3303.2</ele>
    <time>2026-09-05T12:20:22Z</time>
    
   </trkpt>
   <trkpt lat="39.7203200" lon="-105.8778520">
    <ele>3303.6</ele>
    <time>2026-09-05T12:20:25Z</time>
    
   </trkpt>
   <trkpt lat="39.7203370" lon="-105.8778770">
    <ele>3304.4</ele>
    <time>2026-09-05T12:20:28Z</time>
    
   </trkpt>
   <trkpt lat="39.7203550" lon="-105.8778960">
    <ele>3304.6</ele>
    <time>2026-09-05T12:20:30Z</time>
    
   </trkpt>
   <trkpt lat="39.7203710" lon="-105.8779190">
    <ele>3304.8</ele>
    <time>2026-09-05T12:20:32Z</time>
    
   </trkpt>
   <trkpt lat="39.7203760" lon="-105.8779300">
    <ele>3304.8</ele>
    <time>2026-09-05T12:20:33Z</time>
    
   </trkpt>
   <trkpt lat="39.7203870" lon="-105.8779870">
    <ele>3305.8</ele>
    <time>2026-09-05T12:20:38Z</time>
    
   </trkpt>
   <trkpt lat="39.7203900" lon="-105.8779990">
    <ele>3305.8</ele>
    <time>2026-09-05T12:20:39Z</time>
    
   </trkpt>
   <trkpt lat="39.7203900" lon="-105.8780250">
    <ele>3305.8</ele>
    <time>2026-09-05T12:20:41Z</time>
    
   </trkpt>
   <trkpt lat="39.7203930" lon="-105.8780410">
    <ele>3305.8</ele>
    <time>2026-09-05T12:20:42Z</time>
    
   </trkpt>
   <trkpt lat="39.7203950" lon="-105.8780550">
    <ele>3305.8</ele>
    <time>2026-09-05T12:20:43Z</time>
    
   </trkpt>
   <trkpt lat="39.7203960" lon="-105.8780700">
    <ele>3305.8</ele>
    <time>2026-09-05T12:20:44Z</time>
    
   </trkpt>
   <trkpt lat="39.7204050" lon="-105.8781080">
    <ele>3305.4</ele>
    <time>2026-09-05T12:20:47Z</time>
    
   </trkpt>
   <trkpt lat="39.7204190" lon="-105.8781770">
    <ele>3305.6</ele>
    <time>2026-09-05T12:20:51Z</time>
    
   </trkpt>
   <trkpt lat="39.7204300" lon="-105.8782120">
    <ele>3305.8</ele>
    <time>2026-09-05T12:20:53Z</time>
    
   </trkpt>
   <trkpt lat="39.7204710" lon="-105.8783880">
    <ele>3306.0</ele>
    <time>2026-09-05T12:21:02Z</time>
    
   </trkpt>
   <trkpt lat="39.7204750" lon="-105.8784420">
    <ele>3306.2</ele>
    <time>2026-09-05T12:21:06Z</time>
    
   </trkpt>
   <trkpt lat="39.7204940" lon="-105.8784790">
    <ele>3306.8</ele>
    <time>2026-09-05T12:21:09Z</time>
    
   </trkpt>
   <trkpt lat="39.7205060" lon="-105.8785190">
    <ele>3307.4</ele>
    <time>2026-09-05T12:21:12Z</time>
    
   </trkpt>
   <trkpt lat="39.7205160" lon="-105.8785530">
    <ele>3308.0</ele>
    <time>2026-09-05T12:21:16Z</time>
    
   </trkpt>
   <trkpt lat="39.7205400" lon="-105.8786470">
    <ele>3308.4</ele>
    <time>2026-09-05T12:21:23Z</time>
    
   </trkpt>
   <trkpt lat="39.7205450" lon="-105.8786950">
    <ele>3308.6</ele>
    <time>2026-09-05T12:21:26Z</time>
    
   </trkpt>
   <trkpt lat="39.7205490" lon="-105.8787100">
    <ele>3308.6</ele>
    <time>2026-09-05T12:21:27Z</time>
    
   </trkpt>
   <trkpt lat="39.7205520" lon="-105.8787290">
    <ele>3308.8</ele>
    <time>2026-09-05T12:21:28Z</time>
    
   </trkpt>
   <trkpt lat="39.7205890" lon="-105.8787640">
    <ele>3309.2</ele>
    <time>2026-09-05T12:21:32Z</time>
    
   </trkpt>
   <trkpt lat="39.7205990" lon="-105.8787690">
    <ele>3309.2</ele>
    <time>2026-09-05T12:21:33Z</time>
    
   </trkpt>
   <trkpt lat="39.7206400" lon="-105.8788080">
    <ele>3310.2</ele>
    <time>2026-09-05T12:21:39Z</time>
    
   </trkpt>
   <trkpt lat="39.7207030" lon="-105.8788890">
    <ele>3311.2</ele>
    <time>2026-09-05T12:21:47Z</time>
    
   </trkpt>
   <trkpt lat="39.7207100" lon="-105.8789010">
    <ele>3311.2</ele>
    <time>2026-09-05T12:21:48Z</time>
    
   </trkpt>
   <trkpt lat="39.7206950" lon="-105.8790210">
    <ele>3312.4</ele>
    <time>2026-09-05T12:21:55Z</time>
    
   </trkpt>
   <trkpt lat="39.7206940" lon="-105.8790390">
    <ele>3312.6</ele>
    <time>2026-09-05T12:21:56Z</time>
    
   </trkpt>
   <trkpt lat="39.7206890" lon="-105.8791190">
    <ele>3313.0</ele>
    <time>2026-09-05T12:22:00Z</time>
    
   </trkpt>
   <trkpt lat="39.7206920" lon="-105.8791380">
    <ele>3313.2</ele>
    <time>2026-09-05T12:22:01Z</time>
    
   </trkpt>
   <trkpt lat="39.7207010" lon="-105.8791870">
    <ele>3313.4</ele>
    <time>2026-09-05T12:22:04Z</time>
    
   </trkpt>
   <trkpt lat="39.7207100" lon="-105.8792290">
    <ele>3314.0</ele>
    <time>2026-09-05T12:22:07Z</time>
    
   </trkpt>
   <trkpt lat="39.7207230" lon="-105.8792770">
    <ele>3314.6</ele>
    <time>2026-09-05T12:22:11Z</time>
    
   </trkpt>
   <trkpt lat="39.7207520" lon="-105.8793390">
    <ele>3315.8</ele>
    <time>2026-09-05T12:22:16Z</time>
    
   </trkpt>
   <trkpt lat="39.7207640" lon="-105.8793680">
    <ele>3316.2</ele>
    <time>2026-09-05T12:22:18Z</time>
    
   </trkpt>
   <trkpt lat="39.7207680" lon="-105.8794320">
    <ele>3316.6</ele>
    <time>2026-09-05T12:22:22Z</time>
    
   </trkpt>
   <trkpt lat="39.7207680" lon="-105.8794520">
    <ele>3317.0</ele>
    <time>2026-09-05T12:22:23Z</time>
    
   </trkpt>
   <trkpt lat="39.7207800" lon="-105.8795490">
    <ele>3317.8</ele>
    <time>2026-09-05T12:22:29Z</time>
    
   </trkpt>
   <trkpt lat="39.7207840" lon="-105.8795970">
    <ele>3318.0</ele>
    <time>2026-09-05T12:22:32Z</time>
    
   </trkpt>
   <trkpt lat="39.7208040" lon="-105.8796860">
    <ele>3318.6</ele>
    <time>2026-09-05T12:22:38Z</time>
    
   </trkpt>
   <trkpt lat="39.7208150" lon="-105.8797130">
    <ele>3318.8</ele>
    <time>2026-09-05T12:22:40Z</time>
    
   </trkpt>
   <trkpt lat="39.7208200" lon="-105.8797400">
    <ele>3319.0</ele>
    <time>2026-09-05T12:22:42Z</time>
    
   </trkpt>
   <trkpt lat="39.7208290" lon="-105.8797840">
    <ele>3319.4</ele>
    <time>2026-09-05T12:22:45Z</time>
    
   </trkpt>
   <trkpt lat="39.7208920" lon="-105.8799670">
    <ele>3319.8</ele>
    <time>2026-09-05T12:22:58Z</time>
    
   </trkpt>
   <trkpt lat="39.7209000" lon="-105.8799880">
    <ele>3320.0</ele>
    <time>2026-09-05T12:23:00Z</time>
    
   </trkpt>
   <trkpt lat="39.7209060" lon="-105.8799970">
    <ele>3320.2</ele>
    <time>2026-09-05T12:23:01Z</time>
    
   </trkpt>
   <trkpt lat="39.7209570" lon="-105.8801320">
    <ele>3320.6</ele>
    <time>2026-09-05T12:23:09Z</time>
    
   </trkpt>
   <trkpt lat="39.7209730" lon="-105.8801970">
    <ele>3321.0</ele>
    <time>2026-09-05T12:23:13Z</time>
    
   </trkpt>
   <trkpt lat="39.7209780" lon="-105.8802320">
    <ele>3321.2</ele>
    <time>2026-09-05T12:23:15Z</time>
    
   </trkpt>
   <trkpt lat="39.7209980" lon="-105.8803650">
    <ele>3322.4</ele>
    <time>2026-09-05T12:23:23Z</time>
    
   </trkpt>
   <trkpt lat="39.7210000" lon="-105.8804390">
    <ele>3323.2</ele>
    <time>2026-09-05T12:23:28Z</time>
    
   </trkpt>
   <trkpt lat="39.7210070" lon="-105.8804690">
    <ele>3323.4</ele>
    <time>2026-09-05T12:23:30Z</time>
    
   </trkpt>
   <trkpt lat="39.7210190" lon="-105.8805230">
    <ele>3324.4</ele>
    <time>2026-09-05T12:23:34Z</time>
    
   </trkpt>
   <trkpt lat="39.7210370" lon="-105.8805700">
    <ele>3325.6</ele>
    <time>2026-09-05T12:23:38Z</time>
    
   </trkpt>
   <trkpt lat="39.7210450" lon="-105.8805970">
    <ele>3325.8</ele>
    <time>2026-09-05T12:23:40Z</time>
    
   </trkpt>
   <trkpt lat="39.7210560" lon="-105.8806720">
    <ele>3327.0</ele>
    <time>2026-09-05T12:23:45Z</time>
    
   </trkpt>
   <trkpt lat="39.7210700" lon="-105.8807340">
    <ele>3327.8</ele>
    <time>2026-09-05T12:23:49Z</time>
    
   </trkpt>
   <trkpt lat="39.7210750" lon="-105.8807520">
    <ele>3328.0</ele>
    <time>2026-09-05T12:23:50Z</time>
    
   </trkpt>
   <trkpt lat="39.7210690" lon="-105.8808700">
    <ele>3328.8</ele>
    <time>2026-09-05T12:23:56Z</time>
    
   </trkpt>
   <trkpt lat="39.7210510" lon="-105.8809670">
    <ele>3328.8</ele>
    <time>2026-09-05T12:24:02Z</time>
    
   </trkpt>
   <trkpt lat="39.7210450" lon="-105.8809880">
    <ele>3329.0</ele>
    <time>2026-09-05T12:24:03Z</time>
    
   </trkpt>
   <trkpt lat="39.7210390" lon="-105.8810380">
    <ele>3329.6</ele>
    <time>2026-09-05T12:24:06Z</time>
    
   </trkpt>
   <trkpt lat="39.7210270" lon="-105.8810820">
    <ele>3330.0</ele>
    <time>2026-09-05T12:24:08Z</time>
    
   </trkpt>
   <trkpt lat="39.7210230" lon="-105.8810980">
    <ele>3330.2</ele>
    <time>2026-09-05T12:24:10Z</time>
    
   </trkpt>
   <trkpt lat="39.7210210" lon="-105.8811150">
    <ele>3330.4</ele>
    <time>2026-09-05T12:24:11Z</time>
    
   </trkpt>
   <trkpt lat="39.7210150" lon="-105.8812060">
    <ele>3331.4</ele>
    <time>2026-09-05T12:24:18Z</time>
    
   </trkpt>
   <trkpt lat="39.7209970" lon="-105.8812720">
    <ele>3332.2</ele>
    <time>2026-09-05T12:24:24Z</time>
    
   </trkpt>
   <trkpt lat="39.7209950" lon="-105.8812880">
    <ele>3332.2</ele>
    <time>2026-09-05T12:24:25Z</time>
    
   </trkpt>
   <trkpt lat="39.7209800" lon="-105.8813600">
    <ele>3332.4</ele>
    <time>2026-09-05T12:24:29Z</time>
    
   </trkpt>
   <trkpt lat="39.7209630" lon="-105.8814220">
    <ele>3332.6</ele>
    <time>2026-09-05T12:24:32Z</time>
    
   </trkpt>
   <trkpt lat="39.7209450" lon="-105.8814950">
    <ele>3332.8</ele>
    <time>2026-09-05T12:24:36Z</time>
    
   </trkpt>
   <trkpt lat="39.7209330" lon="-105.8815310">
    <ele>3333.0</ele>
    <time>2026-09-05T12:24:38Z</time>
    
   </trkpt>
   <trkpt lat="39.7209120" lon="-105.8816440">
    <ele>3333.2</ele>
    <time>2026-09-05T12:24:44Z</time>
    
   </trkpt>
   <trkpt lat="39.7209050" lon="-105.8817080">
    <ele>3333.6</ele>
    <time>2026-09-05T12:24:48Z</time>
    
   </trkpt>
   <trkpt lat="39.7208980" lon="-105.8817620">
    <ele>3333.8</ele>
    <time>2026-09-05T12:24:51Z</time>
    
   </trkpt>
   <trkpt lat="39.7208970" lon="-105.8818240">
    <ele>3334.0</ele>
    <time>2026-09-05T12:24:56Z</time>
    
   </trkpt>
   <trkpt lat="39.7208920" lon="-105.8818550">
    <ele>3334.8</ele>
    <time>2026-09-05T12:24:59Z</time>
    
   </trkpt>
   <trkpt lat="39.7209100" lon="-105.8819040">
    <ele>3335.4</ele>
    <time>2026-09-05T12:25:03Z</time>
    
   </trkpt>
   <trkpt lat="39.7209330" lon="-105.8819250">
    <ele>3336.2</ele>
    <time>2026-09-05T12:25:05Z</time>
    
   </trkpt>
   <trkpt lat="39.7209430" lon="-105.8819320">
    <ele>3336.4</ele>
    <time>2026-09-05T12:25:06Z</time>
    
   </trkpt>
   <trkpt lat="39.7209760" lon="-105.8819570">
    <ele>3337.4</ele>
    <time>2026-09-05T12:25:10Z</time>
    
   </trkpt>
   <trkpt lat="39.7209890" lon="-105.8819590">
    <ele>3338.0</ele>
    <time>2026-09-05T12:25:12Z</time>
    
   </trkpt>
   <trkpt lat="39.7210080" lon="-105.8819660">
    <ele>3338.4</ele>
    <time>2026-09-05T12:25:14Z</time>
    
   </trkpt>
   <trkpt lat="39.7210270" lon="-105.8819740">
    <ele>3338.8</ele>
    <time>2026-09-05T12:25:16Z</time>
    
   </trkpt>
   <trkpt lat="39.7210640" lon="-105.8820410">
    <ele>3339.4</ele>
    <time>2026-09-05T12:25:21Z</time>
    
   </trkpt>
   <trkpt lat="39.7210710" lon="-105.8820800">
    <ele>3339.8</ele>
    <time>2026-09-05T12:25:23Z</time>
    
   </trkpt>
   <trkpt lat="39.7210460" lon="-105.8821520">
    <ele>3340.4</ele>
    <time>2026-09-05T12:25:27Z</time>
    
   </trkpt>
   <trkpt lat="39.7210420" lon="-105.8821840">
    <ele>3340.4</ele>
    <time>2026-09-05T12:25:29Z</time>
    
   </trkpt>
   <trkpt lat="39.7210420" lon="-105.8822170">
    <ele>3340.8</ele>
    <time>2026-09-05T12:25:32Z</time>
    
   </trkpt>
   <trkpt lat="39.7210410" lon="-105.8822490">
    <ele>3341.2</ele>
    <time>2026-09-05T12:25:35Z</time>
    
   </trkpt>
   <trkpt lat="39.7210400" lon="-105.8822650">
    <ele>3341.2</ele>
    <time>2026-09-05T12:25:36Z</time>
    
   </trkpt>
   <trkpt lat="39.7210330" lon="-105.8822910">
    <ele>3341.4</ele>
    <time>2026-09-05T12:25:37Z</time>
    
   </trkpt>
   <trkpt lat="39.7210270" lon="-105.8823030">
    <ele>3341.8</ele>
    <time>2026-09-05T12:25:39Z</time>
    
   </trkpt>
   <trkpt lat="39.7210100" lon="-105.8823190">
    <ele>3342.0</ele>
    <time>2026-09-05T12:25:41Z</time>
    
   </trkpt>
   <trkpt lat="39.7209860" lon="-105.8823440">
    <ele>3342.0</ele>
    <time>2026-09-05T12:25:43Z</time>
    
   </trkpt>
   <trkpt lat="39.7209610" lon="-105.8824200">
    <ele>3342.4</ele>
    <time>2026-09-05T12:25:49Z</time>
    
   </trkpt>
   <trkpt lat="39.7209570" lon="-105.8824440">
    <ele>3342.8</ele>
    <time>2026-09-05T12:25:51Z</time>
    
   </trkpt>
   <trkpt lat="39.7209380" lon="-105.8825180">
    <ele>3343.2</ele>
    <time>2026-09-05T12:25:57Z</time>
    
   </trkpt>
   <trkpt lat="39.7209330" lon="-105.8825320">
    <ele>3343.4</ele>
    <time>2026-09-05T12:25:59Z</time>
    
   </trkpt>
   <trkpt lat="39.7209230" lon="-105.8825730">
    <ele>3343.8</ele>
    <time>2026-09-05T12:26:03Z</time>
    
   </trkpt>
   <trkpt lat="39.7209200" lon="-105.8825820">
    <ele>3344.2</ele>
    <time>2026-09-05T12:26:04Z</time>
    
   </trkpt>
   <trkpt lat="39.7209170" lon="-105.8825880">
    <ele>3344.4</ele>
    <time>2026-09-05T12:26:05Z</time>
    
   </trkpt>
   <trkpt lat="39.7209020" lon="-105.8826120">
    <ele>3345.0</ele>
    <time>2026-09-05T12:26:07Z</time>
    
   </trkpt>
   <trkpt lat="39.7208570" lon="-105.8826630">
    <ele>3345.4</ele>
    <time>2026-09-05T12:26:12Z</time>
    
   </trkpt>
   <trkpt lat="39.7208040" lon="-105.8827120">
    <ele>3344.0</ele>
    <time>2026-09-05T12:26:18Z</time>
    
   </trkpt>
   <trkpt lat="39.7207880" lon="-105.8827380">
    <ele>3343.6</ele>
    <time>2026-09-05T12:26:20Z</time>
    
   </trkpt>
   <trkpt lat="39.7207350" lon="-105.8828370">
    <ele>3343.0</ele>
    <time>2026-09-05T12:26:27Z</time>
    
   </trkpt>
   <trkpt lat="39.7207370" lon="-105.8828530">
    <ele>3343.0</ele>
    <time>2026-09-05T12:26:28Z</time>
    
   </trkpt>
   <trkpt lat="39.7207530" lon="-105.8829140">
    <ele>3343.4</ele>
    <time>2026-09-05T12:26:32Z</time>
    
   </trkpt>
   <trkpt lat="39.7207700" lon="-105.8829310">
    <ele>3343.8</ele>
    <time>2026-09-05T12:26:34Z</time>
    
   </trkpt>
   <trkpt lat="39.7207750" lon="-105.8829350">
    <ele>3344.2</ele>
    <time>2026-09-05T12:26:35Z</time>
    
   </trkpt>
   <trkpt lat="39.7207810" lon="-105.8829490">
    <ele>3344.8</ele>
    <time>2026-09-05T12:26:37Z</time>
    
   </trkpt>
   <trkpt lat="39.7207880" lon="-105.8829610">
    <ele>3345.0</ele>
    <time>2026-09-05T12:26:38Z</time>
    
   </trkpt>
   <trkpt lat="39.7207890" lon="-105.8829850">
    <ele>3345.2</ele>
    <time>2026-09-05T12:26:40Z</time>
    
   </trkpt>
   <trkpt lat="39.7207910" lon="-105.8829950">
    <ele>3345.2</ele>
    <time>2026-09-05T12:26:41Z</time>
    
   </trkpt>
   <trkpt lat="39.7208510" lon="-105.8830850">
    <ele>3346.0</ele>
    <time>2026-09-05T12:26:48Z</time>
    
   </trkpt>
   <trkpt lat="39.7208600" lon="-105.8831020">
    <ele>3346.2</ele>
    <time>2026-09-05T12:26:49Z</time>
    
   </trkpt>
   <trkpt lat="39.7208760" lon="-105.8831260">
    <ele>3346.4</ele>
    <time>2026-09-05T12:26:51Z</time>
    
   </trkpt>
   <trkpt lat="39.7208890" lon="-105.8831670">
    <ele>3347.2</ele>
    <time>2026-09-05T12:26:55Z</time>
    
   </trkpt>
   <trkpt lat="39.7208900" lon="-105.8831770">
    <ele>3347.6</ele>
    <time>2026-09-05T12:26:56Z</time>
    
   </trkpt>
   <trkpt lat="39.7208890" lon="-105.8831980">
    <ele>3348.6</ele>
    <time>2026-09-05T12:26:58Z</time>
    
   </trkpt>
   <trkpt lat="39.7209330" lon="-105.8832210">
    <ele>3349.4</ele>
    <time>2026-09-05T12:27:03Z</time>
    
   </trkpt>
   <trkpt lat="39.7209380" lon="-105.8832280">
    <ele>3349.6</ele>
    <time>2026-09-05T12:27:04Z</time>
    
   </trkpt>
   <trkpt lat="39.7209760" lon="-105.8832500">
    <ele>3350.8</ele>
    <time>2026-09-05T12:27:08Z</time>
    
   </trkpt>
   <trkpt lat="39.7210140" lon="-105.8832640">
    <ele>3352.2</ele>
    <time>2026-09-05T12:27:12Z</time>
    
   </trkpt>
   <trkpt lat="39.7210630" lon="-105.8832850">
    <ele>3353.4</ele>
    <time>2026-09-05T12:27:16Z</time>
    
   </trkpt>
   <trkpt lat="39.7210710" lon="-105.8832910">
    <ele>3353.6</ele>
    <time>2026-09-05T12:27:17Z</time>
    
   </trkpt>
   <trkpt lat="39.7210760" lon="-105.8833000">
    <ele>3353.8</ele>
    <time>2026-09-05T12:27:18Z</time>
    
   </trkpt>
   <trkpt lat="39.7210910" lon="-105.8833340">
    <ele>3354.6</ele>
    <time>2026-09-05T12:27:21Z</time>
    
   </trkpt>
   <trkpt lat="39.7210960" lon="-105.8833720">
    <ele>3355.2</ele>
    <time>2026-09-05T12:27:24Z</time>
    
   </trkpt>
   <trkpt lat="39.7211000" lon="-105.8834070">
    <ele>3355.6</ele>
    <time>2026-09-05T12:27:27Z</time>
    
   </trkpt>
   <trkpt lat="39.7211130" lon="-105.8834360">
    <ele>3355.8</ele>
    <time>2026-09-05T12:27:30Z</time>
    
   </trkpt>
   <trkpt lat="39.7211300" lon="-105.8834520">
    <ele>3356.2</ele>
    <time>2026-09-05T12:27:32Z</time>
    
   </trkpt>
   <trkpt lat="39.7211390" lon="-105.8834580">
    <ele>3356.6</ele>
    <time>2026-09-05T12:27:33Z</time>
    
   </trkpt>
   <trkpt lat="39.7211570" lon="-105.8834930">
    <ele>3357.6</ele>
    <time>2026-09-05T12:27:38Z</time>
    
   </trkpt>
   <trkpt lat="39.7211570" lon="-105.8835120">
    <ele>3357.8</ele>
    <time>2026-09-05T12:27:40Z</time>
    
   </trkpt>
   <trkpt lat="39.7211610" lon="-105.8835560">
    <ele>3358.8</ele>
    <time>2026-09-05T12:27:43Z</time>
    
   </trkpt>
   <trkpt lat="39.7211720" lon="-105.8835910">
    <ele>3359.4</ele>
    <time>2026-09-05T12:27:46Z</time>
    
   </trkpt>
   <trkpt lat="39.7211770" lon="-105.8836000">
    <ele>3359.6</ele>
    <time>2026-09-05T12:27:47Z</time>
    
   </trkpt>
   <trkpt lat="39.7211820" lon="-105.8836090">
    <ele>3360.0</ele>
    <time>2026-09-05T12:27:48Z</time>
    
   </trkpt>
   <trkpt lat="39.7212040" lon="-105.8836270">
    <ele>3360.4</ele>
    <time>2026-09-05T12:27:50Z</time>
    
   </trkpt>
   <trkpt lat="39.7212110" lon="-105.8836340">
    <ele>3360.4</ele>
    <time>2026-09-05T12:27:51Z</time>
    
   </trkpt>
   <trkpt lat="39.7212120" lon="-105.8836460">
    <ele>3360.6</ele>
    <time>2026-09-05T12:27:52Z</time>
    
   </trkpt>
   <trkpt lat="39.7212200" lon="-105.8836660">
    <ele>3360.6</ele>
    <time>2026-09-05T12:27:54Z</time>
    
   </trkpt>
   <trkpt lat="39.7212270" lon="-105.8836800">
    <ele>3360.8</ele>
    <time>2026-09-05T12:27:55Z</time>
    
   </trkpt>
   <trkpt lat="39.7212330" lon="-105.8837040">
    <ele>3361.2</ele>
    <time>2026-09-05T12:27:57Z</time>
    
   </trkpt>
   <trkpt lat="39.7212460" lon="-105.8837230">
    <ele>3361.4</ele>
    <time>2026-09-05T12:27:59Z</time>
    
   </trkpt>
   <trkpt lat="39.7212520" lon="-105.8837340">
    <ele>3361.6</ele>
    <time>2026-09-05T12:28:00Z</time>
    
   </trkpt>
   <trkpt lat="39.7212700" lon="-105.8837810">
    <ele>3362.2</ele>
    <time>2026-09-05T12:28:05Z</time>
    
   </trkpt>
   <trkpt lat="39.7212740" lon="-105.8837860">
    <ele>3362.4</ele>
    <time>2026-09-05T12:28:06Z</time>
    
   </trkpt>
   <trkpt lat="39.7212840" lon="-105.8838060">
    <ele>3362.6</ele>
    <time>2026-09-05T12:28:08Z</time>
    
   </trkpt>
   <trkpt lat="39.7212850" lon="-105.8838160">
    <ele>3362.8</ele>
    <time>2026-09-05T12:28:09Z</time>
    
   </trkpt>
   <trkpt lat="39.7212870" lon="-105.8838370">
    <ele>3363.4</ele>
    <time>2026-09-05T12:28:11Z</time>
    
   </trkpt>
   <trkpt lat="39.7212650" lon="-105.8838770">
    <ele>3364.0</ele>
    <time>2026-09-05T12:28:14Z</time>
    
   </trkpt>
   <trkpt lat="39.7212630" lon="-105.8838920">
    <ele>3364.4</ele>
    <time>2026-09-05T12:28:15Z</time>
    
   </trkpt>
   <trkpt lat="39.7212530" lon="-105.8839470">
    <ele>3365.4</ele>
    <time>2026-09-05T12:28:19Z</time>
    
   </trkpt>
   <trkpt lat="39.7212490" lon="-105.8839580">
    <ele>3365.6</ele>
    <time>2026-09-05T12:28:20Z</time>
    
   </trkpt>
   <trkpt lat="39.7212430" lon="-105.8839800">
    <ele>3366.0</ele>
    <time>2026-09-05T12:28:22Z</time>
    
   </trkpt>
   <trkpt lat="39.7212380" lon="-105.8839990">
    <ele>3366.4</ele>
    <time>2026-09-05T12:28:24Z</time>
    
   </trkpt>
   <trkpt lat="39.7212390" lon="-105.8840090">
    <ele>3366.6</ele>
    <time>2026-09-05T12:28:25Z</time>
    
   </trkpt>
   <trkpt lat="39.7212420" lon="-105.8840340">
    <ele>3367.2</ele>
    <time>2026-09-05T12:28:28Z</time>
    
   </trkpt>
   <trkpt lat="39.7212490" lon="-105.8840460">
    <ele>3367.4</ele>
    <time>2026-09-05T12:28:29Z</time>
    
   </trkpt>
   <trkpt lat="39.7212550" lon="-105.8840560">
    <ele>3367.6</ele>
    <time>2026-09-05T12:28:30Z</time>
    
   </trkpt>
   <trkpt lat="39.7212720" lon="-105.8840840">
    <ele>3368.4</ele>
    <time>2026-09-05T12:28:33Z</time>
    
   </trkpt>
   <trkpt lat="39.7212800" lon="-105.8840960">
    <ele>3368.8</ele>
    <time>2026-09-05T12:28:35Z</time>
    
   </trkpt>
   <trkpt lat="39.7213150" lon="-105.8841230">
    <ele>3369.8</ele>
    <time>2026-09-05T12:28:41Z</time>
    
   </trkpt>
   <trkpt lat="39.7213400" lon="-105.8841730">
    <ele>3370.8</ele>
    <time>2026-09-05T12:28:45Z</time>
    
   </trkpt>
   <trkpt lat="39.7213410" lon="-105.8842280">
    <ele>3371.4</ele>
    <time>2026-09-05T12:28:48Z</time>
    
   </trkpt>
   <trkpt lat="39.7213340" lon="-105.8842740">
    <ele>3371.6</ele>
    <time>2026-09-05T12:28:51Z</time>
    
   </trkpt>
   <trkpt lat="39.7213290" lon="-105.8842850">
    <ele>3371.6</ele>
    <time>2026-09-05T12:28:52Z</time>
    
   </trkpt>
   <trkpt lat="39.7213200" lon="-105.8842980">
    <ele>3371.8</ele>
    <time>2026-09-05T12:28:53Z</time>
    
   </trkpt>
   <trkpt lat="39.7213200" lon="-105.8843110">
    <ele>3372.0</ele>
    <time>2026-09-05T12:28:54Z</time>
    
   </trkpt>
   <trkpt lat="39.7213170" lon="-105.8843200">
    <ele>3372.2</ele>
    <time>2026-09-05T12:28:55Z</time>
    
   </trkpt>
   <trkpt lat="39.7213030" lon="-105.8843480">
    <ele>3373.2</ele>
    <time>2026-09-05T12:28:59Z</time>
    
   </trkpt>
   <trkpt lat="39.7212730" lon="-105.8843720">
    <ele>3373.6</ele>
    <time>2026-09-05T12:29:03Z</time>
    
   </trkpt>
   <trkpt lat="39.7212460" lon="-105.8844090">
    <ele>3373.6</ele>
    <time>2026-09-05T12:29:09Z</time>
    
   </trkpt>
   <trkpt lat="39.7212320" lon="-105.8844150">
    <ele>3373.4</ele>
    <time>2026-09-05T12:29:12Z</time>
    
   </trkpt>
   <trkpt lat="39.7212210" lon="-105.8844170">
    <ele>3373.2</ele>
    <time>2026-09-05T12:29:15Z</time>
    
   </trkpt>
   <trkpt lat="39.7212120" lon="-105.8844590">
    <ele>3374.0</ele>
    <time>2026-09-05T12:29:25Z</time>
    
   </trkpt>
   <trkpt lat="39.7212080" lon="-105.8844690">
    <ele>3374.2</ele>
    <time>2026-09-05T12:29:26Z</time>
    
   </trkpt>
   <trkpt lat="39.7211990" lon="-105.8844840">
    <ele>3374.0</ele>
    <time>2026-09-05T12:29:28Z</time>
    
   </trkpt>
   <trkpt lat="39.7211950" lon="-105.8844890">
    <ele>3373.8</ele>
    <time>2026-09-05T12:29:30Z</time>
    
   </trkpt>
   <trkpt lat="39.7211980" lon="-105.8844720">
    <ele>3373.2</ele>
    <time>2026-09-05T12:29:41Z</time>
    
   </trkpt>
   <trkpt lat="39.7212000" lon="-105.8844680">
    <ele>3373.2</ele>
    <time>2026-09-05T12:29:43Z</time>
    
   </trkpt>
   <trkpt lat="39.7212320" lon="-105.8844760">
    <ele>3373.8</ele>
    <time>2026-09-05T12:29:49Z</time>
    
   </trkpt>
   <trkpt lat="39.7212210" lon="-105.8844870">
    <ele>3373.8</ele>
    <time>2026-09-05T12:29:54Z</time>
    
   </trkpt>
   <trkpt lat="39.7212150" lon="-105.8844930">
    <ele>3374.2</ele>
    <time>2026-09-05T12:29:57Z</time>
    
   </trkpt>
   <trkpt lat="39.7212070" lon="-105.8845030">
    <ele>3374.4</ele>
    <time>2026-09-05T12:30:00Z</time>
    
   </trkpt>
   <trkpt lat="39.7212010" lon="-105.8845040">
    <ele>3374.0</ele>
    <time>2026-09-05T12:30:02Z</time>
    
   </trkpt>
   <trkpt lat="39.7211770" lon="-105.8845320">
    <ele>3374.2</ele>
    <time>2026-09-05T12:30:08Z</time>
    
   </trkpt>
   <trkpt lat="39.7211820" lon="-105.8845560">
    <ele>3374.6</ele>
    <time>2026-09-05T12:30:11Z</time>
    
   </trkpt>
   <trkpt lat="39.7211950" lon="-105.8845870">
    <ele>3375.4</ele>
    <time>2026-09-05T12:30:14Z</time>
    
   </trkpt>
   <trkpt lat="39.7212140" lon="-105.8845940">
    <ele>3376.0</ele>
    <time>2026-09-05T12:30:16Z</time>
    
   </trkpt>
   <trkpt lat="39.7212290" lon="-105.8846120">
    <ele>3376.4</ele>
    <time>2026-09-05T12:30:18Z</time>
    
   </trkpt>
   <trkpt lat="39.7212490" lon="-105.8846260">
    <ele>3376.6</ele>
    <time>2026-09-05T12:30:21Z</time>
    
   </trkpt>
   <trkpt lat="39.7212600" lon="-105.8846440">
    <ele>3377.0</ele>
    <time>2026-09-05T12:30:24Z</time>
    
   </trkpt>
   <trkpt lat="39.7212640" lon="-105.8846630">
    <ele>3377.4</ele>
    <time>2026-09-05T12:30:26Z</time>
    
   </trkpt>
   <trkpt lat="39.7212730" lon="-105.8846770">
    <ele>3377.6</ele>
    <time>2026-09-05T12:30:27Z</time>
    
   </trkpt>
   <trkpt lat="39.7212860" lon="-105.8846920">
    <ele>3378.0</ele>
    <time>2026-09-05T12:30:29Z</time>
    
   </trkpt>
   <trkpt lat="39.7213020" lon="-105.8847070">
    <ele>3378.6</ele>
    <time>2026-09-05T12:30:31Z</time>
    
   </trkpt>
   <trkpt lat="39.7213080" lon="-105.8847150">
    <ele>3378.8</ele>
    <time>2026-09-05T12:30:32Z</time>
    
   </trkpt>
   <trkpt lat="39.7213160" lon="-105.8847240">
    <ele>3379.0</ele>
    <time>2026-09-05T12:30:33Z</time>
    
   </trkpt>
   <trkpt lat="39.7213550" lon="-105.8847490">
    <ele>3380.0</ele>
    <time>2026-09-05T12:30:37Z</time>
    
   </trkpt>
   <trkpt lat="39.7213760" lon="-105.8847670">
    <ele>3380.8</ele>
    <time>2026-09-05T12:30:40Z</time>
    
   </trkpt>
   <trkpt lat="39.7213840" lon="-105.8847770">
    <ele>3381.0</ele>
    <time>2026-09-05T12:30:41Z</time>
    
   </trkpt>
   <trkpt lat="39.7214030" lon="-105.8848190">
    <ele>3382.2</ele>
    <time>2026-09-05T12:30:46Z</time>
    
   </trkpt>
   <trkpt lat="39.7214070" lon="-105.8848240">
    <ele>3382.4</ele>
    <time>2026-09-05T12:30:47Z</time>
    
   </trkpt>
   <trkpt lat="39.7214260" lon="-105.8848680">
    <ele>3383.2</ele>
    <time>2026-09-05T12:30:51Z</time>
    
   </trkpt>
   <trkpt lat="39.7214520" lon="-105.8849170">
    <ele>3384.4</ele>
    <time>2026-09-05T12:30:56Z</time>
    
   </trkpt>
   <trkpt lat="39.7214600" lon="-105.8849480">
    <ele>3385.6</ele>
    <time>2026-09-05T12:30:59Z</time>
    
   </trkpt>
   <trkpt lat="39.7214680" lon="-105.8849540">
    <ele>3385.8</ele>
    <time>2026-09-05T12:31:00Z</time>
    
   </trkpt>
   <trkpt lat="39.7214830" lon="-105.8849850">
    <ele>3386.8</ele>
    <time>2026-09-05T12:31:03Z</time>
    
   </trkpt>
   <trkpt lat="39.7215060" lon="-105.8850480">
    <ele>3388.0</ele>
    <time>2026-09-05T12:31:08Z</time>
    
   </trkpt>
   <trkpt lat="39.7215140" lon="-105.8850760">
    <ele>3388.4</ele>
    <time>2026-09-05T12:31:10Z</time>
    
   </trkpt>
   <trkpt lat="39.7215270" lon="-105.8851270">
    <ele>3389.2</ele>
    <time>2026-09-05T12:31:14Z</time>
    
   </trkpt>
   <trkpt lat="39.7215390" lon="-105.8851690">
    <ele>3390.4</ele>
    <time>2026-09-05T12:31:18Z</time>
    
   </trkpt>
   <trkpt lat="39.7215330" lon="-105.8852020">
    <ele>3391.6</ele>
    <time>2026-09-05T12:31:22Z</time>
    
   </trkpt>
   <trkpt lat="39.7215300" lon="-105.8852350">
    <ele>3392.4</ele>
    <time>2026-09-05T12:31:25Z</time>
    
   </trkpt>
   <trkpt lat="39.7215310" lon="-105.8852470">
    <ele>3392.6</ele>
    <time>2026-09-05T12:31:26Z</time>
    
   </trkpt>
   <trkpt lat="39.7215340" lon="-105.8852590">
    <ele>3393.0</ele>
    <time>2026-09-05T12:31:27Z</time>
    
   </trkpt>
   <trkpt lat="39.7215340" lon="-105.8853220">
    <ele>3393.8</ele>
    <time>2026-09-05T12:31:32Z</time>
    
   </trkpt>
   <trkpt lat="39.7215340" lon="-105.8853370">
    <ele>3394.0</ele>
    <time>2026-09-05T12:31:33Z</time>
    
   </trkpt>
   <trkpt lat="39.7215420" lon="-105.8853740">
    <ele>3394.8</ele>
    <time>2026-09-05T12:31:36Z</time>
    
   </trkpt>
   <trkpt lat="39.7215530" lon="-105.8854020">
    <ele>3395.2</ele>
    <time>2026-09-05T12:31:39Z</time>
    
   </trkpt>
   <trkpt lat="39.7215620" lon="-105.8854310">
    <ele>3395.8</ele>
    <time>2026-09-05T12:31:42Z</time>
    
   </trkpt>
   <trkpt lat="39.7215760" lon="-105.8855020">
    <ele>3397.0</ele>
    <time>2026-09-05T12:31:48Z</time>
    
   </trkpt>
   <trkpt lat="39.7215790" lon="-105.8855770">
    <ele>3398.0</ele>
    <time>2026-09-05T12:31:56Z</time>
    
   </trkpt>
   <trkpt lat="39.7215780" lon="-105.8856100">
    <ele>3398.4</ele>
    <time>2026-09-05T12:31:58Z</time>
    
   </trkpt>
   <trkpt lat="39.7215820" lon="-105.8856230">
    <ele>3398.6</ele>
    <time>2026-09-05T12:31:59Z</time>
    
   </trkpt>
   <trkpt lat="39.7215880" lon="-105.8856540">
    <ele>3399.0</ele>
    <time>2026-09-05T12:32:02Z</time>
    
   </trkpt>
   <trkpt lat="39.7215940" lon="-105.8857120">
    <ele>3400.0</ele>
    <time>2026-09-05T12:32:07Z</time>
    
   </trkpt>
   <trkpt lat="39.7216080" lon="-105.8857530">
    <ele>3400.4</ele>
    <time>2026-09-05T12:32:10Z</time>
    
   </trkpt>
   <trkpt lat="39.7216310" lon="-105.8857870">
    <ele>3401.2</ele>
    <time>2026-09-05T12:32:13Z</time>
    
   </trkpt>
   <trkpt lat="39.7216630" lon="-105.8858230">
    <ele>3402.0</ele>
    <time>2026-09-05T12:32:17Z</time>
    
   </trkpt>
   <trkpt lat="39.7216690" lon="-105.8858330">
    <ele>3402.2</ele>
    <time>2026-09-05T12:32:18Z</time>
    
   </trkpt>
   <trkpt lat="39.7216800" lon="-105.8858410">
    <ele>3402.4</ele>
    <time>2026-09-05T12:32:19Z</time>
    
   </trkpt>
   <trkpt lat="39.7217020" lon="-105.8859020">
    <ele>3403.4</ele>
    <time>2026-09-05T12:32:25Z</time>
    
   </trkpt>
   <trkpt lat="39.7217110" lon="-105.8859330">
    <ele>3404.2</ele>
    <time>2026-09-05T12:32:28Z</time>
    
   </trkpt>
   <trkpt lat="39.7217140" lon="-105.8859470">
    <ele>3404.4</ele>
    <time>2026-09-05T12:32:29Z</time>
    
   </trkpt>
   <trkpt lat="39.7217130" lon="-105.8859640">
    <ele>3404.6</ele>
    <time>2026-09-05T12:32:30Z</time>
    
   </trkpt>
   <trkpt lat="39.7217230" lon="-105.8860380">
    <ele>3405.6</ele>
    <time>2026-09-05T12:32:36Z</time>
    
   </trkpt>
   <trkpt lat="39.7217210" lon="-105.8861100">
    <ele>3406.6</ele>
    <time>2026-09-05T12:32:41Z</time>
    
   </trkpt>
   <trkpt lat="39.7217230" lon="-105.8861430">
    <ele>3407.0</ele>
    <time>2026-09-05T12:32:44Z</time>
    
   </trkpt>
   <trkpt lat="39.7217240" lon="-105.8861520">
    <ele>3407.6</ele>
    <time>2026-09-05T12:32:46Z</time>
    
   </trkpt>
   <trkpt lat="39.7217240" lon="-105.8861550">
    <ele>3407.8</ele>
    <time>2026-09-05T12:32:47Z</time>
    
   </trkpt>
   <trkpt lat="39.7217230" lon="-105.8861620">
    <ele>3408.2</ele>
    <time>2026-09-05T12:32:51Z</time>
    
   </trkpt>
   <trkpt lat="39.7217210" lon="-105.8861650">
    <ele>3408.2</ele>
    <time>2026-09-05T12:32:53Z</time>
    
   </trkpt>
   <trkpt lat="39.7217330" lon="-105.8862140">
    <ele>3408.6</ele>
    <time>2026-09-05T12:33:02Z</time>
    
   </trkpt>
   <trkpt lat="39.7217340" lon="-105.8862370">
    <ele>3409.0</ele>
    <time>2026-09-05T12:33:04Z</time>
    
   </trkpt>
   <trkpt lat="39.7217440" lon="-105.8863440">
    <ele>3410.0</ele>
    <time>2026-09-05T12:33:12Z</time>
    
   </trkpt>
   <trkpt lat="39.7217470" lon="-105.8863730">
    <ele>3411.2</ele>
    <time>2026-09-05T12:33:14Z</time>
    
   </trkpt>
   <trkpt lat="39.7217550" lon="-105.8863970">
    <ele>3412.2</ele>
    <time>2026-09-05T12:33:19Z</time>
    
   </trkpt>
   <trkpt lat="39.7217560" lon="-105.8864070">
    <ele>3412.2</ele>
    <time>2026-09-05T12:33:20Z</time>
    
   </trkpt>
   <trkpt lat="39.7217620" lon="-105.8864280">
    <ele>3412.0</ele>
    <time>2026-09-05T12:33:22Z</time>
    
   </trkpt>
   <trkpt lat="39.7217700" lon="-105.8864390">
    <ele>3412.0</ele>
    <time>2026-09-05T12:33:24Z</time>
    
   </trkpt>
   <trkpt lat="39.7217770" lon="-105.8864440">
    <ele>3412.4</ele>
    <time>2026-09-05T12:33:28Z</time>
    
   </trkpt>
   <trkpt lat="39.7217760" lon="-105.8864450">
    <ele>3412.4</ele>
    <time>2026-09-05T12:33:29Z</time>
    
   </trkpt>
   <trkpt lat="39.7217750" lon="-105.8865290">
    <ele>3413.0</ele>
    <time>2026-09-05T12:33:37Z</time>
    
   </trkpt>
   <trkpt lat="39.7217740" lon="-105.8865410">
    <ele>3413.0</ele>
    <time>2026-09-05T12:33:38Z</time>
    
   </trkpt>
   <trkpt lat="39.7217700" lon="-105.8866130">
    <ele>3413.4</ele>
    <time>2026-09-05T12:33:46Z</time>
    
   </trkpt>
   <trkpt lat="39.7217700" lon="-105.8866290">
    <ele>3413.4</ele>
    <time>2026-09-05T12:33:47Z</time>
    
   </trkpt>
   <trkpt lat="39.7217730" lon="-105.8867090">
    <ele>3413.4</ele>
    <time>2026-09-05T12:33:52Z</time>
    
   </trkpt>
   <trkpt lat="39.7217770" lon="-105.8868200">
    <ele>3413.8</ele>
    <time>2026-09-05T12:33:59Z</time>
    
   </trkpt>
   <trkpt lat="39.7217770" lon="-105.8868630">
    <ele>3414.0</ele>
    <time>2026-09-05T12:34:02Z</time>
    
   </trkpt>
   <trkpt lat="39.7217790" lon="-105.8869170">
    <ele>3414.4</ele>
    <time>2026-09-05T12:34:05Z</time>
    
   </trkpt>
   <trkpt lat="39.7218070" lon="-105.8869930">
    <ele>3415.6</ele>
    <time>2026-09-05T12:34:10Z</time>
    
   </trkpt>
   <trkpt lat="39.7218110" lon="-105.8870080">
    <ele>3415.8</ele>
    <time>2026-09-05T12:34:11Z</time>
    
   </trkpt>
   <trkpt lat="39.7218340" lon="-105.8870600">
    <ele>3416.6</ele>
    <time>2026-09-05T12:34:15Z</time>
    
   </trkpt>
   <trkpt lat="39.7218430" lon="-105.8870850">
    <ele>3417.2</ele>
    <time>2026-09-05T12:34:17Z</time>
    
   </trkpt>
   <trkpt lat="39.7218480" lon="-105.8870980">
    <ele>3417.4</ele>
    <time>2026-09-05T12:34:18Z</time>
    
   </trkpt>
   <trkpt lat="39.7218560" lon="-105.8871160">
    <ele>3417.8</ele>
    <time>2026-09-05T12:34:20Z</time>
    
   </trkpt>
   <trkpt lat="39.7218780" lon="-105.8871510">
    <ele>3418.8</ele>
    <time>2026-09-05T12:34:24Z</time>
    
   </trkpt>
   <trkpt lat="39.7218850" lon="-105.8871600">
    <ele>3419.0</ele>
    <time>2026-09-05T12:34:25Z</time>
    
   </trkpt>
   <trkpt lat="39.7219080" lon="-105.8872010">
    <ele>3420.2</ele>
    <time>2026-09-05T12:34:30Z</time>
    
   </trkpt>
   <trkpt lat="39.7219140" lon="-105.8872060">
    <ele>3420.4</ele>
    <time>2026-09-05T12:34:35Z</time>
    
   </trkpt>
   <trkpt lat="39.7219190" lon="-105.8872160">
    <ele>3420.4</ele>
    <time>2026-09-05T12:34:40Z</time>
    
   </trkpt>
   <trkpt lat="39.7219290" lon="-105.8872370">
    <ele>3420.6</ele>
    <time>2026-09-05T12:34:43Z</time>
    
   </trkpt>
   <trkpt lat="39.7219500" lon="-105.8872950">
    <ele>3421.2</ele>
    <time>2026-09-05T12:34:48Z</time>
    
   </trkpt>
   <trkpt lat="39.7219540" lon="-105.8873220">
    <ele>3422.4</ele>
    <time>2026-09-05T12:34:50Z</time>
    
   </trkpt>
   <trkpt lat="39.7219590" lon="-105.8873420">
    <ele>3423.2</ele>
    <time>2026-09-05T12:34:52Z</time>
    
   </trkpt>
   <trkpt lat="39.7219620" lon="-105.8873540">
    <ele>3423.4</ele>
    <time>2026-09-05T12:34:53Z</time>
    
   </trkpt>
   <trkpt lat="39.7219900" lon="-105.8874240">
    <ele>3424.2</ele>
    <time>2026-09-05T12:35:00Z</time>
    
   </trkpt>
   <trkpt lat="39.7219920" lon="-105.8874350">
    <ele>3424.6</ele>
    <time>2026-09-05T12:35:01Z</time>
    
   </trkpt>
   <trkpt lat="39.7220000" lon="-105.8874760">
    <ele>3425.4</ele>
    <time>2026-09-05T12:35:04Z</time>
    
   </trkpt>
   <trkpt lat="39.7220050" lon="-105.8875020">
    <ele>3426.0</ele>
    <time>2026-09-05T12:35:06Z</time>
    
   </trkpt>
   <trkpt lat="39.7220070" lon="-105.8875470">
    <ele>3427.0</ele>
    <time>2026-09-05T12:35:10Z</time>
    
   </trkpt>
   <trkpt lat="39.7220110" lon="-105.8875540">
    <ele>3427.0</ele>
    <time>2026-09-05T12:35:11Z</time>
    
   </trkpt>
   <trkpt lat="39.7220130" lon="-105.8875560">
    <ele>3427.0</ele>
    <time>2026-09-05T12:35:12Z</time>
    
   </trkpt>
   <trkpt lat="39.7220250" lon="-105.8875550">
    <ele>3427.2</ele>
    <time>2026-09-05T12:35:15Z</time>
    
   </trkpt>
   <trkpt lat="39.7220200" lon="-105.8875520">
    <ele>3428.2</ele>
    <time>2026-09-05T12:35:18Z</time>
    
   </trkpt>
   <trkpt lat="39.7220240" lon="-105.8876000">
    <ele>3427.8</ele>
    <time>2026-09-05T12:35:27Z</time>
    
   </trkpt>
   <trkpt lat="39.7220280" lon="-105.8876170">
    <ele>3428.2</ele>
    <time>2026-09-05T12:35:29Z</time>
    
   </trkpt>
   <trkpt lat="39.7220340" lon="-105.8876250">
    <ele>3428.4</ele>
    <time>2026-09-05T12:35:30Z</time>
    
   </trkpt>
   <trkpt lat="39.7220430" lon="-105.8876300">
    <ele>3428.6</ele>
    <time>2026-09-05T12:35:31Z</time>
    
   </trkpt>
   <trkpt lat="39.7220560" lon="-105.8876410">
    <ele>3429.2</ele>
    <time>2026-09-05T12:35:33Z</time>
    
   </trkpt>
   <trkpt lat="39.7220630" lon="-105.8876470">
    <ele>3429.6</ele>
    <time>2026-09-05T12:35:34Z</time>
    
   </trkpt>
   <trkpt lat="39.7220960" lon="-105.8876570">
    <ele>3430.0</ele>
    <time>2026-09-05T12:35:37Z</time>
    
   </trkpt>
   <trkpt lat="39.7221110" lon="-105.8876640">
    <ele>3430.2</ele>
    <time>2026-09-05T12:35:39Z</time>
    
   </trkpt>
   <trkpt lat="39.7221530" lon="-105.8876790">
    <ele>3431.4</ele>
    <time>2026-09-05T12:35:43Z</time>
    
   </trkpt>
   <trkpt lat="39.7221740" lon="-105.8876830">
    <ele>3432.0</ele>
    <time>2026-09-05T12:35:45Z</time>
    
   </trkpt>
   <trkpt lat="39.7221970" lon="-105.8876810">
    <ele>3432.4</ele>
    <time>2026-09-05T12:35:47Z</time>
    
   </trkpt>
   <trkpt lat="39.7222550" lon="-105.8876940">
    <ele>3433.2</ele>
    <time>2026-09-05T12:35:52Z</time>
    
   </trkpt>
   <trkpt lat="39.7222630" lon="-105.8876990">
    <ele>3433.4</ele>
    <time>2026-09-05T12:35:53Z</time>
    
   </trkpt>
   <trkpt lat="39.7222680" lon="-105.8876970">
    <ele>3433.8</ele>
    <time>2026-09-05T12:35:55Z</time>
    
   </trkpt>
   <trkpt lat="39.7222700" lon="-105.8876960">
    <ele>3434.2</ele>
    <time>2026-09-05T12:35:57Z</time>
    
   </trkpt>
   <trkpt lat="39.7222650" lon="-105.8877000">
    <ele>3434.4</ele>
    <time>2026-09-05T12:36:00Z</time>
    
   </trkpt>
   <trkpt lat="39.7222660" lon="-105.8876990">
    <ele>3434.6</ele>
    <time>2026-09-05T12:36:01Z</time>
    
   </trkpt>
   <trkpt lat="39.7223230" lon="-105.8876780">
    <ele>3435.2</ele>
    <time>2026-09-05T12:36:08Z</time>
    
   </trkpt>
   <trkpt lat="39.7223390" lon="-105.8876660">
    <ele>3435.8</ele>
    <time>2026-09-05T12:36:10Z</time>
    
   </trkpt>
   <trkpt lat="39.7223620" lon="-105.8876480">
    <ele>3437.0</ele>
    <time>2026-09-05T12:36:17Z</time>
    
   </trkpt>
   <trkpt lat="39.7223620" lon="-105.8876440">
    <ele>3437.2</ele>
    <time>2026-09-05T12:36:18Z</time>
    
   </trkpt>
   <trkpt lat="39.7223800" lon="-105.8876140">
    <ele>3437.0</ele>
    <time>2026-09-05T12:36:29Z</time>
    
   </trkpt>
   <trkpt lat="39.7224100" lon="-105.8875620">
    <ele>3437.6</ele>
    <time>2026-09-05T12:36:34Z</time>
    
   </trkpt>
   <trkpt lat="39.7224130" lon="-105.8875260">
    <ele>3438.2</ele>
    <time>2026-09-05T12:36:36Z</time>
    
   </trkpt>
   <trkpt lat="39.7224210" lon="-105.8874850">
    <ele>3438.8</ele>
    <time>2026-09-05T12:36:39Z</time>
    
   </trkpt>
   <trkpt lat="39.7224270" lon="-105.8874620">
    <ele>3439.0</ele>
    <time>2026-09-05T12:36:41Z</time>
    
   </trkpt>
   <trkpt lat="39.7224380" lon="-105.8874410">
    <ele>3439.2</ele>
    <time>2026-09-05T12:36:43Z</time>
    
   </trkpt>
   <trkpt lat="39.7224950" lon="-105.8873770">
    <ele>3440.4</ele>
    <time>2026-09-05T12:36:49Z</time>
    
   </trkpt>
   <trkpt lat="39.7225060" lon="-105.8873620">
    <ele>3440.8</ele>
    <time>2026-09-05T12:36:50Z</time>
    
   </trkpt>
   <trkpt lat="39.7225340" lon="-105.8873040">
    <ele>3441.6</ele>
    <time>2026-09-05T12:36:54Z</time>
    
   </trkpt>
   <trkpt lat="39.7225730" lon="-105.8872340">
    <ele>3442.6</ele>
    <time>2026-09-05T12:37:00Z</time>
    
   </trkpt>
   <trkpt lat="39.7225930" lon="-105.8872080">
    <ele>3443.4</ele>
    <time>2026-09-05T12:37:03Z</time>
    
   </trkpt>
   <trkpt lat="39.7226020" lon="-105.8871880">
    <ele>3443.6</ele>
    <time>2026-09-05T12:37:05Z</time>
    
   </trkpt>
   <trkpt lat="39.7226190" lon="-105.8871780">
    <ele>3444.2</ele>
    <time>2026-09-05T12:37:09Z</time>
    
   </trkpt>
   <trkpt lat="39.7226210" lon="-105.8872010">
    <ele>3445.0</ele>
    <time>2026-09-05T12:37:11Z</time>
    
   </trkpt>
   <trkpt lat="39.7226190" lon="-105.8872110">
    <ele>3445.2</ele>
    <time>2026-09-05T12:37:12Z</time>
    
   </trkpt>
   <trkpt lat="39.7226180" lon="-105.8872220">
    <ele>3445.2</ele>
    <time>2026-09-05T12:37:13Z</time>
    
   </trkpt>
   <trkpt lat="39.7226250" lon="-105.8872680">
    <ele>3446.0</ele>
    <time>2026-09-05T12:37:17Z</time>
    
   </trkpt>
   <trkpt lat="39.7226300" lon="-105.8873270">
    <ele>3447.0</ele>
    <time>2026-09-05T12:37:22Z</time>
    
   </trkpt>
   <trkpt lat="39.7226310" lon="-105.8873410">
    <ele>3447.2</ele>
    <time>2026-09-05T12:37:23Z</time>
    
   </trkpt>
   <trkpt lat="39.7226320" lon="-105.8873540">
    <ele>3447.4</ele>
    <time>2026-09-05T12:37:24Z</time>
    
   </trkpt>
   <trkpt lat="39.7226440" lon="-105.8874120">
    <ele>3448.4</ele>
    <time>2026-09-05T12:37:28Z</time>
    
   </trkpt>
   <trkpt lat="39.7226480" lon="-105.8874420">
    <ele>3448.8</ele>
    <time>2026-09-05T12:37:31Z</time>
    
   </trkpt>
   <trkpt lat="39.7226480" lon="-105.8874600">
    <ele>3449.2</ele>
    <time>2026-09-05T12:37:33Z</time>
    
   </trkpt>
   <trkpt lat="39.7226470" lon="-105.8874650">
    <ele>3449.6</ele>
    <time>2026-09-05T12:37:34Z</time>
    
   </trkpt>
   <trkpt lat="39.7226490" lon="-105.8874710">
    <ele>3450.0</ele>
    <time>2026-09-05T12:37:36Z</time>
    
   </trkpt>
   <trkpt lat="39.7226430" lon="-105.8874780">
    <ele>3450.6</ele>
    <time>2026-09-05T12:37:40Z</time>
    
   </trkpt>
   <trkpt lat="39.7226480" lon="-105.8874740">
    <ele>3450.6</ele>
    <time>2026-09-05T12:37:42Z</time>
    
   </trkpt>
   <trkpt lat="39.7226780" lon="-105.8874590">
    <ele>3451.0</ele>
    <time>2026-09-05T12:37:57Z</time>
    
   </trkpt>
   <trkpt lat="39.7226810" lon="-105.8874560">
    <ele>3450.2</ele>
    <time>2026-09-05T12:38:06Z</time>
    
   </trkpt>
   <trkpt lat="39.7226790" lon="-105.8874630">
    <ele>3450.4</ele>
    <time>2026-09-05T12:38:11Z</time>
    
   </trkpt>
   <trkpt lat="39.7226940" lon="-105.8875200">
    <ele>3451.6</ele>
    <time>2026-09-05T12:38:17Z</time>
    
   </trkpt>
   <trkpt lat="39.7226970" lon="-105.8875610">
    <ele>3451.8</ele>
    <time>2026-09-05T12:38:20Z</time>
    
   </trkpt>
   <trkpt lat="39.7227010" lon="-105.8875930">
    <ele>3451.8</ele>
    <time>2026-09-05T12:38:22Z</time>
    
   </trkpt>
   <trkpt lat="39.7227040" lon="-105.8876840">
    <ele>3452.8</ele>
    <time>2026-09-05T12:38:28Z</time>
    
   </trkpt>
   <trkpt lat="39.7227340" lon="-105.8877510">
    <ele>3453.6</ele>
    <time>2026-09-05T12:38:34Z</time>
    
   </trkpt>
   <trkpt lat="39.7227420" lon="-105.8877630">
    <ele>3453.8</ele>
    <time>2026-09-05T12:38:35Z</time>
    
   </trkpt>
   <trkpt lat="39.7227810" lon="-105.8878280">
    <ele>3454.8</ele>
    <time>2026-09-05T12:38:41Z</time>
    
   </trkpt>
   <trkpt lat="39.7227980" lon="-105.8878920">
    <ele>3455.8</ele>
    <time>2026-09-05T12:38:47Z</time>
    
   </trkpt>
   <trkpt lat="39.7228010" lon="-105.8878940">
    <ele>3455.8</ele>
    <time>2026-09-05T12:38:48Z</time>
    
   </trkpt>
   <trkpt lat="39.7228030" lon="-105.8878960">
    <ele>3455.8</ele>
    <time>2026-09-05T12:38:49Z</time>
    
   </trkpt>
   <trkpt lat="39.7228000" lon="-105.8879060">
    <ele>3455.4</ele>
    <time>2026-09-05T12:38:56Z</time>
    
   </trkpt>
   <trkpt lat="39.7228480" lon="-105.8879930">
    <ele>3456.4</ele>
    <time>2026-09-05T12:39:04Z</time>
    
   </trkpt>
   <trkpt lat="39.7228720" lon="-105.8880280">
    <ele>3457.0</ele>
    <time>2026-09-05T12:39:07Z</time>
    
   </trkpt>
   <trkpt lat="39.7229000" lon="-105.8880890">
    <ele>3458.2</ele>
    <time>2026-09-05T12:39:12Z</time>
    
   </trkpt>
   <trkpt lat="39.7229320" lon="-105.8881730">
    <ele>3459.4</ele>
    <time>2026-09-05T12:39:19Z</time>
    
   </trkpt>
   <trkpt lat="39.7229360" lon="-105.8881860">
    <ele>3459.6</ele>
    <time>2026-09-05T12:39:20Z</time>
    
   </trkpt>
   <trkpt lat="39.7229580" lon="-105.8882480">
    <ele>3460.4</ele>
    <time>2026-09-05T12:39:25Z</time>
    
   </trkpt>
   <trkpt lat="39.7229960" lon="-105.8883080">
    <ele>3461.4</ele>
    <time>2026-09-05T12:39:31Z</time>
    
   </trkpt>
   <trkpt lat="39.7230050" lon="-105.8883180">
    <ele>3461.6</ele>
    <time>2026-09-05T12:39:32Z</time>
    
   </trkpt>
   <trkpt lat="39.7230280" lon="-105.8883480">
    <ele>3462.6</ele>
    <time>2026-09-05T12:39:35Z</time>
    
   </trkpt>
   <trkpt lat="39.7230560" lon="-105.8883890">
    <ele>3463.6</ele>
    <time>2026-09-05T12:39:39Z</time>
    
   </trkpt>
   <trkpt lat="39.7230830" lon="-105.8884350">
    <ele>3464.8</ele>
    <time>2026-09-05T12:39:44Z</time>
    
   </trkpt>
   <trkpt lat="39.7230870" lon="-105.8884440">
    <ele>3465.2</ele>
    <time>2026-09-05T12:39:45Z</time>
    
   </trkpt>
   <trkpt lat="39.7231060" lon="-105.8884650">
    <ele>3465.8</ele>
    <time>2026-09-05T12:39:48Z</time>
    
   </trkpt>
   <trkpt lat="39.7231210" lon="-105.8885200">
    <ele>3467.0</ele>
    <time>2026-09-05T12:39:53Z</time>
    
   </trkpt>
   <trkpt lat="39.7231240" lon="-105.8885320">
    <ele>3467.0</ele>
    <time>2026-09-05T12:39:54Z</time>
    
   </trkpt>
   <trkpt lat="39.7231290" lon="-105.8885560">
    <ele>3467.4</ele>
    <time>2026-09-05T12:39:56Z</time>
    
   </trkpt>
   <trkpt lat="39.7231290" lon="-105.8885940">
    <ele>3468.0</ele>
    <time>2026-09-05T12:39:59Z</time>
    
   </trkpt>
   <trkpt lat="39.7231330" lon="-105.8886170">
    <ele>3468.4</ele>
    <time>2026-09-05T12:40:02Z</time>
    
   </trkpt>
   <trkpt lat="39.7231320" lon="-105.8886200">
    <ele>3468.6</ele>
    <time>2026-09-05T12:40:04Z</time>
    
   </trkpt>
   <trkpt lat="39.7231380" lon="-105.8886540">
    <ele>3469.2</ele>
    <time>2026-09-05T12:40:08Z</time>
    
   </trkpt>
   <trkpt lat="39.7231570" lon="-105.8886770">
    <ele>3469.6</ele>
    <time>2026-09-05T12:40:11Z</time>
    
   </trkpt>
   <trkpt lat="39.7231610" lon="-105.8886830">
    <ele>3469.8</ele>
    <time>2026-09-05T12:40:12Z</time>
    
   </trkpt>
   <trkpt lat="39.7231810" lon="-105.8887000">
    <ele>3470.2</ele>
    <time>2026-09-05T12:40:15Z</time>
    
   </trkpt>
   <trkpt lat="39.7231850" lon="-105.8887070">
    <ele>3470.4</ele>
    <time>2026-09-05T12:40:16Z</time>
    
   </trkpt>
   <trkpt lat="39.7231920" lon="-105.8887200">
    <ele>3471.2</ele>
    <time>2026-09-05T12:40:18Z</time>
    
   </trkpt>
   <trkpt lat="39.7231980" lon="-105.8887270">
    <ele>3471.4</ele>
    <time>2026-09-05T12:40:19Z</time>
    
   </trkpt>
   <trkpt lat="39.7232160" lon="-105.8887470">
    <ele>3472.0</ele>
    <time>2026-09-05T12:40:22Z</time>
    
   </trkpt>
   <trkpt lat="39.7232270" lon="-105.8887540">
    <ele>3472.2</ele>
    <time>2026-09-05T12:40:24Z</time>
    
   </trkpt>
   <trkpt lat="39.7232360" lon="-105.8887690">
    <ele>3472.4</ele>
    <time>2026-09-05T12:40:26Z</time>
    
   </trkpt>
   <trkpt lat="39.7232390" lon="-105.8887760">
    <ele>3472.8</ele>
    <time>2026-09-05T12:40:27Z</time>
    
   </trkpt>
   <trkpt lat="39.7232480" lon="-105.8888070">
    <ele>3473.6</ele>
    <time>2026-09-05T12:40:30Z</time>
    
   </trkpt>
   <trkpt lat="39.7232520" lon="-105.8888200">
    <ele>3473.8</ele>
    <time>2026-09-05T12:40:31Z</time>
    
   </trkpt>
   <trkpt lat="39.7232710" lon="-105.8888840">
    <ele>3475.0</ele>
    <time>2026-09-05T12:40:36Z</time>
    
   </trkpt>
   <trkpt lat="39.7232750" lon="-105.8888950">
    <ele>3475.4</ele>
    <time>2026-09-05T12:40:37Z</time>
    
   </trkpt>
   <trkpt lat="39.7232850" lon="-105.8889180">
    <ele>3476.0</ele>
    <time>2026-09-05T12:40:39Z</time>
    
   </trkpt>
   <trkpt lat="39.7233000" lon="-105.8889520">
    <ele>3476.6</ele>
    <time>2026-09-05T12:40:43Z</time>
    
   </trkpt>
   <trkpt lat="39.7233030" lon="-105.8889540">
    <ele>3476.6</ele>
    <time>2026-09-05T12:40:44Z</time>
    
   </trkpt>
   <trkpt lat="39.7233010" lon="-105.8889520">
    <ele>3476.4</ele>
    <time>2026-09-05T12:40:52Z</time>
    
   </trkpt>
   <trkpt lat="39.7232990" lon="-105.8889630">
    <ele>3476.6</ele>
    <time>2026-09-05T12:40:58Z</time>
    
   </trkpt>
   <trkpt lat="39.7233000" lon="-105.8889650">
    <ele>3476.6</ele>
    <time>2026-09-05T12:41:00Z</time>
    
   </trkpt>
   <trkpt lat="39.7233040" lon="-105.8889640">
    <ele>3476.4</ele>
    <time>2026-09-05T12:41:02Z</time>
    
   </trkpt>
   <trkpt lat="39.7233060" lon="-105.8889650">
    <ele>3476.2</ele>
    <time>2026-09-05T12:41:05Z</time>
    
   </trkpt>
   <trkpt lat="39.7233060" lon="-105.8889650">
    <ele>3476.2</ele>
    <time>2026-09-05T12:41:06Z</time>
    
   </trkpt>
   <trkpt lat="39.7233160" lon="-105.8890080">
    <ele>3476.4</ele>
    <time>2026-09-05T12:41:10Z</time>
    
   </trkpt>
   <trkpt lat="39.7233250" lon="-105.8890360">
    <ele>3476.8</ele>
    <time>2026-09-05T12:41:12Z</time>
    
   </trkpt>
   <trkpt lat="39.7233280" lon="-105.8890460">
    <ele>3477.0</ele>
    <time>2026-09-05T12:41:13Z</time>
    
   </trkpt>
   <trkpt lat="39.7233660" lon="-105.8891020">
    <ele>3478.2</ele>
    <time>2026-09-05T12:41:18Z</time>
    
   </trkpt>
   <trkpt lat="39.7233760" lon="-105.8891330">
    <ele>3478.8</ele>
    <time>2026-09-05T12:41:21Z</time>
    
   </trkpt>
   <trkpt lat="39.7233810" lon="-105.8891660">
    <ele>3479.2</ele>
    <time>2026-09-05T12:41:23Z</time>
    
   </trkpt>
   <trkpt lat="39.7233980" lon="-105.8892160">
    <ele>3480.2</ele>
    <time>2026-09-05T12:41:27Z</time>
    
   </trkpt>
   <trkpt lat="39.7234010" lon="-105.8892280">
    <ele>3480.2</ele>
    <time>2026-09-05T12:41:28Z</time>
    
   </trkpt>
   <trkpt lat="39.7234070" lon="-105.8892410">
    <ele>3480.4</ele>
    <time>2026-09-05T12:41:29Z</time>
    
   </trkpt>
   <trkpt lat="39.7234170" lon="-105.8892810">
    <ele>3480.6</ele>
    <time>2026-09-05T12:41:32Z</time>
    
   </trkpt>
   <trkpt lat="39.7234230" lon="-105.8893180">
    <ele>3480.8</ele>
    <time>2026-09-05T12:41:35Z</time>
    
   </trkpt>
   <trkpt lat="39.7234300" lon="-105.8893410">
    <ele>3481.4</ele>
    <time>2026-09-05T12:41:37Z</time>
    
   </trkpt>
   <trkpt lat="39.7234390" lon="-105.8893730">
    <ele>3482.4</ele>
    <time>2026-09-05T12:41:40Z</time>
    
   </trkpt>
   <trkpt lat="39.7234490" lon="-105.8894230">
    <ele>3483.2</ele>
    <time>2026-09-05T12:41:44Z</time>
    
   </trkpt>
   <trkpt lat="39.7234470" lon="-105.8894370">
    <ele>3483.2</ele>
    <time>2026-09-05T12:41:45Z</time>
    
   </trkpt>
   <trkpt lat="39.7234400" lon="-105.8894660">
    <ele>3483.6</ele>
    <time>2026-09-05T12:41:47Z</time>
    
   </trkpt>
   <trkpt lat="39.7234320" lon="-105.8895080">
    <ele>3484.0</ele>
    <time>2026-09-05T12:41:50Z</time>
    
   </trkpt>
   <trkpt lat="39.7234350" lon="-105.8895170">
    <ele>3484.6</ele>
    <time>2026-09-05T12:41:53Z</time>
    
   </trkpt>
   <trkpt lat="39.7234280" lon="-105.8895060">
    <ele>3484.6</ele>
    <time>2026-09-05T12:41:59Z</time>
    
   </trkpt>
   <trkpt lat="39.7234110" lon="-105.8895180">
    <ele>3484.8</ele>
    <time>2026-09-05T12:42:10Z</time>
    
   </trkpt>
   <trkpt lat="39.7234210" lon="-105.8895500">
    <ele>3485.2</ele>
    <time>2026-09-05T12:42:15Z</time>
    
   </trkpt>
   <trkpt lat="39.7234190" lon="-105.8895500">
    <ele>3485.6</ele>
    <time>2026-09-05T12:42:18Z</time>
    
   </trkpt>
   <trkpt lat="39.7234170" lon="-105.8895500">
    <ele>3485.8</ele>
    <time>2026-09-05T12:42:19Z</time>
    
   </trkpt>
   <trkpt lat="39.7234180" lon="-105.8895590">
    <ele>3486.0</ele>
    <time>2026-09-05T12:42:23Z</time>
    
   </trkpt>
   <trkpt lat="39.7234200" lon="-105.8895620">
    <ele>3485.8</ele>
    <time>2026-09-05T12:42:26Z</time>
    
   </trkpt>
   <trkpt lat="39.7234290" lon="-105.8895700">
    <ele>3486.0</ele>
    <time>2026-09-05T12:42:34Z</time>
    
   </trkpt>
   <trkpt lat="39.7234290" lon="-105.8895720">
    <ele>3486.0</ele>
    <time>2026-09-05T12:42:35Z</time>
    
   </trkpt>
   <trkpt lat="39.7234290" lon="-105.8895710">
    <ele>3486.4</ele>
    <time>2026-09-05T12:42:39Z</time>
    
   </trkpt>
   <trkpt lat="39.7234280" lon="-105.8895700">
    <ele>3485.8</ele>
    <time>2026-09-05T12:42:50Z</time>
    
   </trkpt>
   <trkpt lat="39.7234270" lon="-105.8895650">
    <ele>3485.8</ele>
    <time>2026-09-05T12:43:02Z</time>
    
   </trkpt>
   <trkpt lat="39.7234340" lon="-105.8895630">
    <ele>3486.0</ele>
    <time>2026-09-05T12:43:08Z</time>
    
   </trkpt>
   <trkpt lat="39.7234300" lon="-105.8895660">
    <ele>3485.4</ele>
    <time>2026-09-05T12:43:13Z</time>
    
   </trkpt>
   <trkpt lat="39.7234270" lon="-105.8895620">
    <ele>3485.4</ele>
    <time>2026-09-05T12:43:17Z</time>
    
   </trkpt>
   <trkpt lat="39.7234270" lon="-105.8895620">
    <ele>3485.4</ele>
    <time>2026-09-05T12:43:18Z</time>
    
   </trkpt>
   <trkpt lat="39.7234230" lon="-105.8895630">
    <ele>3485.4</ele>
    <time>2026-09-05T12:43:23Z</time>
    
   </trkpt>
   <trkpt lat="39.7234200" lon="-105.8895690">
    <ele>3485.4</ele>
    <time>2026-09-05T12:43:29Z</time>
    
   </trkpt>
   <trkpt lat="39.7234190" lon="-105.8895850">
    <ele>3485.4</ele>
    <time>2026-09-05T12:43:34Z</time>
    
   </trkpt>
   <trkpt lat="39.7234240" lon="-105.8895850">
    <ele>3485.4</ele>
    <time>2026-09-05T12:43:41Z</time>
    
   </trkpt>
   <trkpt lat="39.7234240" lon="-105.8895820">
    <ele>3485.4</ele>
    <time>2026-09-05T12:43:45Z</time>
    
   </trkpt>
   <trkpt lat="39.7234170" lon="-105.8895830">
    <ele>3485.4</ele>
    <time>2026-09-05T12:43:58Z</time>
    
   </trkpt>
   <trkpt lat="39.7234150" lon="-105.8895850">
    <ele>3485.4</ele>
    <time>2026-09-05T12:44:01Z</time>
    
   </trkpt>
   <trkpt lat="39.7234120" lon="-105.8895940">
    <ele>3485.4</ele>
    <time>2026-09-05T12:44:05Z</time>
    
   </trkpt>
   <trkpt lat="39.7234210" lon="-105.8896720">
    <ele>3485.4</ele>
    <time>2026-09-05T12:44:11Z</time>
    
   </trkpt>
   <trkpt lat="39.7234010" lon="-105.8897710">
    <ele>3485.6</ele>
    <time>2026-09-05T12:44:18Z</time>
    
   </trkpt>
   <trkpt lat="39.7233830" lon="-105.8897970">
    <ele>3486.6</ele>
    <time>2026-09-05T12:44:20Z</time>
    
   </trkpt>
   <trkpt lat="39.7233740" lon="-105.8898080">
    <ele>3486.8</ele>
    <time>2026-09-05T12:44:21Z</time>
    
   </trkpt>
   <trkpt lat="39.7233690" lon="-105.8898200">
    <ele>3487.0</ele>
    <time>2026-09-05T12:44:22Z</time>
    
   </trkpt>
   <trkpt lat="39.7233630" lon="-105.8898320">
    <ele>3487.0</ele>
    <time>2026-09-05T12:44:23Z</time>
    
   </trkpt>
   <trkpt lat="39.7233200" lon="-105.8898770">
    <ele>3487.0</ele>
    <time>2026-09-05T12:44:27Z</time>
    
   </trkpt>
   <trkpt lat="39.7233060" lon="-105.8899080">
    <ele>3486.8</ele>
    <time>2026-09-05T12:44:29Z</time>
    
   </trkpt>
   <trkpt lat="39.7232970" lon="-105.8899420">
    <ele>3486.8</ele>
    <time>2026-09-05T12:44:31Z</time>
    
   </trkpt>
   <trkpt lat="39.7232940" lon="-105.8899590">
    <ele>3486.8</ele>
    <time>2026-09-05T12:44:32Z</time>
    
   </trkpt>
   <trkpt lat="39.7232920" lon="-105.8899740">
    <ele>3487.0</ele>
    <time>2026-09-05T12:44:33Z</time>
    
   </trkpt>
   <trkpt lat="39.7233050" lon="-105.8900380">
    <ele>3487.8</ele>
    <time>2026-09-05T12:44:38Z</time>
    
   </trkpt>
   <trkpt lat="39.7233110" lon="-105.8900500">
    <ele>3488.0</ele>
    <time>2026-09-05T12:44:39Z</time>
    
   </trkpt>
   <trkpt lat="39.7233280" lon="-105.8901110">
    <ele>3489.0</ele>
    <time>2026-09-05T12:44:44Z</time>
    
   </trkpt>
   <trkpt lat="39.7233330" lon="-105.8901220">
    <ele>3489.2</ele>
    <time>2026-09-05T12:44:45Z</time>
    
   </trkpt>
   <trkpt lat="39.7233530" lon="-105.8901470">
    <ele>3490.0</ele>
    <time>2026-09-05T12:44:48Z</time>
    
   </trkpt>
   <trkpt lat="39.7233610" lon="-105.8901540">
    <ele>3490.0</ele>
    <time>2026-09-05T12:44:49Z</time>
    
   </trkpt>
   <trkpt lat="39.7233850" lon="-105.8901770">
    <ele>3490.8</ele>
    <time>2026-09-05T12:44:52Z</time>
    
   </trkpt>
   <trkpt lat="39.7233990" lon="-105.8901910">
    <ele>3491.2</ele>
    <time>2026-09-05T12:44:54Z</time>
    
   </trkpt>
   <trkpt lat="39.7234020" lon="-105.8902010">
    <ele>3491.6</ele>
    <time>2026-09-05T12:44:55Z</time>
    
   </trkpt>
   <trkpt lat="39.7234050" lon="-105.8902260">
    <ele>3492.0</ele>
    <time>2026-09-05T12:44:57Z</time>
    
   </trkpt>
   <trkpt lat="39.7234090" lon="-105.8902510">
    <ele>3492.2</ele>
    <time>2026-09-05T12:44:59Z</time>
    
   </trkpt>
   <trkpt lat="39.7234110" lon="-105.8903100">
    <ele>3493.4</ele>
    <time>2026-09-05T12:45:03Z</time>
    
   </trkpt>
   <trkpt lat="39.7234100" lon="-105.8903420">
    <ele>3493.6</ele>
    <time>2026-09-05T12:45:05Z</time>
    
   </trkpt>
   <trkpt lat="39.7234160" lon="-105.8903860">
    <ele>3494.4</ele>
    <time>2026-09-05T12:45:09Z</time>
    
   </trkpt>
   <trkpt lat="39.7234290" lon="-105.8904250">
    <ele>3495.4</ele>
    <time>2026-09-05T12:45:12Z</time>
    
   </trkpt>
   <trkpt lat="39.7234360" lon="-105.8904380">
    <ele>3495.6</ele>
    <time>2026-09-05T12:45:13Z</time>
    
   </trkpt>
   <trkpt lat="39.7234670" lon="-105.8904810">
    <ele>3496.8</ele>
    <time>2026-09-05T12:45:17Z</time>
    
   </trkpt>
   <trkpt lat="39.7234780" lon="-105.8905100">
    <ele>3497.2</ele>
    <time>2026-09-05T12:45:19Z</time>
    
   </trkpt>
   <trkpt lat="39.7234890" lon="-105.8905520">
    <ele>3497.4</ele>
    <time>2026-09-05T12:45:22Z</time>
    
   </trkpt>
   <trkpt lat="39.7234870" lon="-105.8905980">
    <ele>3497.8</ele>
    <time>2026-09-05T12:45:25Z</time>
    
   </trkpt>
   <trkpt lat="39.7234830" lon="-105.8906310">
    <ele>3497.8</ele>
    <time>2026-09-05T12:45:27Z</time>
    
   </trkpt>
   <trkpt lat="39.7234600" lon="-105.8907640">
    <ele>3497.8</ele>
    <time>2026-09-05T12:45:35Z</time>
    
   </trkpt>
   <trkpt lat="39.7234580" lon="-105.8909010">
    <ele>3498.0</ele>
    <time>2026-09-05T12:45:43Z</time>
    
   </trkpt>
   <trkpt lat="39.7234790" lon="-105.8910050">
    <ele>3498.4</ele>
    <time>2026-09-05T12:45:50Z</time>
    
   </trkpt>
   <trkpt lat="39.7234800" lon="-105.8910190">
    <ele>3498.2</ele>
    <time>2026-09-05T12:45:51Z</time>
    
   </trkpt>
   <trkpt lat="39.7234770" lon="-105.8910630">
    <ele>3498.2</ele>
    <time>2026-09-05T12:45:54Z</time>
    
   </trkpt>
   <trkpt lat="39.7234760" lon="-105.8911190">
    <ele>3498.8</ele>
    <time>2026-09-05T12:45:58Z</time>
    
   </trkpt>
   <trkpt lat="39.7234780" lon="-105.8911320">
    <ele>3499.0</ele>
    <time>2026-09-05T12:45:59Z</time>
    
   </trkpt>
   <trkpt lat="39.7235110" lon="-105.8912360">
    <ele>3499.2</ele>
    <time>2026-09-05T12:46:06Z</time>
    
   </trkpt>
   <trkpt lat="39.7235200" lon="-105.8912650">
    <ele>3499.2</ele>
    <time>2026-09-05T12:46:08Z</time>
    
   </trkpt>
   <trkpt lat="39.7235200" lon="-105.8913670">
    <ele>3498.8</ele>
    <time>2026-09-05T12:46:14Z</time>
    
   </trkpt>
   <trkpt lat="39.7235200" lon="-105.8914980">
    <ele>3499.0</ele>
    <time>2026-09-05T12:46:23Z</time>
    
   </trkpt>
   <trkpt lat="39.7235200" lon="-105.8915060">
    <ele>3498.8</ele>
    <time>2026-09-05T12:46:24Z</time>
    
   </trkpt>
   <trkpt lat="39.7235150" lon="-105.8915380">
    <ele>3498.4</ele>
    <time>2026-09-05T12:46:27Z</time>
    
   </trkpt>
   <trkpt lat="39.7235130" lon="-105.8916190">
    <ele>3498.0</ele>
    <time>2026-09-05T12:46:33Z</time>
    
   </trkpt>
   <trkpt lat="39.7235130" lon="-105.8916350">
    <ele>3497.8</ele>
    <time>2026-09-05T12:46:34Z</time>
    
   </trkpt>
   <trkpt lat="39.7235130" lon="-105.8916850">
    <ele>3497.8</ele>
    <time>2026-09-05T12:46:37Z</time>
    
   </trkpt>
   <trkpt lat="39.7235050" lon="-105.8917650">
    <ele>3496.6</ele>
    <time>2026-09-05T12:46:42Z</time>
    
   </trkpt>
   <trkpt lat="39.7234960" lon="-105.8917970">
    <ele>3496.2</ele>
    <time>2026-09-05T12:46:44Z</time>
    
   </trkpt>
   <trkpt lat="39.7234480" lon="-105.8919210">
    <ele>3496.6</ele>
    <time>2026-09-05T12:46:53Z</time>
    
   </trkpt>
   <trkpt lat="39.7234290" lon="-105.8919570">
    <ele>3497.0</ele>
    <time>2026-09-05T12:46:56Z</time>
    
   </trkpt>
   <trkpt lat="39.7234230" lon="-105.8919870">
    <ele>3497.6</ele>
    <time>2026-09-05T12:46:59Z</time>
    
   </trkpt>
   <trkpt lat="39.7234190" lon="-105.8919910">
    <ele>3498.0</ele>
    <time>2026-09-05T12:47:00Z</time>
    
   </trkpt>
   <trkpt lat="39.7234160" lon="-105.8919960">
    <ele>3498.2</ele>
    <time>2026-09-05T12:47:01Z</time>
    
   </trkpt>
   <trkpt lat="39.7234050" lon="-105.8920050">
    <ele>3498.4</ele>
    <time>2026-09-05T12:47:02Z</time>
    
   </trkpt>
   <trkpt lat="39.7233770" lon="-105.8920440">
    <ele>3499.0</ele>
    <time>2026-09-05T12:47:07Z</time>
    
   </trkpt>
   <trkpt lat="39.7233760" lon="-105.8920460">
    <ele>3499.0</ele>
    <time>2026-09-05T12:47:08Z</time>
    
   </trkpt>
   <trkpt lat="39.7233740" lon="-105.8920470">
    <ele>3499.0</ele>
    <time>2026-09-05T12:47:09Z</time>
    
   </trkpt>
   <trkpt lat="39.7233720" lon="-105.8920530">
    <ele>3499.2</ele>
    <time>2026-09-05T12:47:11Z</time>
    
   </trkpt>
   <trkpt lat="39.7233310" lon="-105.8921150">
    <ele>3499.4</ele>
    <time>2026-09-05T12:47:17Z</time>
    
   </trkpt>
   <trkpt lat="39.7233230" lon="-105.8921280">
    <ele>3499.6</ele>
    <time>2026-09-05T12:47:18Z</time>
    
   </trkpt>
   <trkpt lat="39.7233150" lon="-105.8921410">
    <ele>3499.6</ele>
    <time>2026-09-05T12:47:19Z</time>
    
   </trkpt>
   <trkpt lat="39.7232710" lon="-105.8922420">
    <ele>3499.8</ele>
    <time>2026-09-05T12:47:26Z</time>
    
   </trkpt>
   <trkpt lat="39.7232350" lon="-105.8923160">
    <ele>3499.8</ele>
    <time>2026-09-05T12:47:31Z</time>
    
   </trkpt>
   <trkpt lat="39.7232060" lon="-105.8923890">
    <ele>3499.6</ele>
    <time>2026-09-05T12:47:36Z</time>
    
   </trkpt>
   <trkpt lat="39.7231840" lon="-105.8924440">
    <ele>3499.4</ele>
    <time>2026-09-05T12:47:40Z</time>
    
   </trkpt>
   <trkpt lat="39.7231600" lon="-105.8925060">
    <ele>3499.4</ele>
    <time>2026-09-05T12:47:44Z</time>
    
   </trkpt>
   <trkpt lat="39.7231570" lon="-105.8925210">
    <ele>3499.4</ele>
    <time>2026-09-05T12:47:45Z</time>
    
   </trkpt>
   <trkpt lat="39.7231340" lon="-105.8925580">
    <ele>3499.4</ele>
    <time>2026-09-05T12:47:48Z</time>
    
   </trkpt>
   <trkpt lat="39.7230950" lon="-105.8926080">
    <ele>3499.6</ele>
    <time>2026-09-05T12:47:52Z</time>
    
   </trkpt>
   <trkpt lat="39.7230280" lon="-105.8926810">
    <ele>3499.4</ele>
    <time>2026-09-05T12:47:59Z</time>
    
   </trkpt>
   <trkpt lat="39.7229920" lon="-105.8927690">
    <ele>3498.8</ele>
    <time>2026-09-05T12:48:05Z</time>
    
   </trkpt>
   <trkpt lat="39.7229950" lon="-105.8928500">
    <ele>3499.0</ele>
    <time>2026-09-05T12:48:10Z</time>
    
   </trkpt>
   <trkpt lat="39.7230010" lon="-105.8929040">
    <ele>3498.8</ele>
    <time>2026-09-05T12:48:13Z</time>
    
   </trkpt>
   <trkpt lat="39.7230040" lon="-105.8929440">
    <ele>3498.4</ele>
    <time>2026-09-05T12:48:15Z</time>
    
   </trkpt>
   <trkpt lat="39.7230150" lon="-105.8930490">
    <ele>3498.2</ele>
    <time>2026-09-05T12:48:21Z</time>
    
   </trkpt>
   <trkpt lat="39.7230460" lon="-105.8931370">
    <ele>3498.6</ele>
    <time>2026-09-05T12:48:26Z</time>
    
   </trkpt>
   <trkpt lat="39.7230670" lon="-105.8932000">
    <ele>3499.4</ele>
    <time>2026-09-05T12:48:30Z</time>
    
   </trkpt>
   <trkpt lat="39.7230960" lon="-105.8932600">
    <ele>3500.2</ele>
    <time>2026-09-05T12:48:34Z</time>
    
   </trkpt>
   <trkpt lat="39.7231120" lon="-105.8933490">
    <ele>3500.0</ele>
    <time>2026-09-05T12:48:39Z</time>
    
   </trkpt>
   <trkpt lat="39.7231330" lon="-105.8934670">
    <ele>3499.0</ele>
    <time>2026-09-05T12:48:46Z</time>
    
   </trkpt>
   <trkpt lat="39.7231320" lon="-105.8934850">
    <ele>3499.0</ele>
    <time>2026-09-05T12:48:47Z</time>
    
   </trkpt>
   <trkpt lat="39.7231390" lon="-105.8936260">
    <ele>3499.2</ele>
    <time>2026-09-05T12:48:55Z</time>
    
   </trkpt>
   <trkpt lat="39.7231330" lon="-105.8936910">
    <ele>3499.2</ele>
    <time>2026-09-05T12:49:00Z</time>
    
   </trkpt>
   <trkpt lat="39.7231280" lon="-105.8937110">
    <ele>3499.2</ele>
    <time>2026-09-05T12:49:02Z</time>
    
   </trkpt>
   <trkpt lat="39.7231260" lon="-105.8937120">
    <ele>3499.2</ele>
    <time>2026-09-05T12:49:03Z</time>
    
   </trkpt>
   <trkpt lat="39.7231520" lon="-105.8937050">
    <ele>3498.8</ele>
    <time>2026-09-05T12:49:14Z</time>
    
   </trkpt>
   <trkpt lat="39.7231540" lon="-105.8937040">
    <ele>3498.8</ele>
    <time>2026-09-05T12:49:20Z</time>
    
   </trkpt>
   <trkpt lat="39.7231380" lon="-105.8937760">
    <ele>3498.8</ele>
    <time>2026-09-05T12:49:26Z</time>
    
   </trkpt>
   <trkpt lat="39.7230900" lon="-105.8939010">
    <ele>3498.2</ele>
    <time>2026-09-05T12:49:34Z</time>
    
   </trkpt>
   <trkpt lat="39.7230800" lon="-105.8939280">
    <ele>3498.0</ele>
    <time>2026-09-05T12:49:36Z</time>
    
   </trkpt>
   <trkpt lat="39.7230730" lon="-105.8939410">
    <ele>3498.0</ele>
    <time>2026-09-05T12:49:37Z</time>
    
   </trkpt>
   <trkpt lat="39.7230650" lon="-105.8939560">
    <ele>3497.8</ele>
    <time>2026-09-05T12:49:38Z</time>
    
   </trkpt>
   <trkpt lat="39.7230460" lon="-105.8939830">
    <ele>3497.8</ele>
    <time>2026-09-05T12:49:40Z</time>
    
   </trkpt>
   <trkpt lat="39.7230180" lon="-105.8940340">
    <ele>3497.8</ele>
    <time>2026-09-05T12:49:44Z</time>
    
   </trkpt>
   <trkpt lat="39.7229810" lon="-105.8941210">
    <ele>3496.8</ele>
    <time>2026-09-05T12:49:50Z</time>
    
   </trkpt>
   <trkpt lat="39.7229780" lon="-105.8941340">
    <ele>3496.6</ele>
    <time>2026-09-05T12:49:51Z</time>
    
   </trkpt>
   <trkpt lat="39.7229390" lon="-105.8942100">
    <ele>3495.8</ele>
    <time>2026-09-05T12:49:57Z</time>
    
   </trkpt>
   <trkpt lat="39.7229130" lon="-105.8942540">
    <ele>3496.0</ele>
    <time>2026-09-05T12:50:00Z</time>
    
   </trkpt>
   <trkpt lat="39.7228990" lon="-105.8942820">
    <ele>3496.2</ele>
    <time>2026-09-05T12:50:02Z</time>
    
   </trkpt>
   <trkpt lat="39.7228620" lon="-105.8943870">
    <ele>3496.4</ele>
    <time>2026-09-05T12:50:09Z</time>
    
   </trkpt>
   <trkpt lat="39.7228270" lon="-105.8944280">
    <ele>3496.4</ele>
    <time>2026-09-05T12:50:13Z</time>
    
   </trkpt>
   <trkpt lat="39.7228230" lon="-105.8944550">
    <ele>3496.4</ele>
    <time>2026-09-05T12:50:15Z</time>
    
   </trkpt>
   <trkpt lat="39.7228140" lon="-105.8945120">
    <ele>3496.0</ele>
    <time>2026-09-05T12:50:19Z</time>
    
   </trkpt>
   <trkpt lat="39.7227980" lon="-105.8945360">
    <ele>3495.6</ele>
    <time>2026-09-05T12:50:21Z</time>
    
   </trkpt>
   <trkpt lat="39.7227480" lon="-105.8946150">
    <ele>3494.6</ele>
    <time>2026-09-05T12:50:27Z</time>
    
   </trkpt>
   <trkpt lat="39.7227370" lon="-105.8946390">
    <ele>3495.0</ele>
    <time>2026-09-05T12:50:29Z</time>
    
   </trkpt>
   <trkpt lat="39.7227160" lon="-105.8946850">
    <ele>3495.6</ele>
    <time>2026-09-05T12:50:33Z</time>
    
   </trkpt>
   <trkpt lat="39.7227140" lon="-105.8947010">
    <ele>3495.6</ele>
    <time>2026-09-05T12:50:34Z</time>
    
   </trkpt>
   <trkpt lat="39.7227100" lon="-105.8947160">
    <ele>3495.6</ele>
    <time>2026-09-05T12:50:35Z</time>
    
   </trkpt>
   <trkpt lat="39.7227070" lon="-105.8947320">
    <ele>3495.6</ele>
    <time>2026-09-05T12:50:36Z</time>
    
   </trkpt>
   <trkpt lat="39.7227000" lon="-105.8947600">
    <ele>3495.0</ele>
    <time>2026-09-05T12:50:38Z</time>
    
   </trkpt>
   <trkpt lat="39.7226790" lon="-105.8947800">
    <ele>3494.6</ele>
    <time>2026-09-05T12:50:40Z</time>
    
   </trkpt>
   <trkpt lat="39.7226570" lon="-105.8948020">
    <ele>3494.2</ele>
    <time>2026-09-05T12:50:42Z</time>
    
   </trkpt>
   <trkpt lat="39.7226120" lon="-105.8948570">
    <ele>3493.8</ele>
    <time>2026-09-05T12:50:46Z</time>
    
   </trkpt>
   <trkpt lat="39.7226000" lon="-105.8948700">
    <ele>3493.8</ele>
    <time>2026-09-05T12:50:47Z</time>
    
   </trkpt>
   <trkpt lat="39.7225680" lon="-105.8949110">
    <ele>3493.6</ele>
    <time>2026-09-05T12:50:50Z</time>
    
   </trkpt>
   <trkpt lat="39.7225190" lon="-105.8949670">
    <ele>3492.6</ele>
    <time>2026-09-05T12:50:55Z</time>
    
   </trkpt>
   <trkpt lat="39.7224890" lon="-105.8949990">
    <ele>3491.8</ele>
    <time>2026-09-05T12:50:58Z</time>
    
   </trkpt>
   <trkpt lat="39.7224280" lon="-105.8951080">
    <ele>3491.8</ele>
    <time>2026-09-05T12:51:07Z</time>
    
   </trkpt>
   <trkpt lat="39.7224170" lon="-105.8951360">
    <ele>3491.6</ele>
    <time>2026-09-05T12:51:09Z</time>
    
   </trkpt>
   <trkpt lat="39.7223540" lon="-105.8951700">
    <ele>3490.6</ele>
    <time>2026-09-05T12:51:15Z</time>
    
   </trkpt>
   <trkpt lat="39.7223440" lon="-105.8951680">
    <ele>3490.4</ele>
    <time>2026-09-05T12:51:16Z</time>
    
   </trkpt>
   <trkpt lat="39.7222970" lon="-105.8951460">
    <ele>3490.0</ele>
    <time>2026-09-05T12:51:20Z</time>
    
   </trkpt>
   <trkpt lat="39.7222470" lon="-105.8951130">
    <ele>3489.4</ele>
    <time>2026-09-05T12:51:24Z</time>
    
   </trkpt>
   <trkpt lat="39.7222110" lon="-105.8950860">
    <ele>3489.4</ele>
    <time>2026-09-05T12:51:27Z</time>
    
   </trkpt>
   <trkpt lat="39.7221630" lon="-105.8950310">
    <ele>3489.2</ele>
    <time>2026-09-05T12:51:32Z</time>
    
   </trkpt>
   <trkpt lat="39.7221440" lon="-105.8950040">
    <ele>3489.0</ele>
    <time>2026-09-05T12:51:34Z</time>
    
   </trkpt>
   <trkpt lat="39.7221230" lon="-105.8949820">
    <ele>3489.0</ele>
    <time>2026-09-05T12:51:36Z</time>
    
   </trkpt>
   <trkpt lat="39.7221100" lon="-105.8949730">
    <ele>3489.0</ele>
    <time>2026-09-05T12:51:37Z</time>
    
   </trkpt>
   <trkpt lat="39.7220830" lon="-105.8949470">
    <ele>3489.2</ele>
    <time>2026-09-05T12:51:40Z</time>
    
   </trkpt>
   <trkpt lat="39.7220680" lon="-105.8949330">
    <ele>3489.2</ele>
    <time>2026-09-05T12:51:42Z</time>
    
   </trkpt>
   <trkpt lat="39.7220090" lon="-105.8948530">
    <ele>3489.4</ele>
    <time>2026-09-05T12:51:49Z</time>
    
   </trkpt>
   <trkpt lat="39.7219980" lon="-105.8948220">
    <ele>3489.4</ele>
    <time>2026-09-05T12:51:51Z</time>
    
   </trkpt>
   <trkpt lat="39.7219810" lon="-105.8948030">
    <ele>3489.4</ele>
    <time>2026-09-05T12:51:53Z</time>
    
   </trkpt>
   <trkpt lat="39.7219640" lon="-105.8947820">
    <ele>3489.2</ele>
    <time>2026-09-05T12:51:55Z</time>
    
   </trkpt>
   <trkpt lat="39.7219250" lon="-105.8947090">
    <ele>3488.4</ele>
    <time>2026-09-05T12:52:01Z</time>
    
   </trkpt>
   <trkpt lat="39.7219130" lon="-105.8947050">
    <ele>3488.4</ele>
    <time>2026-09-05T12:52:02Z</time>
    
   </trkpt>
   <trkpt lat="39.7218390" lon="-105.8947100">
    <ele>3487.8</ele>
    <time>2026-09-05T12:52:08Z</time>
    
   </trkpt>
   <trkpt lat="39.7218260" lon="-105.8947230">
    <ele>3487.8</ele>
    <time>2026-09-05T12:52:09Z</time>
    
   </trkpt>
   <trkpt lat="39.7217990" lon="-105.8947770">
    <ele>3487.2</ele>
    <time>2026-09-05T12:52:12Z</time>
    
   </trkpt>
   <trkpt lat="39.7217960" lon="-105.8947930">
    <ele>3487.0</ele>
    <time>2026-09-05T12:52:13Z</time>
    
   </trkpt>
   <trkpt lat="39.7217610" lon="-105.8948800">
    <ele>3486.0</ele>
    <time>2026-09-05T12:52:19Z</time>
    
   </trkpt>
   <trkpt lat="39.7217570" lon="-105.8948970">
    <ele>3485.8</ele>
    <time>2026-09-05T12:52:20Z</time>
    
   </trkpt>
   <trkpt lat="39.7217350" lon="-105.8949750">
    <ele>3485.0</ele>
    <time>2026-09-05T12:52:26Z</time>
    
   </trkpt>
   <trkpt lat="39.7217280" lon="-105.8949850">
    <ele>3484.8</ele>
    <time>2026-09-05T12:52:27Z</time>
    
   </trkpt>
   <trkpt lat="39.7217080" lon="-105.8950280">
    <ele>3484.0</ele>
    <time>2026-09-05T12:52:31Z</time>
    
   </trkpt>
   <trkpt lat="39.7216930" lon="-105.8950570">
    <ele>3483.4</ele>
    <time>2026-09-05T12:52:34Z</time>
    
   </trkpt>
   <trkpt lat="39.7216920" lon="-105.8950730">
    <ele>3483.0</ele>
    <time>2026-09-05T12:52:35Z</time>
    
   </trkpt>
   <trkpt lat="39.7216970" lon="-105.8951100">
    <ele>3481.8</ele>
    <time>2026-09-05T12:52:38Z</time>
    
   </trkpt>
   <trkpt lat="39.7217030" lon="-105.8951260">
    <ele>3481.2</ele>
    <time>2026-09-05T12:52:40Z</time>
    
   </trkpt>
   <trkpt lat="39.7217050" lon="-105.8951360">
    <ele>3481.0</ele>
    <time>2026-09-05T12:52:41Z</time>
    
   </trkpt>
   <trkpt lat="39.7217070" lon="-105.8951460">
    <ele>3481.0</ele>
    <time>2026-09-05T12:52:42Z</time>
    
   </trkpt>
   <trkpt lat="39.7216970" lon="-105.8951710">
    <ele>3481.0</ele>
    <time>2026-09-05T12:52:44Z</time>
    
   </trkpt>
   <trkpt lat="39.7216810" lon="-105.8952060">
    <ele>3480.6</ele>
    <time>2026-09-05T12:52:47Z</time>
    
   </trkpt>
   <trkpt lat="39.7216630" lon="-105.8952450">
    <ele>3480.4</ele>
    <time>2026-09-05T12:52:50Z</time>
    
   </trkpt>
   <trkpt lat="39.7216040" lon="-105.8953200">
    <ele>3480.4</ele>
    <time>2026-09-05T12:52:57Z</time>
    
   </trkpt>
   <trkpt lat="39.7215830" lon="-105.8953400">
    <ele>3480.4</ele>
    <time>2026-09-05T12:52:59Z</time>
    
   </trkpt>
   <trkpt lat="39.7215530" lon="-105.8953650">
    <ele>3480.2</ele>
    <time>2026-09-05T12:53:02Z</time>
    
   </trkpt>
   <trkpt lat="39.7215170" lon="-105.8953840">
    <ele>3479.6</ele>
    <time>2026-09-05T12:53:05Z</time>
    
   </trkpt>
   <trkpt lat="39.7214230" lon="-105.8954380">
    <ele>3480.6</ele>
    <time>2026-09-05T12:53:13Z</time>
    
   </trkpt>
   <trkpt lat="39.7214010" lon="-105.8954610">
    <ele>3480.8</ele>
    <time>2026-09-05T12:53:15Z</time>
    
   </trkpt>
   <trkpt lat="39.7213810" lon="-105.8954780">
    <ele>3481.2</ele>
    <time>2026-09-05T12:53:17Z</time>
    
   </trkpt>
   <trkpt lat="39.7213730" lon="-105.8954870">
    <ele>3481.4</ele>
    <time>2026-09-05T12:53:18Z</time>
    
   </trkpt>
   <trkpt lat="39.7213580" lon="-105.8955050">
    <ele>3481.6</ele>
    <time>2026-09-05T12:53:20Z</time>
    
   </trkpt>
   <trkpt lat="39.7213490" lon="-105.8955150">
    <ele>3481.8</ele>
    <time>2026-09-05T12:53:21Z</time>
    
   </trkpt>
   <trkpt lat="39.7213130" lon="-105.8955540">
    <ele>3482.4</ele>
    <time>2026-09-05T12:53:25Z</time>
    
   </trkpt>
   <trkpt lat="39.7212940" lon="-105.8955860">
    <ele>3482.8</ele>
    <time>2026-09-05T12:53:28Z</time>
    
   </trkpt>
   <trkpt lat="39.7212880" lon="-105.8955960">
    <ele>3483.0</ele>
    <time>2026-09-05T12:53:29Z</time>
    
   </trkpt>
   <trkpt lat="39.7212710" lon="-105.8956210">
    <ele>3483.2</ele>
    <time>2026-09-05T12:53:31Z</time>
    
   </trkpt>
   <trkpt lat="39.7212360" lon="-105.8957090">
    <ele>3483.6</ele>
    <time>2026-09-05T12:53:37Z</time>
    
   </trkpt>
   <trkpt lat="39.7212330" lon="-105.8957240">
    <ele>3483.8</ele>
    <time>2026-09-05T12:53:38Z</time>
    
   </trkpt>
   <trkpt lat="39.7212300" lon="-105.8957360">
    <ele>3483.8</ele>
    <time>2026-09-05T12:53:39Z</time>
    
   </trkpt>
   <trkpt lat="39.7212250" lon="-105.8957500">
    <ele>3484.0</ele>
    <time>2026-09-05T12:53:40Z</time>
    
   </trkpt>
   <trkpt lat="39.7212150" lon="-105.8958020">
    <ele>3484.0</ele>
    <time>2026-09-05T12:53:43Z</time>
    
   </trkpt>
   <trkpt lat="39.7212050" lon="-105.8958620">
    <ele>3483.8</ele>
    <time>2026-09-05T12:53:47Z</time>
    
   </trkpt>
   <trkpt lat="39.7211900" lon="-105.8958870">
    <ele>3483.6</ele>
    <time>2026-09-05T12:53:49Z</time>
    
   </trkpt>
   <trkpt lat="39.7211630" lon="-105.8959430">
    <ele>3483.0</ele>
    <time>2026-09-05T12:53:53Z</time>
    
   </trkpt>
   <trkpt lat="39.7211570" lon="-105.8959770">
    <ele>3483.0</ele>
    <time>2026-09-05T12:53:55Z</time>
    
   </trkpt>
   <trkpt lat="39.7211590" lon="-105.8960070">
    <ele>3483.0</ele>
    <time>2026-09-05T12:53:57Z</time>
    
   </trkpt>
   <trkpt lat="39.7211590" lon="-105.8960780">
    <ele>3483.0</ele>
    <time>2026-09-05T12:54:02Z</time>
    
   </trkpt>
   <trkpt lat="39.7211470" lon="-105.8961000">
    <ele>3483.0</ele>
    <time>2026-09-05T12:54:04Z</time>
    
   </trkpt>
   <trkpt lat="39.7211250" lon="-105.8961250">
    <ele>3482.8</ele>
    <time>2026-09-05T12:54:07Z</time>
    
   </trkpt>
   <trkpt lat="39.7211020" lon="-105.8961980">
    <ele>3482.2</ele>
    <time>2026-09-05T12:54:12Z</time>
    
   </trkpt>
   <trkpt lat="39.7210910" lon="-105.8962540">
    <ele>3482.0</ele>
    <time>2026-09-05T12:54:16Z</time>
    
   </trkpt>
   <trkpt lat="39.7210880" lon="-105.8962690">
    <ele>3482.0</ele>
    <time>2026-09-05T12:54:17Z</time>
    
   </trkpt>
   <trkpt lat="39.7210770" lon="-105.8962910">
    <ele>3482.0</ele>
    <time>2026-09-05T12:54:19Z</time>
    
   </trkpt>
   <trkpt lat="39.7210700" lon="-105.8963020">
    <ele>3482.0</ele>
    <time>2026-09-05T12:54:20Z</time>
    
   </trkpt>
   <trkpt lat="39.7210300" lon="-105.8963840">
    <ele>3482.0</ele>
    <time>2026-09-05T12:54:27Z</time>
    
   </trkpt>
   <trkpt lat="39.7210050" lon="-105.8964120">
    <ele>3481.6</ele>
    <time>2026-09-05T12:54:30Z</time>
    
   </trkpt>
   <trkpt lat="39.7209660" lon="-105.8964370">
    <ele>3481.0</ele>
    <time>2026-09-05T12:54:34Z</time>
    
   </trkpt>
   <trkpt lat="39.7209390" lon="-105.8964610">
    <ele>3480.2</ele>
    <time>2026-09-05T12:54:37Z</time>
    
   </trkpt>
   <trkpt lat="39.7209140" lon="-105.8964840">
    <ele>3480.0</ele>
    <time>2026-09-05T12:54:40Z</time>
    
   </trkpt>
   <trkpt lat="39.7209100" lon="-105.8964910">
    <ele>3480.0</ele>
    <time>2026-09-05T12:54:41Z</time>
    
   </trkpt>
   <trkpt lat="39.7208970" lon="-105.8965120">
    <ele>3479.6</ele>
    <time>2026-09-05T12:54:43Z</time>
    
   </trkpt>
   <trkpt lat="39.7208780" lon="-105.8965560">
    <ele>3479.2</ele>
    <time>2026-09-05T12:54:47Z</time>
    
   </trkpt>
   <trkpt lat="39.7208590" lon="-105.8966070">
    <ele>3478.8</ele>
    <time>2026-09-05T12:54:50Z</time>
    
   </trkpt>
   <trkpt lat="39.7208490" lon="-105.8966680">
    <ele>3478.2</ele>
    <time>2026-09-05T12:54:54Z</time>
    
   </trkpt>
   <trkpt lat="39.7208550" lon="-105.8966920">
    <ele>3478.2</ele>
    <time>2026-09-05T12:54:56Z</time>
    
   </trkpt>
   <trkpt lat="39.7208770" lon="-105.8967270">
    <ele>3479.4</ele>
    <time>2026-09-05T12:55:00Z</time>
    
   </trkpt>
   <trkpt lat="39.7208860" lon="-105.8967460">
    <ele>3480.0</ele>
    <time>2026-09-05T12:55:02Z</time>
    
   </trkpt>
   <trkpt lat="39.7208840" lon="-105.8967680">
    <ele>3480.4</ele>
    <time>2026-09-05T12:55:04Z</time>
    
   </trkpt>
   <trkpt lat="39.7208830" lon="-105.8967990">
    <ele>3480.8</ele>
    <time>2026-09-05T12:55:06Z</time>
    
   </trkpt>
   <trkpt lat="39.7208890" lon="-105.8968830">
    <ele>3480.6</ele>
    <time>2026-09-05T12:55:13Z</time>
    
   </trkpt>
   <trkpt lat="39.7208830" lon="-105.8968970">
    <ele>3480.8</ele>
    <time>2026-09-05T12:55:14Z</time>
    
   </trkpt>
   <trkpt lat="39.7208660" lon="-105.8969500">
    <ele>3481.0</ele>
    <time>2026-09-05T12:55:18Z</time>
    
   </trkpt>
   <trkpt lat="39.7208410" lon="-105.8970250">
    <ele>3481.2</ele>
    <time>2026-09-05T12:55:24Z</time>
    
   </trkpt>
   <trkpt lat="39.7208100" lon="-105.8970850">
    <ele>3480.0</ele>
    <time>2026-09-05T12:55:28Z</time>
    
   </trkpt>
   <trkpt lat="39.7207540" lon="-105.8971800">
    <ele>3479.2</ele>
    <time>2026-09-05T12:55:35Z</time>
    
   </trkpt>
   <trkpt lat="39.7207490" lon="-105.8971930">
    <ele>3479.0</ele>
    <time>2026-09-05T12:55:36Z</time>
    
   </trkpt>
   <trkpt lat="39.7207470" lon="-105.8972210">
    <ele>3478.8</ele>
    <time>2026-09-05T12:55:38Z</time>
    
   </trkpt>
   <trkpt lat="39.7207470" lon="-105.8972500">
    <ele>3479.2</ele>
    <time>2026-09-05T12:55:40Z</time>
    
   </trkpt>
   <trkpt lat="39.7207480" lon="-105.8972610">
    <ele>3479.2</ele>
    <time>2026-09-05T12:55:41Z</time>
    
   </trkpt>
   <trkpt lat="39.7207520" lon="-105.8972840">
    <ele>3480.0</ele>
    <time>2026-09-05T12:55:43Z</time>
    
   </trkpt>
   <trkpt lat="39.7207620" lon="-105.8973010">
    <ele>3480.4</ele>
    <time>2026-09-05T12:55:45Z</time>
    
   </trkpt>
   <trkpt lat="39.7207650" lon="-105.8973200">
    <ele>3481.2</ele>
    <time>2026-09-05T12:55:47Z</time>
    
   </trkpt>
   <trkpt lat="39.7207680" lon="-105.8973470">
    <ele>3481.8</ele>
    <time>2026-09-05T12:55:50Z</time>
    
   </trkpt>
   <trkpt lat="39.7207670" lon="-105.8973630">
    <ele>3482.0</ele>
    <time>2026-09-05T12:55:52Z</time>
    
   </trkpt>
   <trkpt lat="39.7207550" lon="-105.8973810">
    <ele>3482.0</ele>
    <time>2026-09-05T12:55:54Z</time>
    
   </trkpt>
   <trkpt lat="39.7207320" lon="-105.8973970">
    <ele>3482.0</ele>
    <time>2026-09-05T12:55:56Z</time>
    
   </trkpt>
   <trkpt lat="39.7207100" lon="-105.8974280">
    <ele>3481.6</ele>
    <time>2026-09-05T12:55:59Z</time>
    
   </trkpt>
   <trkpt lat="39.7206850" lon="-105.8975310">
    <ele>3481.8</ele>
    <time>2026-09-05T12:56:06Z</time>
    
   </trkpt>
   <trkpt lat="39.7206760" lon="-105.8975400">
    <ele>3481.8</ele>
    <time>2026-09-05T12:56:07Z</time>
    
   </trkpt>
   <trkpt lat="39.7206380" lon="-105.8975760">
    <ele>3481.6</ele>
    <time>2026-09-05T12:56:12Z</time>
    
   </trkpt>
   <trkpt lat="39.7205970" lon="-105.8976040">
    <ele>3480.6</ele>
    <time>2026-09-05T12:56:17Z</time>
    
   </trkpt>
   <trkpt lat="39.7205950" lon="-105.8976050">
    <ele>3480.4</ele>
    <time>2026-09-05T12:56:19Z</time>
    
   </trkpt>
   <trkpt lat="39.7206010" lon="-105.8976050">
    <ele>3480.0</ele>
    <time>2026-09-05T12:56:22Z</time>
    
   </trkpt>
   <trkpt lat="39.7206060" lon="-105.8976050">
    <ele>3479.8</ele>
    <time>2026-09-05T12:56:28Z</time>
    
   </trkpt>
   <trkpt lat="39.7206040" lon="-105.8976050">
    <ele>3479.8</ele>
    <time>2026-09-05T12:56:29Z</time>
    
   </trkpt>
   <trkpt lat="39.7205970" lon="-105.8976050">
    <ele>3480.0</ele>
    <time>2026-09-05T12:56:32Z</time>
    
   </trkpt>
   <trkpt lat="39.7205920" lon="-105.8975990">
    <ele>3479.8</ele>
    <time>2026-09-05T12:56:37Z</time>
    
   </trkpt>
   <trkpt lat="39.7205930" lon="-105.8975980">
    <ele>3479.8</ele>
    <time>2026-09-05T12:56:38Z</time>
    
   </trkpt>
   <trkpt lat="39.7205940" lon="-105.8975940">
    <ele>3479.8</ele>
    <time>2026-09-05T12:56:41Z</time>
    
   </trkpt>
   <trkpt lat="39.7206010" lon="-105.8975950">
    <ele>3480.0</ele>
    <time>2026-09-05T12:56:47Z</time>
    
   </trkpt>
   <trkpt lat="39.7205970" lon="-105.8975940">
    <ele>3480.2</ele>
    <time>2026-09-05T12:56:48Z</time>
    
   </trkpt>
   <trkpt lat="39.7206230" lon="-105.8976080">
    <ele>3481.2</ele>
    <time>2026-09-05T12:56:59Z</time>
    
   </trkpt>
   <trkpt lat="39.7206200" lon="-105.8976540">
    <ele>3482.2</ele>
    <time>2026-09-05T12:57:03Z</time>
    
   </trkpt>
   <trkpt lat="39.7206250" lon="-105.8976660">
    <ele>3482.4</ele>
    <time>2026-09-05T12:57:04Z</time>
    
   </trkpt>
   <trkpt lat="39.7206320" lon="-105.8976970">
    <ele>3482.6</ele>
    <time>2026-09-05T12:57:07Z</time>
    
   </trkpt>
   <trkpt lat="39.7206330" lon="-105.8977210">
    <ele>3482.8</ele>
    <time>2026-09-05T12:57:09Z</time>
    
   </trkpt>
   <trkpt lat="39.7206330" lon="-105.8977530">
    <ele>3483.0</ele>
    <time>2026-09-05T12:57:11Z</time>
    
   </trkpt>
   <trkpt lat="39.7206300" lon="-105.8977710">
    <ele>3483.0</ele>
    <time>2026-09-05T12:57:12Z</time>
    
   </trkpt>
   <trkpt lat="39.7206300" lon="-105.8977870">
    <ele>3483.2</ele>
    <time>2026-09-05T12:57:13Z</time>
    
   </trkpt>
   <trkpt lat="39.7206260" lon="-105.8978190">
    <ele>3483.4</ele>
    <time>2026-09-05T12:57:15Z</time>
    
   </trkpt>
   <trkpt lat="39.7206170" lon="-105.8978590">
    <ele>3483.6</ele>
    <time>2026-09-05T12:57:17Z</time>
    
   </trkpt>
   <trkpt lat="39.7206120" lon="-105.8978760">
    <ele>3483.6</ele>
    <time>2026-09-05T12:57:18Z</time>
    
   </trkpt>
   <trkpt lat="39.7205900" lon="-105.8979430">
    <ele>3483.6</ele>
    <time>2026-09-05T12:57:22Z</time>
    
   </trkpt>
   <trkpt lat="39.7205760" lon="-105.8979970">
    <ele>3484.4</ele>
    <time>2026-09-05T12:57:25Z</time>
    
   </trkpt>
   <trkpt lat="39.7205740" lon="-105.8980150">
    <ele>3484.8</ele>
    <time>2026-09-05T12:57:26Z</time>
    
   </trkpt>
   <trkpt lat="39.7205550" lon="-105.8981020">
    <ele>3485.4</ele>
    <time>2026-09-05T12:57:32Z</time>
    
   </trkpt>
   <trkpt lat="39.7205430" lon="-105.8981380">
    <ele>3485.6</ele>
    <time>2026-09-05T12:57:35Z</time>
    
   </trkpt>
   <trkpt lat="39.7205450" lon="-105.8981640">
    <ele>3485.8</ele>
    <time>2026-09-05T12:57:37Z</time>
    
   </trkpt>
   <trkpt lat="39.7205460" lon="-105.8981790">
    <ele>3485.8</ele>
    <time>2026-09-05T12:57:38Z</time>
    
   </trkpt>
   <trkpt lat="39.7205480" lon="-105.8982040">
    <ele>3486.8</ele>
    <time>2026-09-05T12:57:40Z</time>
    
   </trkpt>
   <trkpt lat="39.7205350" lon="-105.8982410">
    <ele>3487.8</ele>
    <time>2026-09-05T12:57:44Z</time>
    
   </trkpt>
   <trkpt lat="39.7205320" lon="-105.8982520">
    <ele>3487.8</ele>
    <time>2026-09-05T12:57:45Z</time>
    
   </trkpt>
   <trkpt lat="39.7205240" lon="-105.8983000">
    <ele>3488.4</ele>
    <time>2026-09-05T12:57:49Z</time>
    
   </trkpt>
   <trkpt lat="39.7205220" lon="-105.8983220">
    <ele>3488.6</ele>
    <time>2026-09-05T12:57:51Z</time>
    
   </trkpt>
   <trkpt lat="39.7205200" lon="-105.8983290">
    <ele>3488.6</ele>
    <time>2026-09-05T12:57:52Z</time>
    
   </trkpt>
   <trkpt lat="39.7205160" lon="-105.8983490">
    <ele>3488.4</ele>
    <time>2026-09-05T12:57:54Z</time>
    
   </trkpt>
   <trkpt lat="39.7205130" lon="-105.8983690">
    <ele>3488.4</ele>
    <time>2026-09-05T12:57:56Z</time>
    
   </trkpt>
   <trkpt lat="39.7205090" lon="-105.8983990">
    <ele>3488.0</ele>
    <time>2026-09-05T12:57:59Z</time>
    
   </trkpt>
   <trkpt lat="39.7205080" lon="-105.8984090">
    <ele>3488.0</ele>
    <time>2026-09-05T12:58:00Z</time>
    
   </trkpt>
   <trkpt lat="39.7205130" lon="-105.8984480">
    <ele>3488.0</ele>
    <time>2026-09-05T12:58:04Z</time>
    
   </trkpt>
   <trkpt lat="39.7204990" lon="-105.8984990">
    <ele>3488.2</ele>
    <time>2026-09-05T12:58:08Z</time>
    
   </trkpt>
   <trkpt lat="39.7204870" lon="-105.8985070">
    <ele>3488.2</ele>
    <time>2026-09-05T12:58:09Z</time>
    
   </trkpt>
   <trkpt lat="39.7204390" lon="-105.8985920">
    <ele>3488.4</ele>
    <time>2026-09-05T12:58:16Z</time>
    
   </trkpt>
   <trkpt lat="39.7204280" lon="-105.8985990">
    <ele>3488.2</ele>
    <time>2026-09-05T12:58:17Z</time>
    
   </trkpt>
   <trkpt lat="39.7204160" lon="-105.8985990">
    <ele>3488.0</ele>
    <time>2026-09-05T12:58:18Z</time>
    
   </trkpt>
   <trkpt lat="39.7203760" lon="-105.8986140">
    <ele>3487.6</ele>
    <time>2026-09-05T12:58:22Z</time>
    
   </trkpt>
   <trkpt lat="39.7203730" lon="-105.8986190">
    <ele>3487.6</ele>
    <time>2026-09-05T12:58:23Z</time>
    
   </trkpt>
   <trkpt lat="39.7203770" lon="-105.8986220">
    <ele>3487.6</ele>
    <time>2026-09-05T12:58:26Z</time>
    
   </trkpt>
   <trkpt lat="39.7203740" lon="-105.8986200">
    <ele>3487.6</ele>
    <time>2026-09-05T12:58:28Z</time>
    
   </trkpt>
   <trkpt lat="39.7203710" lon="-105.8986170">
    <ele>3487.8</ele>
    <time>2026-09-05T12:58:32Z</time>
    
   </trkpt>
   <trkpt lat="39.7203660" lon="-105.8986210">
    <ele>3487.6</ele>
    <time>2026-09-05T12:58:34Z</time>
    
   </trkpt>
   <trkpt lat="39.7203590" lon="-105.8986400">
    <ele>3487.6</ele>
    <time>2026-09-05T12:58:36Z</time>
    
   </trkpt>
   <trkpt lat="39.7203530" lon="-105.8986820">
    <ele>3487.4</ele>
    <time>2026-09-05T12:58:39Z</time>
    
   </trkpt>
   <trkpt lat="39.7203410" lon="-105.8987290">
    <ele>3487.6</ele>
    <time>2026-09-05T12:58:43Z</time>
    
   </trkpt>
   <trkpt lat="39.7203060" lon="-105.8987850">
    <ele>3487.6</ele>
    <time>2026-09-05T12:58:48Z</time>
    
   </trkpt>
   <trkpt lat="39.7202840" lon="-105.8988100">
    <ele>3487.2</ele>
    <time>2026-09-05T12:58:52Z</time>
    
   </trkpt>
   <trkpt lat="39.7202770" lon="-105.8988290">
    <ele>3486.6</ele>
    <time>2026-09-05T12:58:54Z</time>
    
   </trkpt>
   <trkpt lat="39.7202700" lon="-105.8988620">
    <ele>3485.0</ele>
    <time>2026-09-05T12:58:57Z</time>
    
   </trkpt>
   <trkpt lat="39.7202650" lon="-105.8988690">
    <ele>3485.0</ele>
    <time>2026-09-05T12:58:58Z</time>
    
   </trkpt>
   <trkpt lat="39.7202450" lon="-105.8988890">
    <ele>3484.4</ele>
    <time>2026-09-05T12:59:02Z</time>
    
   </trkpt>
   <trkpt lat="39.7202240" lon="-105.8989340">
    <ele>3484.0</ele>
    <time>2026-09-05T12:59:06Z</time>
    
   </trkpt>
   <trkpt lat="39.7202030" lon="-105.8989830">
    <ele>3483.8</ele>
    <time>2026-09-05T12:59:10Z</time>
    
   </trkpt>
   <trkpt lat="39.7201760" lon="-105.8990550">
    <ele>3484.0</ele>
    <time>2026-09-05T12:59:16Z</time>
    
   </trkpt>
   <trkpt lat="39.7201500" lon="-105.8991240">
    <ele>3484.2</ele>
    <time>2026-09-05T12:59:21Z</time>
    
   </trkpt>
   <trkpt lat="39.7201130" lon="-105.8992170">
    <ele>3485.0</ele>
    <time>2026-09-05T12:59:27Z</time>
    
   </trkpt>
   <trkpt lat="39.7200780" lon="-105.8993050">
    <ele>3486.2</ele>
    <time>2026-09-05T12:59:33Z</time>
    
   </trkpt>
   <trkpt lat="39.7200700" lon="-105.8993300">
    <ele>3486.4</ele>
    <time>2026-09-05T12:59:35Z</time>
    
   </trkpt>
   <trkpt lat="39.7200370" lon="-105.8994000">
    <ele>3487.2</ele>
    <time>2026-09-05T12:59:40Z</time>
    
   </trkpt>
   <trkpt lat="39.7200310" lon="-105.8994130">
    <ele>3487.2</ele>
    <time>2026-09-05T12:59:41Z</time>
    
   </trkpt>
   <trkpt lat="39.7200240" lon="-105.8994230">
    <ele>3487.4</ele>
    <time>2026-09-05T12:59:42Z</time>
    
   </trkpt>
   <trkpt lat="39.7200090" lon="-105.8994470">
    <ele>3487.8</ele>
    <time>2026-09-05T12:59:44Z</time>
    
   </trkpt>
   <trkpt lat="39.7199920" lon="-105.8994830">
    <ele>3488.2</ele>
    <time>2026-09-05T12:59:47Z</time>
    
   </trkpt>
   <trkpt lat="39.7199850" lon="-105.8994930">
    <ele>3488.4</ele>
    <time>2026-09-05T12:59:48Z</time>
    
   </trkpt>
   <trkpt lat="39.7199680" lon="-105.8995160">
    <ele>3488.4</ele>
    <time>2026-09-05T12:59:50Z</time>
    
   </trkpt>
   <trkpt lat="39.7199560" lon="-105.8995400">
    <ele>3488.4</ele>
    <time>2026-09-05T12:59:52Z</time>
    
   </trkpt>
   <trkpt lat="39.7199140" lon="-105.8996100">
    <ele>3488.6</ele>
    <time>2026-09-05T12:59:58Z</time>
    
   </trkpt>
   <trkpt lat="39.7198690" lon="-105.8996710">
    <ele>3489.2</ele>
    <time>2026-09-05T13:00:04Z</time>
    
   </trkpt>
   <trkpt lat="39.7198610" lon="-105.8996800">
    <ele>3489.2</ele>
    <time>2026-09-05T13:00:05Z</time>
    
   </trkpt>
   <trkpt lat="39.7198240" lon="-105.8997090">
    <ele>3488.8</ele>
    <time>2026-09-05T13:00:09Z</time>
    
   </trkpt>
   <trkpt lat="39.7198050" lon="-105.8997460">
    <ele>3488.2</ele>
    <time>2026-09-05T13:00:12Z</time>
    
   </trkpt>
   <trkpt lat="39.7197690" lon="-105.8998070">
    <ele>3487.8</ele>
    <time>2026-09-05T13:00:16Z</time>
    
   </trkpt>
   <trkpt lat="39.7197260" lon="-105.8998190">
    <ele>3487.2</ele>
    <time>2026-09-05T13:00:20Z</time>
    
   </trkpt>
   <trkpt lat="39.7196910" lon="-105.8998300">
    <ele>3486.8</ele>
    <time>2026-09-05T13:00:23Z</time>
    
   </trkpt>
   <trkpt lat="39.7196580" lon="-105.8998620">
    <ele>3486.2</ele>
    <time>2026-09-05T13:00:27Z</time>
    
   </trkpt>
   <trkpt lat="39.7196430" lon="-105.8998790">
    <ele>3485.8</ele>
    <time>2026-09-05T13:00:29Z</time>
    
   </trkpt>
   <trkpt lat="39.7196240" lon="-105.8998940">
    <ele>3485.8</ele>
    <time>2026-09-05T13:00:31Z</time>
    
   </trkpt>
   <trkpt lat="39.7196140" lon="-105.8999050">
    <ele>3486.0</ele>
    <time>2026-09-05T13:00:32Z</time>
    
   </trkpt>
   <trkpt lat="39.7195870" lon="-105.8999500">
    <ele>3486.4</ele>
    <time>2026-09-05T13:00:35Z</time>
    
   </trkpt>
   <trkpt lat="39.7195540" lon="-105.9000160">
    <ele>3485.8</ele>
    <time>2026-09-05T13:00:40Z</time>
    
   </trkpt>
   <trkpt lat="39.7195240" lon="-105.9000540">
    <ele>3485.2</ele>
    <time>2026-09-05T13:00:43Z</time>
    
   </trkpt>
   <trkpt lat="39.7195060" lon="-105.9000750">
    <ele>3485.2</ele>
    <time>2026-09-05T13:00:45Z</time>
    
   </trkpt>
   <trkpt lat="39.7194820" lon="-105.9001060">
    <ele>3484.6</ele>
    <time>2026-09-05T13:00:48Z</time>
    
   </trkpt>
   <trkpt lat="39.7194720" lon="-105.9001120">
    <ele>3484.4</ele>
    <time>2026-09-05T13:00:49Z</time>
    
   </trkpt>
   <trkpt lat="39.7194200" lon="-105.9001310">
    <ele>3484.0</ele>
    <time>2026-09-05T13:00:54Z</time>
    
   </trkpt>
   <trkpt lat="39.7193840" lon="-105.9001360">
    <ele>3483.4</ele>
    <time>2026-09-05T13:00:57Z</time>
    
   </trkpt>
   <trkpt lat="39.7193630" lon="-105.9001350">
    <ele>3482.8</ele>
    <time>2026-09-05T13:00:59Z</time>
    
   </trkpt>
   <trkpt lat="39.7193380" lon="-105.9001260">
    <ele>3482.4</ele>
    <time>2026-09-05T13:01:01Z</time>
    
   </trkpt>
   <trkpt lat="39.7193180" lon="-105.9001250">
    <ele>3481.8</ele>
    <time>2026-09-05T13:01:03Z</time>
    
   </trkpt>
   <trkpt lat="39.7192630" lon="-105.9001300">
    <ele>3480.8</ele>
    <time>2026-09-05T13:01:08Z</time>
    
   </trkpt>
   <trkpt lat="39.7191900" lon="-105.9001460">
    <ele>3480.2</ele>
    <time>2026-09-05T13:01:15Z</time>
    
   </trkpt>
   <trkpt lat="39.7191720" lon="-105.9001560">
    <ele>3479.4</ele>
    <time>2026-09-05T13:01:17Z</time>
    
   </trkpt>
   <trkpt lat="39.7191530" lon="-105.9001680">
    <ele>3479.2</ele>
    <time>2026-09-05T13:01:19Z</time>
    
   </trkpt>
   <trkpt lat="39.7191400" lon="-105.9001680">
    <ele>3479.0</ele>
    <time>2026-09-05T13:01:21Z</time>
    
   </trkpt>
   <trkpt lat="39.7191090" lon="-105.9001740">
    <ele>3478.6</ele>
    <time>2026-09-05T13:01:23Z</time>
    
   </trkpt>
   <trkpt lat="39.7190930" lon="-105.9001740">
    <ele>3478.4</ele>
    <time>2026-09-05T13:01:24Z</time>
    
   </trkpt>
   <trkpt lat="39.7190650" lon="-105.9001790">
    <ele>3478.0</ele>
    <time>2026-09-05T13:01:26Z</time>
    
   </trkpt>
   <trkpt lat="39.7190380" lon="-105.9001740">
    <ele>3478.0</ele>
    <time>2026-09-05T13:01:28Z</time>
    
   </trkpt>
   <trkpt lat="39.7190260" lon="-105.9001650">
    <ele>3478.0</ele>
    <time>2026-09-05T13:01:29Z</time>
    
   </trkpt>
   <trkpt lat="39.7190080" lon="-105.9001470">
    <ele>3478.0</ele>
    <time>2026-09-05T13:01:31Z</time>
    
   </trkpt>
   <trkpt lat="39.7189680" lon="-105.9001480">
    <ele>3477.8</ele>
    <time>2026-09-05T13:01:34Z</time>
    
   </trkpt>
   <trkpt lat="39.7189530" lon="-105.9001680">
    <ele>3478.0</ele>
    <time>2026-09-05T13:01:36Z</time>
    
   </trkpt>
   <trkpt lat="39.7189250" lon="-105.9001960">
    <ele>3478.2</ele>
    <time>2026-09-05T13:01:40Z</time>
    
   </trkpt>
   <trkpt lat="39.7189090" lon="-105.9001990">
    <ele>3478.4</ele>
    <time>2026-09-05T13:01:42Z</time>
    
   </trkpt>
   <trkpt lat="39.7188940" lon="-105.9002170">
    <ele>3478.4</ele>
    <time>2026-09-05T13:01:44Z</time>
    
   </trkpt>
   <trkpt lat="39.7188790" lon="-105.9002470">
    <ele>3478.2</ele>
    <time>2026-09-05T13:01:46Z</time>
    
   </trkpt>
   <trkpt lat="39.7188630" lon="-105.9002950">
    <ele>3478.0</ele>
    <time>2026-09-05T13:01:49Z</time>
    
   </trkpt>
   <trkpt lat="39.7188320" lon="-105.9004330">
    <ele>3478.6</ele>
    <time>2026-09-05T13:01:58Z</time>
    
   </trkpt>
   <trkpt lat="39.7188270" lon="-105.9004600">
    <ele>3479.0</ele>
    <time>2026-09-05T13:02:00Z</time>
    
   </trkpt>
   <trkpt lat="39.7187960" lon="-105.9005180">
    <ele>3479.4</ele>
    <time>2026-09-05T13:02:05Z</time>
    
   </trkpt>
   <trkpt lat="39.7187520" lon="-105.9005520">
    <ele>3480.2</ele>
    <time>2026-09-05T13:02:10Z</time>
    
   </trkpt>
   <trkpt lat="39.7187280" lon="-105.9005580">
    <ele>3480.6</ele>
    <time>2026-09-05T13:02:12Z</time>
    
   </trkpt>
   <trkpt lat="39.7186850" lon="-105.9005750">
    <ele>3481.0</ele>
    <time>2026-09-05T13:02:16Z</time>
    
   </trkpt>
   <trkpt lat="39.7186760" lon="-105.9005780">
    <ele>3481.4</ele>
    <time>2026-09-05T13:02:17Z</time>
    
   </trkpt>
   <trkpt lat="39.7186550" lon="-105.9005840">
    <ele>3481.6</ele>
    <time>2026-09-05T13:02:19Z</time>
    
   </trkpt>
   <trkpt lat="39.7186440" lon="-105.9005870">
    <ele>3481.6</ele>
    <time>2026-09-05T13:02:20Z</time>
    
   </trkpt>
   <trkpt lat="39.7186190" lon="-105.9005920">
    <ele>3481.8</ele>
    <time>2026-09-05T13:02:22Z</time>
    
   </trkpt>
   <trkpt lat="39.7186070" lon="-105.9005930">
    <ele>3481.8</ele>
    <time>2026-09-05T13:02:23Z</time>
    
   </trkpt>
   <trkpt lat="39.7185620" lon="-105.9006110">
    <ele>3482.4</ele>
    <time>2026-09-05T13:02:27Z</time>
    
   </trkpt>
   <trkpt lat="39.7185280" lon="-105.9006360">
    <ele>3482.6</ele>
    <time>2026-09-05T13:02:30Z</time>
    
   </trkpt>
   <trkpt lat="39.7185090" lon="-105.9006460">
    <ele>3482.6</ele>
    <time>2026-09-05T13:02:32Z</time>
    
   </trkpt>
   <trkpt lat="39.7184910" lon="-105.9006530">
    <ele>3482.6</ele>
    <time>2026-09-05T13:02:34Z</time>
    
   </trkpt>
   <trkpt lat="39.7184210" lon="-105.9006270">
    <ele>3483.0</ele>
    <time>2026-09-05T13:02:41Z</time>
    
   </trkpt>
   <trkpt lat="39.7183870" lon="-105.9006090">
    <ele>3483.8</ele>
    <time>2026-09-05T13:02:46Z</time>
    
   </trkpt>
   <trkpt lat="39.7183820" lon="-105.9005990">
    <ele>3484.2</ele>
    <time>2026-09-05T13:02:47Z</time>
    
   </trkpt>
   <trkpt lat="39.7183790" lon="-105.9005890">
    <ele>3484.6</ele>
    <time>2026-09-05T13:02:48Z</time>
    
   </trkpt>
   <trkpt lat="39.7183690" lon="-105.9005720">
    <ele>3485.0</ele>
    <time>2026-09-05T13:02:50Z</time>
    
   </trkpt>
   <trkpt lat="39.7183280" lon="-105.9005520">
    <ele>3485.6</ele>
    <time>2026-09-05T13:02:55Z</time>
    
   </trkpt>
   <trkpt lat="39.7183080" lon="-105.9005650">
    <ele>3486.2</ele>
    <time>2026-09-05T13:02:57Z</time>
    
   </trkpt>
   <trkpt lat="39.7182910" lon="-105.9005830">
    <ele>3486.4</ele>
    <time>2026-09-05T13:02:59Z</time>
    
   </trkpt>
   <trkpt lat="39.7182620" lon="-105.9006020">
    <ele>3487.0</ele>
    <time>2026-09-05T13:03:02Z</time>
    
   </trkpt>
   <trkpt lat="39.7182540" lon="-105.9006090">
    <ele>3487.4</ele>
    <time>2026-09-05T13:03:03Z</time>
    
   </trkpt>
   <trkpt lat="39.7182370" lon="-105.9006330">
    <ele>3487.8</ele>
    <time>2026-09-05T13:03:05Z</time>
    
   </trkpt>
   <trkpt lat="39.7182050" lon="-105.9006700">
    <ele>3488.6</ele>
    <time>2026-09-05T13:03:09Z</time>
    
   </trkpt>
   <trkpt lat="39.7181850" lon="-105.9007090">
    <ele>3488.8</ele>
    <time>2026-09-05T13:03:12Z</time>
    
   </trkpt>
   <trkpt lat="39.7181690" lon="-105.9007340">
    <ele>3489.8</ele>
    <time>2026-09-05T13:03:15Z</time>
    
   </trkpt>
   <trkpt lat="39.7181190" lon="-105.9008170">
    <ele>3490.6</ele>
    <time>2026-09-05T13:03:22Z</time>
    
   </trkpt>
   <trkpt lat="39.7181150" lon="-105.9008290">
    <ele>3491.0</ele>
    <time>2026-09-05T13:03:23Z</time>
    
   </trkpt>
   <trkpt lat="39.7181010" lon="-105.9008720">
    <ele>3492.2</ele>
    <time>2026-09-05T13:03:27Z</time>
    
   </trkpt>
   <trkpt lat="39.7181020" lon="-105.9008870">
    <ele>3492.4</ele>
    <time>2026-09-05T13:03:28Z</time>
    
   </trkpt>
   <trkpt lat="39.7181110" lon="-105.9009210">
    <ele>3492.8</ele>
    <time>2026-09-05T13:03:31Z</time>
    
   </trkpt>
   <trkpt lat="39.7181280" lon="-105.9009530">
    <ele>3493.0</ele>
    <time>2026-09-05T13:03:34Z</time>
    
   </trkpt>
   <trkpt lat="39.7181390" lon="-105.9009700">
    <ele>3493.4</ele>
    <time>2026-09-05T13:03:36Z</time>
    
   </trkpt>
   <trkpt lat="39.7181590" lon="-105.9010000">
    <ele>3494.2</ele>
    <time>2026-09-05T13:03:40Z</time>
    
   </trkpt>
   <trkpt lat="39.7181610" lon="-105.9010050">
    <ele>3494.2</ele>
    <time>2026-09-05T13:03:41Z</time>
    
   </trkpt>
   <trkpt lat="39.7181690" lon="-105.9010130">
    <ele>3494.4</ele>
    <time>2026-09-05T13:03:43Z</time>
    
   </trkpt>
   <trkpt lat="39.7181770" lon="-105.9010130">
    <ele>3495.4</ele>
    <time>2026-09-05T13:03:52Z</time>
    
   </trkpt>
   <trkpt lat="39.7181890" lon="-105.9010010">
    <ele>3494.2</ele>
    <time>2026-09-05T13:04:05Z</time>
    
   </trkpt>
   <trkpt lat="39.7181790" lon="-105.9009890">
    <ele>3494.6</ele>
    <time>2026-09-05T13:04:11Z</time>
    
   </trkpt>
   <trkpt lat="39.7181820" lon="-105.9009870">
    <ele>3495.0</ele>
    <time>2026-09-05T13:04:13Z</time>
    
   </trkpt>
   <trkpt lat="39.7181890" lon="-105.9009880">
    <ele>3495.4</ele>
    <time>2026-09-05T13:04:15Z</time>
    
   </trkpt>
   <trkpt lat="39.7181940" lon="-105.9009790">
    <ele>3494.8</ele>
    <time>2026-09-05T13:04:21Z</time>
    
   </trkpt>
   <trkpt lat="39.7181960" lon="-105.9009710">
    <ele>3495.2</ele>
    <time>2026-09-05T13:04:28Z</time>
    
   </trkpt>
   <trkpt lat="39.7181950" lon="-105.9009730">
    <ele>3495.2</ele>
    <time>2026-09-05T13:04:29Z</time>
    
   </trkpt>
   <trkpt lat="39.7181920" lon="-105.9009760">
    <ele>3495.0</ele>
    <time>2026-09-05T13:04:32Z</time>
    
   </trkpt>
   <trkpt lat="39.7181750" lon="-105.9009610">
    <ele>3495.0</ele>
    <time>2026-09-05T13:04:36Z</time>
    
   </trkpt>
   <trkpt lat="39.7181700" lon="-105.9009600">
    <ele>3495.0</ele>
    <time>2026-09-05T13:04:39Z</time>
    
   </trkpt>
   <trkpt lat="39.7181740" lon="-105.9009640">
    <ele>3494.8</ele>
    <time>2026-09-05T13:04:41Z</time>
    
   </trkpt>
   <trkpt lat="39.7181620" lon="-105.9009690">
    <ele>3494.8</ele>
    <time>2026-09-05T13:04:44Z</time>
    
   </trkpt>
   <trkpt lat="39.7181600" lon="-105.9009700">
    <ele>3494.8</ele>
    <time>2026-09-05T13:04:45Z</time>
    
   </trkpt>
   <trkpt lat="39.7181660" lon="-105.9009770">
    <ele>3494.8</ele>
    <time>2026-09-05T13:04:51Z</time>
    
   </trkpt>
   <trkpt lat="39.7181620" lon="-105.9009860">
    <ele>3494.6</ele>
    <time>2026-09-05T13:04:57Z</time>
    
   </trkpt>
   <trkpt lat="39.7181630" lon="-105.9009880">
    <ele>3494.8</ele>
    <time>2026-09-05T13:04:58Z</time>
    
   </trkpt>
   <trkpt lat="39.7181230" lon="-105.9010070">
    <ele>3494.6</ele>
    <time>2026-09-05T13:05:09Z</time>
    
   </trkpt>
   <trkpt lat="39.7181060" lon="-105.9010170">
    <ele>3494.6</ele>
    <time>2026-09-05T13:05:11Z</time>
    
   </trkpt>
   <trkpt lat="39.7180680" lon="-105.9010230">
    <ele>3494.4</ele>
    <time>2026-09-05T13:05:14Z</time>
    
   </trkpt>
   <trkpt lat="39.7180050" lon="-105.9010250">
    <ele>3493.8</ele>
    <time>2026-09-05T13:05:20Z</time>
    
   </trkpt>
   <trkpt lat="39.7179790" lon="-105.9010070">
    <ele>3494.4</ele>
    <time>2026-09-05T13:05:25Z</time>
    
   </trkpt>
   <trkpt lat="39.7179750" lon="-105.9010030">
    <ele>3494.4</ele>
    <time>2026-09-05T13:05:28Z</time>
    
   </trkpt>
   <trkpt lat="39.7179630" lon="-105.9009960">
    <ele>3494.2</ele>
    <time>2026-09-05T13:05:34Z</time>
    
   </trkpt>
   <trkpt lat="39.7179640" lon="-105.9009660">
    <ele>3494.2</ele>
    <time>2026-09-05T13:05:39Z</time>
    
   </trkpt>
   <trkpt lat="39.7178860" lon="-105.9009230">
    <ele>3495.0</ele>
    <time>2026-09-05T13:05:48Z</time>
    
   </trkpt>
   <trkpt lat="39.7178580" lon="-105.9009120">
    <ele>3495.6</ele>
    <time>2026-09-05T13:05:50Z</time>
    
   </trkpt>
   <trkpt lat="39.7177840" lon="-105.9008790">
    <ele>3496.4</ele>
    <time>2026-09-05T13:05:57Z</time>
    
   </trkpt>
   <trkpt lat="39.7177370" lon="-105.9008520">
    <ele>3496.8</ele>
    <time>2026-09-05T13:06:01Z</time>
    
   </trkpt>
   <trkpt lat="39.7177070" lon="-105.9008340">
    <ele>3497.8</ele>
    <time>2026-09-05T13:06:05Z</time>
    
   </trkpt>
   <trkpt lat="39.7176880" lon="-105.9008270">
    <ele>3498.4</ele>
    <time>2026-09-05T13:06:07Z</time>
    
   </trkpt>
   <trkpt lat="39.7176810" lon="-105.9008250">
    <ele>3498.8</ele>
    <time>2026-09-05T13:06:08Z</time>
    
   </trkpt>
   <trkpt lat="39.7176730" lon="-105.9008200">
    <ele>3499.0</ele>
    <time>2026-09-05T13:06:09Z</time>
    
   </trkpt>
   <trkpt lat="39.7176660" lon="-105.9008170">
    <ele>3499.2</ele>
    <time>2026-09-05T13:06:10Z</time>
    
   </trkpt>
   <trkpt lat="39.7176480" lon="-105.9008080">
    <ele>3499.4</ele>
    <time>2026-09-05T13:06:12Z</time>
    
   </trkpt>
   <trkpt lat="39.7176340" lon="-105.9007760">
    <ele>3500.0</ele>
    <time>2026-09-05T13:06:15Z</time>
    
   </trkpt>
   <trkpt lat="39.7176120" lon="-105.9007350">
    <ele>3499.8</ele>
    <time>2026-09-05T13:06:18Z</time>
    
   </trkpt>
   <trkpt lat="39.7176040" lon="-105.9007220">
    <ele>3499.6</ele>
    <time>2026-09-05T13:06:19Z</time>
    
   </trkpt>
   <trkpt lat="39.7175610" lon="-105.9006600">
    <ele>3499.2</ele>
    <time>2026-09-05T13:06:24Z</time>
    
   </trkpt>
   <trkpt lat="39.7175200" lon="-105.9006560">
    <ele>3499.4</ele>
    <time>2026-09-05T13:06:27Z</time>
    
   </trkpt>
   <trkpt lat="39.7174800" lon="-105.9006830">
    <ele>3500.2</ele>
    <time>2026-09-05T13:06:31Z</time>
    
   </trkpt>
   <trkpt lat="39.7174560" lon="-105.9006960">
    <ele>3500.8</ele>
    <time>2026-09-05T13:06:33Z</time>
    
   </trkpt>
   <trkpt lat="39.7174440" lon="-105.9007020">
    <ele>3501.0</ele>
    <time>2026-09-05T13:06:34Z</time>
    
   </trkpt>
   <trkpt lat="39.7174310" lon="-105.9007090">
    <ele>3501.2</ele>
    <time>2026-09-05T13:06:35Z</time>
    
   </trkpt>
   <trkpt lat="39.7173740" lon="-105.9007300">
    <ele>3502.0</ele>
    <time>2026-09-05T13:06:41Z</time>
    
   </trkpt>
   <trkpt lat="39.7173390" lon="-105.9007310">
    <ele>3502.2</ele>
    <time>2026-09-05T13:06:44Z</time>
    
   </trkpt>
   <trkpt lat="39.7173060" lon="-105.9007050">
    <ele>3503.0</ele>
    <time>2026-09-05T13:06:48Z</time>
    
   </trkpt>
   <trkpt lat="39.7173010" lon="-105.9006960">
    <ele>3503.2</ele>
    <time>2026-09-05T13:06:49Z</time>
    
   </trkpt>
   <trkpt lat="39.7172910" lon="-105.9006700">
    <ele>3504.0</ele>
    <time>2026-09-05T13:06:52Z</time>
    
   </trkpt>
   <trkpt lat="39.7172870" lon="-105.9006640">
    <ele>3504.4</ele>
    <time>2026-09-05T13:06:53Z</time>
    
   </trkpt>
   <trkpt lat="39.7172780" lon="-105.9006660">
    <ele>3504.6</ele>
    <time>2026-09-05T13:06:54Z</time>
    
   </trkpt>
   <trkpt lat="39.7172120" lon="-105.9006630">
    <ele>3505.6</ele>
    <time>2026-09-05T13:07:02Z</time>
    
   </trkpt>
   <trkpt lat="39.7171630" lon="-105.9006400">
    <ele>3506.6</ele>
    <time>2026-09-05T13:07:07Z</time>
    
   </trkpt>
   <trkpt lat="39.7170840" lon="-105.9006240">
    <ele>3507.2</ele>
    <time>2026-09-05T13:07:15Z</time>
    
   </trkpt>
   <trkpt lat="39.7169690" lon="-105.9005720">
    <ele>3506.8</ele>
    <time>2026-09-05T13:07:22Z</time>
    
   </trkpt>
   <trkpt lat="39.7168960" lon="-105.9006200">
    <ele>3507.4</ele>
    <time>2026-09-05T13:07:28Z</time>
    
   </trkpt>
   <trkpt lat="39.7168090" lon="-105.9006270">
    <ele>3506.8</ele>
    <time>2026-09-05T13:07:35Z</time>
    
   </trkpt>
   <trkpt lat="39.7167790" lon="-105.9006100">
    <ele>3507.6</ele>
    <time>2026-09-05T13:07:39Z</time>
    
   </trkpt>
   <trkpt lat="39.7167590" lon="-105.9006050">
    <ele>3507.8</ele>
    <time>2026-09-05T13:07:41Z</time>
    
   </trkpt>
   <trkpt lat="39.7167170" lon="-105.9006130">
    <ele>3508.6</ele>
    <time>2026-09-05T13:07:45Z</time>
    
   </trkpt>
   <trkpt lat="39.7166910" lon="-105.9006210">
    <ele>3509.4</ele>
    <time>2026-09-05T13:07:48Z</time>
    
   </trkpt>
   <trkpt lat="39.7166720" lon="-105.9006270">
    <ele>3509.8</ele>
    <time>2026-09-05T13:07:50Z</time>
    
   </trkpt>
   <trkpt lat="39.7166380" lon="-105.9006490">
    <ele>3511.0</ele>
    <time>2026-09-05T13:07:53Z</time>
    
   </trkpt>
   <trkpt lat="39.7166220" lon="-105.9006620">
    <ele>3511.6</ele>
    <time>2026-09-05T13:07:55Z</time>
    
   </trkpt>
   <trkpt lat="39.7165710" lon="-105.9006810">
    <ele>3511.8</ele>
    <time>2026-09-05T13:08:01Z</time>
    
   </trkpt>
   <trkpt lat="39.7165600" lon="-105.9006740">
    <ele>3511.8</ele>
    <time>2026-09-05T13:08:03Z</time>
    
   </trkpt>
   <trkpt lat="39.7165420" lon="-105.9006620">
    <ele>3512.0</ele>
    <time>2026-09-05T13:08:05Z</time>
    
   </trkpt>
   <trkpt lat="39.7164990" lon="-105.9006500">
    <ele>3512.4</ele>
    <time>2026-09-05T13:08:10Z</time>
    
   </trkpt>
   <trkpt lat="39.7164530" lon="-105.9006430">
    <ele>3512.6</ele>
    <time>2026-09-05T13:08:14Z</time>
    
   </trkpt>
   <trkpt lat="39.7164260" lon="-105.9006230">
    <ele>3512.8</ele>
    <time>2026-09-05T13:08:17Z</time>
    
   </trkpt>
   <trkpt lat="39.7164140" lon="-105.9006160">
    <ele>3513.0</ele>
    <time>2026-09-05T13:08:18Z</time>
    
   </trkpt>
   <trkpt lat="39.7163640" lon="-105.9005490">
    <ele>3514.0</ele>
    <time>2026-09-05T13:08:25Z</time>
    
   </trkpt>
   <trkpt lat="39.7163620" lon="-105.9005380">
    <ele>3514.2</ele>
    <time>2026-09-05T13:08:26Z</time>
    
   </trkpt>
   <trkpt lat="39.7163580" lon="-105.9005260">
    <ele>3514.4</ele>
    <time>2026-09-05T13:08:27Z</time>
    
   </trkpt>
   <trkpt lat="39.7163290" lon="-105.9004810">
    <ele>3515.4</ele>
    <time>2026-09-05T13:08:32Z</time>
    
   </trkpt>
   <trkpt lat="39.7162410" lon="-105.9004240">
    <ele>3516.2</ele>
    <time>2026-09-05T13:08:40Z</time>
    
   </trkpt>
   <trkpt lat="39.7161830" lon="-105.9003610">
    <ele>3516.4</ele>
    <time>2026-09-05T13:08:46Z</time>
    
   </trkpt>
   <trkpt lat="39.7161710" lon="-105.9003450">
    <ele>3516.6</ele>
    <time>2026-09-05T13:08:48Z</time>
    
   </trkpt>
   <trkpt lat="39.7161020" lon="-105.9003300">
    <ele>3517.4</ele>
    <time>2026-09-05T13:08:55Z</time>
    
   </trkpt>
   <trkpt lat="39.7161000" lon="-105.9003340">
    <ele>3517.6</ele>
    <time>2026-09-05T13:08:56Z</time>
    
   </trkpt>
   <trkpt lat="39.7160880" lon="-105.9003420">
    <ele>3518.0</ele>
    <time>2026-09-05T13:09:02Z</time>
    
   </trkpt>
   <trkpt lat="39.7160770" lon="-105.9003340">
    <ele>3518.0</ele>
    <time>2026-09-05T13:09:11Z</time>
    
   </trkpt>
   <trkpt lat="39.7160720" lon="-105.9003280">
    <ele>3518.0</ele>
    <time>2026-09-05T13:09:15Z</time>
    
   </trkpt>
   <trkpt lat="39.7160620" lon="-105.9003250">
    <ele>3518.0</ele>
    <time>2026-09-05T13:09:18Z</time>
    
   </trkpt>
   <trkpt lat="39.7160260" lon="-105.9003060">
    <ele>3518.0</ele>
    <time>2026-09-05T13:09:22Z</time>
    
   </trkpt>
   <trkpt lat="39.7159690" lon="-105.9002590">
    <ele>3518.6</ele>
    <time>2026-09-05T13:09:27Z</time>
    
   </trkpt>
   <trkpt lat="39.7159510" lon="-105.9002410">
    <ele>3519.0</ele>
    <time>2026-09-05T13:09:30Z</time>
    
   </trkpt>
   <trkpt lat="39.7158980" lon="-105.9001910">
    <ele>3519.6</ele>
    <time>2026-09-05T13:09:35Z</time>
    
   </trkpt>
   <trkpt lat="39.7158490" lon="-105.9001880">
    <ele>3520.8</ele>
    <time>2026-09-05T13:09:41Z</time>
    
   </trkpt>
   <trkpt lat="39.7158370" lon="-105.9002000">
    <ele>3521.4</ele>
    <time>2026-09-05T13:09:43Z</time>
    
   </trkpt>
   <trkpt lat="39.7158270" lon="-105.9002120">
    <ele>3522.2</ele>
    <time>2026-09-05T13:09:45Z</time>
    
   </trkpt>
   <trkpt lat="39.7158090" lon="-105.9002340">
    <ele>3523.2</ele>
    <time>2026-09-05T13:09:48Z</time>
    
   </trkpt>
   <trkpt lat="39.7158020" lon="-105.9002380">
    <ele>3523.4</ele>
    <time>2026-09-05T13:09:49Z</time>
    
   </trkpt>
   <trkpt lat="39.7157910" lon="-105.9002380">
    <ele>3524.2</ele>
    <time>2026-09-05T13:09:51Z</time>
    
   </trkpt>
   <trkpt lat="39.7157840" lon="-105.9002390">
    <ele>3524.6</ele>
    <time>2026-09-05T13:09:52Z</time>
    
   </trkpt>
   <trkpt lat="39.7157770" lon="-105.9002450">
    <ele>3524.8</ele>
    <time>2026-09-05T13:09:53Z</time>
    
   </trkpt>
   <trkpt lat="39.7157630" lon="-105.9002630">
    <ele>3525.4</ele>
    <time>2026-09-05T13:09:56Z</time>
    
   </trkpt>
   <trkpt lat="39.7157580" lon="-105.9002700">
    <ele>3525.6</ele>
    <time>2026-09-05T13:09:57Z</time>
    
   </trkpt>
   <trkpt lat="39.7157460" lon="-105.9003100">
    <ele>3526.4</ele>
    <time>2026-09-05T13:10:01Z</time>
    
   </trkpt>
   <trkpt lat="39.7157410" lon="-105.9003180">
    <ele>3526.6</ele>
    <time>2026-09-05T13:10:02Z</time>
    
   </trkpt>
   <trkpt lat="39.7157180" lon="-105.9003860">
    <ele>3528.0</ele>
    <time>2026-09-05T13:10:08Z</time>
    
   </trkpt>
   <trkpt lat="39.7156920" lon="-105.9004220">
    <ele>3528.8</ele>
    <time>2026-09-05T13:10:12Z</time>
    
   </trkpt>
   <trkpt lat="39.7156840" lon="-105.9004320">
    <ele>3529.0</ele>
    <time>2026-09-05T13:10:13Z</time>
    
   </trkpt>
   <trkpt lat="39.7156350" lon="-105.9005140">
    <ele>3530.0</ele>
    <time>2026-09-05T13:10:22Z</time>
    
   </trkpt>
   <trkpt lat="39.7156260" lon="-105.9005240">
    <ele>3530.0</ele>
    <time>2026-09-05T13:10:23Z</time>
    
   </trkpt>
   <trkpt lat="39.7156180" lon="-105.9005340">
    <ele>3530.0</ele>
    <time>2026-09-05T13:10:24Z</time>
    
   </trkpt>
   <trkpt lat="39.7156050" lon="-105.9005510">
    <ele>3530.0</ele>
    <time>2026-09-05T13:10:26Z</time>
    
   </trkpt>
   <trkpt lat="39.7155540" lon="-105.9005760">
    <ele>3530.8</ele>
    <time>2026-09-05T13:10:31Z</time>
    
   </trkpt>
   <trkpt lat="39.7154910" lon="-105.9005950">
    <ele>3531.0</ele>
    <time>2026-09-05T13:10:37Z</time>
    
   </trkpt>
   <trkpt lat="39.7154720" lon="-105.9006120">
    <ele>3531.4</ele>
    <time>2026-09-05T13:10:40Z</time>
    
   </trkpt>
   <trkpt lat="39.7154090" lon="-105.9006280">
    <ele>3532.0</ele>
    <time>2026-09-05T13:10:47Z</time>
    
   </trkpt>
   <trkpt lat="39.7153930" lon="-105.9006330">
    <ele>3532.2</ele>
    <time>2026-09-05T13:10:49Z</time>
    
   </trkpt>
   <trkpt lat="39.7153760" lon="-105.9006450">
    <ele>3532.4</ele>
    <time>2026-09-05T13:10:52Z</time>
    
   </trkpt>
   <trkpt lat="39.7153760" lon="-105.9006470">
    <ele>3532.6</ele>
    <time>2026-09-05T13:10:53Z</time>
    
   </trkpt>
   <trkpt lat="39.7153760" lon="-105.9006500">
    <ele>3533.2</ele>
    <time>2026-09-05T13:10:55Z</time>
    
   </trkpt>
   <trkpt lat="39.7153760" lon="-105.9006480">
    <ele>3533.4</ele>
    <time>2026-09-05T13:10:56Z</time>
    
   </trkpt>
   <trkpt lat="39.7153500" lon="-105.9006420">
    <ele>3533.0</ele>
    <time>2026-09-05T13:11:03Z</time>
    
   </trkpt>
   <trkpt lat="39.7152710" lon="-105.9006830">
    <ele>3533.8</ele>
    <time>2026-09-05T13:11:11Z</time>
    
   </trkpt>
   <trkpt lat="39.7152450" lon="-105.9006930">
    <ele>3534.2</ele>
    <time>2026-09-05T13:11:13Z</time>
    
   </trkpt>
   <trkpt lat="39.7152310" lon="-105.9006960">
    <ele>3534.6</ele>
    <time>2026-09-05T13:11:14Z</time>
    
   </trkpt>
   <trkpt lat="39.7152100" lon="-105.9006980">
    <ele>3535.0</ele>
    <time>2026-09-05T13:11:16Z</time>
    
   </trkpt>
   <trkpt lat="39.7152000" lon="-105.9006990">
    <ele>3535.2</ele>
    <time>2026-09-05T13:11:17Z</time>
    
   </trkpt>
   <trkpt lat="39.7151900" lon="-105.9006990">
    <ele>3535.4</ele>
    <time>2026-09-05T13:11:18Z</time>
    
   </trkpt>
   <trkpt lat="39.7151810" lon="-105.9007030">
    <ele>3535.4</ele>
    <time>2026-09-05T13:11:19Z</time>
    
   </trkpt>
   <trkpt lat="39.7151700" lon="-105.9007110">
    <ele>3535.6</ele>
    <time>2026-09-05T13:11:20Z</time>
    
   </trkpt>
   <trkpt lat="39.7151350" lon="-105.9007420">
    <ele>3536.6</ele>
    <time>2026-09-05T13:11:25Z</time>
    
   </trkpt>
   <trkpt lat="39.7151310" lon="-105.9007450">
    <ele>3536.8</ele>
    <time>2026-09-05T13:11:26Z</time>
    
   </trkpt>
   <trkpt lat="39.7151300" lon="-105.9007540">
    <ele>3537.8</ele>
    <time>2026-09-05T13:11:30Z</time>
    
   </trkpt>
   <trkpt lat="39.7151380" lon="-105.9007580">
    <ele>3537.8</ele>
    <time>2026-09-05T13:11:37Z</time>
    
   </trkpt>
   <trkpt lat="39.7151460" lon="-105.9007660">
    <ele>3537.8</ele>
    <time>2026-09-05T13:11:42Z</time>
    
   </trkpt>
   <trkpt lat="39.7151460" lon="-105.9007660">
    <ele>3537.6</ele>
    <time>2026-09-05T13:11:45Z</time>
    
   </trkpt>
   <trkpt lat="39.7151430" lon="-105.9007590">
    <ele>3538.0</ele>
    <time>2026-09-05T13:11:55Z</time>
    
   </trkpt>
   <trkpt lat="39.7151440" lon="-105.9007570">
    <ele>3537.6</ele>
    <time>2026-09-05T13:11:59Z</time>
    
   </trkpt>
   <trkpt lat="39.7151440" lon="-105.9007580">
    <ele>3537.2</ele>
    <time>2026-09-05T13:12:02Z</time>
    
   </trkpt>
   <trkpt lat="39.7151480" lon="-105.9007550">
    <ele>3537.0</ele>
    <time>2026-09-05T13:12:04Z</time>
    
   </trkpt>
   <trkpt lat="39.7151490" lon="-105.9007540">
    <ele>3537.0</ele>
    <time>2026-09-05T13:12:05Z</time>
    
   </trkpt>
   <trkpt lat="39.7151560" lon="-105.9007500">
    <ele>3537.6</ele>
    <time>2026-09-05T13:12:10Z</time>
    
   </trkpt>
   <trkpt lat="39.7151560" lon="-105.9007500">
    <ele>3537.6</ele>
    <time>2026-09-05T13:12:14Z</time>
    
   </trkpt>
   <trkpt lat="39.7151570" lon="-105.9007540">
    <ele>3537.4</ele>
    <time>2026-09-05T13:12:19Z</time>
    
   </trkpt>
   <trkpt lat="39.7151580" lon="-105.9007510">
    <ele>3537.0</ele>
    <time>2026-09-05T13:12:26Z</time>
    
   </trkpt>
   <trkpt lat="39.7151620" lon="-105.9007510">
    <ele>3537.2</ele>
    <time>2026-09-05T13:12:30Z</time>
    
   </trkpt>
   <trkpt lat="39.7151530" lon="-105.9007640">
    <ele>3537.2</ele>
    <time>2026-09-05T13:12:35Z</time>
    
   </trkpt>
   <trkpt lat="39.7151390" lon="-105.9007790">
    <ele>3537.4</ele>
    <time>2026-09-05T13:12:37Z</time>
    
   </trkpt>
   <trkpt lat="39.7151240" lon="-105.9008370">
    <ele>3538.6</ele>
    <time>2026-09-05T13:12:44Z</time>
    
   </trkpt>
   <trkpt lat="39.7151210" lon="-105.9008480">
    <ele>3539.2</ele>
    <time>2026-09-05T13:12:45Z</time>
    
   </trkpt>
   <trkpt lat="39.7150820" lon="-105.9008740">
    <ele>3540.2</ele>
    <time>2026-09-05T13:12:49Z</time>
    
   </trkpt>
   <trkpt lat="39.7150740" lon="-105.9008800">
    <ele>3540.4</ele>
    <time>2026-09-05T13:12:50Z</time>
    
   </trkpt>
   <trkpt lat="39.7150660" lon="-105.9008900">
    <ele>3540.6</ele>
    <time>2026-09-05T13:12:51Z</time>
    
   </trkpt>
   <trkpt lat="39.7150470" lon="-105.9009090">
    <ele>3541.4</ele>
    <time>2026-09-05T13:12:53Z</time>
    
   </trkpt>
   <trkpt lat="39.7150280" lon="-105.9009180">
    <ele>3541.6</ele>
    <time>2026-09-05T13:12:55Z</time>
    
   </trkpt>
   <trkpt lat="39.7150120" lon="-105.9009430">
    <ele>3542.2</ele>
    <time>2026-09-05T13:12:58Z</time>
    
   </trkpt>
   <trkpt lat="39.7150070" lon="-105.9009540">
    <ele>3542.4</ele>
    <time>2026-09-05T13:12:59Z</time>
    
   </trkpt>
   <trkpt lat="39.7150000" lon="-105.9009790">
    <ele>3543.2</ele>
    <time>2026-09-05T13:13:02Z</time>
    
   </trkpt>
   <trkpt lat="39.7149980" lon="-105.9009920">
    <ele>3543.6</ele>
    <time>2026-09-05T13:13:03Z</time>
    
   </trkpt>
   <trkpt lat="39.7149820" lon="-105.9010300">
    <ele>3545.0</ele>
    <time>2026-09-05T13:13:07Z</time>
    
   </trkpt>
   <trkpt lat="39.7149600" lon="-105.9010670">
    <ele>3546.2</ele>
    <time>2026-09-05T13:13:11Z</time>
    
   </trkpt>
   <trkpt lat="39.7149470" lon="-105.9010750">
    <ele>3546.6</ele>
    <time>2026-09-05T13:13:13Z</time>
    
   </trkpt>
   <trkpt lat="39.7149270" lon="-105.9010870">
    <ele>3547.4</ele>
    <time>2026-09-05T13:13:16Z</time>
    
   </trkpt>
   <trkpt lat="39.7149070" lon="-105.9011210">
    <ele>3548.4</ele>
    <time>2026-09-05T13:13:20Z</time>
    
   </trkpt>
   <trkpt lat="39.7149060" lon="-105.9011270">
    <ele>3548.6</ele>
    <time>2026-09-05T13:13:21Z</time>
    
   </trkpt>
   <trkpt lat="39.7149060" lon="-105.9011310">
    <ele>3548.8</ele>
    <time>2026-09-05T13:13:22Z</time>
    
   </trkpt>
   <trkpt lat="39.7148900" lon="-105.9011590">
    <ele>3549.2</ele>
    <time>2026-09-05T13:13:28Z</time>
    
   </trkpt>
   <trkpt lat="39.7148830" lon="-105.9011760">
    <ele>3549.4</ele>
    <time>2026-09-05T13:13:30Z</time>
    
   </trkpt>
   <trkpt lat="39.7148730" lon="-105.9011960">
    <ele>3550.4</ele>
    <time>2026-09-05T13:13:33Z</time>
    
   </trkpt>
   <trkpt lat="39.7148600" lon="-105.9012190">
    <ele>3550.8</ele>
    <time>2026-09-05T13:13:36Z</time>
    
   </trkpt>
   <trkpt lat="39.7148340" lon="-105.9012670">
    <ele>3551.8</ele>
    <time>2026-09-05T13:13:42Z</time>
    
   </trkpt>
   <trkpt lat="39.7148000" lon="-105.9013040">
    <ele>3552.6</ele>
    <time>2026-09-05T13:13:47Z</time>
    
   </trkpt>
   <trkpt lat="39.7147950" lon="-105.9013110">
    <ele>3552.8</ele>
    <time>2026-09-05T13:13:49Z</time>
    
   </trkpt>
   <trkpt lat="39.7147790" lon="-105.9013440">
    <ele>3554.0</ele>
    <time>2026-09-05T13:13:54Z</time>
    
   </trkpt>
   <trkpt lat="39.7147580" lon="-105.9013810">
    <ele>3554.8</ele>
    <time>2026-09-05T13:13:58Z</time>
    
   </trkpt>
   <trkpt lat="39.7147510" lon="-105.9013900">
    <ele>3555.2</ele>
    <time>2026-09-05T13:13:59Z</time>
    
   </trkpt>
   <trkpt lat="39.7147040" lon="-105.9014720">
    <ele>3556.2</ele>
    <time>2026-09-05T13:14:07Z</time>
    
   </trkpt>
   <trkpt lat="39.7146900" lon="-105.9015040">
    <ele>3556.6</ele>
    <time>2026-09-05T13:14:10Z</time>
    
   </trkpt>
   <trkpt lat="39.7146750" lon="-105.9015370">
    <ele>3557.2</ele>
    <time>2026-09-05T13:14:13Z</time>
    
   </trkpt>
   <trkpt lat="39.7146570" lon="-105.9015890">
    <ele>3558.4</ele>
    <time>2026-09-05T13:14:18Z</time>
    
   </trkpt>
   <trkpt lat="39.7146440" lon="-105.9016140">
    <ele>3559.4</ele>
    <time>2026-09-05T13:14:21Z</time>
    
   </trkpt>
   <trkpt lat="39.7146400" lon="-105.9016200">
    <ele>3559.4</ele>
    <time>2026-09-05T13:14:22Z</time>
    
   </trkpt>
   <trkpt lat="39.7146140" lon="-105.9016590">
    <ele>3560.6</ele>
    <time>2026-09-05T13:14:27Z</time>
    
   </trkpt>
   <trkpt lat="39.7146010" lon="-105.9016990">
    <ele>3561.8</ele>
    <time>2026-09-05T13:14:31Z</time>
    
   </trkpt>
   <trkpt lat="39.7145980" lon="-105.9017070">
    <ele>3561.8</ele>
    <time>2026-09-05T13:14:32Z</time>
    
   </trkpt>
   <trkpt lat="39.7145830" lon="-105.9017430">
    <ele>3562.8</ele>
    <time>2026-09-05T13:14:36Z</time>
    
   </trkpt>
   <trkpt lat="39.7145670" lon="-105.9017770">
    <ele>3564.0</ele>
    <time>2026-09-05T13:14:40Z</time>
    
   </trkpt>
   <trkpt lat="39.7145580" lon="-105.9017890">
    <ele>3564.2</ele>
    <time>2026-09-05T13:14:43Z</time>
    
   </trkpt>
   <trkpt lat="39.7145570" lon="-105.9017890">
    <ele>3564.4</ele>
    <time>2026-09-05T13:14:44Z</time>
    
   </trkpt>
   <trkpt lat="39.7145610" lon="-105.9017880">
    <ele>3564.2</ele>
    <time>2026-09-05T13:14:47Z</time>
    
   </trkpt>
   <trkpt lat="39.7145760" lon="-105.9017860">
    <ele>3564.4</ele>
    <time>2026-09-05T13:14:56Z</time>
    
   </trkpt>
   <trkpt lat="39.7145770" lon="-105.9017860">
    <ele>3564.2</ele>
    <time>2026-09-05T13:14:58Z</time>
    
   </trkpt>
   <trkpt lat="39.7145780" lon="-105.9017860">
    <ele>3564.2</ele>
    <time>2026-09-05T13:15:00Z</time>
    
   </trkpt>
   <trkpt lat="39.7145760" lon="-105.9017850">
    <ele>3564.2</ele>
    <time>2026-09-05T13:15:01Z</time>
    
   </trkpt>
   <trkpt lat="39.7145530" lon="-105.9018260">
    <ele>3564.6</ele>
    <time>2026-09-05T13:15:07Z</time>
    
   </trkpt>
   <trkpt lat="39.7145460" lon="-105.9018350">
    <ele>3565.0</ele>
    <time>2026-09-05T13:15:08Z</time>
    
   </trkpt>
   <trkpt lat="39.7145130" lon="-105.9018790">
    <ele>3566.2</ele>
    <time>2026-09-05T13:15:13Z</time>
    
   </trkpt>
   <trkpt lat="39.7144920" lon="-105.9019170">
    <ele>3567.4</ele>
    <time>2026-09-05T13:15:17Z</time>
    
   </trkpt>
   <trkpt lat="39.7144740" lon="-105.9019390">
    <ele>3568.0</ele>
    <time>2026-09-05T13:15:20Z</time>
    
   </trkpt>
   <trkpt lat="39.7144660" lon="-105.9019580">
    <ele>3568.6</ele>
    <time>2026-09-05T13:15:22Z</time>
    
   </trkpt>
   <trkpt lat="39.7144550" lon="-105.9020010">
    <ele>3569.0</ele>
    <time>2026-09-05T13:15:26Z</time>
    
   </trkpt>
   <trkpt lat="39.7144440" lon="-105.9020300">
    <ele>3569.6</ele>
    <time>2026-09-05T13:15:29Z</time>
    
   </trkpt>
   <trkpt lat="39.7144320" lon="-105.9020540">
    <ele>3570.4</ele>
    <time>2026-09-05T13:15:32Z</time>
    
   </trkpt>
   <trkpt lat="39.7144280" lon="-105.9020630">
    <ele>3571.0</ele>
    <time>2026-09-05T13:15:33Z</time>
    
   </trkpt>
   <trkpt lat="39.7144050" lon="-105.9020980">
    <ele>3572.0</ele>
    <time>2026-09-05T13:15:37Z</time>
    
   </trkpt>
   <trkpt lat="39.7143860" lon="-105.9021340">
    <ele>3573.2</ele>
    <time>2026-09-05T13:15:41Z</time>
    
   </trkpt>
   <trkpt lat="39.7143810" lon="-105.9021570">
    <ele>3573.6</ele>
    <time>2026-09-05T13:15:43Z</time>
    
   </trkpt>
   <trkpt lat="39.7143830" lon="-105.9021690">
    <ele>3574.2</ele>
    <time>2026-09-05T13:15:45Z</time>
    
   </trkpt>
   <trkpt lat="39.7143820" lon="-105.9021750">
    <ele>3574.4</ele>
    <time>2026-09-05T13:15:46Z</time>
    
   </trkpt>
   <trkpt lat="39.7143990" lon="-105.9021900">
    <ele>3574.4</ele>
    <time>2026-09-05T13:15:52Z</time>
    
   </trkpt>
   <trkpt lat="39.7144120" lon="-105.9021860">
    <ele>3574.0</ele>
    <time>2026-09-05T13:16:05Z</time>
    
   </trkpt>
   <trkpt lat="39.7144100" lon="-105.9021810">
    <ele>3574.0</ele>
    <time>2026-09-05T13:16:08Z</time>
    
   </trkpt>
   <trkpt lat="39.7144130" lon="-105.9021800">
    <ele>3574.4</ele>
    <time>2026-09-05T13:16:18Z</time>
    
   </trkpt>
   <trkpt lat="39.7144060" lon="-105.9021730">
    <ele>3574.2</ele>
    <time>2026-09-05T13:16:34Z</time>
    
   </trkpt>
   <trkpt lat="39.7144060" lon="-105.9021730">
    <ele>3574.4</ele>
    <time>2026-09-05T13:16:35Z</time>
    
   </trkpt>
   <trkpt lat="39.7143980" lon="-105.9021750">
    <ele>3574.6</ele>
    <time>2026-09-05T13:16:43Z</time>
    
   </trkpt>
   <trkpt lat="39.7143870" lon="-105.9021720">
    <ele>3574.6</ele>
    <time>2026-09-05T13:16:51Z</time>
    
   </trkpt>
   <trkpt lat="39.7143840" lon="-105.9021720">
    <ele>3575.2</ele>
    <time>2026-09-05T13:16:58Z</time>
    
   </trkpt>
   <trkpt lat="39.7143830" lon="-105.9021740">
    <ele>3574.8</ele>
    <time>2026-09-05T13:17:06Z</time>
    
   </trkpt>
   <trkpt lat="39.7143940" lon="-105.9021730">
    <ele>3574.6</ele>
    <time>2026-09-05T13:17:14Z</time>
    
   </trkpt>
   <trkpt lat="39.7143910" lon="-105.9021730">
    <ele>3574.6</ele>
    <time>2026-09-05T13:17:21Z</time>
    
   </trkpt>
   <trkpt lat="39.7143900" lon="-105.9021730">
    <ele>3574.6</ele>
    <time>2026-09-05T13:17:23Z</time>
    
   </trkpt>
   <trkpt lat="39.7143960" lon="-105.9021750">
    <ele>3574.6</ele>
    <time>2026-09-05T13:17:25Z</time>
    
   </trkpt>
   <trkpt lat="39.7144000" lon="-105.9021770">
    <ele>3574.8</ele>
    <time>2026-09-05T13:17:32Z</time>
    
   </trkpt>
   <trkpt lat="39.7143990" lon="-105.9021770">
    <ele>3574.8</ele>
    <time>2026-09-05T13:17:34Z</time>
    
   </trkpt>
   <trkpt lat="39.7144090" lon="-105.9021740">
    <ele>3574.2</ele>
    <time>2026-09-05T13:17:40Z</time>
    
   </trkpt>
   <trkpt lat="39.7144050" lon="-105.9021650">
    <ele>3573.8</ele>
    <time>2026-09-05T13:17:43Z</time>
    
   </trkpt>
   <trkpt lat="39.7144110" lon="-105.9021640">
    <ele>3573.8</ele>
    <time>2026-09-05T13:17:46Z</time>
    
   </trkpt>
   <trkpt lat="39.7144190" lon="-105.9021730">
    <ele>3574.0</ele>
    <time>2026-09-05T13:17:51Z</time>
    
   </trkpt>
   <trkpt lat="39.7144140" lon="-105.9021460">
    <ele>3574.4</ele>
    <time>2026-09-05T13:18:05Z</time>
    
   </trkpt>
   <trkpt lat="39.7144130" lon="-105.9021740">
    <ele>3575.0</ele>
    <time>2026-09-05T13:18:18Z</time>
    
   </trkpt>
   <trkpt lat="39.7143980" lon="-105.9022350">
    <ele>3575.0</ele>
    <time>2026-09-05T13:18:25Z</time>
    
   </trkpt>
   <trkpt lat="39.7143890" lon="-105.9022650">
    <ele>3575.4</ele>
    <time>2026-09-05T13:18:28Z</time>
    
   </trkpt>
   <trkpt lat="39.7143890" lon="-105.9022700">
    <ele>3575.6</ele>
    <time>2026-09-05T13:18:29Z</time>
    
   </trkpt>
   <trkpt lat="39.7143830" lon="-105.9022790">
    <ele>3575.6</ele>
    <time>2026-09-05T13:18:30Z</time>
    
   </trkpt>
   <trkpt lat="39.7143610" lon="-105.9023060">
    <ele>3576.0</ele>
    <time>2026-09-05T13:18:33Z</time>
    
   </trkpt>
   <trkpt lat="39.7143450" lon="-105.9023330">
    <ele>3576.6</ele>
    <time>2026-09-05T13:18:36Z</time>
    
   </trkpt>
   <trkpt lat="39.7143230" lon="-105.9023610">
    <ele>3577.6</ele>
    <time>2026-09-05T13:18:39Z</time>
    
   </trkpt>
   <trkpt lat="39.7143060" lon="-105.9023920">
    <ele>3578.2</ele>
    <time>2026-09-05T13:18:42Z</time>
    
   </trkpt>
   <trkpt lat="39.7142980" lon="-105.9024120">
    <ele>3578.8</ele>
    <time>2026-09-05T13:18:44Z</time>
    
   </trkpt>
   <trkpt lat="39.7142960" lon="-105.9024230">
    <ele>3579.0</ele>
    <time>2026-09-05T13:18:45Z</time>
    
   </trkpt>
   <trkpt lat="39.7142910" lon="-105.9024420">
    <ele>3579.6</ele>
    <time>2026-09-05T13:18:47Z</time>
    
   </trkpt>
   <trkpt lat="39.7142900" lon="-105.9024520">
    <ele>3579.8</ele>
    <time>2026-09-05T13:18:48Z</time>
    
   </trkpt>
   <trkpt lat="39.7142850" lon="-105.9024600">
    <ele>3580.0</ele>
    <time>2026-09-05T13:18:49Z</time>
    
   </trkpt>
   <trkpt lat="39.7142790" lon="-105.9024800">
    <ele>3580.6</ele>
    <time>2026-09-05T13:18:51Z</time>
    
   </trkpt>
   <trkpt lat="39.7142750" lon="-105.9024850">
    <ele>3581.0</ele>
    <time>2026-09-05T13:18:52Z</time>
    
   </trkpt>
   <trkpt lat="39.7142700" lon="-105.9024890">
    <ele>3581.4</ele>
    <time>2026-09-05T13:18:53Z</time>
    
   </trkpt>
   <trkpt lat="39.7142660" lon="-105.9024930">
    <ele>3581.6</ele>
    <time>2026-09-05T13:18:54Z</time>
    
   </trkpt>
   <trkpt lat="39.7142610" lon="-105.9024950">
    <ele>3582.0</ele>
    <time>2026-09-05T13:18:55Z</time>
    
   </trkpt>
   <trkpt lat="39.7142540" lon="-105.9024970">
    <ele>3582.2</ele>
    <time>2026-09-05T13:18:56Z</time>
    
   </trkpt>
   <trkpt lat="39.7142500" lon="-105.9025020">
    <ele>3582.2</ele>
    <time>2026-09-05T13:18:57Z</time>
    
   </trkpt>
   <trkpt lat="39.7142430" lon="-105.9025050">
    <ele>3582.4</ele>
    <time>2026-09-05T13:18:59Z</time>
    
   </trkpt>
   <trkpt lat="39.7142360" lon="-105.9025080">
    <ele>3582.6</ele>
    <time>2026-09-05T13:19:00Z</time>
    
   </trkpt>
   <trkpt lat="39.7142250" lon="-105.9025100">
    <ele>3583.4</ele>
    <time>2026-09-05T13:19:03Z</time>
    
   </trkpt>
   <trkpt lat="39.7142160" lon="-105.9025140">
    <ele>3584.2</ele>
    <time>2026-09-05T13:19:07Z</time>
    
   </trkpt>
   <trkpt lat="39.7142130" lon="-105.9025180">
    <ele>3584.4</ele>
    <time>2026-09-05T13:19:08Z</time>
    
   </trkpt>
   <trkpt lat="39.7142060" lon="-105.9025220">
    <ele>3584.6</ele>
    <time>2026-09-05T13:19:12Z</time>
    
   </trkpt>
   <trkpt lat="39.7142010" lon="-105.9025250">
    <ele>3585.6</ele>
    <time>2026-09-05T13:19:14Z</time>
    
   </trkpt>
   <trkpt lat="39.7141900" lon="-105.9025350">
    <ele>3586.6</ele>
    <time>2026-09-05T13:19:19Z</time>
    
   </trkpt>
   <trkpt lat="39.7141940" lon="-105.9025390">
    <ele>3587.0</ele>
    <time>2026-09-05T13:19:22Z</time>
    
   </trkpt>
   <trkpt lat="39.7141680" lon="-105.9025600">
    <ele>3587.8</ele>
    <time>2026-09-05T13:19:31Z</time>
    
   </trkpt>
   <trkpt lat="39.7141610" lon="-105.9025650">
    <ele>3589.0</ele>
    <time>2026-09-05T13:19:34Z</time>
    
   </trkpt>
   <trkpt lat="39.7141610" lon="-105.9025640">
    <ele>3589.2</ele>
    <time>2026-09-05T13:19:35Z</time>
    
   </trkpt>
   <trkpt lat="39.7141630" lon="-105.9026040">
    <ele>3589.6</ele>
    <time>2026-09-05T13:19:47Z</time>
    
   </trkpt>
   <trkpt lat="39.7141530" lon="-105.9026360">
    <ele>3590.2</ele>
    <time>2026-09-05T13:19:51Z</time>
    
   </trkpt>
   <trkpt lat="39.7141430" lon="-105.9026660">
    <ele>3591.0</ele>
    <time>2026-09-05T13:19:56Z</time>
    
   </trkpt>
   <trkpt lat="39.7141390" lon="-105.9026800">
    <ele>3591.4</ele>
    <time>2026-09-05T13:19:58Z</time>
    
   </trkpt>
   <trkpt lat="39.7141250" lon="-105.9027140">
    <ele>3592.6</ele>
    <time>2026-09-05T13:20:03Z</time>
    
   </trkpt>
   <trkpt lat="39.7141140" lon="-105.9027260">
    <ele>3593.0</ele>
    <time>2026-09-05T13:20:05Z</time>
    
   </trkpt>
   <trkpt lat="39.7141110" lon="-105.9027340">
    <ele>3593.2</ele>
    <time>2026-09-05T13:20:06Z</time>
    
   </trkpt>
   <trkpt lat="39.7141120" lon="-105.9027540">
    <ele>3593.8</ele>
    <time>2026-09-05T13:20:08Z</time>
    
   </trkpt>
   <trkpt lat="39.7141140" lon="-105.9027870">
    <ele>3594.6</ele>
    <time>2026-09-05T13:20:11Z</time>
    
   </trkpt>
   <trkpt lat="39.7141190" lon="-105.9028100">
    <ele>3594.8</ele>
    <time>2026-09-05T13:20:13Z</time>
    
   </trkpt>
   <trkpt lat="39.7141200" lon="-105.9028190">
    <ele>3594.8</ele>
    <time>2026-09-05T13:20:14Z</time>
    
   </trkpt>
   <trkpt lat="39.7141290" lon="-105.9028350">
    <ele>3595.0</ele>
    <time>2026-09-05T13:20:16Z</time>
    
   </trkpt>
   <trkpt lat="39.7141290" lon="-105.9028480">
    <ele>3595.6</ele>
    <time>2026-09-05T13:20:18Z</time>
    
   </trkpt>
   <trkpt lat="39.7141290" lon="-105.9028540">
    <ele>3595.8</ele>
    <time>2026-09-05T13:20:19Z</time>
    
   </trkpt>
   <trkpt lat="39.7141300" lon="-105.9028820">
    <ele>3596.6</ele>
    <time>2026-09-05T13:20:23Z</time>
    
   </trkpt>
   <trkpt lat="39.7141300" lon="-105.9029000">
    <ele>3597.0</ele>
    <time>2026-09-05T13:20:25Z</time>
    
   </trkpt>
   <trkpt lat="39.7141310" lon="-105.9029170">
    <ele>3597.6</ele>
    <time>2026-09-05T13:20:27Z</time>
    
   </trkpt>
   <trkpt lat="39.7141360" lon="-105.9029460">
    <ele>3598.2</ele>
    <time>2026-09-05T13:20:31Z</time>
    
   </trkpt>
   <trkpt lat="39.7141430" lon="-105.9029750">
    <ele>3599.4</ele>
    <time>2026-09-05T13:20:35Z</time>
    
   </trkpt>
   <trkpt lat="39.7141470" lon="-105.9030210">
    <ele>3599.8</ele>
    <time>2026-09-05T13:20:41Z</time>
    
   </trkpt>
   <trkpt lat="39.7141550" lon="-105.9030520">
    <ele>3600.2</ele>
    <time>2026-09-05T13:20:44Z</time>
    
   </trkpt>
   <trkpt lat="39.7141570" lon="-105.9030620">
    <ele>3600.4</ele>
    <time>2026-09-05T13:20:45Z</time>
    
   </trkpt>
   <trkpt lat="39.7141560" lon="-105.9030910">
    <ele>3601.0</ele>
    <time>2026-09-05T13:20:48Z</time>
    
   </trkpt>
   <trkpt lat="39.7141520" lon="-105.9031110">
    <ele>3601.4</ele>
    <time>2026-09-05T13:20:50Z</time>
    
   </trkpt>
   <trkpt lat="39.7141510" lon="-105.9031190">
    <ele>3601.8</ele>
    <time>2026-09-05T13:20:51Z</time>
    
   </trkpt>
   <trkpt lat="39.7141460" lon="-105.9031260">
    <ele>3602.2</ele>
    <time>2026-09-05T13:20:52Z</time>
    
   </trkpt>
   <trkpt lat="39.7141400" lon="-105.9031340">
    <ele>3602.6</ele>
    <time>2026-09-05T13:20:53Z</time>
    
   </trkpt>
   <trkpt lat="39.7141320" lon="-105.9031660">
    <ele>3603.4</ele>
    <time>2026-09-05T13:20:57Z</time>
    
   </trkpt>
   <trkpt lat="39.7141290" lon="-105.9031820">
    <ele>3603.6</ele>
    <time>2026-09-05T13:20:59Z</time>
    
   </trkpt>
   <trkpt lat="39.7141280" lon="-105.9031930">
    <ele>3603.8</ele>
    <time>2026-09-05T13:21:00Z</time>
    
   </trkpt>
   <trkpt lat="39.7141130" lon="-105.9032330">
    <ele>3604.8</ele>
    <time>2026-09-05T13:21:05Z</time>
    
   </trkpt>
   <trkpt lat="39.7141080" lon="-105.9032470">
    <ele>3605.0</ele>
    <time>2026-09-05T13:21:07Z</time>
    
   </trkpt>
   <trkpt lat="39.7140990" lon="-105.9032550">
    <ele>3605.6</ele>
    <time>2026-09-05T13:21:09Z</time>
    
   </trkpt>
   <trkpt lat="39.7140970" lon="-105.9032610">
    <ele>3605.8</ele>
    <time>2026-09-05T13:21:10Z</time>
    
   </trkpt>
   <trkpt lat="39.7140820" lon="-105.9032850">
    <ele>3607.0</ele>
    <time>2026-09-05T13:21:15Z</time>
    
   </trkpt>
   <trkpt lat="39.7140630" lon="-105.9033020">
    <ele>3607.2</ele>
    <time>2026-09-05T13:21:18Z</time>
    
   </trkpt>
   <trkpt lat="39.7140480" lon="-105.9033130">
    <ele>3607.6</ele>
    <time>2026-09-05T13:21:20Z</time>
    
   </trkpt>
   <trkpt lat="39.7140410" lon="-105.9033250">
    <ele>3608.2</ele>
    <time>2026-09-05T13:21:22Z</time>
    
   </trkpt>
   <trkpt lat="39.7140180" lon="-105.9033420">
    <ele>3608.6</ele>
    <time>2026-09-05T13:21:26Z</time>
    
   </trkpt>
   <trkpt lat="39.7140080" lon="-105.9033540">
    <ele>3609.2</ele>
    <time>2026-09-05T13:21:28Z</time>
    
   </trkpt>
   <trkpt lat="39.7139870" lon="-105.9033620">
    <ele>3610.4</ele>
    <time>2026-09-05T13:21:32Z</time>
    
   </trkpt>
   <trkpt lat="39.7139580" lon="-105.9033820">
    <ele>3611.6</ele>
    <time>2026-09-05T13:21:38Z</time>
    
   </trkpt>
   <trkpt lat="39.7139430" lon="-105.9033960">
    <ele>3612.2</ele>
    <time>2026-09-05T13:21:41Z</time>
    
   </trkpt>
   <trkpt lat="39.7139380" lon="-105.9034000">
    <ele>3612.4</ele>
    <time>2026-09-05T13:21:42Z</time>
    
   </trkpt>
   <trkpt lat="39.7139340" lon="-105.9034050">
    <ele>3612.6</ele>
    <time>2026-09-05T13:21:43Z</time>
    
   </trkpt>
   <trkpt lat="39.7139170" lon="-105.9034190">
    <ele>3613.8</ele>
    <time>2026-09-05T13:21:46Z</time>
    
   </trkpt>
   <trkpt lat="39.7139040" lon="-105.9034270">
    <ele>3614.6</ele>
    <time>2026-09-05T13:21:48Z</time>
    
   </trkpt>
   <trkpt lat="39.7138990" lon="-105.9034320">
    <ele>3615.0</ele>
    <time>2026-09-05T13:21:49Z</time>
    
   </trkpt>
   <trkpt lat="39.7138640" lon="-105.9034700">
    <ele>3616.0</ele>
    <time>2026-09-05T13:21:55Z</time>
    
   </trkpt>
   <trkpt lat="39.7138490" lon="-105.9034960">
    <ele>3616.6</ele>
    <time>2026-09-05T13:21:58Z</time>
    
   </trkpt>
   <trkpt lat="39.7138460" lon="-105.9035080">
    <ele>3617.2</ele>
    <time>2026-09-05T13:22:00Z</time>
    
   </trkpt>
   <trkpt lat="39.7138410" lon="-105.9035410">
    <ele>3617.6</ele>
    <time>2026-09-05T13:22:04Z</time>
    
   </trkpt>
   <trkpt lat="39.7138400" lon="-105.9035610">
    <ele>3617.8</ele>
    <time>2026-09-05T13:22:06Z</time>
    
   </trkpt>
   <trkpt lat="39.7138380" lon="-105.9035720">
    <ele>3618.0</ele>
    <time>2026-09-05T13:22:07Z</time>
    
   </trkpt>
   <trkpt lat="39.7138350" lon="-105.9035870">
    <ele>3618.2</ele>
    <time>2026-09-05T13:22:08Z</time>
    
   </trkpt>
   <trkpt lat="39.7138300" lon="-105.9036140">
    <ele>3618.6</ele>
    <time>2026-09-05T13:22:10Z</time>
    
   </trkpt>
   <trkpt lat="39.7138180" lon="-105.9036510">
    <ele>3619.6</ele>
    <time>2026-09-05T13:22:13Z</time>
    
   </trkpt>
   <trkpt lat="39.7138020" lon="-105.9036740">
    <ele>3620.6</ele>
    <time>2026-09-05T13:22:16Z</time>
    
   </trkpt>
   <trkpt lat="39.7137940" lon="-105.9036940">
    <ele>3621.6</ele>
    <time>2026-09-05T13:22:18Z</time>
    
   </trkpt>
   <trkpt lat="39.7137880" lon="-105.9037010">
    <ele>3621.8</ele>
    <time>2026-09-05T13:22:19Z</time>
    
   </trkpt>
   <trkpt lat="39.7137760" lon="-105.9037110">
    <ele>3622.6</ele>
    <time>2026-09-05T13:22:21Z</time>
    
   </trkpt>
   <trkpt lat="39.7137680" lon="-105.9037050">
    <ele>3623.0</ele>
    <time>2026-09-05T13:22:23Z</time>
    
   </trkpt>
   <trkpt lat="39.7137670" lon="-105.9036970">
    <ele>3624.2</ele>
    <time>2026-09-05T13:22:26Z</time>
    
   </trkpt>
   <trkpt lat="39.7137660" lon="-105.9036930">
    <ele>3624.6</ele>
    <time>2026-09-05T13:22:27Z</time>
    
   </trkpt>
   <trkpt lat="39.7137670" lon="-105.9036860">
    <ele>3625.4</ele>
    <time>2026-09-05T13:22:29Z</time>
    
   </trkpt>
   <trkpt lat="39.7137690" lon="-105.9036860">
    <ele>3626.2</ele>
    <time>2026-09-05T13:22:33Z</time>
    
   </trkpt>
   <trkpt lat="39.7137690" lon="-105.9036840">
    <ele>3626.6</ele>
    <time>2026-09-05T13:22:34Z</time>
    
   </trkpt>
   <trkpt lat="39.7137690" lon="-105.9036840">
    <ele>3626.8</ele>
    <time>2026-09-05T13:22:37Z</time>
    
   </trkpt>
   <trkpt lat="39.7137690" lon="-105.9036830">
    <ele>3626.8</ele>
    <time>2026-09-05T13:22:39Z</time>
    
   </trkpt>
   <trkpt lat="39.7137660" lon="-105.9036820">
    <ele>3626.4</ele>
    <time>2026-09-05T13:22:41Z</time>
    
   </trkpt>
   <trkpt lat="39.7137680" lon="-105.9036900">
    <ele>3626.6</ele>
    <time>2026-09-05T13:22:50Z</time>
    
   </trkpt>
   <trkpt lat="39.7137720" lon="-105.9037160">
    <ele>3626.0</ele>
    <time>2026-09-05T13:22:51Z</time>
    
   </trkpt>
   <trkpt lat="39.7137760" lon="-105.9037420">
    <ele>3625.4</ele>
    <time>2026-09-05T13:22:54Z</time>
    
   </trkpt>
   <trkpt lat="39.7138010" lon="-105.9038630">
    <ele>3624.6</ele>
    <time>2026-09-05T13:23:03Z</time>
    
   </trkpt>
   <trkpt lat="39.7137980" lon="-105.9038660">
    <ele>3624.4</ele>
    <time>2026-09-05T13:23:05Z</time>
    
   </trkpt>
   <trkpt lat="39.7137870" lon="-105.9038670">
    <ele>3624.6</ele>
    <time>2026-09-05T13:23:11Z</time>
    
   </trkpt>
   <trkpt lat="39.7137850" lon="-105.9038640">
    <ele>3623.8</ele>
    <time>2026-09-05T13:23:17Z</time>
    
   </trkpt>
   <trkpt lat="39.7137880" lon="-105.9038600">
    <ele>3623.8</ele>
    <time>2026-09-05T13:23:20Z</time>
    
   </trkpt>
   <trkpt lat="39.7137940" lon="-105.9038860">
    <ele>3624.8</ele>
    <time>2026-09-05T13:23:25Z</time>
    
   </trkpt>
   <trkpt lat="39.7138010" lon="-105.9039010">
    <ele>3624.8</ele>
    <time>2026-09-05T13:23:26Z</time>
    
   </trkpt>
   <trkpt lat="39.7138090" lon="-105.9039230">
    <ele>3624.8</ele>
    <time>2026-09-05T13:23:28Z</time>
    
   </trkpt>
   <trkpt lat="39.7138360" lon="-105.9039760">
    <ele>3625.2</ele>
    <time>2026-09-05T13:23:34Z</time>
    
   </trkpt>
   <trkpt lat="39.7138410" lon="-105.9039870">
    <ele>3625.2</ele>
    <time>2026-09-05T13:23:35Z</time>
    
   </trkpt>
   <trkpt lat="39.7138450" lon="-105.9039990">
    <ele>3625.4</ele>
    <time>2026-09-05T13:23:36Z</time>
    
   </trkpt>
   <trkpt lat="39.7138780" lon="-105.9040520">
    <ele>3626.8</ele>
    <time>2026-09-05T13:23:42Z</time>
    
   </trkpt>
   <trkpt lat="39.7138990" lon="-105.9041010">
    <ele>3627.6</ele>
    <time>2026-09-05T13:23:47Z</time>
    
   </trkpt>
   <trkpt lat="39.7139020" lon="-105.9041110">
    <ele>3627.8</ele>
    <time>2026-09-05T13:23:48Z</time>
    
   </trkpt>
   <trkpt lat="39.7139070" lon="-105.9041210">
    <ele>3628.0</ele>
    <time>2026-09-05T13:23:49Z</time>
    
   </trkpt>
   <trkpt lat="39.7139110" lon="-105.9041450">
    <ele>3628.4</ele>
    <time>2026-09-05T13:23:52Z</time>
    
   </trkpt>
   <trkpt lat="39.7139200" lon="-105.9041640">
    <ele>3629.0</ele>
    <time>2026-09-05T13:23:54Z</time>
    
   </trkpt>
   <trkpt lat="39.7139370" lon="-105.9041860">
    <ele>3629.4</ele>
    <time>2026-09-05T13:23:57Z</time>
    
   </trkpt>
   <trkpt lat="39.7139410" lon="-105.9042060">
    <ele>3630.0</ele>
    <time>2026-09-05T13:23:59Z</time>
    
   </trkpt>
   <trkpt lat="39.7139600" lon="-105.9042430">
    <ele>3631.0</ele>
    <time>2026-09-05T13:24:03Z</time>
    
   </trkpt>
   <trkpt lat="39.7139750" lon="-105.9042730">
    <ele>3631.8</ele>
    <time>2026-09-05T13:24:06Z</time>
    
   </trkpt>
   <trkpt lat="39.7139790" lon="-105.9042840">
    <ele>3632.0</ele>
    <time>2026-09-05T13:24:07Z</time>
    
   </trkpt>
   <trkpt lat="39.7139930" lon="-105.9043200">
    <ele>3633.2</ele>
    <time>2026-09-05T13:24:11Z</time>
    
   </trkpt>
   <trkpt lat="39.7139930" lon="-105.9043290">
    <ele>3633.6</ele>
    <time>2026-09-05T13:24:12Z</time>
    
   </trkpt>
   <trkpt lat="39.7140090" lon="-105.9043960">
    <ele>3634.4</ele>
    <time>2026-09-05T13:24:18Z</time>
    
   </trkpt>
   <trkpt lat="39.7140200" lon="-105.9044460">
    <ele>3635.8</ele>
    <time>2026-09-05T13:24:23Z</time>
    
   </trkpt>
   <trkpt lat="39.7140260" lon="-105.9044670">
    <ele>3636.2</ele>
    <time>2026-09-05T13:24:25Z</time>
    
   </trkpt>
   <trkpt lat="39.7140300" lon="-105.9044830">
    <ele>3636.8</ele>
    <time>2026-09-05T13:24:27Z</time>
    
   </trkpt>
   <trkpt lat="39.7140310" lon="-105.9045170">
    <ele>3638.0</ele>
    <time>2026-09-05T13:24:31Z</time>
    
   </trkpt>
   <trkpt lat="39.7140200" lon="-105.9045450">
    <ele>3639.2</ele>
    <time>2026-09-05T13:24:35Z</time>
    
   </trkpt>
   <trkpt lat="39.7140130" lon="-105.9045550">
    <ele>3639.8</ele>
    <time>2026-09-05T13:24:37Z</time>
    
   </trkpt>
   <trkpt lat="39.7140110" lon="-105.9045680">
    <ele>3640.2</ele>
    <time>2026-09-05T13:24:39Z</time>
    
   </trkpt>
   <trkpt lat="39.7140100" lon="-105.9045760">
    <ele>3640.6</ele>
    <time>2026-09-05T13:24:41Z</time>
    
   </trkpt>
   <trkpt lat="39.7139980" lon="-105.9046030">
    <ele>3641.4</ele>
    <time>2026-09-05T13:24:46Z</time>
    
   </trkpt>
   <trkpt lat="39.7140070" lon="-105.9046280">
    <ele>3642.4</ele>
    <time>2026-09-05T13:24:53Z</time>
    
   </trkpt>
   <trkpt lat="39.7140110" lon="-105.9046280">
    <ele>3642.4</ele>
    <time>2026-09-05T13:24:54Z</time>
    
   </trkpt>
   <trkpt lat="39.7140150" lon="-105.9046300">
    <ele>3642.6</ele>
    <time>2026-09-05T13:24:57Z</time>
    
   </trkpt>
   <trkpt lat="39.7140270" lon="-105.9046410">
    <ele>3643.6</ele>
    <time>2026-09-05T13:25:04Z</time>
    
   </trkpt>
   <trkpt lat="39.7140280" lon="-105.9046360">
    <ele>3643.6</ele>
    <time>2026-09-05T13:25:06Z</time>
    
   </trkpt>
   <trkpt lat="39.7140280" lon="-105.9046340">
    <ele>3643.6</ele>
    <time>2026-09-05T13:25:07Z</time>
    
   </trkpt>
   <trkpt lat="39.7140320" lon="-105.9046320">
    <ele>3643.4</ele>
    <time>2026-09-05T13:25:10Z</time>
    
   </trkpt>
   <trkpt lat="39.7140350" lon="-105.9046300">
    <ele>3643.4</ele>
    <time>2026-09-05T13:25:12Z</time>
    
   </trkpt>
   <trkpt lat="39.7140340" lon="-105.9046270">
    <ele>3643.4</ele>
    <time>2026-09-05T13:25:17Z</time>
    
   </trkpt>
   <trkpt lat="39.7140340" lon="-105.9046260">
    <ele>3643.6</ele>
    <time>2026-09-05T13:25:21Z</time>
    
   </trkpt>
   <trkpt lat="39.7140330" lon="-105.9046280">
    <ele>3643.6</ele>
    <time>2026-09-05T13:25:24Z</time>
    
   </trkpt>
   <trkpt lat="39.7140330" lon="-105.9046280">
    <ele>3643.6</ele>
    <time>2026-09-05T13:25:25Z</time>
    
   </trkpt>
   <trkpt lat="39.7140370" lon="-105.9046460">
    <ele>3644.0</ele>
    <time>2026-09-05T13:25:31Z</time>
    
   </trkpt>
   <trkpt lat="39.7140520" lon="-105.9046730">
    <ele>3643.6</ele>
    <time>2026-09-05T13:25:34Z</time>
    
   </trkpt>
   <trkpt lat="39.7140610" lon="-105.9046860">
    <ele>3643.4</ele>
    <time>2026-09-05T13:25:36Z</time>
    
   </trkpt>
   <trkpt lat="39.7140770" lon="-105.9047440">
    <ele>3644.6</ele>
    <time>2026-09-05T13:25:42Z</time>
    
   </trkpt>
   <trkpt lat="39.7140940" lon="-105.9047870">
    <ele>3645.8</ele>
    <time>2026-09-05T13:25:47Z</time>
    
   </trkpt>
   <trkpt lat="39.7141160" lon="-105.9048110">
    <ele>3647.0</ele>
    <time>2026-09-05T13:25:52Z</time>
    
   </trkpt>
   <trkpt lat="39.7141310" lon="-105.9048270">
    <ele>3648.2</ele>
    <time>2026-09-05T13:25:55Z</time>
    
   </trkpt>
   <trkpt lat="39.7141320" lon="-105.9048340">
    <ele>3648.4</ele>
    <time>2026-09-05T13:25:56Z</time>
    
   </trkpt>
   <trkpt lat="39.7141320" lon="-105.9048530">
    <ele>3649.0</ele>
    <time>2026-09-05T13:25:58Z</time>
    
   </trkpt>
   <trkpt lat="39.7141350" lon="-105.9048630">
    <ele>3649.2</ele>
    <time>2026-09-05T13:25:59Z</time>
    
   </trkpt>
   <trkpt lat="39.7141370" lon="-105.9048700">
    <ele>3649.4</ele>
    <time>2026-09-05T13:26:00Z</time>
    
   </trkpt>
   <trkpt lat="39.7141470" lon="-105.9048950">
    <ele>3650.0</ele>
    <time>2026-09-05T13:26:03Z</time>
    
   </trkpt>
   <trkpt lat="39.7141500" lon="-105.9049110">
    <ele>3650.4</ele>
    <time>2026-09-05T13:26:04Z</time>
    
   </trkpt>
   <trkpt lat="39.7141560" lon="-105.9049580">
    <ele>3651.6</ele>
    <time>2026-09-05T13:26:10Z</time>
    
   </trkpt>
   <trkpt lat="39.7141500" lon="-105.9049650">
    <ele>3651.8</ele>
    <time>2026-09-05T13:26:11Z</time>
    
   </trkpt>
   <trkpt lat="39.7141310" lon="-105.9049990">
    <ele>3652.8</ele>
    <time>2026-09-05T13:26:15Z</time>
    
   </trkpt>
   <trkpt lat="39.7141130" lon="-105.9050440">
    <ele>3653.6</ele>
    <time>2026-09-05T13:26:21Z</time>
    
   </trkpt>
   <trkpt lat="39.7141110" lon="-105.9050530">
    <ele>3653.8</ele>
    <time>2026-09-05T13:26:22Z</time>
    
   </trkpt>
   <trkpt lat="39.7141070" lon="-105.9050640">
    <ele>3654.2</ele>
    <time>2026-09-05T13:26:24Z</time>
    
   </trkpt>
   <trkpt lat="39.7141100" lon="-105.9050900">
    <ele>3655.0</ele>
    <time>2026-09-05T13:26:28Z</time>
    
   </trkpt>
   <trkpt lat="39.7141210" lon="-105.9051080">
    <ele>3655.2</ele>
    <time>2026-09-05T13:26:31Z</time>
    
   </trkpt>
   <trkpt lat="39.7141280" lon="-105.9051200">
    <ele>3655.6</ele>
    <time>2026-09-05T13:26:33Z</time>
    
   </trkpt>
   <trkpt lat="39.7141330" lon="-105.9051250">
    <ele>3655.8</ele>
    <time>2026-09-05T13:26:34Z</time>
    
   </trkpt>
   <trkpt lat="39.7141370" lon="-105.9051300">
    <ele>3656.0</ele>
    <time>2026-09-05T13:26:35Z</time>
    
   </trkpt>
   <trkpt lat="39.7141500" lon="-105.9051370">
    <ele>3657.0</ele>
    <time>2026-09-05T13:26:38Z</time>
    
   </trkpt>
   <trkpt lat="39.7141680" lon="-105.9051490">
    <ele>3658.2</ele>
    <time>2026-09-05T13:26:45Z</time>
    
   </trkpt>
   <trkpt lat="39.7141650" lon="-105.9051780">
    <ele>3659.4</ele>
    <time>2026-09-05T13:26:49Z</time>
    
   </trkpt>
   <trkpt lat="39.7141740" lon="-105.9052090">
    <ele>3660.2</ele>
    <time>2026-09-05T13:26:54Z</time>
    
   </trkpt>
   <trkpt lat="39.7141780" lon="-105.9052200">
    <ele>3660.6</ele>
    <time>2026-09-05T13:26:55Z</time>
    
   </trkpt>
   <trkpt lat="39.7141770" lon="-105.9052520">
    <ele>3661.8</ele>
    <time>2026-09-05T13:27:00Z</time>
    
   </trkpt>
   <trkpt lat="39.7141830" lon="-105.9052840">
    <ele>3662.6</ele>
    <time>2026-09-05T13:27:04Z</time>
    
   </trkpt>
   <trkpt lat="39.7141880" lon="-105.9052980">
    <ele>3662.8</ele>
    <time>2026-09-05T13:27:06Z</time>
    
   </trkpt>
   <trkpt lat="39.7142050" lon="-105.9053550">
    <ele>3664.0</ele>
    <time>2026-09-05T13:27:13Z</time>
    
   </trkpt>
   <trkpt lat="39.7142100" lon="-105.9053620">
    <ele>3664.4</ele>
    <time>2026-09-05T13:27:15Z</time>
    
   </trkpt>
   <trkpt lat="39.7142100" lon="-105.9053630">
    <ele>3664.6</ele>
    <time>2026-09-05T13:27:18Z</time>
    
   </trkpt>
   <trkpt lat="39.7142200" lon="-105.9053850">
    <ele>3664.6</ele>
    <time>2026-09-05T13:27:26Z</time>
    
   </trkpt>
   <trkpt lat="39.7142420" lon="-105.9054170">
    <ele>3665.2</ele>
    <time>2026-09-05T13:27:31Z</time>
    
   </trkpt>
   <trkpt lat="39.7142470" lon="-105.9054240">
    <ele>3665.6</ele>
    <time>2026-09-05T13:27:32Z</time>
    
   </trkpt>
   <trkpt lat="39.7142740" lon="-105.9054490">
    <ele>3666.2</ele>
    <time>2026-09-05T13:27:36Z</time>
    
   </trkpt>
   <trkpt lat="39.7142800" lon="-105.9054570">
    <ele>3666.4</ele>
    <time>2026-09-05T13:27:37Z</time>
    
   </trkpt>
   <trkpt lat="39.7142850" lon="-105.9054630">
    <ele>3666.6</ele>
    <time>2026-09-05T13:27:38Z</time>
    
   </trkpt>
   <trkpt lat="39.7142960" lon="-105.9054740">
    <ele>3666.8</ele>
    <time>2026-09-05T13:27:40Z</time>
    
   </trkpt>
   <trkpt lat="39.7143070" lon="-105.9054910">
    <ele>3667.6</ele>
    <time>2026-09-05T13:27:43Z</time>
    
   </trkpt>
   <trkpt lat="39.7143110" lon="-105.9055120">
    <ele>3668.8</ele>
    <time>2026-09-05T13:27:47Z</time>
    
   </trkpt>
   <trkpt lat="39.7143180" lon="-105.9055360">
    <ele>3670.0</ele>
    <time>2026-09-05T13:27:51Z</time>
    
   </trkpt>
   <trkpt lat="39.7143210" lon="-105.9055420">
    <ele>3670.2</ele>
    <time>2026-09-05T13:27:52Z</time>
    
   </trkpt>
   <trkpt lat="39.7143240" lon="-105.9055680">
    <ele>3671.0</ele>
    <time>2026-09-05T13:27:57Z</time>
    
   </trkpt>
   <trkpt lat="39.7143310" lon="-105.9055870">
    <ele>3672.2</ele>
    <time>2026-09-05T13:28:00Z</time>
    
   </trkpt>
   <trkpt lat="39.7143360" lon="-105.9056200">
    <ele>3672.8</ele>
    <time>2026-09-05T13:28:05Z</time>
    
   </trkpt>
   <trkpt lat="39.7143330" lon="-105.9056560">
    <ele>3673.2</ele>
    <time>2026-09-05T13:28:10Z</time>
    
   </trkpt>
   <trkpt lat="39.7143340" lon="-105.9056690">
    <ele>3673.6</ele>
    <time>2026-09-05T13:28:12Z</time>
    
   </trkpt>
   <trkpt lat="39.7143320" lon="-105.9056720">
    <ele>3674.4</ele>
    <time>2026-09-05T13:28:15Z</time>
    
   </trkpt>
   <trkpt lat="39.7143320" lon="-105.9056880">
    <ele>3675.4</ele>
    <time>2026-09-05T13:28:22Z</time>
    
   </trkpt>
   <trkpt lat="39.7143520" lon="-105.9057130">
    <ele>3676.2</ele>
    <time>2026-09-05T13:28:27Z</time>
    
   </trkpt>
   <trkpt lat="39.7143530" lon="-105.9057180">
    <ele>3676.4</ele>
    <time>2026-09-05T13:28:28Z</time>
    
   </trkpt>
   <trkpt lat="39.7143430" lon="-105.9057400">
    <ele>3677.2</ele>
    <time>2026-09-05T13:28:33Z</time>
    
   </trkpt>
   <trkpt lat="39.7143370" lon="-105.9057520">
    <ele>3677.4</ele>
    <time>2026-09-05T13:28:34Z</time>
    
   </trkpt>
   <trkpt lat="39.7143270" lon="-105.9057650">
    <ele>3678.6</ele>
    <time>2026-09-05T13:28:37Z</time>
    
   </trkpt>
   <trkpt lat="39.7143190" lon="-105.9057670">
    <ele>3679.0</ele>
    <time>2026-09-05T13:28:38Z</time>
    
   </trkpt>
   <trkpt lat="39.7143020" lon="-105.9057800">
    <ele>3679.8</ele>
    <time>2026-09-05T13:28:41Z</time>
    
   </trkpt>
   <trkpt lat="39.7142700" lon="-105.9057980">
    <ele>3680.8</ele>
    <time>2026-09-05T13:28:46Z</time>
    
   </trkpt>
   <trkpt lat="39.7142540" lon="-105.9058120">
    <ele>3681.4</ele>
    <time>2026-09-05T13:28:49Z</time>
    
   </trkpt>
   <trkpt lat="39.7142450" lon="-105.9058320">
    <ele>3682.0</ele>
    <time>2026-09-05T13:28:52Z</time>
    
   </trkpt>
   <trkpt lat="39.7142430" lon="-105.9058510">
    <ele>3682.4</ele>
    <time>2026-09-05T13:28:56Z</time>
    
   </trkpt>
   <trkpt lat="39.7142390" lon="-105.9058650">
    <ele>3682.6</ele>
    <time>2026-09-05T13:29:00Z</time>
    
   </trkpt>
   <trkpt lat="39.7142370" lon="-105.9058840">
    <ele>3683.0</ele>
    <time>2026-09-05T13:29:03Z</time>
    
   </trkpt>
   <trkpt lat="39.7142370" lon="-105.9058940">
    <ele>3683.4</ele>
    <time>2026-09-05T13:29:05Z</time>
    
   </trkpt>
   <trkpt lat="39.7142220" lon="-105.9059420">
    <ele>3684.0</ele>
    <time>2026-09-05T13:29:13Z</time>
    
   </trkpt>
   <trkpt lat="39.7142180" lon="-105.9059540">
    <ele>3684.2</ele>
    <time>2026-09-05T13:29:14Z</time>
    
   </trkpt>
   <trkpt lat="39.7141950" lon="-105.9059960">
    <ele>3685.4</ele>
    <time>2026-09-05T13:29:20Z</time>
    
   </trkpt>
   <trkpt lat="39.7141950" lon="-105.9060160">
    <ele>3685.8</ele>
    <time>2026-09-05T13:29:23Z</time>
    
   </trkpt>
   <trkpt lat="39.7142030" lon="-105.9060210">
    <ele>3686.4</ele>
    <time>2026-09-05T13:29:27Z</time>
    
   </trkpt>
   <trkpt lat="39.7142050" lon="-105.9060190">
    <ele>3687.2</ele>
    <time>2026-09-05T13:29:33Z</time>
    
   </trkpt>
   <trkpt lat="39.7142240" lon="-105.9060310">
    <ele>3687.6</ele>
    <time>2026-09-05T13:29:39Z</time>
    
   </trkpt>
   <trkpt lat="39.7142260" lon="-105.9060540">
    <ele>3688.4</ele>
    <time>2026-09-05T13:29:43Z</time>
    
   </trkpt>
   <trkpt lat="39.7142250" lon="-105.9060550">
    <ele>3688.8</ele>
    <time>2026-09-05T13:29:44Z</time>
    
   </trkpt>
   <trkpt lat="39.7142180" lon="-105.9060640">
    <ele>3690.0</ele>
    <time>2026-09-05T13:29:47Z</time>
    
   </trkpt>
   <trkpt lat="39.7142070" lon="-105.9061050">
    <ele>3691.2</ele>
    <time>2026-09-05T13:29:53Z</time>
    
   </trkpt>
   <trkpt lat="39.7141940" lon="-105.9061200">
    <ele>3692.2</ele>
    <time>2026-09-05T13:29:58Z</time>
    
   </trkpt>
   <trkpt lat="39.7141860" lon="-105.9061390">
    <ele>3693.4</ele>
    <time>2026-09-05T13:30:03Z</time>
    
   </trkpt>
   <trkpt lat="39.7141860" lon="-105.9061490">
    <ele>3693.6</ele>
    <time>2026-09-05T13:30:04Z</time>
    
   </trkpt>
   <trkpt lat="39.7141790" lon="-105.9061650">
    <ele>3694.4</ele>
    <time>2026-09-05T13:30:07Z</time>
    
   </trkpt>
   <trkpt lat="39.7141830" lon="-105.9061900">
    <ele>3695.6</ele>
    <time>2026-09-05T13:30:11Z</time>
    
   </trkpt>
   <trkpt lat="39.7141790" lon="-105.9061940">
    <ele>3696.4</ele>
    <time>2026-09-05T13:30:15Z</time>
    
   </trkpt>
   <trkpt lat="39.7141770" lon="-105.9061950">
    <ele>3696.8</ele>
    <time>2026-09-05T13:30:16Z</time>
    
   </trkpt>
   <trkpt lat="39.7141770" lon="-105.9062080">
    <ele>3697.8</ele>
    <time>2026-09-05T13:30:19Z</time>
    
   </trkpt>
   <trkpt lat="39.7141920" lon="-105.9062170">
    <ele>3699.0</ele>
    <time>2026-09-05T13:30:24Z</time>
    
   </trkpt>
   <trkpt lat="39.7141950" lon="-105.9062330">
    <ele>3699.6</ele>
    <time>2026-09-05T13:30:26Z</time>
    
   </trkpt>
   <trkpt lat="39.7142060" lon="-105.9062560">
    <ele>3700.0</ele>
    <time>2026-09-05T13:30:32Z</time>
    
   </trkpt>
   <trkpt lat="39.7142120" lon="-105.9062640">
    <ele>3700.4</ele>
    <time>2026-09-05T13:30:33Z</time>
    
   </trkpt>
   <trkpt lat="39.7142120" lon="-105.9062640">
    <ele>3700.4</ele>
    <time>2026-09-05T13:30:34Z</time>
    
   </trkpt>
   <trkpt lat="39.7142250" lon="-105.9062600">
    <ele>3700.8</ele>
    <time>2026-09-05T13:30:37Z</time>
    
   </trkpt>
   <trkpt lat="39.7142350" lon="-105.9062610">
    <ele>3701.2</ele>
    <time>2026-09-05T13:30:40Z</time>
    
   </trkpt>
   <trkpt lat="39.7142370" lon="-105.9062610">
    <ele>3701.4</ele>
    <time>2026-09-05T13:30:41Z</time>
    
   </trkpt>
   <trkpt lat="39.7142360" lon="-105.9062610">
    <ele>3702.0</ele>
    <time>2026-09-05T13:30:44Z</time>
    
   </trkpt>
   <trkpt lat="39.7142310" lon="-105.9062580">
    <ele>3701.8</ele>
    <time>2026-09-05T13:30:48Z</time>
    
   </trkpt>
   <trkpt lat="39.7142320" lon="-105.9062560">
    <ele>3701.8</ele>
    <time>2026-09-05T13:30:54Z</time>
    
   </trkpt>
   <trkpt lat="39.7142340" lon="-105.9062510">
    <ele>3701.4</ele>
    <time>2026-09-05T13:30:58Z</time>
    
   </trkpt>
   <trkpt lat="39.7142260" lon="-105.9062440">
    <ele>3700.8</ele>
    <time>2026-09-05T13:31:00Z</time>
    
   </trkpt>
   <trkpt lat="39.7142220" lon="-105.9062360">
    <ele>3700.6</ele>
    <time>2026-09-05T13:31:04Z</time>
    
   </trkpt>
   <trkpt lat="39.7142130" lon="-105.9062320">
    <ele>3700.8</ele>
    <time>2026-09-05T13:31:08Z</time>
    
   </trkpt>
   <trkpt lat="39.7142110" lon="-105.9062340">
    <ele>3701.0</ele>
    <time>2026-09-05T13:31:12Z</time>
    
   </trkpt>
   <trkpt lat="39.7142070" lon="-105.9062370">
    <ele>3701.2</ele>
    <time>2026-09-05T13:31:17Z</time>
    
   </trkpt>
   <trkpt lat="39.7142080" lon="-105.9062430">
    <ele>3701.2</ele>
    <time>2026-09-05T13:31:28Z</time>
    
   </trkpt>
   <trkpt lat="39.7142080" lon="-105.9062430">
    <ele>3701.0</ele>
    <time>2026-09-05T13:31:34Z</time>
    
   </trkpt>
   <trkpt lat="39.7142080" lon="-105.9062430">
    <ele>3701.0</ele>
    <time>2026-09-05T13:31:35Z</time>
    
   </trkpt>
   <trkpt lat="39.7142080" lon="-105.9062430">
    <ele>3701.0</ele>
    <time>2026-09-05T13:31:37Z</time>
    
   </trkpt>
   <trkpt lat="39.7142080" lon="-105.9062430">
    <ele>3700.8</ele>
    <time>2026-09-05T13:31:43Z</time>
    
   </trkpt>
   <trkpt lat="39.7142080" lon="-105.9062430">
    <ele>3701.0</ele>
    <time>2026-09-05T13:31:49Z</time>
    
   </trkpt>
   <trkpt lat="39.7142040" lon="-105.9062390">
    <ele>3700.6</ele>
    <time>2026-09-05T13:31:57Z</time>
    
   </trkpt>
   <trkpt lat="39.7142040" lon="-105.9062380">
    <ele>3700.4</ele>
    <time>2026-09-05T13:31:59Z</time>
    
   </trkpt>
   <trkpt lat="39.7142040" lon="-105.9062380">
    <ele>3700.8</ele>
    <time>2026-09-05T13:32:11Z</time>
    
   </trkpt>
   <trkpt lat="39.7142040" lon="-105.9062380">
    <ele>3700.6</ele>
    <time>2026-09-05T13:32:13Z</time>
    
   </trkpt>
   <trkpt lat="39.7142040" lon="-105.9062390">
    <ele>3700.6</ele>
    <time>2026-09-05T13:32:22Z</time>
    
   </trkpt>
   <trkpt lat="39.7142040" lon="-105.9062390">
    <ele>3700.8</ele>
    <time>2026-09-05T13:32:24Z</time>
    
   </trkpt>
   <trkpt lat="39.7142030" lon="-105.9062390">
    <ele>3700.4</ele>
    <time>2026-09-05T13:32:42Z</time>
    
   </trkpt>
   <trkpt lat="39.7142020" lon="-105.9062380">
    <ele>3700.4</ele>
    <time>2026-09-05T13:33:16Z</time>
    
   </trkpt>
   <trkpt lat="39.7142020" lon="-105.9062390">
    <ele>3700.4</ele>
    <time>2026-09-05T13:33:17Z</time>
    
   </trkpt>
   <trkpt lat="39.7142020" lon="-105.9062380">
    <ele>3700.6</ele>
    <time>2026-09-05T13:33:18Z</time>
    
   </trkpt>
   <trkpt lat="39.7142050" lon="-105.9062400">
    <ele>3700.4</ele>
    <time>2026-09-05T13:33:37Z</time>
    
   </trkpt>
   <trkpt lat="39.7142040" lon="-105.9062400">
    <ele>3700.4</ele>
    <time>2026-09-05T13:33:39Z</time>
    
   </trkpt>
   <trkpt lat="39.7142030" lon="-105.9062360">
    <ele>3701.0</ele>
    <time>2026-09-05T13:33:44Z</time>
    
   </trkpt>
   <trkpt lat="39.7142010" lon="-105.9062300">
    <ele>3700.6</ele>
    <time>2026-09-05T13:33:47Z</time>
    
   </trkpt>
   <trkpt lat="39.7141970" lon="-105.9062220">
    <ele>3700.6</ele>
    <time>2026-09-05T13:33:50Z</time>
    
   </trkpt>
   <trkpt lat="39.7141920" lon="-105.9062150">
    <ele>3701.6</ele>
    <time>2026-09-05T13:33:55Z</time>
    
   </trkpt>
   <trkpt lat="39.7141960" lon="-105.9062250">
    <ele>3701.2</ele>
    <time>2026-09-05T13:34:16Z</time>
    
   </trkpt>
   <trkpt lat="39.7141990" lon="-105.9062280">
    <ele>3701.2</ele>
    <time>2026-09-05T13:34:20Z</time>
    
   </trkpt>
   <trkpt lat="39.7141990" lon="-105.9062280">
    <ele>3701.2</ele>
    <time>2026-09-05T13:34:31Z</time>
    
   </trkpt>
   <trkpt lat="39.7142000" lon="-105.9062290">
    <ele>3701.2</ele>
    <time>2026-09-05T13:34:49Z</time>
    
   </trkpt>
   <trkpt lat="39.7141990" lon="-105.9062290">
    <ele>3701.2</ele>
    <time>2026-09-05T13:35:01Z</time>
    
   </trkpt>
   <trkpt lat="39.7142000" lon="-105.9062290">
    <ele>3701.2</ele>
    <time>2026-09-05T13:35:06Z</time>
    
   </trkpt>
   <trkpt lat="39.7142010" lon="-105.9062290">
    <ele>3701.2</ele>
    <time>2026-09-05T13:35:11Z</time>
    
   </trkpt>
   <trkpt lat="39.7142010" lon="-105.9062290">
    <ele>3701.2</ele>
    <time>2026-09-05T13:35:12Z</time>
    
   </trkpt>
   <trkpt lat="39.7142010" lon="-105.9062300">
    <ele>3701.2</ele>
    <time>2026-09-05T13:35:16Z</time>
    
   </trkpt>
   <trkpt lat="39.7142020" lon="-105.9062300">
    <ele>3701.2</ele>
    <time>2026-09-05T13:35:17Z</time>
    
   </trkpt>
   <trkpt lat="39.7142020" lon="-105.9062310">
    <ele>3701.2</ele>
    <time>2026-09-05T13:35:18Z</time>
    
   </trkpt>
   <trkpt lat="39.7142020" lon="-105.9062310">
    <ele>3701.2</ele>
    <time>2026-09-05T13:35:19Z</time>
    
   </trkpt>
   <trkpt lat="39.7142020" lon="-105.9062330">
    <ele>3701.2</ele>
    <time>2026-09-05T13:35:23Z</time>
    
   </trkpt>
   <trkpt lat="39.7142030" lon="-105.9062330">
    <ele>3701.2</ele>
    <time>2026-09-05T13:35:31Z</time>
    
   </trkpt>
   <trkpt lat="39.7142020" lon="-105.9062330">
    <ele>3701.2</ele>
    <time>2026-09-05T13:35:44Z</time>
    
   </trkpt>
   <trkpt lat="39.7142020" lon="-105.9062340">
    <ele>3701.2</ele>
    <time>2026-09-05T13:35:50Z</time>
    
   </trkpt>
   <trkpt lat="39.7142020" lon="-105.9062350">
    <ele>3701.2</ele>
    <time>2026-09-05T13:35:53Z</time>
    
   </trkpt>
   <trkpt lat="39.7142020" lon="-105.9062350">
    <ele>3701.2</ele>
    <time>2026-09-05T13:35:56Z</time>
    
   </trkpt>
   <trkpt lat="39.7142020" lon="-105.9062350">
    <ele>3701.2</ele>
    <time>2026-09-05T13:35:57Z</time>
    
   </trkpt>
   <trkpt lat="39.7142020" lon="-105.9062350">
    <ele>3701.2</ele>
    <time>2026-09-05T13:36:04Z</time>
    
   </trkpt>
   <trkpt lat="39.7142020" lon="-105.9062340">
    <ele>3701.2</ele>
    <time>2026-09-05T13:36:13Z</time>
    
   </trkpt>
   <trkpt lat="39.7142020" lon="-105.9062340">
    <ele>3701.2</ele>
    <time>2026-09-05T13:36:17Z</time>
    
   </trkpt>
   <trkpt lat="39.7142020" lon="-105.9062340">
    <ele>3701.2</ele>
    <time>2026-09-05T13:36:21Z</time>
    
   </trkpt>
   <trkpt lat="39.7142020" lon="-105.9062360">
    <ele>3701.2</ele>
    <time>2026-09-05T13:36:42Z</time>
    
   </trkpt>
   <trkpt lat="39.7142010" lon="-105.9062360">
    <ele>3701.2</ele>
    <time>2026-09-05T13:36:54Z</time>
    
   </trkpt>
   <trkpt lat="39.7142000" lon="-105.9062370">
    <ele>3701.2</ele>
    <time>2026-09-05T13:36:59Z</time>
    
   </trkpt>
   <trkpt lat="39.7141970" lon="-105.9062380">
    <ele>3701.2</ele>
    <time>2026-09-05T13:37:05Z</time>
    
   </trkpt>
   <trkpt lat="39.7141960" lon="-105.9062370">
    <ele>3701.2</ele>
    <time>2026-09-05T13:37:07Z</time>
    
   </trkpt>
   <trkpt lat="39.7141960" lon="-105.9062360">
    <ele>3701.2</ele>
    <time>2026-09-05T13:37:09Z</time>
    
   </trkpt>
   <trkpt lat="39.7142030" lon="-105.9062650">
    <ele>3701.2</ele>
    <time>2026-09-05T13:37:17Z</time>
    
   </trkpt>
   <trkpt lat="39.7142040" lon="-105.9062840">
    <ele>3701.2</ele>
    <time>2026-09-05T13:37:20Z</time>
    
   </trkpt>
   <trkpt lat="39.7142050" lon="-105.9063040">
    <ele>3701.2</ele>
    <time>2026-09-05T13:37:23Z</time>
    
   </trkpt>
   <trkpt lat="39.7142100" lon="-105.9063540">
    <ele>3701.2</ele>
    <time>2026-09-05T13:37:33Z</time>
    
   </trkpt>
   <trkpt lat="39.7142140" lon="-105.9063700">
    <ele>3701.2</ele>
    <time>2026-09-05T13:37:35Z</time>
    
   </trkpt>
   <trkpt lat="39.7142160" lon="-105.9063910">
    <ele>3701.2</ele>
    <time>2026-09-05T13:37:38Z</time>
    
   </trkpt>
   <trkpt lat="39.7142260" lon="-105.9064430">
    <ele>3701.2</ele>
    <time>2026-09-05T13:37:48Z</time>
    
   </trkpt>
   <trkpt lat="39.7142250" lon="-105.9064430">
    <ele>3701.2</ele>
    <time>2026-09-05T13:37:50Z</time>
    
   </trkpt>
   <trkpt lat="39.7142250" lon="-105.9064430">
    <ele>3701.2</ele>
    <time>2026-09-05T13:37:51Z</time>
    
   </trkpt>
   <trkpt lat="39.7142240" lon="-105.9064430">
    <ele>3701.2</ele>
    <time>2026-09-05T13:37:52Z</time>
    
   </trkpt>
   <trkpt lat="39.7142230" lon="-105.9064440">
    <ele>3701.2</ele>
    <time>2026-09-05T13:37:55Z</time>
    
   </trkpt>
   <trkpt lat="39.7142280" lon="-105.9064490">
    <ele>3701.2</ele>
    <time>2026-09-05T13:37:57Z</time>
    
   </trkpt>
   <trkpt lat="39.7142290" lon="-105.9064510">
    <ele>3701.2</ele>
    <time>2026-09-05T13:37:58Z</time>
    
   </trkpt>
   <trkpt lat="39.7142300" lon="-105.9064520">
    <ele>3701.2</ele>
    <time>2026-09-05T13:38:01Z</time>
    
   </trkpt>
   <trkpt lat="39.7142320" lon="-105.9064560">
    <ele>3701.2</ele>
    <time>2026-09-05T13:38:02Z</time>
    
   </trkpt>
   <trkpt lat="39.7142330" lon="-105.9064740">
    <ele>3701.2</ele>
    <time>2026-09-05T13:38:05Z</time>
    
   </trkpt>
   <trkpt lat="39.7142290" lon="-105.9065010">
    <ele>3701.2</ele>
    <time>2026-09-05T13:38:10Z</time>
    
   </trkpt>
   <trkpt lat="39.7142220" lon="-105.9065130">
    <ele>3701.2</ele>
    <time>2026-09-05T13:38:12Z</time>
    
   </trkpt>
   <trkpt lat="39.7142170" lon="-105.9065320">
    <ele>3701.2</ele>
    <time>2026-09-05T13:38:15Z</time>
    
   </trkpt>
   <trkpt lat="39.7142030" lon="-105.9065580">
    <ele>3714.8</ele>
    <time>2026-09-05T13:38:20Z</time>
    
   </trkpt>
   <trkpt lat="39.7141990" lon="-105.9065870">
    <ele>3716.0</ele>
    <time>2026-09-05T13:38:24Z</time>
    
   </trkpt>
   <trkpt lat="39.7141890" lon="-105.9066140">
    <ele>3716.4</ele>
    <time>2026-09-05T13:38:27Z</time>
    
   </trkpt>
   <trkpt lat="39.7141800" lon="-105.9066270">
    <ele>3716.6</ele>
    <time>2026-09-05T13:38:29Z</time>
    
   </trkpt>
   <trkpt lat="39.7141740" lon="-105.9066390">
    <ele>3717.0</ele>
    <time>2026-09-05T13:38:31Z</time>
    
   </trkpt>
   <trkpt lat="39.7141640" lon="-105.9066660">
    <ele>3718.2</ele>
    <time>2026-09-05T13:38:36Z</time>
    
   </trkpt>
   <trkpt lat="39.7141520" lon="-105.9066990">
    <ele>3718.6</ele>
    <time>2026-09-05T13:38:40Z</time>
    
   </trkpt>
   <trkpt lat="39.7141420" lon="-105.9067200">
    <ele>3719.4</ele>
    <time>2026-09-05T13:38:43Z</time>
    
   </trkpt>
   <trkpt lat="39.7141320" lon="-105.9067370">
    <ele>3720.4</ele>
    <time>2026-09-05T13:38:48Z</time>
    
   </trkpt>
   <trkpt lat="39.7141310" lon="-105.9067540">
    <ele>3721.4</ele>
    <time>2026-09-05T13:38:53Z</time>
    
   </trkpt>
   <trkpt lat="39.7141330" lon="-105.9067590">
    <ele>3721.8</ele>
    <time>2026-09-05T13:38:54Z</time>
    
   </trkpt>
   <trkpt lat="39.7141390" lon="-105.9067650">
    <ele>3723.0</ele>
    <time>2026-09-05T13:38:56Z</time>
    
   </trkpt>
   <trkpt lat="39.7141410" lon="-105.9067760">
    <ele>3723.8</ele>
    <time>2026-09-05T13:39:01Z</time>
    
   </trkpt>
   <trkpt lat="39.7141360" lon="-105.9067870">
    <ele>3723.6</ele>
    <time>2026-09-05T13:39:04Z</time>
    
   </trkpt>
   <trkpt lat="39.7141380" lon="-105.9067940">
    <ele>3723.4</ele>
    <time>2026-09-05T13:39:06Z</time>
    
   </trkpt>
   <trkpt lat="39.7141390" lon="-105.9067920">
    <ele>3723.4</ele>
    <time>2026-09-05T13:39:08Z</time>
    
   </trkpt>
   <trkpt lat="39.7141220" lon="-105.9068080">
    <ele>3724.2</ele>
    <time>2026-09-05T13:39:15Z</time>
    
   </trkpt>
   <trkpt lat="39.7141190" lon="-105.9068140">
    <ele>3724.4</ele>
    <time>2026-09-05T13:39:16Z</time>
    
   </trkpt>
   <trkpt lat="39.7141200" lon="-105.9068520">
    <ele>3725.2</ele>
    <time>2026-09-05T13:39:22Z</time>
    
   </trkpt>
   <trkpt lat="39.7141310" lon="-105.9068490">
    <ele>3726.4</ele>
    <time>2026-09-05T13:39:25Z</time>
    
   </trkpt>
   <trkpt lat="39.7141560" lon="-105.9068860">
    <ele>3727.4</ele>
    <time>2026-09-05T13:39:35Z</time>
    
   </trkpt>
   <trkpt lat="39.7141580" lon="-105.9068890">
    <ele>3728.0</ele>
    <time>2026-09-05T13:39:37Z</time>
    
   </trkpt>
   <trkpt lat="39.7141720" lon="-105.9069030">
    <ele>3728.6</ele>
    <time>2026-09-05T13:39:42Z</time>
    
   </trkpt>
   <trkpt lat="39.7141800" lon="-105.9069170">
    <ele>3729.6</ele>
    <time>2026-09-05T13:39:45Z</time>
    
   </trkpt>
   <trkpt lat="39.7141810" lon="-105.9069150">
    <ele>3729.8</ele>
    <time>2026-09-05T13:39:46Z</time>
    
   </trkpt>
   <trkpt lat="39.7141840" lon="-105.9069180">
    <ele>3730.8</ele>
    <time>2026-09-05T13:39:48Z</time>
    
   </trkpt>
   <trkpt lat="39.7141840" lon="-105.9069210">
    <ele>3731.8</ele>
    <time>2026-09-05T13:39:52Z</time>
    
   </trkpt>
   <trkpt lat="39.7141760" lon="-105.9069320">
    <ele>3732.6</ele>
    <time>2026-09-05T13:39:58Z</time>
    
   </trkpt>
   <trkpt lat="39.7141740" lon="-105.9069320">
    <ele>3733.0</ele>
    <time>2026-09-05T13:40:00Z</time>
    
   </trkpt>
   <trkpt lat="39.7141690" lon="-105.9069450">
    <ele>3733.0</ele>
    <time>2026-09-05T13:40:06Z</time>
    
   </trkpt>
   <trkpt lat="39.7141600" lon="-105.9069630">
    <ele>3733.2</ele>
    <time>2026-09-05T13:40:09Z</time>
    
   </trkpt>
   <trkpt lat="39.7141480" lon="-105.9070110">
    <ele>3733.0</ele>
    <time>2026-09-05T13:40:15Z</time>
    
   </trkpt>
   <trkpt lat="39.7141330" lon="-105.9070540">
    <ele>3733.6</ele>
    <time>2026-09-05T13:40:19Z</time>
    
   </trkpt>
   <trkpt lat="39.7141290" lon="-105.9070630">
    <ele>3734.0</ele>
    <time>2026-09-05T13:40:20Z</time>
    
   </trkpt>
   <trkpt lat="39.7141260" lon="-105.9070710">
    <ele>3734.4</ele>
    <time>2026-09-05T13:40:21Z</time>
    
   </trkpt>
   <trkpt lat="39.7141260" lon="-105.9070800">
    <ele>3734.6</ele>
    <time>2026-09-05T13:40:22Z</time>
    
   </trkpt>
   <trkpt lat="39.7141190" lon="-105.9071080">
    <ele>3735.4</ele>
    <time>2026-09-05T13:40:25Z</time>
    
   </trkpt>
   <trkpt lat="39.7141210" lon="-105.9071330">
    <ele>3736.4</ele>
    <time>2026-09-05T13:40:28Z</time>
    
   </trkpt>
   <trkpt lat="39.7141200" lon="-105.9071390">
    <ele>3736.8</ele>
    <time>2026-09-05T13:40:29Z</time>
    
   </trkpt>
   <trkpt lat="39.7141180" lon="-105.9071540">
    <ele>3737.8</ele>
    <time>2026-09-05T13:40:31Z</time>
    
   </trkpt>
   <trkpt lat="39.7141150" lon="-105.9071590">
    <ele>3738.2</ele>
    <time>2026-09-05T13:40:32Z</time>
    
   </trkpt>
   <trkpt lat="39.7141070" lon="-105.9071640">
    <ele>3738.4</ele>
    <time>2026-09-05T13:40:33Z</time>
    
   </trkpt>
   <trkpt lat="39.7141000" lon="-105.9071760">
    <ele>3739.2</ele>
    <time>2026-09-05T13:40:35Z</time>
    
   </trkpt>
   <trkpt lat="39.7140880" lon="-105.9071970">
    <ele>3739.8</ele>
    <time>2026-09-05T13:40:38Z</time>
    
   </trkpt>
   <trkpt lat="39.7140760" lon="-105.9072140">
    <ele>3740.4</ele>
    <time>2026-09-05T13:40:41Z</time>
    
   </trkpt>
   <trkpt lat="39.7140760" lon="-105.9072220">
    <ele>3740.6</ele>
    <time>2026-09-05T13:40:42Z</time>
    
   </trkpt>
   <trkpt lat="39.7140780" lon="-105.9072380">
    <ele>3741.2</ele>
    <time>2026-09-05T13:40:44Z</time>
    
   </trkpt>
   <trkpt lat="39.7140800" lon="-105.9072610">
    <ele>3741.4</ele>
    <time>2026-09-05T13:40:47Z</time>
    
   </trkpt>
   <trkpt lat="39.7140780" lon="-105.9072790">
    <ele>3742.6</ele>
    <time>2026-09-05T13:40:51Z</time>
    
   </trkpt>
   <trkpt lat="39.7140770" lon="-105.9073000">
    <ele>3743.0</ele>
    <time>2026-09-05T13:40:54Z</time>
    
   </trkpt>
   <trkpt lat="39.7140750" lon="-105.9073260">
    <ele>3743.4</ele>
    <time>2026-09-05T13:40:57Z</time>
    
   </trkpt>
   <trkpt lat="39.7140740" lon="-105.9073330">
    <ele>3743.6</ele>
    <time>2026-09-05T13:40:58Z</time>
    
   </trkpt>
   <trkpt lat="39.7140620" lon="-105.9073580">
    <ele>3744.8</ele>
    <time>2026-09-05T13:41:01Z</time>
    
   </trkpt>
   <trkpt lat="39.7140630" lon="-105.9073790">
    <ele>3745.6</ele>
    <time>2026-09-05T13:41:04Z</time>
    
   </trkpt>
   <trkpt lat="39.7140580" lon="-105.9074100">
    <ele>3746.0</ele>
    <time>2026-09-05T13:41:09Z</time>
    
   </trkpt>
   <trkpt lat="39.7140430" lon="-105.9074670">
    <ele>3747.2</ele>
    <time>2026-09-05T13:41:17Z</time>
    
   </trkpt>
   <trkpt lat="39.7140430" lon="-105.9074740">
    <ele>3747.4</ele>
    <time>2026-09-05T13:41:18Z</time>
    
   </trkpt>
   <trkpt lat="39.7140410" lon="-105.9074850">
    <ele>3748.0</ele>
    <time>2026-09-05T13:41:20Z</time>
    
   </trkpt>
   <trkpt lat="39.7140380" lon="-105.9074900">
    <ele>3748.2</ele>
    <time>2026-09-05T13:41:24Z</time>
    
   </trkpt>
   <trkpt lat="39.7140260" lon="-105.9074830">
    <ele>3748.4</ele>
    <time>2026-09-05T13:41:30Z</time>
    
   </trkpt>
   <trkpt lat="39.7140220" lon="-105.9074780">
    <ele>3749.2</ele>
    <time>2026-09-05T13:41:39Z</time>
    
   </trkpt>
   <trkpt lat="39.7140220" lon="-105.9074780">
    <ele>3749.4</ele>
    <time>2026-09-05T13:41:40Z</time>
    
   </trkpt>
   <trkpt lat="39.7140200" lon="-105.9074800">
    <ele>3749.6</ele>
    <time>2026-09-05T13:41:42Z</time>
    
   </trkpt>
   <trkpt lat="39.7140180" lon="-105.9074840">
    <ele>3749.6</ele>
    <time>2026-09-05T13:41:44Z</time>
    
   </trkpt>
   <trkpt lat="39.7140100" lon="-105.9075060">
    <ele>3749.2</ele>
    <time>2026-09-05T13:41:48Z</time>
    
   </trkpt>
   <trkpt lat="39.7139970" lon="-105.9075390">
    <ele>3750.4</ele>
    <time>2026-09-05T13:41:53Z</time>
    
   </trkpt>
   <trkpt lat="39.7139920" lon="-105.9075500">
    <ele>3750.6</ele>
    <time>2026-09-05T13:41:55Z</time>
    
   </trkpt>
   <trkpt lat="39.7139900" lon="-105.9075770">
    <ele>3751.6</ele>
    <time>2026-09-05T13:41:59Z</time>
    
   </trkpt>
   <trkpt lat="39.7139920" lon="-105.9075940">
    <ele>3752.6</ele>
    <time>2026-09-05T13:42:02Z</time>
    
   </trkpt>
   <trkpt lat="39.7139940" lon="-105.9076070">
    <ele>3753.8</ele>
    <time>2026-09-05T13:42:06Z</time>
    
   </trkpt>
   <trkpt lat="39.7139930" lon="-105.9076320">
    <ele>3755.0</ele>
    <time>2026-09-05T13:42:10Z</time>
    
   </trkpt>
   <trkpt lat="39.7140020" lon="-105.9076570">
    <ele>3756.0</ele>
    <time>2026-09-05T13:42:13Z</time>
    
   </trkpt>
   <trkpt lat="39.7140040" lon="-105.9076750">
    <ele>3756.6</ele>
    <time>2026-09-05T13:42:16Z</time>
    
   </trkpt>
   <trkpt lat="39.7140050" lon="-105.9076770">
    <ele>3756.8</ele>
    <time>2026-09-05T13:42:17Z</time>
    
   </trkpt>
   <trkpt lat="39.7140060" lon="-105.9076960">
    <ele>3756.8</ele>
    <time>2026-09-05T13:42:19Z</time>
    
   </trkpt>
   <trkpt lat="39.7139980" lon="-105.9077210">
    <ele>3757.0</ele>
    <time>2026-09-05T13:42:22Z</time>
    
   </trkpt>
   <trkpt lat="39.7139910" lon="-105.9077400">
    <ele>3757.2</ele>
    <time>2026-09-05T13:42:24Z</time>
    
   </trkpt>
   <trkpt lat="39.7139860" lon="-105.9077560">
    <ele>3757.4</ele>
    <time>2026-09-05T13:42:26Z</time>
    
   </trkpt>
   <trkpt lat="39.7139730" lon="-105.9077760">
    <ele>3758.4</ele>
    <time>2026-09-05T13:42:29Z</time>
    
   </trkpt>
   <trkpt lat="39.7139460" lon="-105.9078330">
    <ele>3759.4</ele>
    <time>2026-09-05T13:42:36Z</time>
    
   </trkpt>
   <trkpt lat="39.7139420" lon="-105.9078500">
    <ele>3759.6</ele>
    <time>2026-09-05T13:42:38Z</time>
    
   </trkpt>
   <trkpt lat="39.7139410" lon="-105.9078840">
    <ele>3759.6</ele>
    <time>2026-09-05T13:42:42Z</time>
    
   </trkpt>
   <trkpt lat="39.7139400" lon="-105.9079230">
    <ele>3760.4</ele>
    <time>2026-09-05T13:42:47Z</time>
    
   </trkpt>
   <trkpt lat="39.7139390" lon="-105.9079290">
    <ele>3760.6</ele>
    <time>2026-09-05T13:42:48Z</time>
    
   </trkpt>
   <trkpt lat="39.7139330" lon="-105.9079560">
    <ele>3761.6</ele>
    <time>2026-09-05T13:42:52Z</time>
    
   </trkpt>
   <trkpt lat="39.7139300" lon="-105.9079620">
    <ele>3761.8</ele>
    <time>2026-09-05T13:42:53Z</time>
    
   </trkpt>
   <trkpt lat="39.7139250" lon="-105.9079790">
    <ele>3762.8</ele>
    <time>2026-09-05T13:42:57Z</time>
    
   </trkpt>
   <trkpt lat="39.7139240" lon="-105.9079830">
    <ele>3763.2</ele>
    <time>2026-09-05T13:43:00Z</time>
    
   </trkpt>
   <trkpt lat="39.7139230" lon="-105.9079810">
    <ele>3762.6</ele>
    <time>2026-09-05T13:43:03Z</time>
    
   </trkpt>
   <trkpt lat="39.7139240" lon="-105.9079780">
    <ele>3762.4</ele>
    <time>2026-09-05T13:43:05Z</time>
    
   </trkpt>
   <trkpt lat="39.7139240" lon="-105.9079770">
    <ele>3762.6</ele>
    <time>2026-09-05T13:43:12Z</time>
    
   </trkpt>
   <trkpt lat="39.7139260" lon="-105.9079880">
    <ele>3763.6</ele>
    <time>2026-09-05T13:43:18Z</time>
    
   </trkpt>
   <trkpt lat="39.7139270" lon="-105.9079950">
    <ele>3763.8</ele>
    <time>2026-09-05T13:43:20Z</time>
    
   </trkpt>
   <trkpt lat="39.7139250" lon="-105.9079940">
    <ele>3764.6</ele>
    <time>2026-09-05T13:43:24Z</time>
    
   </trkpt>
   <trkpt lat="39.7139250" lon="-105.9079940">
    <ele>3764.8</ele>
    <time>2026-09-05T13:43:25Z</time>
    
   </trkpt>
   <trkpt lat="39.7139250" lon="-105.9079940">
    <ele>3765.2</ele>
    <time>2026-09-05T13:43:27Z</time>
    
   </trkpt>
   <trkpt lat="39.7139270" lon="-105.9079960">
    <ele>3765.2</ele>
    <time>2026-09-05T13:43:34Z</time>
    
   </trkpt>
   <trkpt lat="39.7139190" lon="-105.9080030">
    <ele>3765.6</ele>
    <time>2026-09-05T13:43:42Z</time>
    
   </trkpt>
   <trkpt lat="39.7139080" lon="-105.9080100">
    <ele>3766.0</ele>
    <time>2026-09-05T13:43:43Z</time>
    
   </trkpt>
   <trkpt lat="39.7138850" lon="-105.9080170">
    <ele>3766.8</ele>
    <time>2026-09-05T13:43:46Z</time>
    
   </trkpt>
   <trkpt lat="39.7138760" lon="-105.9080330">
    <ele>3767.0</ele>
    <time>2026-09-05T13:43:48Z</time>
    
   </trkpt>
   <trkpt lat="39.7138490" lon="-105.9080710">
    <ele>3768.0</ele>
    <time>2026-09-05T13:43:53Z</time>
    
   </trkpt>
   <trkpt lat="39.7138380" lon="-105.9080890">
    <ele>3768.4</ele>
    <time>2026-09-05T13:43:55Z</time>
    
   </trkpt>
   <trkpt lat="39.7138290" lon="-105.9080960">
    <ele>3768.4</ele>
    <time>2026-09-05T13:43:56Z</time>
    
   </trkpt>
   <trkpt lat="39.7137980" lon="-105.9081250">
    <ele>3768.2</ele>
    <time>2026-09-05T13:44:00Z</time>
    
   </trkpt>
   <trkpt lat="39.7137900" lon="-105.9081310">
    <ele>3767.8</ele>
    <time>2026-09-05T13:44:01Z</time>
    
   </trkpt>
   <trkpt lat="39.7137850" lon="-105.9081390">
    <ele>3767.8</ele>
    <time>2026-09-05T13:44:02Z</time>
    
   </trkpt>
   <trkpt lat="39.7137740" lon="-105.9081570">
    <ele>3767.8</ele>
    <time>2026-09-05T13:44:04Z</time>
    
   </trkpt>
   <trkpt lat="39.7137680" lon="-105.9081670">
    <ele>3767.8</ele>
    <time>2026-09-05T13:44:05Z</time>
    
   </trkpt>
   <trkpt lat="39.7137640" lon="-105.9081740">
    <ele>3767.8</ele>
    <time>2026-09-05T13:44:06Z</time>
    
   </trkpt>
   <trkpt lat="39.7137620" lon="-105.9081940">
    <ele>3768.2</ele>
    <time>2026-09-05T13:44:08Z</time>
    
   </trkpt>
   <trkpt lat="39.7137620" lon="-105.9082160">
    <ele>3769.4</ele>
    <time>2026-09-05T13:44:11Z</time>
    
   </trkpt>
   <trkpt lat="39.7137650" lon="-105.9082190">
    <ele>3770.2</ele>
    <time>2026-09-05T13:44:14Z</time>
    
   </trkpt>
   <trkpt lat="39.7137680" lon="-105.9082600">
    <ele>3770.2</ele>
    <time>2026-09-05T13:44:20Z</time>
    
   </trkpt>
   <trkpt lat="39.7137680" lon="-105.9082800">
    <ele>3770.4</ele>
    <time>2026-09-05T13:44:22Z</time>
    
   </trkpt>
   <trkpt lat="39.7137680" lon="-105.9082980">
    <ele>3770.8</ele>
    <time>2026-09-05T13:44:24Z</time>
    
   </trkpt>
   <trkpt lat="39.7137650" lon="-105.9083200">
    <ele>3771.4</ele>
    <time>2026-09-05T13:44:26Z</time>
    
   </trkpt>
   <trkpt lat="39.7137650" lon="-105.9083300">
    <ele>3771.6</ele>
    <time>2026-09-05T13:44:27Z</time>
    
   </trkpt>
   <trkpt lat="39.7137620" lon="-105.9083620">
    <ele>3772.8</ele>
    <time>2026-09-05T13:44:30Z</time>
    
   </trkpt>
   <trkpt lat="39.7137640" lon="-105.9083810">
    <ele>3773.6</ele>
    <time>2026-09-05T13:44:32Z</time>
    
   </trkpt>
   <trkpt lat="39.7137670" lon="-105.9083990">
    <ele>3774.0</ele>
    <time>2026-09-05T13:44:34Z</time>
    
   </trkpt>
   <trkpt lat="39.7137760" lon="-105.9084130">
    <ele>3774.2</ele>
    <time>2026-09-05T13:44:38Z</time>
    
   </trkpt>
   <trkpt lat="39.7137820" lon="-105.9084180">
    <ele>3774.2</ele>
    <time>2026-09-05T13:44:48Z</time>
    
   </trkpt>
   <trkpt lat="39.7137800" lon="-105.9084190">
    <ele>3774.4</ele>
    <time>2026-09-05T13:44:53Z</time>
    
   </trkpt>
   <trkpt lat="39.7137770" lon="-105.9084220">
    <ele>3774.2</ele>
    <time>2026-09-05T13:44:57Z</time>
    
   </trkpt>
   <trkpt lat="39.7137780" lon="-105.9084230">
    <ele>3773.8</ele>
    <time>2026-09-05T13:45:05Z</time>
    
   </trkpt>
   <trkpt lat="39.7137790" lon="-105.9084370">
    <ele>3774.2</ele>
    <time>2026-09-05T13:45:10Z</time>
    
   </trkpt>
   <trkpt lat="39.7137800" lon="-105.9084380">
    <ele>3774.2</ele>
    <time>2026-09-05T13:45:17Z</time>
    
   </trkpt>
   <trkpt lat="39.7137780" lon="-105.9084380">
    <ele>3774.4</ele>
    <time>2026-09-05T13:45:26Z</time>
    
   </trkpt>
   <trkpt lat="39.7137740" lon="-105.9084370">
    <ele>3774.6</ele>
    <time>2026-09-05T13:45:29Z</time>
    
   </trkpt>
   <trkpt lat="39.7137740" lon="-105.9084330">
    <ele>3774.0</ele>
    <time>2026-09-05T13:45:41Z</time>
    
   </trkpt>
   <trkpt lat="39.7137740" lon="-105.9084330">
    <ele>3774.0</ele>
    <time>2026-09-05T13:45:43Z</time>
    
   </trkpt>
   <trkpt lat="39.7137740" lon="-105.9084330">
    <ele>3774.0</ele>
    <time>2026-09-05T13:45:45Z</time>
    
   </trkpt>
   <trkpt lat="39.7137780" lon="-105.9084380">
    <ele>3774.2</ele>
    <time>2026-09-05T13:45:47Z</time>
    
   </trkpt>
   <trkpt lat="39.7137840" lon="-105.9084510">
    <ele>3774.4</ele>
    <time>2026-09-05T13:45:49Z</time>
    
   </trkpt>
   <trkpt lat="39.7137880" lon="-105.9084600">
    <ele>3774.2</ele>
    <time>2026-09-05T13:45:50Z</time>
    
   </trkpt>
   <trkpt lat="39.7137970" lon="-105.9084850">
    <ele>3774.4</ele>
    <time>2026-09-05T13:45:53Z</time>
    
   </trkpt>
   <trkpt lat="39.7138000" lon="-105.9085020">
    <ele>3774.0</ele>
    <time>2026-09-05T13:45:55Z</time>
    
   </trkpt>
   <trkpt lat="39.7138070" lon="-105.9085260">
    <ele>3774.2</ele>
    <time>2026-09-05T13:45:58Z</time>
    
   </trkpt>
   <trkpt lat="39.7138130" lon="-105.9085540">
    <ele>3775.0</ele>
    <time>2026-09-05T13:46:01Z</time>
    
   </trkpt>
   <trkpt lat="39.7138200" lon="-105.9085720">
    <ele>3775.6</ele>
    <time>2026-09-05T13:46:03Z</time>
    
   </trkpt>
   <trkpt lat="39.7138240" lon="-105.9085810">
    <ele>3776.0</ele>
    <time>2026-09-05T13:46:04Z</time>
    
   </trkpt>
   <trkpt lat="39.7138290" lon="-105.9085920">
    <ele>3776.6</ele>
    <time>2026-09-05T13:46:05Z</time>
    
   </trkpt>
   <trkpt lat="39.7138380" lon="-105.9086140">
    <ele>3776.6</ele>
    <time>2026-09-05T13:46:07Z</time>
    
   </trkpt>
   <trkpt lat="39.7138460" lon="-105.9086320">
    <ele>3777.0</ele>
    <time>2026-09-05T13:46:09Z</time>
    
   </trkpt>
   <trkpt lat="39.7138640" lon="-105.9087140">
    <ele>3778.0</ele>
    <time>2026-09-05T13:46:17Z</time>
    
   </trkpt>
   <trkpt lat="39.7138640" lon="-105.9087230">
    <ele>3778.0</ele>
    <time>2026-09-05T13:46:18Z</time>
    
   </trkpt>
   <trkpt lat="39.7138680" lon="-105.9087440">
    <ele>3778.4</ele>
    <time>2026-09-05T13:46:20Z</time>
    
   </trkpt>
   <trkpt lat="39.7138690" lon="-105.9087500">
    <ele>3778.6</ele>
    <time>2026-09-05T13:46:21Z</time>
    
   </trkpt>
   <trkpt lat="39.7138650" lon="-105.9087710">
    <ele>3779.0</ele>
    <time>2026-09-05T13:46:23Z</time>
    
   </trkpt>
   <trkpt lat="39.7138650" lon="-105.9087790">
    <ele>3779.4</ele>
    <time>2026-09-05T13:46:24Z</time>
    
   </trkpt>
   <trkpt lat="39.7138720" lon="-105.9087930">
    <ele>3779.6</ele>
    <time>2026-09-05T13:46:25Z</time>
    
   </trkpt>
   <trkpt lat="39.7138730" lon="-105.9088000">
    <ele>3779.6</ele>
    <time>2026-09-05T13:46:26Z</time>
    
   </trkpt>
   <trkpt lat="39.7138740" lon="-105.9088060">
    <ele>3779.8</ele>
    <time>2026-09-05T13:46:27Z</time>
    
   </trkpt>
   <trkpt lat="39.7138750" lon="-105.9088210">
    <ele>3780.0</ele>
    <time>2026-09-05T13:46:29Z</time>
    
   </trkpt>
   <trkpt lat="39.7138760" lon="-105.9088290">
    <ele>3780.0</ele>
    <time>2026-09-05T13:46:30Z</time>
    
   </trkpt>
   <trkpt lat="39.7138870" lon="-105.9088460">
    <ele>3780.6</ele>
    <time>2026-09-05T13:46:33Z</time>
    
   </trkpt>
   <trkpt lat="39.7138910" lon="-105.9088490">
    <ele>3781.8</ele>
    <time>2026-09-05T13:46:36Z</time>
    
   </trkpt>
   <trkpt lat="39.7138910" lon="-105.9088480">
    <ele>3782.0</ele>
    <time>2026-09-05T13:46:37Z</time>
    
   </trkpt>
   <trkpt lat="39.7138950" lon="-105.9088400">
    <ele>3781.8</ele>
    <time>2026-09-05T13:46:43Z</time>
    
   </trkpt>
   <trkpt lat="39.7138930" lon="-105.9088460">
    <ele>3781.8</ele>
    <time>2026-09-05T13:46:50Z</time>
    
   </trkpt>
   <trkpt lat="39.7138940" lon="-105.9088490">
    <ele>3781.8</ele>
    <time>2026-09-05T13:46:51Z</time>
    
   </trkpt>
   <trkpt lat="39.7138820" lon="-105.9089100">
    <ele>3782.8</ele>
    <time>2026-09-05T13:47:01Z</time>
    
   </trkpt>
   <trkpt lat="39.7138900" lon="-105.9089190">
    <ele>3783.2</ele>
    <time>2026-09-05T13:47:03Z</time>
    
   </trkpt>
   <trkpt lat="39.7139050" lon="-105.9089310">
    <ele>3784.0</ele>
    <time>2026-09-05T13:47:06Z</time>
    
   </trkpt>
   <trkpt lat="39.7139210" lon="-105.9089450">
    <ele>3785.2</ele>
    <time>2026-09-05T13:47:09Z</time>
    
   </trkpt>
   <trkpt lat="39.7139380" lon="-105.9089580">
    <ele>3785.8</ele>
    <time>2026-09-05T13:47:12Z</time>
    
   </trkpt>
   <trkpt lat="39.7139460" lon="-105.9089700">
    <ele>3786.2</ele>
    <time>2026-09-05T13:47:14Z</time>
    
   </trkpt>
   <trkpt lat="39.7139460" lon="-105.9089790">
    <ele>3786.4</ele>
    <time>2026-09-05T13:47:15Z</time>
    
   </trkpt>
   <trkpt lat="39.7139470" lon="-105.9090120">
    <ele>3786.4</ele>
    <time>2026-09-05T13:47:18Z</time>
    
   </trkpt>
   <trkpt lat="39.7139480" lon="-105.9090300">
    <ele>3786.6</ele>
    <time>2026-09-05T13:47:20Z</time>
    
   </trkpt>
   <trkpt lat="39.7139510" lon="-105.9090490">
    <ele>3786.8</ele>
    <time>2026-09-05T13:47:22Z</time>
    
   </trkpt>
   <trkpt lat="39.7139380" lon="-105.9090610">
    <ele>3786.8</ele>
    <time>2026-09-05T13:47:23Z</time>
    
   </trkpt>
   <trkpt lat="39.7139300" lon="-105.9090890">
    <ele>3786.8</ele>
    <time>2026-09-05T13:47:25Z</time>
    
   </trkpt>
   <trkpt lat="39.7139420" lon="-105.9091550">
    <ele>3787.6</ele>
    <time>2026-09-05T13:47:30Z</time>
    
   </trkpt>
   <trkpt lat="39.7139500" lon="-105.9091710">
    <ele>3788.4</ele>
    <time>2026-09-05T13:47:32Z</time>
    
   </trkpt>
   <trkpt lat="39.7139520" lon="-105.9091810">
    <ele>3788.6</ele>
    <time>2026-09-05T13:47:33Z</time>
    
   </trkpt>
   <trkpt lat="39.7139730" lon="-105.9091870">
    <ele>3789.6</ele>
    <time>2026-09-05T13:47:36Z</time>
    
   </trkpt>
   <trkpt lat="39.7139750" lon="-105.9091880">
    <ele>3789.8</ele>
    <time>2026-09-05T13:47:37Z</time>
    
   </trkpt>
   <trkpt lat="39.7139790" lon="-105.9091940">
    <ele>3790.2</ele>
    <time>2026-09-05T13:47:40Z</time>
    
   </trkpt>
   <trkpt lat="39.7139890" lon="-105.9091900">
    <ele>3790.8</ele>
    <time>2026-09-05T13:47:43Z</time>
    
   </trkpt>
   <trkpt lat="39.7140070" lon="-105.9092020">
    <ele>3791.8</ele>
    <time>2026-09-05T13:47:48Z</time>
    
   </trkpt>
   <trkpt lat="39.7140110" lon="-105.9092070">
    <ele>3792.0</ele>
    <time>2026-09-05T13:47:49Z</time>
    
   </trkpt>
   <trkpt lat="39.7140220" lon="-105.9092190">
    <ele>3792.8</ele>
    <time>2026-09-05T13:47:53Z</time>
    
   </trkpt>
   <trkpt lat="39.7140270" lon="-105.9092220">
    <ele>3793.0</ele>
    <time>2026-09-05T13:47:54Z</time>
    
   </trkpt>
   <trkpt lat="39.7140420" lon="-105.9092450">
    <ele>3793.8</ele>
    <time>2026-09-05T13:48:00Z</time>
    
   </trkpt>
   <trkpt lat="39.7140420" lon="-105.9092500">
    <ele>3794.0</ele>
    <time>2026-09-05T13:48:01Z</time>
    
   </trkpt>
   <trkpt lat="39.7140500" lon="-105.9092660">
    <ele>3795.2</ele>
    <time>2026-09-05T13:48:07Z</time>
    
   </trkpt>
   <trkpt lat="39.7140530" lon="-105.9092690">
    <ele>3795.4</ele>
    <time>2026-09-05T13:48:10Z</time>
    
   </trkpt>
   <trkpt lat="39.7140680" lon="-105.9093070">
    <ele>3795.6</ele>
    <time>2026-09-05T13:48:20Z</time>
    
   </trkpt>
   <trkpt lat="39.7140830" lon="-105.9093330">
    <ele>3796.2</ele>
    <time>2026-09-05T13:48:26Z</time>
    
   </trkpt>
   <trkpt lat="39.7140930" lon="-105.9093370">
    <ele>3796.4</ele>
    <time>2026-09-05T13:48:28Z</time>
    
   </trkpt>
   <trkpt lat="39.7141030" lon="-105.9093310">
    <ele>3796.8</ele>
    <time>2026-09-05T13:48:31Z</time>
    
   </trkpt>
   <trkpt lat="39.7141140" lon="-105.9093340">
    <ele>3797.4</ele>
    <time>2026-09-05T13:48:33Z</time>
    
   </trkpt>
   <trkpt lat="39.7141250" lon="-105.9093540">
    <ele>3798.4</ele>
    <time>2026-09-05T13:48:38Z</time>
    
   </trkpt>
   <trkpt lat="39.7141340" lon="-105.9093600">
    <ele>3798.6</ele>
    <time>2026-09-05T13:48:41Z</time>
    
   </trkpt>
   <trkpt lat="39.7141380" lon="-105.9093700">
    <ele>3798.8</ele>
    <time>2026-09-05T13:48:43Z</time>
    
   </trkpt>
   <trkpt lat="39.7141500" lon="-105.9093960">
    <ele>3799.6</ele>
    <time>2026-09-05T13:48:48Z</time>
    
   </trkpt>
   <trkpt lat="39.7141660" lon="-105.9094120">
    <ele>3800.4</ele>
    <time>2026-09-05T13:48:52Z</time>
    
   </trkpt>
   <trkpt lat="39.7141720" lon="-105.9094160">
    <ele>3800.8</ele>
    <time>2026-09-05T13:48:53Z</time>
    
   </trkpt>
   <trkpt lat="39.7141790" lon="-105.9094330">
    <ele>3801.8</ele>
    <time>2026-09-05T13:48:57Z</time>
    
   </trkpt>
   <trkpt lat="39.7141870" lon="-105.9094440">
    <ele>3802.8</ele>
    <time>2026-09-05T13:49:00Z</time>
    
   </trkpt>
   <trkpt lat="39.7141920" lon="-105.9094530">
    <ele>3803.8</ele>
    <time>2026-09-05T13:49:02Z</time>
    
   </trkpt>
   <trkpt lat="39.7141960" lon="-105.9094570">
    <ele>3804.2</ele>
    <time>2026-09-05T13:49:03Z</time>
    
   </trkpt>
   <trkpt lat="39.7142170" lon="-105.9094930">
    <ele>3805.2</ele>
    <time>2026-09-05T13:49:09Z</time>
    
   </trkpt>
   <trkpt lat="39.7142210" lon="-105.9094920">
    <ele>3805.2</ele>
    <time>2026-09-05T13:49:12Z</time>
    
   </trkpt>
   <trkpt lat="39.7142450" lon="-105.9095380">
    <ele>3805.2</ele>
    <time>2026-09-05T13:49:20Z</time>
    
   </trkpt>
   <trkpt lat="39.7142690" lon="-105.9095730">
    <ele>3805.8</ele>
    <time>2026-09-05T13:49:27Z</time>
    
   </trkpt>
   <trkpt lat="39.7142750" lon="-105.9095860">
    <ele>3806.0</ele>
    <time>2026-09-05T13:49:30Z</time>
    
   </trkpt>
   <trkpt lat="39.7142860" lon="-105.9096140">
    <ele>3806.0</ele>
    <time>2026-09-05T13:49:34Z</time>
    
   </trkpt>
   <trkpt lat="39.7142930" lon="-105.9096450">
    <ele>3806.0</ele>
    <time>2026-09-05T13:49:38Z</time>
    
   </trkpt>
   <trkpt lat="39.7142910" lon="-105.9096500">
    <ele>3806.0</ele>
    <time>2026-09-05T13:49:40Z</time>
    
   </trkpt>
   <trkpt lat="39.7143140" lon="-105.9096820">
    <ele>3805.8</ele>
    <time>2026-09-05T13:49:46Z</time>
    
   </trkpt>
   <trkpt lat="39.7143470" lon="-105.9097130">
    <ele>3805.6</ele>
    <time>2026-09-05T13:49:52Z</time>
    
   </trkpt>
   <trkpt lat="39.7143680" lon="-105.9097430">
    <ele>3805.8</ele>
    <time>2026-09-05T13:49:56Z</time>
    
   </trkpt>
   <trkpt lat="39.7143750" lon="-105.9097600">
    <ele>3806.0</ele>
    <time>2026-09-05T13:50:05Z</time>
    
   </trkpt>
   <trkpt lat="39.7143820" lon="-105.9097710">
    <ele>3805.8</ele>
    <time>2026-09-05T13:50:16Z</time>
    
   </trkpt>
   <trkpt lat="39.7143930" lon="-105.9097950">
    <ele>3805.8</ele>
    <time>2026-09-05T13:50:19Z</time>
    
   </trkpt>
   <trkpt lat="39.7143990" lon="-105.9098060">
    <ele>3805.8</ele>
    <time>2026-09-05T13:50:20Z</time>
    
   </trkpt>
   <trkpt lat="39.7144120" lon="-105.9098180">
    <ele>3805.8</ele>
    <time>2026-09-05T13:50:22Z</time>
    
   </trkpt>
   <trkpt lat="39.7144270" lon="-105.9098300">
    <ele>3806.0</ele>
    <time>2026-09-05T13:50:25Z</time>
    
   </trkpt>
   <trkpt lat="39.7144290" lon="-105.9098360">
    <ele>3806.2</ele>
    <time>2026-09-05T13:50:26Z</time>
    
   </trkpt>
   <trkpt lat="39.7144380" lon="-105.9098820">
    <ele>3805.8</ele>
    <time>2026-09-05T13:50:31Z</time>
    
   </trkpt>
   <trkpt lat="39.7145040" lon="-105.9099440">
    <ele>3806.2</ele>
    <time>2026-09-05T13:50:40Z</time>
    
   </trkpt>
   <trkpt lat="39.7145670" lon="-105.9100180">
    <ele>3807.0</ele>
    <time>2026-09-05T13:50:50Z</time>
    
   </trkpt>
   <trkpt lat="39.7145720" lon="-105.9100220">
    <ele>3807.2</ele>
    <time>2026-09-05T13:50:51Z</time>
    
   </trkpt>
   <trkpt lat="39.7145830" lon="-105.9100330">
    <ele>3808.4</ele>
    <time>2026-09-05T13:50:56Z</time>
    
   </trkpt>
   <trkpt lat="39.7145920" lon="-105.9100430">
    <ele>3808.4</ele>
    <time>2026-09-05T13:51:00Z</time>
    
   </trkpt>
   <trkpt lat="39.7145970" lon="-105.9100470">
    <ele>3808.6</ele>
    <time>2026-09-05T13:51:01Z</time>
    
   </trkpt>
   <trkpt lat="39.7146010" lon="-105.9100520">
    <ele>3808.6</ele>
    <time>2026-09-05T13:51:02Z</time>
    
   </trkpt>
   <trkpt lat="39.7146030" lon="-105.9100570">
    <ele>3808.6</ele>
    <time>2026-09-05T13:51:03Z</time>
    
   </trkpt>
   <trkpt lat="39.7146050" lon="-105.9100630">
    <ele>3808.4</ele>
    <time>2026-09-05T13:51:04Z</time>
    
   </trkpt>
   <trkpt lat="39.7146120" lon="-105.9100820">
    <ele>3808.4</ele>
    <time>2026-09-05T13:51:11Z</time>
    
   </trkpt>
   <trkpt lat="39.7146110" lon="-105.9100820">
    <ele>3808.4</ele>
    <time>2026-09-05T13:51:12Z</time>
    
   </trkpt>
   <trkpt lat="39.7146110" lon="-105.9100810">
    <ele>3808.2</ele>
    <time>2026-09-05T13:51:14Z</time>
    
   </trkpt>
   <trkpt lat="39.7146100" lon="-105.9100810">
    <ele>3808.2</ele>
    <time>2026-09-05T13:51:19Z</time>
    
   </trkpt>
   <trkpt lat="39.7146130" lon="-105.9100830">
    <ele>3808.4</ele>
    <time>2026-09-05T13:51:21Z</time>
    
   </trkpt>
   <trkpt lat="39.7146100" lon="-105.9100820">
    <ele>3809.2</ele>
    <time>2026-09-05T13:51:26Z</time>
    
   </trkpt>
   <trkpt lat="39.7146100" lon="-105.9100840">
    <ele>3809.4</ele>
    <time>2026-09-05T13:51:27Z</time>
    
   </trkpt>
   <trkpt lat="39.7146120" lon="-105.9100970">
    <ele>3808.4</ele>
    <time>2026-09-05T13:51:31Z</time>
    
   </trkpt>
   <trkpt lat="39.7146180" lon="-105.9101070">
    <ele>3807.8</ele>
    <time>2026-09-05T13:51:34Z</time>
    
   </trkpt>
   <trkpt lat="39.7146200" lon="-105.9101100">
    <ele>3807.8</ele>
    <time>2026-09-05T13:51:35Z</time>
    
   </trkpt>
   <trkpt lat="39.7146290" lon="-105.9101200">
    <ele>3807.2</ele>
    <time>2026-09-05T13:51:41Z</time>
    
   </trkpt>
   <trkpt lat="39.7146080" lon="-105.9101220">
    <ele>3806.6</ele>
    <time>2026-09-05T13:51:45Z</time>
    
   </trkpt>
   <trkpt lat="39.7146050" lon="-105.9101410">
    <ele>3806.2</ele>
    <time>2026-09-05T13:51:49Z</time>
    
   </trkpt>
   <trkpt lat="39.7146160" lon="-105.9101650">
    <ele>3806.2</ele>
    <time>2026-09-05T13:51:52Z</time>
    
   </trkpt>
   <trkpt lat="39.7146280" lon="-105.9101740">
    <ele>3805.6</ele>
    <time>2026-09-05T13:52:01Z</time>
    
   </trkpt>
   <trkpt lat="39.7146350" lon="-105.9101640">
    <ele>3805.2</ele>
    <time>2026-09-05T13:52:11Z</time>
    
   </trkpt>
   <trkpt lat="39.7146360" lon="-105.9101620">
    <ele>3805.2</ele>
    <time>2026-09-05T13:52:13Z</time>
    
   </trkpt>
   <trkpt lat="39.7146400" lon="-105.9101620">
    <ele>3804.8</ele>
    <time>2026-09-05T13:52:19Z</time>
    
   </trkpt>
   <trkpt lat="39.7146470" lon="-105.9101580">
    <ele>3805.0</ele>
    <time>2026-09-05T13:52:23Z</time>
    
   </trkpt>
   <trkpt lat="39.7146470" lon="-105.9101590">
    <ele>3805.0</ele>
    <time>2026-09-05T13:52:25Z</time>
    
   </trkpt>
   <trkpt lat="39.7146450" lon="-105.9101600">
    <ele>3805.0</ele>
    <time>2026-09-05T13:52:28Z</time>
    
   </trkpt>
   <trkpt lat="39.7146450" lon="-105.9101720">
    <ele>3805.6</ele>
    <time>2026-09-05T13:52:37Z</time>
    
   </trkpt>
   <trkpt lat="39.7146560" lon="-105.9102000">
    <ele>3805.4</ele>
    <time>2026-09-05T13:52:40Z</time>
    
   </trkpt>
   <trkpt lat="39.7146700" lon="-105.9102170">
    <ele>3805.4</ele>
    <time>2026-09-05T13:52:42Z</time>
    
   </trkpt>
   <trkpt lat="39.7146960" lon="-105.9102340">
    <ele>3805.4</ele>
    <time>2026-09-05T13:52:45Z</time>
    
   </trkpt>
   <trkpt lat="39.7147310" lon="-105.9102690">
    <ele>3805.4</ele>
    <time>2026-09-05T13:52:49Z</time>
    
   </trkpt>
   <trkpt lat="39.7147370" lon="-105.9102780">
    <ele>3805.4</ele>
    <time>2026-09-05T13:52:50Z</time>
    
   </trkpt>
   <trkpt lat="39.7147530" lon="-105.9103020">
    <ele>3805.6</ele>
    <time>2026-09-05T13:52:53Z</time>
    
   </trkpt>
   <trkpt lat="39.7147790" lon="-105.9103270">
    <ele>3806.0</ele>
    <time>2026-09-05T13:52:57Z</time>
    
   </trkpt>
   <trkpt lat="39.7147930" lon="-105.9103390">
    <ele>3806.0</ele>
    <time>2026-09-05T13:53:00Z</time>
    
   </trkpt>
   <trkpt lat="39.7148170" lon="-105.9103550">
    <ele>3806.2</ele>
    <time>2026-09-05T13:53:08Z</time>
    
   </trkpt>
   <trkpt lat="39.7148490" lon="-105.9103930">
    <ele>3806.2</ele>
    <time>2026-09-05T13:53:16Z</time>
    
   </trkpt>
   <trkpt lat="39.7148550" lon="-105.9103900">
    <ele>3806.4</ele>
    <time>2026-09-05T13:53:19Z</time>
    
   </trkpt>
   <trkpt lat="39.7148560" lon="-105.9103890">
    <ele>3806.2</ele>
    <time>2026-09-05T13:53:20Z</time>
    
   </trkpt>
   <trkpt lat="39.7148560" lon="-105.9103850">
    <ele>3806.2</ele>
    <time>2026-09-05T13:53:23Z</time>
    
   </trkpt>
   <trkpt lat="39.7148600" lon="-105.9103920">
    <ele>3806.2</ele>
    <time>2026-09-05T13:53:29Z</time>
    
   </trkpt>
   <trkpt lat="39.7148800" lon="-105.9104430">
    <ele>3806.0</ele>
    <time>2026-09-05T13:53:37Z</time>
    
   </trkpt>
   <trkpt lat="39.7148730" lon="-105.9104500">
    <ele>3806.0</ele>
    <time>2026-09-05T13:53:42Z</time>
    
   </trkpt>
   <trkpt lat="39.7148730" lon="-105.9104480">
    <ele>3806.2</ele>
    <time>2026-09-05T13:53:46Z</time>
    
   </trkpt>
   <trkpt lat="39.7148710" lon="-105.9104520">
    <ele>3806.0</ele>
    <time>2026-09-05T13:53:48Z</time>
    
   </trkpt>
   <trkpt lat="39.7148700" lon="-105.9104520">
    <ele>3806.0</ele>
    <time>2026-09-05T13:53:50Z</time>
    
   </trkpt>
   <trkpt lat="39.7148860" lon="-105.9104590">
    <ele>3806.6</ele>
    <time>2026-09-05T13:54:04Z</time>
    
   </trkpt>
   <trkpt lat="39.7148850" lon="-105.9104640">
    <ele>3806.6</ele>
    <time>2026-09-05T13:54:10Z</time>
    
   </trkpt>
   <trkpt lat="39.7148870" lon="-105.9104630">
    <ele>3806.8</ele>
    <time>2026-09-05T13:54:14Z</time>
    
   </trkpt>
   <trkpt lat="39.7148910" lon="-105.9104590">
    <ele>3806.0</ele>
    <time>2026-09-05T13:54:19Z</time>
    
   </trkpt>
   <trkpt lat="39.7148950" lon="-105.9104580">
    <ele>3805.6</ele>
    <time>2026-09-05T13:54:21Z</time>
    
   </trkpt>
   <trkpt lat="39.7148950" lon="-105.9104530">
    <ele>3805.6</ele>
    <time>2026-09-05T13:54:24Z</time>
    
   </trkpt>
   <trkpt lat="39.7149030" lon="-105.9104530">
    <ele>3806.0</ele>
    <time>2026-09-05T13:54:32Z</time>
    
   </trkpt>
   <trkpt lat="39.7149130" lon="-105.9104730">
    <ele>3805.8</ele>
    <time>2026-09-05T13:54:36Z</time>
    
   </trkpt>
   <trkpt lat="39.7149070" lon="-105.9104980">
    <ele>3805.6</ele>
    <time>2026-09-05T13:54:42Z</time>
    
   </trkpt>
   <trkpt lat="39.7149130" lon="-105.9105200">
    <ele>3805.2</ele>
    <time>2026-09-05T13:54:45Z</time>
    
   </trkpt>
   <trkpt lat="39.7149260" lon="-105.9105680">
    <ele>3804.4</ele>
    <time>2026-09-05T13:54:51Z</time>
    
   </trkpt>
   <trkpt lat="39.7149290" lon="-105.9105870">
    <ele>3804.2</ele>
    <time>2026-09-05T13:54:54Z</time>
    
   </trkpt>
   <trkpt lat="39.7149360" lon="-105.9106490">
    <ele>3803.6</ele>
    <time>2026-09-05T13:55:03Z</time>
    
   </trkpt>
   <trkpt lat="39.7149440" lon="-105.9106770">
    <ele>3803.8</ele>
    <time>2026-09-05T13:55:09Z</time>
    
   </trkpt>
   <trkpt lat="39.7149410" lon="-105.9106790">
    <ele>3803.8</ele>
    <time>2026-09-05T13:55:11Z</time>
    
   </trkpt>
   <trkpt lat="39.7149360" lon="-105.9106860">
    <ele>3803.6</ele>
    <time>2026-09-05T13:55:13Z</time>
    
   </trkpt>
   <trkpt lat="39.7149430" lon="-105.9106970">
    <ele>3803.6</ele>
    <time>2026-09-05T13:55:16Z</time>
    
   </trkpt>
   <trkpt lat="39.7149410" lon="-105.9107130">
    <ele>3803.8</ele>
    <time>2026-09-05T13:55:22Z</time>
    
   </trkpt>
   <trkpt lat="39.7149480" lon="-105.9107240">
    <ele>3803.8</ele>
    <time>2026-09-05T13:55:26Z</time>
    
   </trkpt>
   <trkpt lat="39.7149450" lon="-105.9107330">
    <ele>3803.8</ele>
    <time>2026-09-05T13:55:28Z</time>
    
   </trkpt>
   <trkpt lat="39.7149470" lon="-105.9107530">
    <ele>3804.0</ele>
    <time>2026-09-05T13:55:32Z</time>
    
   </trkpt>
   <trkpt lat="39.7149470" lon="-105.9107560">
    <ele>3803.4</ele>
    <time>2026-09-05T13:55:35Z</time>
    
   </trkpt>
   <trkpt lat="39.7149530" lon="-105.9107630">
    <ele>3803.6</ele>
    <time>2026-09-05T13:55:39Z</time>
    
   </trkpt>
   <trkpt lat="39.7149550" lon="-105.9107660">
    <ele>3803.6</ele>
    <time>2026-09-05T13:55:42Z</time>
    
   </trkpt>
   <trkpt lat="39.7149580" lon="-105.9107770">
    <ele>3803.2</ele>
    <time>2026-09-05T13:55:48Z</time>
    
   </trkpt>
   <trkpt lat="39.7149590" lon="-105.9107830">
    <ele>3803.2</ele>
    <time>2026-09-05T13:55:52Z</time>
    
   </trkpt>
   <trkpt lat="39.7149560" lon="-105.9107860">
    <ele>3803.0</ele>
    <time>2026-09-05T13:55:54Z</time>
    
   </trkpt>
   <trkpt lat="39.7149490" lon="-105.9107890">
    <ele>3802.6</ele>
    <time>2026-09-05T13:55:57Z</time>
    
   </trkpt>
   <trkpt lat="39.7149410" lon="-105.9108040">
    <ele>3802.0</ele>
    <time>2026-09-05T13:56:01Z</time>
    
   </trkpt>
   <trkpt lat="39.7149400" lon="-105.9108140">
    <ele>3802.0</ele>
    <time>2026-09-05T13:56:03Z</time>
    
   </trkpt>
   <trkpt lat="39.7149430" lon="-105.9108340">
    <ele>3800.8</ele>
    <time>2026-09-05T13:56:08Z</time>
    
   </trkpt>
   <trkpt lat="39.7149370" lon="-105.9108500">
    <ele>3800.2</ele>
    <time>2026-09-05T13:56:13Z</time>
    
   </trkpt>
   <trkpt lat="39.7149360" lon="-105.9108590">
    <ele>3799.8</ele>
    <time>2026-09-05T13:56:16Z</time>
    
   </trkpt>
   <trkpt lat="39.7149220" lon="-105.9108790">
    <ele>3799.2</ele>
    <time>2026-09-05T13:56:20Z</time>
    
   </trkpt>
   <trkpt lat="39.7149240" lon="-105.9108990">
    <ele>3798.6</ele>
    <time>2026-09-05T13:56:24Z</time>
    
   </trkpt>
   <trkpt lat="39.7149300" lon="-105.9109060">
    <ele>3798.2</ele>
    <time>2026-09-05T13:56:25Z</time>
    
   </trkpt>
   <trkpt lat="39.7149530" lon="-105.9109400">
    <ele>3797.6</ele>
    <time>2026-09-05T13:56:33Z</time>
    
   </trkpt>
   <trkpt lat="39.7149550" lon="-105.9109490">
    <ele>3797.6</ele>
    <time>2026-09-05T13:56:34Z</time>
    
   </trkpt>
   <trkpt lat="39.7149630" lon="-105.9109720">
    <ele>3797.6</ele>
    <time>2026-09-05T13:56:37Z</time>
    
   </trkpt>
   <trkpt lat="39.7149780" lon="-105.9109820">
    <ele>3797.8</ele>
    <time>2026-09-05T13:56:40Z</time>
    
   </trkpt>
   <trkpt lat="39.7149940" lon="-105.9109960">
    <ele>3798.6</ele>
    <time>2026-09-05T13:56:43Z</time>
    
   </trkpt>
   <trkpt lat="39.7149990" lon="-105.9110050">
    <ele>3798.8</ele>
    <time>2026-09-05T13:56:45Z</time>
    
   </trkpt>
   <trkpt lat="39.7150060" lon="-105.9110320">
    <ele>3799.0</ele>
    <time>2026-09-05T13:56:49Z</time>
    
   </trkpt>
   <trkpt lat="39.7150080" lon="-105.9110400">
    <ele>3799.0</ele>
    <time>2026-09-05T13:56:50Z</time>
    
   </trkpt>
   <trkpt lat="39.7150130" lon="-105.9110700">
    <ele>3799.6</ele>
    <time>2026-09-05T13:56:55Z</time>
    
   </trkpt>
   <trkpt lat="39.7150100" lon="-105.9110820">
    <ele>3800.4</ele>
    <time>2026-09-05T13:57:00Z</time>
    
   </trkpt>
   <trkpt lat="39.7150100" lon="-105.9110840">
    <ele>3800.4</ele>
    <time>2026-09-05T13:57:01Z</time>
    
   </trkpt>
   <trkpt lat="39.7150100" lon="-105.9110930">
    <ele>3800.4</ele>
    <time>2026-09-05T13:57:03Z</time>
    
   </trkpt>
   <trkpt lat="39.7150080" lon="-105.9110990">
    <ele>3800.4</ele>
    <time>2026-09-05T13:57:05Z</time>
    
   </trkpt>
   <trkpt lat="39.7150130" lon="-105.9111000">
    <ele>3800.6</ele>
    <time>2026-09-05T13:57:06Z</time>
    
   </trkpt>
   <trkpt lat="39.7150160" lon="-105.9111010">
    <ele>3800.6</ele>
    <time>2026-09-05T13:57:07Z</time>
    
   </trkpt>
   <trkpt lat="39.7150250" lon="-105.9111110">
    <ele>3801.6</ele>
    <time>2026-09-05T13:57:11Z</time>
    
   </trkpt>
   <trkpt lat="39.7150250" lon="-105.9111160">
    <ele>3801.8</ele>
    <time>2026-09-05T13:57:12Z</time>
    
   </trkpt>
   <trkpt lat="39.7150330" lon="-105.9111310">
    <ele>3802.6</ele>
    <time>2026-09-05T13:57:15Z</time>
    
   </trkpt>
   <trkpt lat="39.7150340" lon="-105.9111380">
    <ele>3803.0</ele>
    <time>2026-09-05T13:57:17Z</time>
    
   </trkpt>
   <trkpt lat="39.7150330" lon="-105.9111410">
    <ele>3803.2</ele>
    <time>2026-09-05T13:57:18Z</time>
    
   </trkpt>
   <trkpt lat="39.7150330" lon="-105.9111690">
    <ele>3804.2</ele>
    <time>2026-09-05T13:57:23Z</time>
    
   </trkpt>
   <trkpt lat="39.7150380" lon="-105.9111790">
    <ele>3804.8</ele>
    <time>2026-09-05T13:57:27Z</time>
    
   </trkpt>
   <trkpt lat="39.7150350" lon="-105.9111900">
    <ele>3805.2</ele>
    <time>2026-09-05T13:57:30Z</time>
    
   </trkpt>
   <trkpt lat="39.7150400" lon="-105.9112070">
    <ele>3806.4</ele>
    <time>2026-09-05T13:57:36Z</time>
    
   </trkpt>
   <trkpt lat="39.7150410" lon="-105.9112090">
    <ele>3807.2</ele>
    <time>2026-09-05T13:57:39Z</time>
    
   </trkpt>
   <trkpt lat="39.7150440" lon="-105.9112130">
    <ele>3807.6</ele>
    <time>2026-09-05T13:57:42Z</time>
    
   </trkpt>
   <trkpt lat="39.7150510" lon="-105.9112120">
    <ele>3808.6</ele>
    <time>2026-09-05T13:57:51Z</time>
    
   </trkpt>
   <trkpt lat="39.7150480" lon="-105.9112130">
    <ele>3809.0</ele>
    <time>2026-09-05T13:57:52Z</time>
    
   </trkpt>
   <trkpt lat="39.7150250" lon="-105.9112170">
    <ele>3809.0</ele>
    <time>2026-09-05T13:57:58Z</time>
    
   </trkpt>
   <trkpt lat="39.7150230" lon="-105.9112170">
    <ele>3809.0</ele>
    <time>2026-09-05T13:58:00Z</time>
    
   </trkpt>
   <trkpt lat="39.7150230" lon="-105.9112200">
    <ele>3809.2</ele>
    <time>2026-09-05T13:58:01Z</time>
    
   </trkpt>
   <trkpt lat="39.7150280" lon="-105.9112270">
    <ele>3809.2</ele>
    <time>2026-09-05T13:58:03Z</time>
    
   </trkpt>
   <trkpt lat="39.7150300" lon="-105.9112290">
    <ele>3809.2</ele>
    <time>2026-09-05T13:58:04Z</time>
    
   </trkpt>
   <trkpt lat="39.7150290" lon="-105.9112200">
    <ele>3809.8</ele>
    <time>2026-09-05T13:58:08Z</time>
    
   </trkpt>
   <trkpt lat="39.7150300" lon="-105.9112200">
    <ele>3810.4</ele>
    <time>2026-09-05T13:58:13Z</time>
    
   </trkpt>
   <trkpt lat="39.7150340" lon="-105.9112210">
    <ele>3811.0</ele>
    <time>2026-09-05T13:58:15Z</time>
    
   </trkpt>
   <trkpt lat="39.7150350" lon="-105.9112270">
    <ele>3810.8</ele>
    <time>2026-09-05T13:58:21Z</time>
    
   </trkpt>
   <trkpt lat="39.7150430" lon="-105.9112260">
    <ele>3811.0</ele>
    <time>2026-09-05T13:58:23Z</time>
    
   </trkpt>
   <trkpt lat="39.7150470" lon="-105.9112270">
    <ele>3811.6</ele>
    <time>2026-09-05T13:58:28Z</time>
    
   </trkpt>
   <trkpt lat="39.7150480" lon="-105.9112310">
    <ele>3811.8</ele>
    <time>2026-09-05T13:58:30Z</time>
    
   </trkpt>
   <trkpt lat="39.7150590" lon="-105.9112350">
    <ele>3812.0</ele>
    <time>2026-09-05T13:58:37Z</time>
    
   </trkpt>
   <trkpt lat="39.7150690" lon="-105.9112380">
    <ele>3812.6</ele>
    <time>2026-09-05T13:58:40Z</time>
    
   </trkpt>
   <trkpt lat="39.7150720" lon="-105.9112350">
    <ele>3813.2</ele>
    <time>2026-09-05T13:58:42Z</time>
    
   </trkpt>
   <trkpt lat="39.7150700" lon="-105.9112390">
    <ele>3814.2</ele>
    <time>2026-09-05T13:58:49Z</time>
    
   </trkpt>
   <trkpt lat="39.7150690" lon="-105.9112400">
    <ele>3814.2</ele>
    <time>2026-09-05T13:58:50Z</time>
    
   </trkpt>
   <trkpt lat="39.7150630" lon="-105.9112570">
    <ele>3815.2</ele>
    <time>2026-09-05T13:58:58Z</time>
    
   </trkpt>
   <trkpt lat="39.7150610" lon="-105.9112640">
    <ele>3816.0</ele>
    <time>2026-09-05T13:59:03Z</time>
    
   </trkpt>
   <trkpt lat="39.7150540" lon="-105.9112730">
    <ele>3816.2</ele>
    <time>2026-09-05T13:59:06Z</time>
    
   </trkpt>
   <trkpt lat="39.7150640" lon="-105.9112840">
    <ele>3816.6</ele>
    <time>2026-09-05T13:59:10Z</time>
    
   </trkpt>
   <trkpt lat="39.7150450" lon="-105.9112980">
    <ele>3817.2</ele>
    <time>2026-09-05T13:59:16Z</time>
    
   </trkpt>
   <trkpt lat="39.7150490" lon="-105.9112940">
    <ele>3817.2</ele>
    <time>2026-09-05T13:59:18Z</time>
    
   </trkpt>
   <trkpt lat="39.7150420" lon="-105.9113050">
    <ele>3817.4</ele>
    <time>2026-09-05T13:59:23Z</time>
    
   </trkpt>
   <trkpt lat="39.7150390" lon="-105.9113160">
    <ele>3817.4</ele>
    <time>2026-09-05T13:59:26Z</time>
    
   </trkpt>
   <trkpt lat="39.7150340" lon="-105.9113160">
    <ele>3817.8</ele>
    <time>2026-09-05T13:59:33Z</time>
    
   </trkpt>
   <trkpt lat="39.7150360" lon="-105.9113100">
    <ele>3817.8</ele>
    <time>2026-09-05T13:59:35Z</time>
    
   </trkpt>
   <trkpt lat="39.7150610" lon="-105.9113120">
    <ele>3818.4</ele>
    <time>2026-09-05T13:59:40Z</time>
    
   </trkpt>
   <trkpt lat="39.7150620" lon="-105.9113150">
    <ele>3818.6</ele>
    <time>2026-09-05T13:59:41Z</time>
    
   </trkpt>
   <trkpt lat="39.7150730" lon="-105.9113190">
    <ele>3819.6</ele>
    <time>2026-09-05T13:59:45Z</time>
    
   </trkpt>
   <trkpt lat="39.7150790" lon="-105.9113300">
    <ele>3820.2</ele>
    <time>2026-09-05T13:59:49Z</time>
    
   </trkpt>
   <trkpt lat="39.7150860" lon="-105.9113330">
    <ele>3819.8</ele>
    <time>2026-09-05T13:59:53Z</time>
    
   </trkpt>
   <trkpt lat="39.7151110" lon="-105.9113340">
    <ele>3820.2</ele>
    <time>2026-09-05T13:59:58Z</time>
    
   </trkpt>
   <trkpt lat="39.7151160" lon="-105.9113400">
    <ele>3820.6</ele>
    <time>2026-09-05T14:00:00Z</time>
    
   </trkpt>
   <trkpt lat="39.7151400" lon="-105.9113380">
    <ele>3821.4</ele>
    <time>2026-09-05T14:00:04Z</time>
    
   </trkpt>
   <trkpt lat="39.7151410" lon="-105.9113480">
    <ele>3821.6</ele>
    <time>2026-09-05T14:00:06Z</time>
    
   </trkpt>
   <trkpt lat="39.7151590" lon="-105.9113390">
    <ele>3822.8</ele>
    <time>2026-09-05T14:00:11Z</time>
    
   </trkpt>
   <trkpt lat="39.7151620" lon="-105.9113310">
    <ele>3823.2</ele>
    <time>2026-09-05T14:00:13Z</time>
    
   </trkpt>
   <trkpt lat="39.7151630" lon="-105.9113250">
    <ele>3823.8</ele>
    <time>2026-09-05T14:00:15Z</time>
    
   </trkpt>
   <trkpt lat="39.7151680" lon="-105.9113210">
    <ele>3824.8</ele>
    <time>2026-09-05T14:00:21Z</time>
    
   </trkpt>
   <trkpt lat="39.7151640" lon="-105.9113220">
    <ele>3825.0</ele>
    <time>2026-09-05T14:00:23Z</time>
    
   </trkpt>
   <trkpt lat="39.7151780" lon="-105.9113260">
    <ele>3825.6</ele>
    <time>2026-09-05T14:00:34Z</time>
    
   </trkpt>
   <trkpt lat="39.7152050" lon="-105.9113290">
    <ele>3826.0</ele>
    <time>2026-09-05T14:00:43Z</time>
    
   </trkpt>
   <trkpt lat="39.7152120" lon="-105.9113350">
    <ele>3826.0</ele>
    <time>2026-09-05T14:00:45Z</time>
    
   </trkpt>
   <trkpt lat="39.7152060" lon="-105.9113620">
    <ele>3827.0</ele>
    <time>2026-09-05T14:00:51Z</time>
    
   </trkpt>
   <trkpt lat="39.7152050" lon="-105.9113630">
    <ele>3827.6</ele>
    <time>2026-09-05T14:00:55Z</time>
    
   </trkpt>
   <trkpt lat="39.7152050" lon="-105.9113640">
    <ele>3828.0</ele>
    <time>2026-09-05T14:00:56Z</time>
    
   </trkpt>
   <trkpt lat="39.7151980" lon="-105.9113560">
    <ele>3829.0</ele>
    <time>2026-09-05T14:01:03Z</time>
    
   </trkpt>
   <trkpt lat="39.7151990" lon="-105.9113550">
    <ele>3829.0</ele>
    <time>2026-09-05T14:01:04Z</time>
    
   </trkpt>
   <trkpt lat="39.7152000" lon="-105.9113500">
    <ele>3829.4</ele>
    <time>2026-09-05T14:01:07Z</time>
    
   </trkpt>
   <trkpt lat="39.7152030" lon="-105.9113610">
    <ele>3829.4</ele>
    <time>2026-09-05T14:01:09Z</time>
    
   </trkpt>
   <trkpt lat="39.7152270" lon="-105.9113740">
    <ele>3830.2</ele>
    <time>2026-09-05T14:01:13Z</time>
    
   </trkpt>
   <trkpt lat="39.7152470" lon="-105.9114060">
    <ele>3831.4</ele>
    <time>2026-09-05T14:01:17Z</time>
    
   </trkpt>
   <trkpt lat="39.7152520" lon="-105.9114100">
    <ele>3831.8</ele>
    <time>2026-09-05T14:01:18Z</time>
    
   </trkpt>
   <trkpt lat="39.7152740" lon="-105.9114310">
    <ele>3832.6</ele>
    <time>2026-09-05T14:01:23Z</time>
    
   </trkpt>
   <trkpt lat="39.7152920" lon="-105.9114520">
    <ele>3833.6</ele>
    <time>2026-09-05T14:01:28Z</time>
    
   </trkpt>
   <trkpt lat="39.7152940" lon="-105.9114560">
    <ele>3833.8</ele>
    <time>2026-09-05T14:01:29Z</time>
    
   </trkpt>
   <trkpt lat="39.7153240" lon="-105.9114710">
    <ele>3834.8</ele>
    <time>2026-09-05T14:01:35Z</time>
    
   </trkpt>
   <trkpt lat="39.7153290" lon="-105.9114860">
    <ele>3835.0</ele>
    <time>2026-09-05T14:01:40Z</time>
    
   </trkpt>
   <trkpt lat="39.7153330" lon="-105.9115000">
    <ele>3835.8</ele>
    <time>2026-09-05T14:01:43Z</time>
    
   </trkpt>
   <trkpt lat="39.7153330" lon="-105.9114980">
    <ele>3837.0</ele>
    <time>2026-09-05T14:01:46Z</time>
    
   </trkpt>
   <trkpt lat="39.7153390" lon="-105.9114940">
    <ele>3837.2</ele>
    <time>2026-09-05T14:01:48Z</time>
    
   </trkpt>
   <trkpt lat="39.7153500" lon="-105.9114870">
    <ele>3838.0</ele>
    <time>2026-09-05T14:01:55Z</time>
    
   </trkpt>
   <trkpt lat="39.7153550" lon="-105.9114690">
    <ele>3839.0</ele>
    <time>2026-09-05T14:02:01Z</time>
    
   </trkpt>
   <trkpt lat="39.7153570" lon="-105.9114620">
    <ele>3839.0</ele>
    <time>2026-09-05T14:02:03Z</time>
    
   </trkpt>
   <trkpt lat="39.7153630" lon="-105.9114600">
    <ele>3840.0</ele>
    <time>2026-09-05T14:02:07Z</time>
    
   </trkpt>
   <trkpt lat="39.7153610" lon="-105.9114640">
    <ele>3840.4</ele>
    <time>2026-09-05T14:02:09Z</time>
    
   </trkpt>
   <trkpt lat="39.7153640" lon="-105.9114730">
    <ele>3840.0</ele>
    <time>2026-09-05T14:02:15Z</time>
    
   </trkpt>
   <trkpt lat="39.7153810" lon="-105.9114920">
    <ele>3841.0</ele>
    <time>2026-09-05T14:02:21Z</time>
    
   </trkpt>
   <trkpt lat="39.7153860" lon="-105.9114910">
    <ele>3841.2</ele>
    <time>2026-09-05T14:02:22Z</time>
    
   </trkpt>
   <trkpt lat="39.7154110" lon="-105.9114760">
    <ele>3842.4</ele>
    <time>2026-09-05T14:02:28Z</time>
    
   </trkpt>
   <trkpt lat="39.7154180" lon="-105.9114790">
    <ele>3842.8</ele>
    <time>2026-09-05T14:02:30Z</time>
    
   </trkpt>
   <trkpt lat="39.7154190" lon="-105.9114820">
    <ele>3843.4</ele>
    <time>2026-09-05T14:02:33Z</time>
    
   </trkpt>
   <trkpt lat="39.7154250" lon="-105.9114760">
    <ele>3844.4</ele>
    <time>2026-09-05T14:02:40Z</time>
    
   </trkpt>
   <trkpt lat="39.7154350" lon="-105.9114740">
    <ele>3845.2</ele>
    <time>2026-09-05T14:02:47Z</time>
    
   </trkpt>
   <trkpt lat="39.7154380" lon="-105.9114790">
    <ele>3845.4</ele>
    <time>2026-09-05T14:02:48Z</time>
    
   </trkpt>
   <trkpt lat="39.7154370" lon="-105.9114820">
    <ele>3845.6</ele>
    <time>2026-09-05T14:02:50Z</time>
    
   </trkpt>
   <trkpt lat="39.7154440" lon="-105.9114860">
    <ele>3846.6</ele>
    <time>2026-09-05T14:02:57Z</time>
    
   </trkpt>
   <trkpt lat="39.7154420" lon="-105.9114850">
    <ele>3846.6</ele>
    <time>2026-09-05T14:03:00Z</time>
    
   </trkpt>
   <trkpt lat="39.7154590" lon="-105.9115210">
    <ele>3847.4</ele>
    <time>2026-09-05T14:03:10Z</time>
    
   </trkpt>
   <trkpt lat="39.7154590" lon="-105.9115350">
    <ele>3847.6</ele>
    <time>2026-09-05T14:03:11Z</time>
    
   </trkpt>
   <trkpt lat="39.7154650" lon="-105.9115460">
    <ele>3848.4</ele>
    <time>2026-09-05T14:03:17Z</time>
    
   </trkpt>
   <trkpt lat="39.7154720" lon="-105.9115590">
    <ele>3848.8</ele>
    <time>2026-09-05T14:03:20Z</time>
    
   </trkpt>
   <trkpt lat="39.7154940" lon="-105.9115810">
    <ele>3849.4</ele>
    <time>2026-09-05T14:03:26Z</time>
    
   </trkpt>
   <trkpt lat="39.7154960" lon="-105.9115820">
    <ele>3849.8</ele>
    <time>2026-09-05T14:03:28Z</time>
    
   </trkpt>
   <trkpt lat="39.7155050" lon="-105.9115910">
    <ele>3850.4</ele>
    <time>2026-09-05T14:03:31Z</time>
    
   </trkpt>
   <trkpt lat="39.7155150" lon="-105.9115950">
    <ele>3850.8</ele>
    <time>2026-09-05T14:03:33Z</time>
    
   </trkpt>
   <trkpt lat="39.7155270" lon="-105.9115880">
    <ele>3851.0</ele>
    <time>2026-09-05T14:03:35Z</time>
    
   </trkpt>
   <trkpt lat="39.7155310" lon="-105.9115880">
    <ele>3851.2</ele>
    <time>2026-09-05T14:03:36Z</time>
    
   </trkpt>
   <trkpt lat="39.7155400" lon="-105.9115880">
    <ele>3852.2</ele>
    <time>2026-09-05T14:03:39Z</time>
    
   </trkpt>
   <trkpt lat="39.7155420" lon="-105.9115860">
    <ele>3852.6</ele>
    <time>2026-09-05T14:03:46Z</time>
    
   </trkpt>
   <trkpt lat="39.7155540" lon="-105.9115890">
    <ele>3853.2</ele>
    <time>2026-09-05T14:03:50Z</time>
    
   </trkpt>
   <trkpt lat="39.7155670" lon="-105.9115760">
    <ele>3854.2</ele>
    <time>2026-09-05T14:03:56Z</time>
    
   </trkpt>
   <trkpt lat="39.7155730" lon="-105.9115810">
    <ele>3854.8</ele>
    <time>2026-09-05T14:04:01Z</time>
    
   </trkpt>
   <trkpt lat="39.7155770" lon="-105.9115870">
    <ele>3855.0</ele>
    <time>2026-09-05T14:04:04Z</time>
    
   </trkpt>
   <trkpt lat="39.7155850" lon="-105.9115850">
    <ele>3855.2</ele>
    <time>2026-09-05T14:04:05Z</time>
    
   </trkpt>
   <trkpt lat="39.7155870" lon="-105.9115880">
    <ele>3855.4</ele>
    <time>2026-09-05T14:04:06Z</time>
    
   </trkpt>
   <trkpt lat="39.7155910" lon="-105.9115920">
    <ele>3856.4</ele>
    <time>2026-09-05T14:04:09Z</time>
    
   </trkpt>
   <trkpt lat="39.7156060" lon="-105.9115990">
    <ele>3857.0</ele>
    <time>2026-09-05T14:04:15Z</time>
    
   </trkpt>
   <trkpt lat="39.7156060" lon="-105.9116010">
    <ele>3857.4</ele>
    <time>2026-09-05T14:04:17Z</time>
    
   </trkpt>
   <trkpt lat="39.7156080" lon="-105.9115990">
    <ele>3857.6</ele>
    <time>2026-09-05T14:04:18Z</time>
    
   </trkpt>
   <trkpt lat="39.7156120" lon="-105.9116050">
    <ele>3858.0</ele>
    <time>2026-09-05T14:04:20Z</time>
    
   </trkpt>
   <trkpt lat="39.7156130" lon="-105.9116060">
    <ele>3858.2</ele>
    <time>2026-09-05T14:04:21Z</time>
    
   </trkpt>
   <trkpt lat="39.7156110" lon="-105.9116060">
    <ele>3858.6</ele>
    <time>2026-09-05T14:04:23Z</time>
    
   </trkpt>
   <trkpt lat="39.7156090" lon="-105.9116070">
    <ele>3859.2</ele>
    <time>2026-09-05T14:04:26Z</time>
    
   </trkpt>
   <trkpt lat="39.7156070" lon="-105.9116080">
    <ele>3859.6</ele>
    <time>2026-09-05T14:04:29Z</time>
    
   </trkpt>
   <trkpt lat="39.7156080" lon="-105.9116070">
    <ele>3859.6</ele>
    <time>2026-09-05T14:04:30Z</time>
    
   </trkpt>
   <trkpt lat="39.7156080" lon="-105.9116070">
    <ele>3859.6</ele>
    <time>2026-09-05T14:04:31Z</time>
    
   </trkpt>
   <trkpt lat="39.7156130" lon="-105.9116090">
    <ele>3860.0</ele>
    <time>2026-09-05T14:04:37Z</time>
    
   </trkpt>
   <trkpt lat="39.7156140" lon="-105.9116080">
    <ele>3859.8</ele>
    <time>2026-09-05T14:04:41Z</time>
    
   </trkpt>
   <trkpt lat="39.7156140" lon="-105.9116070">
    <ele>3859.6</ele>
    <time>2026-09-05T14:04:42Z</time>
    
   </trkpt>
   <trkpt lat="39.7156140" lon="-105.9116060">
    <ele>3859.2</ele>
    <time>2026-09-05T14:04:47Z</time>
    
   </trkpt>
   <trkpt lat="39.7156140" lon="-105.9116060">
    <ele>3859.2</ele>
    <time>2026-09-05T14:04:48Z</time>
    
   </trkpt>
   <trkpt lat="39.7156120" lon="-105.9116050">
    <ele>3859.0</ele>
    <time>2026-09-05T14:04:56Z</time>
    
   </trkpt>
   <trkpt lat="39.7156130" lon="-105.9116040">
    <ele>3858.8</ele>
    <time>2026-09-05T14:05:02Z</time>
    
   </trkpt>
   <trkpt lat="39.7156080" lon="-105.9116070">
    <ele>3858.6</ele>
    <time>2026-09-05T14:05:10Z</time>
    
   </trkpt>
   <trkpt lat="39.7156050" lon="-105.9116150">
    <ele>3858.8</ele>
    <time>2026-09-05T14:05:17Z</time>
    
   </trkpt>
   <trkpt lat="39.7156120" lon="-105.9116130">
    <ele>3859.0</ele>
    <time>2026-09-05T14:05:18Z</time>
    
   </trkpt>
   <trkpt lat="39.7156170" lon="-105.9116170">
    <ele>3859.8</ele>
    <time>2026-09-05T14:05:22Z</time>
    
   </trkpt>
   <trkpt lat="39.7156190" lon="-105.9116180">
    <ele>3860.0</ele>
    <time>2026-09-05T14:05:23Z</time>
    
   </trkpt>
   <trkpt lat="39.7156190" lon="-105.9116180">
    <ele>3860.4</ele>
    <time>2026-09-05T14:05:34Z</time>
    
   </trkpt>
   <trkpt lat="39.7156180" lon="-105.9116150">
    <ele>3860.2</ele>
    <time>2026-09-05T14:05:44Z</time>
    
   </trkpt>
   <trkpt lat="39.7156190" lon="-105.9116160">
    <ele>3860.2</ele>
    <time>2026-09-05T14:05:51Z</time>
    
   </trkpt>
   <trkpt lat="39.7156210" lon="-105.9116180">
    <ele>3860.4</ele>
    <time>2026-09-05T14:05:53Z</time>
    
   </trkpt>
   <trkpt lat="39.7156200" lon="-105.9116180">
    <ele>3860.6</ele>
    <time>2026-09-05T14:06:00Z</time>
    
   </trkpt>
   <trkpt lat="39.7156210" lon="-105.9116180">
    <ele>3860.8</ele>
    <time>2026-09-05T14:06:02Z</time>
    
   </trkpt>
   <trkpt lat="39.7156200" lon="-105.9116170">
    <ele>3861.0</ele>
    <time>2026-09-05T14:06:04Z</time>
    
   </trkpt>
   <trkpt lat="39.7156240" lon="-105.9116110">
    <ele>3861.2</ele>
    <time>2026-09-05T14:06:09Z</time>
    
   </trkpt>
   <trkpt lat="39.7156290" lon="-105.9116130">
    <ele>3860.8</ele>
    <time>2026-09-05T14:06:19Z</time>
    
   </trkpt>
   <trkpt lat="39.7156330" lon="-105.9116120">
    <ele>3861.0</ele>
    <time>2026-09-05T14:06:28Z</time>
    
   </trkpt>
   <trkpt lat="39.7156340" lon="-105.9116130">
    <ele>3860.8</ele>
    <time>2026-09-05T14:06:32Z</time>
    
   </trkpt>
   <trkpt lat="39.7156340" lon="-105.9116130">
    <ele>3860.8</ele>
    <time>2026-09-05T14:06:35Z</time>
    
   </trkpt>
   <trkpt lat="39.7156350" lon="-105.9116130">
    <ele>3860.8</ele>
    <time>2026-09-05T14:06:46Z</time>
    
   </trkpt>
   <trkpt lat="39.7156350" lon="-105.9116130">
    <ele>3860.6</ele>
    <time>2026-09-05T14:06:55Z</time>
    
   </trkpt>
   <trkpt lat="39.7156340" lon="-105.9116130">
    <ele>3860.6</ele>
    <time>2026-09-05T14:06:58Z</time>
    
   </trkpt>
   <trkpt lat="39.7156340" lon="-105.9116120">
    <ele>3860.8</ele>
    <time>2026-09-05T14:07:00Z</time>
    
   </trkpt>
   <trkpt lat="39.7156340" lon="-105.9116130">
    <ele>3860.8</ele>
    <time>2026-09-05T14:07:02Z</time>
    
   </trkpt>
   <trkpt lat="39.7156340" lon="-105.9116140">
    <ele>3860.8</ele>
    <time>2026-09-05T14:07:03Z</time>
    
   </trkpt>
   <trkpt lat="39.7156330" lon="-105.9116140">
    <ele>3861.0</ele>
    <time>2026-09-05T14:07:06Z</time>
    
   </trkpt>
   <trkpt lat="39.7156340" lon="-105.9116140">
    <ele>3860.8</ele>
    <time>2026-09-05T14:07:14Z</time>
    
   </trkpt>
   <trkpt lat="39.7156340" lon="-105.9116140">
    <ele>3860.8</ele>
    <time>2026-09-05T14:07:16Z</time>
    
   </trkpt>
   <trkpt lat="39.7156340" lon="-105.9116150">
    <ele>3860.8</ele>
    <time>2026-09-05T14:07:30Z</time>
    
   </trkpt>
   <trkpt lat="39.7156330" lon="-105.9116190">
    <ele>3860.8</ele>
    <time>2026-09-05T14:07:41Z</time>
    
   </trkpt>
   <trkpt lat="39.7156340" lon="-105.9116160">
    <ele>3860.8</ele>
    <time>2026-09-05T14:07:46Z</time>
    
   </trkpt>
   <trkpt lat="39.7156340" lon="-105.9116160">
    <ele>3860.8</ele>
    <time>2026-09-05T14:07:48Z</time>
    
   </trkpt>
   <trkpt lat="39.7156360" lon="-105.9116160">
    <ele>3860.8</ele>
    <time>2026-09-05T14:07:50Z</time>
    
   </trkpt>
   <trkpt lat="39.7156360" lon="-105.9116090">
    <ele>3860.8</ele>
    <time>2026-09-05T14:08:02Z</time>
    
   </trkpt>
   <trkpt lat="39.7156320" lon="-105.9115940">
    <ele>3860.8</ele>
    <time>2026-09-05T14:08:12Z</time>
    
   </trkpt>
   <trkpt lat="39.7156310" lon="-105.9115930">
    <ele>3860.8</ele>
    <time>2026-09-05T14:08:13Z</time>
    
   </trkpt>
   <trkpt lat="39.7156310" lon="-105.9115940">
    <ele>3860.8</ele>
    <time>2026-09-05T14:08:14Z</time>
    
   </trkpt>
   <trkpt lat="39.7156230" lon="-105.9115890">
    <ele>3860.8</ele>
    <time>2026-09-05T14:08:21Z</time>
    
   </trkpt>
   <trkpt lat="39.7156220" lon="-105.9115880">
    <ele>3860.8</ele>
    <time>2026-09-05T14:08:23Z</time>
    
   </trkpt>
   <trkpt lat="39.7156220" lon="-105.9115870">
    <ele>3860.8</ele>
    <time>2026-09-05T14:08:24Z</time>
    
   </trkpt>
   <trkpt lat="39.7156210" lon="-105.9115870">
    <ele>3860.8</ele>
    <time>2026-09-05T14:08:25Z</time>
    
   </trkpt>
   <trkpt lat="39.7156210" lon="-105.9115880">
    <ele>3860.8</ele>
    <time>2026-09-05T14:08:32Z</time>
    
   </trkpt>
   <trkpt lat="39.7156210" lon="-105.9115880">
    <ele>3860.8</ele>
    <time>2026-09-05T14:08:33Z</time>
    
   </trkpt>
   <trkpt lat="39.7156200" lon="-105.9115890">
    <ele>3860.8</ele>
    <time>2026-09-05T14:08:40Z</time>
    
   </trkpt>
   <trkpt lat="39.7156250" lon="-105.9115870">
    <ele>3860.8</ele>
    <time>2026-09-05T14:08:51Z</time>
    
   </trkpt>
   <trkpt lat="39.7156250" lon="-105.9115880">
    <ele>3860.8</ele>
    <time>2026-09-05T14:08:55Z</time>
    
   </trkpt>
   <trkpt lat="39.7156260" lon="-105.9115870">
    <ele>3860.8</ele>
    <time>2026-09-05T14:08:58Z</time>
    
   </trkpt>
   <trkpt lat="39.7156270" lon="-105.9115880">
    <ele>3860.8</ele>
    <time>2026-09-05T14:09:02Z</time>
    
   </trkpt>
   <trkpt lat="39.7156270" lon="-105.9115880">
    <ele>3860.8</ele>
    <time>2026-09-05T14:09:03Z</time>
    
   </trkpt>
   <trkpt lat="39.7156270" lon="-105.9115880">
    <ele>3860.8</ele>
    <time>2026-09-05T14:09:10Z</time>
    
   </trkpt>
   <trkpt lat="39.7156270" lon="-105.9115880">
    <ele>3857.8</ele>
    <time>2026-09-05T14:09:18Z</time>
    
   </trkpt>
   <trkpt lat="39.7156260" lon="-105.9115880">
    <ele>3858.0</ele>
    <time>2026-09-05T14:09:21Z</time>
    
   </trkpt>
   <trkpt lat="39.7156260" lon="-105.9115880">
    <ele>3858.2</ele>
    <time>2026-09-05T14:09:23Z</time>
    
   </trkpt>
   <trkpt lat="39.7156330" lon="-105.9115920">
    <ele>3858.2</ele>
    <time>2026-09-05T14:09:31Z</time>
    
   </trkpt>
   <trkpt lat="39.7156320" lon="-105.9115920">
    <ele>3858.2</ele>
    <time>2026-09-05T14:09:32Z</time>
    
   </trkpt>
   <trkpt lat="39.7156290" lon="-105.9115910">
    <ele>3858.2</ele>
    <time>2026-09-05T14:09:34Z</time>
    
   </trkpt>
   <trkpt lat="39.7156230" lon="-105.9115760">
    <ele>3857.4</ele>
    <time>2026-09-05T14:09:39Z</time>
    
   </trkpt>
   <trkpt lat="39.7156230" lon="-105.9115760">
    <ele>3857.4</ele>
    <time>2026-09-05T14:09:40Z</time>
    
   </trkpt>
   <trkpt lat="39.7156280" lon="-105.9115860">
    <ele>3857.8</ele>
    <time>2026-09-05T14:09:49Z</time>
    
   </trkpt>
   <trkpt lat="39.7156310" lon="-105.9115830">
    <ele>3858.4</ele>
    <time>2026-09-05T14:09:54Z</time>
    
   </trkpt>
   <trkpt lat="39.7156340" lon="-105.9115850">
    <ele>3858.0</ele>
    <time>2026-09-05T14:10:02Z</time>
    
   </trkpt>
   <trkpt lat="39.7156330" lon="-105.9115860">
    <ele>3857.8</ele>
    <time>2026-09-05T14:10:21Z</time>
    
   </trkpt>
   <trkpt lat="39.7156330" lon="-105.9115860">
    <ele>3857.8</ele>
    <time>2026-09-05T14:10:22Z</time>
    
   </trkpt>
   <trkpt lat="39.7156340" lon="-105.9115880">
    <ele>3857.8</ele>
    <time>2026-09-05T14:10:32Z</time>
    
   </trkpt>
   <trkpt lat="39.7156340" lon="-105.9115850">
    <ele>3857.8</ele>
    <time>2026-09-05T14:10:35Z</time>
    
   </trkpt>
   <trkpt lat="39.7156340" lon="-105.9115810">
    <ele>3857.8</ele>
    <time>2026-09-05T14:10:39Z</time>
    
   </trkpt>
   <trkpt lat="39.7156340" lon="-105.9115810">
    <ele>3857.8</ele>
    <time>2026-09-05T14:10:40Z</time>
    
   </trkpt>
   <trkpt lat="39.7156340" lon="-105.9115830">
    <ele>3857.8</ele>
    <time>2026-09-05T14:10:42Z</time>
    
   </trkpt>
   <trkpt lat="39.7156340" lon="-105.9115810">
    <ele>3857.8</ele>
    <time>2026-09-05T14:10:48Z</time>
    
   </trkpt>
   <trkpt lat="39.7156340" lon="-105.9115820">
    <ele>3857.8</ele>
    <time>2026-09-05T14:10:50Z</time>
    
   </trkpt>
   <trkpt lat="39.7156340" lon="-105.9115830">
    <ele>3857.8</ele>
    <time>2026-09-05T14:10:58Z</time>
    
   </trkpt>
   <trkpt lat="39.7156340" lon="-105.9115830">
    <ele>3857.8</ele>
    <time>2026-09-05T14:11:01Z</time>
    
   </trkpt>
   <trkpt lat="39.7156340" lon="-105.9115850">
    <ele>3857.8</ele>
    <time>2026-09-05T14:11:07Z</time>
    
   </trkpt>
   <trkpt lat="39.7156350" lon="-105.9115850">
    <ele>3857.8</ele>
    <time>2026-09-05T14:11:09Z</time>
    
   </trkpt>
   <trkpt lat="39.7156350" lon="-105.9115860">
    <ele>3857.8</ele>
    <time>2026-09-05T14:11:13Z</time>
    
   </trkpt>
   <trkpt lat="39.7156350" lon="-105.9115860">
    <ele>3857.8</ele>
    <time>2026-09-05T14:11:20Z</time>
    
   </trkpt>
   <trkpt lat="39.7156360" lon="-105.9115870">
    <ele>3857.8</ele>
    <time>2026-09-05T14:11:26Z</time>
    
   </trkpt>
   <trkpt lat="39.7156340" lon="-105.9115860">
    <ele>3857.8</ele>
    <time>2026-09-05T14:11:32Z</time>
    
   </trkpt>
   <trkpt lat="39.7156320" lon="-105.9115840">
    <ele>3857.8</ele>
    <time>2026-09-05T14:11:39Z</time>
    
   </trkpt>
   <trkpt lat="39.7156320" lon="-105.9115840">
    <ele>3857.8</ele>
    <time>2026-09-05T14:11:42Z</time>
    
   </trkpt>
   <trkpt lat="39.7156330" lon="-105.9115840">
    <ele>3857.8</ele>
    <time>2026-09-05T14:11:47Z</time>
    
   </trkpt>
   <trkpt lat="39.7156330" lon="-105.9115840">
    <ele>3857.8</ele>
    <time>2026-09-05T14:11:48Z</time>
    
   </trkpt>
   <trkpt lat="39.7156320" lon="-105.9115840">
    <ele>3857.8</ele>
    <time>2026-09-05T14:11:51Z</time>
    
   </trkpt>
   <trkpt lat="39.7156320" lon="-105.9115840">
    <ele>3857.8</ele>
    <time>2026-09-05T14:11:54Z</time>
    
   </trkpt>
   <trkpt lat="39.7156330" lon="-105.9115830">
    <ele>3857.8</ele>
    <time>2026-09-05T14:12:17Z</time>
    
   </trkpt>
   <trkpt lat="39.7156330" lon="-105.9115840">
    <ele>3857.8</ele>
    <time>2026-09-05T14:12:26Z</time>
    
   </trkpt>
   <trkpt lat="39.7156320" lon="-105.9115850">
    <ele>3857.8</ele>
    <time>2026-09-05T14:12:29Z</time>
    
   </trkpt>
   <trkpt lat="39.7156330" lon="-105.9115860">
    <ele>3857.8</ele>
    <time>2026-09-05T14:12:48Z</time>
    
   </trkpt>
   <trkpt lat="39.7156340" lon="-105.9115860">
    <ele>3857.8</ele>
    <time>2026-09-05T14:12:59Z</time>
    
   </trkpt>
   <trkpt lat="39.7156330" lon="-105.9115880">
    <ele>3857.8</ele>
    <time>2026-09-05T14:13:05Z</time>
    
   </trkpt>
   <trkpt lat="39.7156340" lon="-105.9115870">
    <ele>3857.8</ele>
    <time>2026-09-05T14:13:14Z</time>
    
   </trkpt>
   <trkpt lat="39.7156340" lon="-105.9115870">
    <ele>3857.8</ele>
    <time>2026-09-05T14:13:16Z</time>
    
   </trkpt>
   <trkpt lat="39.7156360" lon="-105.9115930">
    <ele>3857.8</ele>
    <time>2026-09-05T14:13:25Z</time>
    
   </trkpt>
   <trkpt lat="39.7156350" lon="-105.9115930">
    <ele>3857.8</ele>
    <time>2026-09-05T14:13:27Z</time>
    
   </trkpt>
   <trkpt lat="39.7156350" lon="-105.9115950">
    <ele>3857.8</ele>
    <time>2026-09-05T14:13:37Z</time>
    
   </trkpt>
   <trkpt lat="39.7156380" lon="-105.9115990">
    <ele>3857.8</ele>
    <time>2026-09-05T14:13:40Z</time>
    
   </trkpt>
   <trkpt lat="39.7156410" lon="-105.9116010">
    <ele>3857.8</ele>
    <time>2026-09-05T14:13:52Z</time>
    
   </trkpt>
   <trkpt lat="39.7156410" lon="-105.9116020">
    <ele>3857.8</ele>
    <time>2026-09-05T14:13:56Z</time>
    
   </trkpt>
   <trkpt lat="39.7156410" lon="-105.9116020">
    <ele>3857.8</ele>
    <time>2026-09-05T14:13:57Z</time>
    
   </trkpt>
   <trkpt lat="39.7156410" lon="-105.9116020">
    <ele>3857.8</ele>
    <time>2026-09-05T14:13:58Z</time>
    
   </trkpt>
   <trkpt lat="39.7156410" lon="-105.9116010">
    <ele>3857.8</ele>
    <time>2026-09-05T14:14:00Z</time>
    
   </trkpt>
   <trkpt lat="39.7156400" lon="-105.9116010">
    <ele>3857.8</ele>
    <time>2026-09-05T14:14:01Z</time>
    
   </trkpt>
   <trkpt lat="39.7156380" lon="-105.9115910">
    <ele>3857.8</ele>
    <time>2026-09-05T14:14:19Z</time>
    
   </trkpt>
   <trkpt lat="39.7156390" lon="-105.9115900">
    <ele>3857.8</ele>
    <time>2026-09-05T14:14:26Z</time>
    
   </trkpt>
   <trkpt lat="39.7156390" lon="-105.9115900">
    <ele>3857.8</ele>
    <time>2026-09-05T14:14:28Z</time>
    
   </trkpt>
   <trkpt lat="39.7156390" lon="-105.9115910">
    <ele>3857.8</ele>
    <time>2026-09-05T14:14:31Z</time>
    
   </trkpt>
   <trkpt lat="39.7156390" lon="-105.9115920">
    <ele>3857.8</ele>
    <time>2026-09-05T14:14:35Z</time>
    
   </trkpt>
   <trkpt lat="39.7156390" lon="-105.9115920">
    <ele>3857.8</ele>
    <time>2026-09-05T14:14:37Z</time>
    
   </trkpt>
   <trkpt lat="39.7156390" lon="-105.9115920">
    <ele>3857.8</ele>
    <time>2026-09-05T14:14:45Z</time>
    
   </trkpt>
   <trkpt lat="39.7156380" lon="-105.9115920">
    <ele>3857.8</ele>
    <time>2026-09-05T14:14:54Z</time>
    
   </trkpt>
   <trkpt lat="39.7156380" lon="-105.9115930">
    <ele>3857.8</ele>
    <time>2026-09-05T14:14:58Z</time>
    
   </trkpt>
   <trkpt lat="39.7156380" lon="-105.9115930">
    <ele>3857.8</ele>
    <time>2026-09-05T14:14:59Z</time>
    
   </trkpt>
   <trkpt lat="39.7156370" lon="-105.9115970">
    <ele>3857.8</ele>
    <time>2026-09-05T14:15:07Z</time>
    
   </trkpt>
   <trkpt lat="39.7156360" lon="-105.9115900">
    <ele>3857.8</ele>
    <time>2026-09-05T14:15:14Z</time>
    
   </trkpt>
   <trkpt lat="39.7156330" lon="-105.9115940">
    <ele>3857.8</ele>
    <time>2026-09-05T14:15:23Z</time>
    
   </trkpt>
   <trkpt lat="39.7156320" lon="-105.9115940">
    <ele>3857.8</ele>
    <time>2026-09-05T14:15:24Z</time>
    
   </trkpt>
   <trkpt lat="39.7156320" lon="-105.9115930">
    <ele>3857.8</ele>
    <time>2026-09-05T14:15:26Z</time>
    
   </trkpt>
   <trkpt lat="39.7156320" lon="-105.9115930">
    <ele>3857.8</ele>
    <time>2026-09-05T14:15:28Z</time>
    
   </trkpt>
   <trkpt lat="39.7156320" lon="-105.9115930">
    <ele>3857.8</ele>
    <time>2026-09-05T14:15:29Z</time>
    
   </trkpt>
   <trkpt lat="39.7156310" lon="-105.9115940">
    <ele>3857.8</ele>
    <time>2026-09-05T14:15:31Z</time>
    
   </trkpt>
   <trkpt lat="39.7156290" lon="-105.9115990">
    <ele>3857.8</ele>
    <time>2026-09-05T14:15:50Z</time>
    
   </trkpt>
   <trkpt lat="39.7156380" lon="-105.9116130">
    <ele>3857.8</ele>
    <time>2026-09-05T14:15:59Z</time>
    
   </trkpt>
   <trkpt lat="39.7156350" lon="-105.9116200">
    <ele>3857.8</ele>
    <time>2026-09-05T14:16:03Z</time>
    
   </trkpt>
   <trkpt lat="39.7156370" lon="-105.9116310">
    <ele>3857.8</ele>
    <time>2026-09-05T14:16:19Z</time>
    
   </trkpt>
   <trkpt lat="39.7156380" lon="-105.9116320">
    <ele>3854.4</ele>
    <time>2026-09-05T14:16:25Z</time>
    
   </trkpt>
   <trkpt lat="39.7156380" lon="-105.9116320">
    <ele>3854.4</ele>
    <time>2026-09-05T14:16:28Z</time>
    
   </trkpt>
   <trkpt lat="39.7156380" lon="-105.9116320">
    <ele>3854.4</ele>
    <time>2026-09-05T14:16:31Z</time>
    
   </trkpt>
   <trkpt lat="39.7156390" lon="-105.9116320">
    <ele>3854.8</ele>
    <time>2026-09-05T14:16:38Z</time>
    
   </trkpt>
   <trkpt lat="39.7156390" lon="-105.9116320">
    <ele>3854.8</ele>
    <time>2026-09-05T14:16:41Z</time>
    
   </trkpt>
   <trkpt lat="39.7156400" lon="-105.9116340">
    <ele>3854.6</ele>
    <time>2026-09-05T14:16:45Z</time>
    
   </trkpt>
   <trkpt lat="39.7156390" lon="-105.9116330">
    <ele>3855.2</ele>
    <time>2026-09-05T14:16:54Z</time>
    
   </trkpt>
   <trkpt lat="39.7156390" lon="-105.9116340">
    <ele>3855.2</ele>
    <time>2026-09-05T14:17:09Z</time>
    
   </trkpt>
   <trkpt lat="39.7156390" lon="-105.9116350">
    <ele>3855.0</ele>
    <time>2026-09-05T14:17:21Z</time>
    
   </trkpt>
   <trkpt lat="39.7156410" lon="-105.9116360">
    <ele>3854.6</ele>
    <time>2026-09-05T14:17:47Z</time>
    
   </trkpt>
   <trkpt lat="39.7156410" lon="-105.9116360">
    <ele>3854.8</ele>
    <time>2026-09-05T14:17:48Z</time>
    
   </trkpt>
   <trkpt lat="39.7156410" lon="-105.9116360">
    <ele>3854.6</ele>
    <time>2026-09-05T14:17:50Z</time>
    
   </trkpt>
   <trkpt lat="39.7156420" lon="-105.9116370">
    <ele>3854.8</ele>
    <time>2026-09-05T14:17:56Z</time>
    
   </trkpt>
   <trkpt lat="39.7156420" lon="-105.9116390">
    <ele>3854.4</ele>
    <time>2026-09-05T14:18:18Z</time>
    
   </trkpt>
   <trkpt lat="39.7156420" lon="-105.9116390">
    <ele>3854.4</ele>
    <time>2026-09-05T14:18:23Z</time>
    
   </trkpt>
   <trkpt lat="39.7156420" lon="-105.9116370">
    <ele>3854.6</ele>
    <time>2026-09-05T14:18:38Z</time>
    
   </trkpt>
   <trkpt lat="39.7156410" lon="-105.9116370">
    <ele>3855.0</ele>
    <time>2026-09-05T14:18:45Z</time>
    
   </trkpt>
   <trkpt lat="39.7156420" lon="-105.9116360">
    <ele>3855.0</ele>
    <time>2026-09-05T14:18:55Z</time>
    
   </trkpt>
   <trkpt lat="39.7156420" lon="-105.9116360">
    <ele>3854.8</ele>
    <time>2026-09-05T14:18:57Z</time>
    
   </trkpt>
   <trkpt lat="39.7156420" lon="-105.9116360">
    <ele>3854.6</ele>
    <time>2026-09-05T14:19:04Z</time>
    
   </trkpt>
   <trkpt lat="39.7156430" lon="-105.9116350">
    <ele>3855.4</ele>
    <time>2026-09-05T14:19:14Z</time>
    
   </trkpt>
   <trkpt lat="39.7156410" lon="-105.9116330">
    <ele>3854.8</ele>
    <time>2026-09-05T14:19:36Z</time>
    
   </trkpt>
   <trkpt lat="39.7156410" lon="-105.9116330">
    <ele>3855.0</ele>
    <time>2026-09-05T14:19:45Z</time>
    
   </trkpt>
   <trkpt lat="39.7156410" lon="-105.9116330">
    <ele>3855.0</ele>
    <time>2026-09-05T14:19:48Z</time>
    
   </trkpt>
   <trkpt lat="39.7156400" lon="-105.9116330">
    <ele>3854.6</ele>
    <time>2026-09-05T14:20:01Z</time>
    
   </trkpt>
   <trkpt lat="39.7156380" lon="-105.9116320">
    <ele>3855.0</ele>
    <time>2026-09-05T14:20:11Z</time>
    
   </trkpt>
   <trkpt lat="39.7156380" lon="-105.9116310">
    <ele>3855.0</ele>
    <time>2026-09-05T14:20:12Z</time>
    
   </trkpt>
   <trkpt lat="39.7156230" lon="-105.9116170">
    <ele>3854.4</ele>
    <time>2026-09-05T14:25:25Z</time>
    
   </trkpt>
   <trkpt lat="39.7156190" lon="-105.9116130">
    <ele>3853.4</ele>
    <time>2026-09-05T14:25:28Z</time>
    
   </trkpt>
   <trkpt lat="39.7156170" lon="-105.9116070">
    <ele>3853.4</ele>
    <time>2026-09-05T14:25:32Z</time>
    
   </trkpt>
   <trkpt lat="39.7156140" lon="-105.9116030">
    <ele>3853.4</ele>
    <time>2026-09-05T14:25:35Z</time>
    
   </trkpt>
   <trkpt lat="39.7156040" lon="-105.9115950">
    <ele>3852.6</ele>
    <time>2026-09-05T14:25:43Z</time>
    
   </trkpt>
   <trkpt lat="39.7156010" lon="-105.9115920">
    <ele>3852.8</ele>
    <time>2026-09-05T14:25:44Z</time>
    
   </trkpt>
   <trkpt lat="39.7155980" lon="-105.9115940">
    <ele>3852.4</ele>
    <time>2026-09-05T14:25:52Z</time>
    
   </trkpt>
   <trkpt lat="39.7156020" lon="-105.9115900">
    <ele>3852.4</ele>
    <time>2026-09-05T14:25:56Z</time>
    
   </trkpt>
   <trkpt lat="39.7156020" lon="-105.9115900">
    <ele>3852.2</ele>
    <time>2026-09-05T14:25:58Z</time>
    
   </trkpt>
   <trkpt lat="39.7155990" lon="-105.9115970">
    <ele>3851.8</ele>
    <time>2026-09-05T14:26:06Z</time>
    
   </trkpt>
   <trkpt lat="39.7155880" lon="-105.9116140">
    <ele>3852.4</ele>
    <time>2026-09-05T14:26:17Z</time>
    
   </trkpt>
   <trkpt lat="39.7155850" lon="-105.9116010">
    <ele>3852.4</ele>
    <time>2026-09-05T14:26:24Z</time>
    
   </trkpt>
   <trkpt lat="39.7155800" lon="-105.9115980">
    <ele>3851.8</ele>
    <time>2026-09-05T14:26:28Z</time>
    
   </trkpt>
   <trkpt lat="39.7155780" lon="-105.9115940">
    <ele>3851.8</ele>
    <time>2026-09-05T14:26:35Z</time>
    
   </trkpt>
   <trkpt lat="39.7155770" lon="-105.9115920">
    <ele>3851.8</ele>
    <time>2026-09-05T14:26:37Z</time>
    
   </trkpt>
   <trkpt lat="39.7155760" lon="-105.9115910">
    <ele>3851.6</ele>
    <time>2026-09-05T14:26:39Z</time>
    
   </trkpt>
   <trkpt lat="39.7155730" lon="-105.9115890">
    <ele>3851.6</ele>
    <time>2026-09-05T14:26:40Z</time>
    
   </trkpt>
   <trkpt lat="39.7155740" lon="-105.9115930">
    <ele>3851.2</ele>
    <time>2026-09-05T14:26:43Z</time>
    
   </trkpt>
   <trkpt lat="39.7155740" lon="-105.9115990">
    <ele>3850.8</ele>
    <time>2026-09-05T14:26:50Z</time>
    
   </trkpt>
   <trkpt lat="39.7155690" lon="-105.9115930">
    <ele>3850.2</ele>
    <time>2026-09-05T14:26:57Z</time>
    
   </trkpt>
   <trkpt lat="39.7155590" lon="-105.9115840">
    <ele>3849.4</ele>
    <time>2026-09-05T14:27:02Z</time>
    
   </trkpt>
   <trkpt lat="39.7155550" lon="-105.9115790">
    <ele>3849.2</ele>
    <time>2026-09-05T14:27:07Z</time>
    
   </trkpt>
   <trkpt lat="39.7155470" lon="-105.9115750">
    <ele>3848.8</ele>
    <time>2026-09-05T14:27:11Z</time>
    
   </trkpt>
   <trkpt lat="39.7155280" lon="-105.9115720">
    <ele>3848.2</ele>
    <time>2026-09-05T14:27:21Z</time>
    
   </trkpt>
   <trkpt lat="39.7155270" lon="-105.9115720">
    <ele>3848.0</ele>
    <time>2026-09-05T14:27:22Z</time>
    
   </trkpt>
   <trkpt lat="39.7155270" lon="-105.9115710">
    <ele>3847.4</ele>
    <time>2026-09-05T14:27:26Z</time>
    
   </trkpt>
   <trkpt lat="39.7155260" lon="-105.9115630">
    <ele>3847.2</ele>
    <time>2026-09-05T14:27:30Z</time>
    
   </trkpt>
   <trkpt lat="39.7155250" lon="-105.9115630">
    <ele>3847.4</ele>
    <time>2026-09-05T14:27:32Z</time>
    
   </trkpt>
   <trkpt lat="39.7155180" lon="-105.9115630">
    <ele>3847.4</ele>
    <time>2026-09-05T14:27:38Z</time>
    
   </trkpt>
   <trkpt lat="39.7155170" lon="-105.9115640">
    <ele>3847.0</ele>
    <time>2026-09-05T14:27:40Z</time>
    
   </trkpt>
   <trkpt lat="39.7155110" lon="-105.9115620">
    <ele>3845.8</ele>
    <time>2026-09-05T14:27:45Z</time>
    
   </trkpt>
   <trkpt lat="39.7155060" lon="-105.9115530">
    <ele>3845.0</ele>
    <time>2026-09-05T14:27:53Z</time>
    
   </trkpt>
   <trkpt lat="39.7154980" lon="-105.9115470">
    <ele>3844.8</ele>
    <time>2026-09-05T14:27:57Z</time>
    
   </trkpt>
   <trkpt lat="39.7154840" lon="-105.9115410">
    <ele>3843.8</ele>
    <time>2026-09-05T14:28:03Z</time>
    
   </trkpt>
   <trkpt lat="39.7154770" lon="-105.9115370">
    <ele>3843.8</ele>
    <time>2026-09-05T14:28:05Z</time>
    
   </trkpt>
   <trkpt lat="39.7154720" lon="-105.9115250">
    <ele>3843.4</ele>
    <time>2026-09-05T14:28:13Z</time>
    
   </trkpt>
   <trkpt lat="39.7154670" lon="-105.9115080">
    <ele>3843.2</ele>
    <time>2026-09-05T14:28:20Z</time>
    
   </trkpt>
   <trkpt lat="39.7154590" lon="-105.9115070">
    <ele>3842.6</ele>
    <time>2026-09-05T14:28:23Z</time>
    
   </trkpt>
   <trkpt lat="39.7154600" lon="-105.9114880">
    <ele>3842.2</ele>
    <time>2026-09-05T14:28:33Z</time>
    
   </trkpt>
   <trkpt lat="39.7154550" lon="-105.9114680">
    <ele>3841.6</ele>
    <time>2026-09-05T14:28:37Z</time>
    
   </trkpt>
   <trkpt lat="39.7154490" lon="-105.9114670">
    <ele>3840.6</ele>
    <time>2026-09-05T14:28:44Z</time>
    
   </trkpt>
   <trkpt lat="39.7154500" lon="-105.9114670">
    <ele>3840.6</ele>
    <time>2026-09-05T14:28:45Z</time>
    
   </trkpt>
   <trkpt lat="39.7154470" lon="-105.9114610">
    <ele>3840.2</ele>
    <time>2026-09-05T14:28:48Z</time>
    
   </trkpt>
   <trkpt lat="39.7154490" lon="-105.9114510">
    <ele>3839.8</ele>
    <time>2026-09-05T14:28:54Z</time>
    
   </trkpt>
   <trkpt lat="39.7154480" lon="-105.9114460">
    <ele>3839.6</ele>
    <time>2026-09-05T14:28:56Z</time>
    
   </trkpt>
   <trkpt lat="39.7154470" lon="-105.9114440">
    <ele>3839.6</ele>
    <time>2026-09-05T14:28:57Z</time>
    
   </trkpt>
   <trkpt lat="39.7154450" lon="-105.9114430">
    <ele>3839.2</ele>
    <time>2026-09-05T14:29:02Z</time>
    
   </trkpt>
   <trkpt lat="39.7154440" lon="-105.9114420">
    <ele>3839.2</ele>
    <time>2026-09-05T14:29:05Z</time>
    
   </trkpt>
   <trkpt lat="39.7154440" lon="-105.9114360">
    <ele>3839.4</ele>
    <time>2026-09-05T14:29:08Z</time>
    
   </trkpt>
   <trkpt lat="39.7154340" lon="-105.9114280">
    <ele>3839.4</ele>
    <time>2026-09-05T14:29:14Z</time>
    
   </trkpt>
   <trkpt lat="39.7154320" lon="-105.9114270">
    <ele>3839.4</ele>
    <time>2026-09-05T14:29:15Z</time>
    
   </trkpt>
   <trkpt lat="39.7154290" lon="-105.9114270">
    <ele>3839.2</ele>
    <time>2026-09-05T14:29:18Z</time>
    
   </trkpt>
   <trkpt lat="39.7154170" lon="-105.9114340">
    <ele>3839.0</ele>
    <time>2026-09-05T14:29:25Z</time>
    
   </trkpt>
   <trkpt lat="39.7154090" lon="-105.9114350">
    <ele>3838.6</ele>
    <time>2026-09-05T14:29:28Z</time>
    
   </trkpt>
   <trkpt lat="39.7153980" lon="-105.9114350">
    <ele>3838.4</ele>
    <time>2026-09-05T14:29:30Z</time>
    
   </trkpt>
   <trkpt lat="39.7153960" lon="-105.9114370">
    <ele>3838.0</ele>
    <time>2026-09-05T14:29:31Z</time>
    
   </trkpt>
   <trkpt lat="39.7153900" lon="-105.9114390">
    <ele>3837.2</ele>
    <time>2026-09-05T14:29:34Z</time>
    
   </trkpt>
   <trkpt lat="39.7153840" lon="-105.9114350">
    <ele>3837.0</ele>
    <time>2026-09-05T14:29:36Z</time>
    
   </trkpt>
   <trkpt lat="39.7153690" lon="-105.9114150">
    <ele>3836.2</ele>
    <time>2026-09-05T14:29:43Z</time>
    
   </trkpt>
   <trkpt lat="39.7153730" lon="-105.9114010">
    <ele>3835.6</ele>
    <time>2026-09-05T14:29:48Z</time>
    
   </trkpt>
   <trkpt lat="39.7153700" lon="-105.9113980">
    <ele>3835.6</ele>
    <time>2026-09-05T14:29:51Z</time>
    
   </trkpt>
   <trkpt lat="39.7153690" lon="-105.9113920">
    <ele>3835.0</ele>
    <time>2026-09-05T14:29:57Z</time>
    
   </trkpt>
   <trkpt lat="39.7153700" lon="-105.9113920">
    <ele>3835.0</ele>
    <time>2026-09-05T14:29:58Z</time>
    
   </trkpt>
   <trkpt lat="39.7153700" lon="-105.9113910">
    <ele>3834.6</ele>
    <time>2026-09-05T14:30:03Z</time>
    
   </trkpt>
   <trkpt lat="39.7153530" lon="-105.9113860">
    <ele>3834.2</ele>
    <time>2026-09-05T14:30:12Z</time>
    
   </trkpt>
   <trkpt lat="39.7153550" lon="-105.9113790">
    <ele>3834.0</ele>
    <time>2026-09-05T14:30:14Z</time>
    
   </trkpt>
   <trkpt lat="39.7153600" lon="-105.9113730">
    <ele>3833.6</ele>
    <time>2026-09-05T14:30:16Z</time>
    
   </trkpt>
   <trkpt lat="39.7153800" lon="-105.9113710">
    <ele>3833.6</ele>
    <time>2026-09-05T14:30:21Z</time>
    
   </trkpt>
   <trkpt lat="39.7154120" lon="-105.9113690">
    <ele>3834.2</ele>
    <time>2026-09-05T14:30:30Z</time>
    
   </trkpt>
   <trkpt lat="39.7154190" lon="-105.9113620">
    <ele>3834.2</ele>
    <time>2026-09-05T14:30:31Z</time>
    
   </trkpt>
   <trkpt lat="39.7154240" lon="-105.9113480">
    <ele>3834.0</ele>
    <time>2026-09-05T14:30:33Z</time>
    
   </trkpt>
   <trkpt lat="39.7154240" lon="-105.9113470">
    <ele>3833.8</ele>
    <time>2026-09-05T14:30:36Z</time>
    
   </trkpt>
   <trkpt lat="39.7154210" lon="-105.9113440">
    <ele>3834.0</ele>
    <time>2026-09-05T14:30:40Z</time>
    
   </trkpt>
   <trkpt lat="39.7154120" lon="-105.9113460">
    <ele>3833.8</ele>
    <time>2026-09-05T14:30:51Z</time>
    
   </trkpt>
   <trkpt lat="39.7154160" lon="-105.9113510">
    <ele>3833.8</ele>
    <time>2026-09-05T14:30:54Z</time>
    
   </trkpt>
   <trkpt lat="39.7154190" lon="-105.9113630">
    <ele>3835.0</ele>
    <time>2026-09-05T14:31:05Z</time>
    
   </trkpt>
   <trkpt lat="39.7154120" lon="-105.9113630">
    <ele>3835.0</ele>
    <time>2026-09-05T14:31:07Z</time>
    
   </trkpt>
   <trkpt lat="39.7154140" lon="-105.9113630">
    <ele>3835.4</ele>
    <time>2026-09-05T14:31:10Z</time>
    
   </trkpt>
   <trkpt lat="39.7154130" lon="-105.9113570">
    <ele>3835.6</ele>
    <time>2026-09-05T14:31:15Z</time>
    
   </trkpt>
   <trkpt lat="39.7154120" lon="-105.9113540">
    <ele>3835.4</ele>
    <time>2026-09-05T14:31:19Z</time>
    
   </trkpt>
   <trkpt lat="39.7154130" lon="-105.9113510">
    <ele>3835.4</ele>
    <time>2026-09-05T14:31:21Z</time>
    
   </trkpt>
   <trkpt lat="39.7154140" lon="-105.9113480">
    <ele>3835.2</ele>
    <time>2026-09-05T14:31:23Z</time>
    
   </trkpt>
   <trkpt lat="39.7154200" lon="-105.9113570">
    <ele>3834.8</ele>
    <time>2026-09-05T14:31:27Z</time>
    
   </trkpt>
   <trkpt lat="39.7154240" lon="-105.9113600">
    <ele>3835.4</ele>
    <time>2026-09-05T14:31:38Z</time>
    
   </trkpt>
   <trkpt lat="39.7154240" lon="-105.9113620">
    <ele>3835.4</ele>
    <time>2026-09-05T14:31:39Z</time>
    
   </trkpt>
   <trkpt lat="39.7154240" lon="-105.9113630">
    <ele>3835.4</ele>
    <time>2026-09-05T14:31:40Z</time>
    
   </trkpt>
   <trkpt lat="39.7154250" lon="-105.9113670">
    <ele>3835.4</ele>
    <time>2026-09-05T14:31:41Z</time>
    
   </trkpt>
   <trkpt lat="39.7154250" lon="-105.9113690">
    <ele>3835.4</ele>
    <time>2026-09-05T14:31:43Z</time>
    
   </trkpt>
   <trkpt lat="39.7154240" lon="-105.9113690">
    <ele>3835.2</ele>
    <time>2026-09-05T14:31:45Z</time>
    
   </trkpt>
   <trkpt lat="39.7154210" lon="-105.9113650">
    <ele>3835.2</ele>
    <time>2026-09-05T14:31:48Z</time>
    
   </trkpt>
   <trkpt lat="39.7154070" lon="-105.9113440">
    <ele>3834.6</ele>
    <time>2026-09-05T14:32:03Z</time>
    
   </trkpt>
   <trkpt lat="39.7154110" lon="-105.9113220">
    <ele>3834.4</ele>
    <time>2026-09-05T14:32:06Z</time>
    
   </trkpt>
   <trkpt lat="39.7154050" lon="-105.9112930">
    <ele>3834.4</ele>
    <time>2026-09-05T14:32:13Z</time>
    
   </trkpt>
   <trkpt lat="39.7154030" lon="-105.9112900">
    <ele>3834.6</ele>
    <time>2026-09-05T14:32:14Z</time>
    
   </trkpt>
   <trkpt lat="39.7154000" lon="-105.9112840">
    <ele>3835.2</ele>
    <time>2026-09-05T14:32:16Z</time>
    
   </trkpt>
   <trkpt lat="39.7154060" lon="-105.9112770">
    <ele>3836.2</ele>
    <time>2026-09-05T14:32:20Z</time>
    
   </trkpt>
   <trkpt lat="39.7154120" lon="-105.9112640">
    <ele>3837.2</ele>
    <time>2026-09-05T14:32:26Z</time>
    
   </trkpt>
   <trkpt lat="39.7154170" lon="-105.9112680">
    <ele>3837.4</ele>
    <time>2026-09-05T14:32:32Z</time>
    
   </trkpt>
   <trkpt lat="39.7154130" lon="-105.9112820">
    <ele>3838.4</ele>
    <time>2026-09-05T14:32:36Z</time>
    
   </trkpt>
   <trkpt lat="39.7154080" lon="-105.9112950">
    <ele>3838.4</ele>
    <time>2026-09-05T14:32:37Z</time>
    
   </trkpt>
   <trkpt lat="39.7153980" lon="-105.9113070">
    <ele>3839.0</ele>
    <time>2026-09-05T14:32:41Z</time>
    
   </trkpt>
   <trkpt lat="39.7154020" lon="-105.9112650">
    <ele>3839.6</ele>
    <time>2026-09-05T14:32:47Z</time>
    
   </trkpt>
   <trkpt lat="39.7154080" lon="-105.9112540">
    <ele>3839.8</ele>
    <time>2026-09-05T14:32:48Z</time>
    
   </trkpt>
   <trkpt lat="39.7154130" lon="-105.9112350">
    <ele>3840.0</ele>
    <time>2026-09-05T14:32:50Z</time>
    
   </trkpt>
   <trkpt lat="39.7154160" lon="-105.9111990">
    <ele>3840.6</ele>
    <time>2026-09-05T14:32:53Z</time>
    
   </trkpt>
   <trkpt lat="39.7154170" lon="-105.9111940">
    <ele>3840.8</ele>
    <time>2026-09-05T14:32:54Z</time>
    
   </trkpt>
   <trkpt lat="39.7154150" lon="-105.9111830">
    <ele>3841.4</ele>
    <time>2026-09-05T14:32:57Z</time>
    
   </trkpt>
   <trkpt lat="39.7154220" lon="-105.9111780">
    <ele>3841.6</ele>
    <time>2026-09-05T14:33:00Z</time>
    
   </trkpt>
   <trkpt lat="39.7154260" lon="-105.9111660">
    <ele>3842.8</ele>
    <time>2026-09-05T14:33:03Z</time>
    
   </trkpt>
   <trkpt lat="39.7154390" lon="-105.9111510">
    <ele>3844.2</ele>
    <time>2026-09-05T14:33:06Z</time>
    
   </trkpt>
   <trkpt lat="39.7154420" lon="-105.9111420">
    <ele>3844.6</ele>
    <time>2026-09-05T14:33:07Z</time>
    
   </trkpt>
   <trkpt lat="39.7154460" lon="-105.9111310">
    <ele>3845.2</ele>
    <time>2026-09-05T14:33:09Z</time>
    
   </trkpt>
   <trkpt lat="39.7154520" lon="-105.9111220">
    <ele>3846.4</ele>
    <time>2026-09-05T14:33:12Z</time>
    
   </trkpt>
   <trkpt lat="39.7154650" lon="-105.9111030">
    <ele>3847.0</ele>
    <time>2026-09-05T14:33:15Z</time>
    
   </trkpt>
   <trkpt lat="39.7154660" lon="-105.9110900">
    <ele>3847.4</ele>
    <time>2026-09-05T14:33:17Z</time>
    
   </trkpt>
   <trkpt lat="39.7154580" lon="-105.9110660">
    <ele>3847.8</ele>
    <time>2026-09-05T14:33:22Z</time>
    
   </trkpt>
   <trkpt lat="39.7154570" lon="-105.9110620">
    <ele>3848.6</ele>
    <time>2026-09-05T14:33:25Z</time>
    
   </trkpt>
   <trkpt lat="39.7154580" lon="-105.9110590">
    <ele>3849.0</ele>
    <time>2026-09-05T14:33:27Z</time>
    
   </trkpt>
   <trkpt lat="39.7154570" lon="-105.9110560">
    <ele>3849.6</ele>
    <time>2026-09-05T14:33:30Z</time>
    
   </trkpt>
   <trkpt lat="39.7154580" lon="-105.9110570">
    <ele>3849.8</ele>
    <time>2026-09-05T14:33:33Z</time>
    
   </trkpt>
   <trkpt lat="39.7154570" lon="-105.9110610">
    <ele>3850.0</ele>
    <time>2026-09-05T14:33:34Z</time>
    
   </trkpt>
   <trkpt lat="39.7154910" lon="-105.9110410">
    <ele>3850.8</ele>
    <time>2026-09-05T14:33:43Z</time>
    
   </trkpt>
   <trkpt lat="39.7154760" lon="-105.9110140">
    <ele>3851.2</ele>
    <time>2026-09-05T14:33:52Z</time>
    
   </trkpt>
   <trkpt lat="39.7154580" lon="-105.9109820">
    <ele>3851.0</ele>
    <time>2026-09-05T14:34:00Z</time>
    
   </trkpt>
   <trkpt lat="39.7154590" lon="-105.9109730">
    <ele>3851.2</ele>
    <time>2026-09-05T14:34:03Z</time>
    
   </trkpt>
   <trkpt lat="39.7154750" lon="-105.9109640">
    <ele>3851.8</ele>
    <time>2026-09-05T14:34:08Z</time>
    
   </trkpt>
   <trkpt lat="39.7154840" lon="-105.9109600">
    <ele>3852.6</ele>
    <time>2026-09-05T14:34:11Z</time>
    
   </trkpt>
   <trkpt lat="39.7154890" lon="-105.9109600">
    <ele>3853.0</ele>
    <time>2026-09-05T14:34:13Z</time>
    
   </trkpt>
   <trkpt lat="39.7155080" lon="-105.9109540">
    <ele>3853.8</ele>
    <time>2026-09-05T14:34:17Z</time>
    
   </trkpt>
   <trkpt lat="39.7155080" lon="-105.9109560">
    <ele>3854.0</ele>
    <time>2026-09-05T14:34:18Z</time>
    
   </trkpt>
   <trkpt lat="39.7155070" lon="-105.9109590">
    <ele>3854.2</ele>
    <time>2026-09-05T14:34:19Z</time>
    
   </trkpt>
   <trkpt lat="39.7154920" lon="-105.9109340">
    <ele>3855.0</ele>
    <time>2026-09-05T14:34:27Z</time>
    
   </trkpt>
   <trkpt lat="39.7154910" lon="-105.9109320">
    <ele>3855.0</ele>
    <time>2026-09-05T14:34:29Z</time>
    
   </trkpt>
   <trkpt lat="39.7154930" lon="-105.9109280">
    <ele>3855.0</ele>
    <time>2026-09-05T14:34:38Z</time>
    
   </trkpt>
   <trkpt lat="39.7154840" lon="-105.9109270">
    <ele>3855.2</ele>
    <time>2026-09-05T14:34:50Z</time>
    
   </trkpt>
   <trkpt lat="39.7154860" lon="-105.9109310">
    <ele>3855.0</ele>
    <time>2026-09-05T14:34:57Z</time>
    
   </trkpt>
   <trkpt lat="39.7154850" lon="-105.9109350">
    <ele>3854.8</ele>
    <time>2026-09-05T14:35:01Z</time>
    
   </trkpt>
   <trkpt lat="39.7154900" lon="-105.9109290">
    <ele>3855.2</ele>
    <time>2026-09-05T14:35:15Z</time>
    
   </trkpt>
   <trkpt lat="39.7154930" lon="-105.9109440">
    <ele>3855.0</ele>
    <time>2026-09-05T14:35:23Z</time>
    
   </trkpt>
   <trkpt lat="39.7154930" lon="-105.9109490">
    <ele>3855.2</ele>
    <time>2026-09-05T14:35:28Z</time>
    
   </trkpt>
   <trkpt lat="39.7154900" lon="-105.9109530">
    <ele>3854.8</ele>
    <time>2026-09-05T14:35:32Z</time>
    
   </trkpt>
   <trkpt lat="39.7154850" lon="-105.9109560">
    <ele>3854.4</ele>
    <time>2026-09-05T14:35:40Z</time>
    
   </trkpt>
   <trkpt lat="39.7154830" lon="-105.9109560">
    <ele>3854.0</ele>
    <time>2026-09-05T14:35:42Z</time>
    
   </trkpt>
   <trkpt lat="39.7154800" lon="-105.9109670">
    <ele>3853.2</ele>
    <time>2026-09-05T14:35:46Z</time>
    
   </trkpt>
   <trkpt lat="39.7154840" lon="-105.9109590">
    <ele>3852.8</ele>
    <time>2026-09-05T14:35:47Z</time>
    
   </trkpt>
   <trkpt lat="39.7154840" lon="-105.9109580">
    <ele>3852.4</ele>
    <time>2026-09-05T14:35:48Z</time>
    
   </trkpt>
   <trkpt lat="39.7154840" lon="-105.9109570">
    <ele>3852.2</ele>
    <time>2026-09-05T14:35:49Z</time>
    
   </trkpt>
   <trkpt lat="39.7154810" lon="-105.9109500">
    <ele>3851.8</ele>
    <time>2026-09-05T14:35:52Z</time>
    
   </trkpt>
   <trkpt lat="39.7154750" lon="-105.9109420">
    <ele>3851.4</ele>
    <time>2026-09-05T14:35:55Z</time>
    
   </trkpt>
   <trkpt lat="39.7154760" lon="-105.9109430">
    <ele>3851.0</ele>
    <time>2026-09-05T14:36:00Z</time>
    
   </trkpt>
   <trkpt lat="39.7154840" lon="-105.9109530">
    <ele>3850.8</ele>
    <time>2026-09-05T14:36:04Z</time>
    
   </trkpt>
   <trkpt lat="39.7154910" lon="-105.9109540">
    <ele>3850.6</ele>
    <time>2026-09-05T14:36:06Z</time>
    
   </trkpt>
   <trkpt lat="39.7154860" lon="-105.9109580">
    <ele>3850.2</ele>
    <time>2026-09-05T14:36:08Z</time>
    
   </trkpt>
   <trkpt lat="39.7154730" lon="-105.9109620">
    <ele>3849.6</ele>
    <time>2026-09-05T14:36:11Z</time>
    
   </trkpt>
   <trkpt lat="39.7154620" lon="-105.9109820">
    <ele>3849.0</ele>
    <time>2026-09-05T14:36:13Z</time>
    
   </trkpt>
   <trkpt lat="39.7154520" lon="-105.9110060">
    <ele>3848.6</ele>
    <time>2026-09-05T14:36:16Z</time>
    
   </trkpt>
   <trkpt lat="39.7154480" lon="-105.9110210">
    <ele>3848.4</ele>
    <time>2026-09-05T14:36:19Z</time>
    
   </trkpt>
   <trkpt lat="39.7154440" lon="-105.9110640">
    <ele>3847.8</ele>
    <time>2026-09-05T14:36:24Z</time>
    
   </trkpt>
   <trkpt lat="39.7154490" lon="-105.9110910">
    <ele>3847.6</ele>
    <time>2026-09-05T14:36:27Z</time>
    
   </trkpt>
   <trkpt lat="39.7154490" lon="-105.9110980">
    <ele>3847.4</ele>
    <time>2026-09-05T14:36:28Z</time>
    
   </trkpt>
   <trkpt lat="39.7154480" lon="-105.9111040">
    <ele>3847.4</ele>
    <time>2026-09-05T14:36:29Z</time>
    
   </trkpt>
   <trkpt lat="39.7154470" lon="-105.9111100">
    <ele>3847.4</ele>
    <time>2026-09-05T14:36:30Z</time>
    
   </trkpt>
   <trkpt lat="39.7154420" lon="-105.9111270">
    <ele>3846.4</ele>
    <time>2026-09-05T14:36:34Z</time>
    
   </trkpt>
   <trkpt lat="39.7154400" lon="-105.9111360">
    <ele>3846.0</ele>
    <time>2026-09-05T14:36:37Z</time>
    
   </trkpt>
   <trkpt lat="39.7154390" lon="-105.9111460">
    <ele>3845.6</ele>
    <time>2026-09-05T14:36:40Z</time>
    
   </trkpt>
   <trkpt lat="39.7154340" lon="-105.9111530">
    <ele>3845.2</ele>
    <time>2026-09-05T14:36:43Z</time>
    
   </trkpt>
   <trkpt lat="39.7154290" lon="-105.9111520">
    <ele>3844.4</ele>
    <time>2026-09-05T14:36:48Z</time>
    
   </trkpt>
   <trkpt lat="39.7154290" lon="-105.9111530">
    <ele>3844.0</ele>
    <time>2026-09-05T14:36:49Z</time>
    
   </trkpt>
   <trkpt lat="39.7154260" lon="-105.9111780">
    <ele>3843.2</ele>
    <time>2026-09-05T14:36:57Z</time>
    
   </trkpt>
   <trkpt lat="39.7154250" lon="-105.9111810">
    <ele>3843.0</ele>
    <time>2026-09-05T14:36:58Z</time>
    
   </trkpt>
   <trkpt lat="39.7154180" lon="-105.9111690">
    <ele>3842.2</ele>
    <time>2026-09-05T14:37:05Z</time>
    
   </trkpt>
   <trkpt lat="39.7154140" lon="-105.9111650">
    <ele>3842.0</ele>
    <time>2026-09-05T14:37:07Z</time>
    
   </trkpt>
   <trkpt lat="39.7154020" lon="-105.9111760">
    <ele>3841.4</ele>
    <time>2026-09-05T14:37:12Z</time>
    
   </trkpt>
   <trkpt lat="39.7153990" lon="-105.9111810">
    <ele>3841.2</ele>
    <time>2026-09-05T14:37:13Z</time>
    
   </trkpt>
   <trkpt lat="39.7153920" lon="-105.9111990">
    <ele>3841.0</ele>
    <time>2026-09-05T14:37:15Z</time>
    
   </trkpt>
   <trkpt lat="39.7153860" lon="-105.9112100">
    <ele>3840.8</ele>
    <time>2026-09-05T14:37:16Z</time>
    
   </trkpt>
   <trkpt lat="39.7153780" lon="-105.9112340">
    <ele>3840.6</ele>
    <time>2026-09-05T14:37:18Z</time>
    
   </trkpt>
   <trkpt lat="39.7153730" lon="-105.9112760">
    <ele>3840.4</ele>
    <time>2026-09-05T14:37:23Z</time>
    
   </trkpt>
   <trkpt lat="39.7153730" lon="-105.9112810">
    <ele>3840.2</ele>
    <time>2026-09-05T14:37:25Z</time>
    
   </trkpt>
   <trkpt lat="39.7153750" lon="-105.9112830">
    <ele>3839.8</ele>
    <time>2026-09-05T14:37:27Z</time>
    
   </trkpt>
   <trkpt lat="39.7153680" lon="-105.9112950">
    <ele>3839.4</ele>
    <time>2026-09-05T14:37:38Z</time>
    
   </trkpt>
   <trkpt lat="39.7153700" lon="-105.9112930">
    <ele>3839.6</ele>
    <time>2026-09-05T14:37:41Z</time>
    
   </trkpt>
   <trkpt lat="39.7153710" lon="-105.9112930">
    <ele>3839.6</ele>
    <time>2026-09-05T14:37:43Z</time>
    
   </trkpt>
   <trkpt lat="39.7153730" lon="-105.9112940">
    <ele>3839.8</ele>
    <time>2026-09-05T14:37:51Z</time>
    
   </trkpt>
   <trkpt lat="39.7153730" lon="-105.9112940">
    <ele>3839.8</ele>
    <time>2026-09-05T14:37:52Z</time>
    
   </trkpt>
   <trkpt lat="39.7153740" lon="-105.9112940">
    <ele>3839.8</ele>
    <time>2026-09-05T14:37:53Z</time>
    
   </trkpt>
   <trkpt lat="39.7153740" lon="-105.9112930">
    <ele>3839.8</ele>
    <time>2026-09-05T14:37:54Z</time>
    
   </trkpt>
   <trkpt lat="39.7153810" lon="-105.9113060">
    <ele>3839.2</ele>
    <time>2026-09-05T14:38:03Z</time>
    
   </trkpt>
   <trkpt lat="39.7153810" lon="-105.9113070">
    <ele>3838.8</ele>
    <time>2026-09-05T14:38:04Z</time>
    
   </trkpt>
   <trkpt lat="39.7153840" lon="-105.9113060">
    <ele>3838.4</ele>
    <time>2026-09-05T14:38:06Z</time>
    
   </trkpt>
   <trkpt lat="39.7153950" lon="-105.9113160">
    <ele>3838.0</ele>
    <time>2026-09-05T14:38:17Z</time>
    
   </trkpt>
   <trkpt lat="39.7153990" lon="-105.9113180">
    <ele>3837.8</ele>
    <time>2026-09-05T14:38:20Z</time>
    
   </trkpt>
   <trkpt lat="39.7154010" lon="-105.9113200">
    <ele>3837.8</ele>
    <time>2026-09-05T14:38:30Z</time>
    
   </trkpt>
   <trkpt lat="39.7154000" lon="-105.9113290">
    <ele>3836.6</ele>
    <time>2026-09-05T14:38:35Z</time>
    
   </trkpt>
   <trkpt lat="39.7154090" lon="-105.9113440">
    <ele>3835.6</ele>
    <time>2026-09-05T14:38:38Z</time>
    
   </trkpt>
   <trkpt lat="39.7154100" lon="-105.9113470">
    <ele>3835.4</ele>
    <time>2026-09-05T14:38:39Z</time>
    
   </trkpt>
   <trkpt lat="39.7154100" lon="-105.9113470">
    <ele>3835.4</ele>
    <time>2026-09-05T14:38:40Z</time>
    
   </trkpt>
   <trkpt lat="39.7154120" lon="-105.9113590">
    <ele>3835.2</ele>
    <time>2026-09-05T14:38:44Z</time>
    
   </trkpt>
   <trkpt lat="39.7154120" lon="-105.9113520">
    <ele>3835.0</ele>
    <time>2026-09-05T14:38:47Z</time>
    
   </trkpt>
   <trkpt lat="39.7154140" lon="-105.9113510">
    <ele>3834.6</ele>
    <time>2026-09-05T14:38:50Z</time>
    
   </trkpt>
   <trkpt lat="39.7154160" lon="-105.9113520">
    <ele>3834.4</ele>
    <time>2026-09-05T14:38:52Z</time>
    
   </trkpt>
   <trkpt lat="39.7154220" lon="-105.9113620">
    <ele>3835.0</ele>
    <time>2026-09-05T14:39:03Z</time>
    
   </trkpt>
   <trkpt lat="39.7154210" lon="-105.9113600">
    <ele>3835.2</ele>
    <time>2026-09-05T14:39:04Z</time>
    
   </trkpt>
   <trkpt lat="39.7154230" lon="-105.9113580">
    <ele>3835.4</ele>
    <time>2026-09-05T14:39:05Z</time>
    
   </trkpt>
   <trkpt lat="39.7154220" lon="-105.9113610">
    <ele>3835.6</ele>
    <time>2026-09-05T14:39:06Z</time>
    
   </trkpt>
   <trkpt lat="39.7154180" lon="-105.9113760">
    <ele>3835.2</ele>
    <time>2026-09-05T14:39:16Z</time>
    
   </trkpt>
   <trkpt lat="39.7154070" lon="-105.9113640">
    <ele>3834.8</ele>
    <time>2026-09-05T14:39:25Z</time>
    
   </trkpt>
   <trkpt lat="39.7154090" lon="-105.9113650">
    <ele>3834.8</ele>
    <time>2026-09-05T14:39:26Z</time>
    
   </trkpt>
   <trkpt lat="39.7154150" lon="-105.9113570">
    <ele>3834.6</ele>
    <time>2026-09-05T14:39:29Z</time>
    
   </trkpt>
   <trkpt lat="39.7154210" lon="-105.9113500">
    <ele>3834.4</ele>
    <time>2026-09-05T14:39:31Z</time>
    
   </trkpt>
   <trkpt lat="39.7154150" lon="-105.9113500">
    <ele>3834.4</ele>
    <time>2026-09-05T14:39:33Z</time>
    
   </trkpt>
   <trkpt lat="39.7154170" lon="-105.9113520">
    <ele>3834.2</ele>
    <time>2026-09-05T14:39:35Z</time>
    
   </trkpt>
   <trkpt lat="39.7154110" lon="-105.9113420">
    <ele>3835.0</ele>
    <time>2026-09-05T14:39:41Z</time>
    
   </trkpt>
   <trkpt lat="39.7154090" lon="-105.9113420">
    <ele>3835.0</ele>
    <time>2026-09-05T14:39:43Z</time>
    
   </trkpt>
   <trkpt lat="39.7154080" lon="-105.9113430">
    <ele>3834.8</ele>
    <time>2026-09-05T14:39:44Z</time>
    
   </trkpt>
   <trkpt lat="39.7153900" lon="-105.9113580">
    <ele>3834.4</ele>
    <time>2026-09-05T14:39:52Z</time>
    
   </trkpt>
   <trkpt lat="39.7153810" lon="-105.9113580">
    <ele>3834.2</ele>
    <time>2026-09-05T14:39:54Z</time>
    
   </trkpt>
   <trkpt lat="39.7153750" lon="-105.9113550">
    <ele>3834.2</ele>
    <time>2026-09-05T14:39:55Z</time>
    
   </trkpt>
   <trkpt lat="39.7153670" lon="-105.9113580">
    <ele>3834.0</ele>
    <time>2026-09-05T14:39:56Z</time>
    
   </trkpt>
   <trkpt lat="39.7153550" lon="-105.9113640">
    <ele>3834.0</ele>
    <time>2026-09-05T14:39:59Z</time>
    
   </trkpt>
   <trkpt lat="39.7153550" lon="-105.9113650">
    <ele>3834.0</ele>
    <time>2026-09-05T14:40:01Z</time>
    
   </trkpt>
   <trkpt lat="39.7153490" lon="-105.9113730">
    <ele>3834.0</ele>
    <time>2026-09-05T14:40:15Z</time>
    
   </trkpt>
   <trkpt lat="39.7153420" lon="-105.9113780">
    <ele>3833.6</ele>
    <time>2026-09-05T14:40:21Z</time>
    
   </trkpt>
   <trkpt lat="39.7153420" lon="-105.9113780">
    <ele>3833.4</ele>
    <time>2026-09-05T14:40:23Z</time>
    
   </trkpt>
   <trkpt lat="39.7153410" lon="-105.9113780">
    <ele>3833.4</ele>
    <time>2026-09-05T14:40:24Z</time>
    
   </trkpt>
   <trkpt lat="39.7153410" lon="-105.9113780">
    <ele>3833.4</ele>
    <time>2026-09-05T14:40:26Z</time>
    
   </trkpt>
   <trkpt lat="39.7153400" lon="-105.9113800">
    <ele>3833.2</ele>
    <time>2026-09-05T14:40:30Z</time>
    
   </trkpt>
   <trkpt lat="39.7153390" lon="-105.9113790">
    <ele>3833.6</ele>
    <time>2026-09-05T14:40:38Z</time>
    
   </trkpt>
   <trkpt lat="39.7153390" lon="-105.9113790">
    <ele>3833.6</ele>
    <time>2026-09-05T14:40:40Z</time>
    
   </trkpt>
   <trkpt lat="39.7153430" lon="-105.9113750">
    <ele>3833.6</ele>
    <time>2026-09-05T14:40:52Z</time>
    
   </trkpt>
   <trkpt lat="39.7153420" lon="-105.9113780">
    <ele>3833.6</ele>
    <time>2026-09-05T14:40:57Z</time>
    
   </trkpt>
   <trkpt lat="39.7153430" lon="-105.9113790">
    <ele>3833.6</ele>
    <time>2026-09-05T14:40:58Z</time>
    
   </trkpt>
   <trkpt lat="39.7153460" lon="-105.9113790">
    <ele>3833.6</ele>
    <time>2026-09-05T14:41:00Z</time>
    
   </trkpt>
   <trkpt lat="39.7153450" lon="-105.9113790">
    <ele>3833.6</ele>
    <time>2026-09-05T14:41:01Z</time>
    
   </trkpt>
   <trkpt lat="39.7153310" lon="-105.9114200">
    <ele>3833.6</ele>
    <time>2026-09-05T14:41:10Z</time>
    
   </trkpt>
   <trkpt lat="39.7153170" lon="-105.9114340">
    <ele>3833.6</ele>
    <time>2026-09-05T14:41:15Z</time>
    
   </trkpt>
   <trkpt lat="39.7153030" lon="-105.9114430">
    <ele>3833.6</ele>
    <time>2026-09-05T14:41:20Z</time>
    
   </trkpt>
   <trkpt lat="39.7152820" lon="-105.9114660">
    <ele>3833.6</ele>
    <time>2026-09-05T14:41:31Z</time>
    
   </trkpt>
   <trkpt lat="39.7152810" lon="-105.9114620">
    <ele>3829.0</ele>
    <time>2026-09-05T14:41:32Z</time>
    
   </trkpt>
   <trkpt lat="39.7152750" lon="-105.9114530">
    <ele>3828.0</ele>
    <time>2026-09-05T14:41:36Z</time>
    
   </trkpt>
   <trkpt lat="39.7152730" lon="-105.9114500">
    <ele>3827.2</ele>
    <time>2026-09-05T14:41:37Z</time>
    
   </trkpt>
   <trkpt lat="39.7152700" lon="-105.9114480">
    <ele>3827.6</ele>
    <time>2026-09-05T14:41:38Z</time>
    
   </trkpt>
   <trkpt lat="39.7152590" lon="-105.9114260">
    <ele>3827.2</ele>
    <time>2026-09-05T14:41:44Z</time>
    
   </trkpt>
   <trkpt lat="39.7152560" lon="-105.9114210">
    <ele>3827.2</ele>
    <time>2026-09-05T14:41:45Z</time>
    
   </trkpt>
   <trkpt lat="39.7152480" lon="-105.9114110">
    <ele>3826.0</ele>
    <time>2026-09-05T14:41:50Z</time>
    
   </trkpt>
   <trkpt lat="39.7152480" lon="-105.9114060">
    <ele>3826.2</ele>
    <time>2026-09-05T14:41:57Z</time>
    
   </trkpt>
   <trkpt lat="39.7152390" lon="-105.9113900">
    <ele>3825.4</ele>
    <time>2026-09-05T14:42:06Z</time>
    
   </trkpt>
   <trkpt lat="39.7152380" lon="-105.9113910">
    <ele>3825.2</ele>
    <time>2026-09-05T14:42:07Z</time>
    
   </trkpt>
   <trkpt lat="39.7152400" lon="-105.9113900">
    <ele>3824.8</ele>
    <time>2026-09-05T14:42:10Z</time>
    
   </trkpt>
   <trkpt lat="39.7152420" lon="-105.9113890">
    <ele>3825.0</ele>
    <time>2026-09-05T14:42:18Z</time>
    
   </trkpt>
   <trkpt lat="39.7152420" lon="-105.9113760">
    <ele>3824.8</ele>
    <time>2026-09-05T14:42:21Z</time>
    
   </trkpt>
   <trkpt lat="39.7152510" lon="-105.9113640">
    <ele>3823.8</ele>
    <time>2026-09-05T14:42:30Z</time>
    
   </trkpt>
   <trkpt lat="39.7152600" lon="-105.9113640">
    <ele>3823.8</ele>
    <time>2026-09-05T14:42:32Z</time>
    
   </trkpt>
   <trkpt lat="39.7152680" lon="-105.9113630">
    <ele>3822.8</ele>
    <time>2026-09-05T14:42:41Z</time>
    
   </trkpt>
   <trkpt lat="39.7152640" lon="-105.9113540">
    <ele>3822.6</ele>
    <time>2026-09-05T14:42:44Z</time>
    
   </trkpt>
   <trkpt lat="39.7152560" lon="-105.9113550">
    <ele>3822.4</ele>
    <time>2026-09-05T14:42:46Z</time>
    
   </trkpt>
   <trkpt lat="39.7152490" lon="-105.9113470">
    <ele>3822.2</ele>
    <time>2026-09-05T14:42:53Z</time>
    
   </trkpt>
   <trkpt lat="39.7152500" lon="-105.9113470">
    <ele>3821.8</ele>
    <time>2026-09-05T14:42:55Z</time>
    
   </trkpt>
   <trkpt lat="39.7152430" lon="-105.9113360">
    <ele>3821.2</ele>
    <time>2026-09-05T14:43:08Z</time>
    
   </trkpt>
   <trkpt lat="39.7152440" lon="-105.9113370">
    <ele>3821.0</ele>
    <time>2026-09-05T14:43:20Z</time>
    
   </trkpt>
   <trkpt lat="39.7152490" lon="-105.9113360">
    <ele>3821.0</ele>
    <time>2026-09-05T14:43:24Z</time>
    
   </trkpt>
   <trkpt lat="39.7152590" lon="-105.9113290">
    <ele>3820.6</ele>
    <time>2026-09-05T14:43:35Z</time>
    
   </trkpt>
   <trkpt lat="39.7152590" lon="-105.9112970">
    <ele>3819.8</ele>
    <time>2026-09-05T14:43:38Z</time>
    
   </trkpt>
   <trkpt lat="39.7152570" lon="-105.9112800">
    <ele>3819.8</ele>
    <time>2026-09-05T14:43:44Z</time>
    
   </trkpt>
   <trkpt lat="39.7152330" lon="-105.9112700">
    <ele>3819.6</ele>
    <time>2026-09-05T14:43:55Z</time>
    
   </trkpt>
   <trkpt lat="39.7152320" lon="-105.9112710">
    <ele>3819.2</ele>
    <time>2026-09-05T14:43:56Z</time>
    
   </trkpt>
   <trkpt lat="39.7152300" lon="-105.9112740">
    <ele>3818.8</ele>
    <time>2026-09-05T14:43:59Z</time>
    
   </trkpt>
   <trkpt lat="39.7152300" lon="-105.9112660">
    <ele>3818.8</ele>
    <time>2026-09-05T14:44:01Z</time>
    
   </trkpt>
   <trkpt lat="39.7152380" lon="-105.9112530">
    <ele>3818.8</ele>
    <time>2026-09-05T14:44:08Z</time>
    
   </trkpt>
   <trkpt lat="39.7152380" lon="-105.9112520">
    <ele>3818.8</ele>
    <time>2026-09-05T14:44:10Z</time>
    
   </trkpt>
   <trkpt lat="39.7152370" lon="-105.9112400">
    <ele>3818.4</ele>
    <time>2026-09-05T14:44:14Z</time>
    
   </trkpt>
   <trkpt lat="39.7152260" lon="-105.9112490">
    <ele>3818.0</ele>
    <time>2026-09-05T14:44:19Z</time>
    
   </trkpt>
   <trkpt lat="39.7152210" lon="-105.9112530">
    <ele>3817.4</ele>
    <time>2026-09-05T14:44:24Z</time>
    
   </trkpt>
   <trkpt lat="39.7152180" lon="-105.9112500">
    <ele>3816.8</ele>
    <time>2026-09-05T14:44:28Z</time>
    
   </trkpt>
   <trkpt lat="39.7152190" lon="-105.9112470">
    <ele>3816.6</ele>
    <time>2026-09-05T14:44:32Z</time>
    
   </trkpt>
   <trkpt lat="39.7152170" lon="-105.9112470">
    <ele>3816.6</ele>
    <time>2026-09-05T14:44:39Z</time>
    
   </trkpt>
   <trkpt lat="39.7152190" lon="-105.9112450">
    <ele>3816.8</ele>
    <time>2026-09-05T14:44:41Z</time>
    
   </trkpt>
   <trkpt lat="39.7152150" lon="-105.9112430">
    <ele>3816.6</ele>
    <time>2026-09-05T14:44:43Z</time>
    
   </trkpt>
   <trkpt lat="39.7152190" lon="-105.9112400">
    <ele>3816.4</ele>
    <time>2026-09-05T14:44:48Z</time>
    
   </trkpt>
   <trkpt lat="39.7152020" lon="-105.9112330">
    <ele>3815.6</ele>
    <time>2026-09-05T14:44:54Z</time>
    
   </trkpt>
   <trkpt lat="39.7152030" lon="-105.9112330">
    <ele>3815.2</ele>
    <time>2026-09-05T14:44:56Z</time>
    
   </trkpt>
   <trkpt lat="39.7151910" lon="-105.9112250">
    <ele>3814.2</ele>
    <time>2026-09-05T14:45:02Z</time>
    
   </trkpt>
   <trkpt lat="39.7151850" lon="-105.9112250">
    <ele>3813.8</ele>
    <time>2026-09-05T14:45:05Z</time>
    
   </trkpt>
   <trkpt lat="39.7151800" lon="-105.9112100">
    <ele>3813.0</ele>
    <time>2026-09-05T14:45:09Z</time>
    
   </trkpt>
   <trkpt lat="39.7151610" lon="-105.9112010">
    <ele>3812.2</ele>
    <time>2026-09-05T14:45:15Z</time>
    
   </trkpt>
   <trkpt lat="39.7151580" lon="-105.9112030">
    <ele>3811.8</ele>
    <time>2026-09-05T14:45:17Z</time>
    
   </trkpt>
   <trkpt lat="39.7151500" lon="-105.9111930">
    <ele>3811.4</ele>
    <time>2026-09-05T14:45:23Z</time>
    
   </trkpt>
   <trkpt lat="39.7151440" lon="-105.9112070">
    <ele>3811.0</ele>
    <time>2026-09-05T14:45:26Z</time>
    
   </trkpt>
   <trkpt lat="39.7151390" lon="-105.9112180">
    <ele>3810.8</ele>
    <time>2026-09-05T14:45:28Z</time>
    
   </trkpt>
   <trkpt lat="39.7151360" lon="-105.9112190">
    <ele>3810.6</ele>
    <time>2026-09-05T14:45:29Z</time>
    
   </trkpt>
   <trkpt lat="39.7151430" lon="-105.9111950">
    <ele>3809.2</ele>
    <time>2026-09-05T14:45:33Z</time>
    
   </trkpt>
   <trkpt lat="39.7151390" lon="-105.9111940">
    <ele>3809.0</ele>
    <time>2026-09-05T14:45:34Z</time>
    
   </trkpt>
   <trkpt lat="39.7151290" lon="-105.9111930">
    <ele>3808.6</ele>
    <time>2026-09-05T14:45:37Z</time>
    
   </trkpt>
   <trkpt lat="39.7151290" lon="-105.9111940">
    <ele>3808.2</ele>
    <time>2026-09-05T14:45:39Z</time>
    
   </trkpt>
   <trkpt lat="39.7151040" lon="-105.9111890">
    <ele>3808.0</ele>
    <time>2026-09-05T14:45:47Z</time>
    
   </trkpt>
   <trkpt lat="39.7150970" lon="-105.9111870">
    <ele>3807.8</ele>
    <time>2026-09-05T14:45:50Z</time>
    
   </trkpt>
   <trkpt lat="39.7150910" lon="-105.9111800">
    <ele>3807.2</ele>
    <time>2026-09-05T14:45:56Z</time>
    
   </trkpt>
   <trkpt lat="39.7150910" lon="-105.9111780">
    <ele>3807.2</ele>
    <time>2026-09-05T14:45:57Z</time>
    
   </trkpt>
   <trkpt lat="39.7150820" lon="-105.9111700">
    <ele>3806.4</ele>
    <time>2026-09-05T14:46:04Z</time>
    
   </trkpt>
   <trkpt lat="39.7150690" lon="-105.9111690">
    <ele>3806.2</ele>
    <time>2026-09-05T14:46:07Z</time>
    
   </trkpt>
   <trkpt lat="39.7150650" lon="-105.9111690">
    <ele>3805.8</ele>
    <time>2026-09-05T14:46:08Z</time>
    
   </trkpt>
   <trkpt lat="39.7150640" lon="-105.9111720">
    <ele>3805.4</ele>
    <time>2026-09-05T14:46:10Z</time>
    
   </trkpt>
   <trkpt lat="39.7150570" lon="-105.9111650">
    <ele>3804.6</ele>
    <time>2026-09-05T14:46:15Z</time>
    
   </trkpt>
   <trkpt lat="39.7150560" lon="-105.9111650">
    <ele>3804.4</ele>
    <time>2026-09-05T14:46:16Z</time>
    
   </trkpt>
   <trkpt lat="39.7150470" lon="-105.9111520">
    <ele>3803.6</ele>
    <time>2026-09-05T14:46:29Z</time>
    
   </trkpt>
   <trkpt lat="39.7150410" lon="-105.9111440">
    <ele>3802.6</ele>
    <time>2026-09-05T14:46:34Z</time>
    
   </trkpt>
   <trkpt lat="39.7150370" lon="-105.9111420">
    <ele>3802.6</ele>
    <time>2026-09-05T14:46:35Z</time>
    
   </trkpt>
   <trkpt lat="39.7150350" lon="-105.9111370">
    <ele>3802.0</ele>
    <time>2026-09-05T14:46:37Z</time>
    
   </trkpt>
   <trkpt lat="39.7150340" lon="-105.9111150">
    <ele>3801.4</ele>
    <time>2026-09-05T14:46:40Z</time>
    
   </trkpt>
   <trkpt lat="39.7150290" lon="-105.9111060">
    <ele>3801.0</ele>
    <time>2026-09-05T14:46:44Z</time>
    
   </trkpt>
   <trkpt lat="39.7150250" lon="-105.9111020">
    <ele>3800.8</ele>
    <time>2026-09-05T14:46:45Z</time>
    
   </trkpt>
   <trkpt lat="39.7150190" lon="-105.9110960">
    <ele>3800.2</ele>
    <time>2026-09-05T14:46:47Z</time>
    
   </trkpt>
   <trkpt lat="39.7150070" lon="-105.9111040">
    <ele>3799.0</ele>
    <time>2026-09-05T14:46:50Z</time>
    
   </trkpt>
   <trkpt lat="39.7150050" lon="-105.9110790">
    <ele>3798.6</ele>
    <time>2026-09-05T14:46:56Z</time>
    
   </trkpt>
   <trkpt lat="39.7150010" lon="-105.9110590">
    <ele>3798.0</ele>
    <time>2026-09-05T14:47:00Z</time>
    
   </trkpt>
   <trkpt lat="39.7150020" lon="-105.9110600">
    <ele>3797.8</ele>
    <time>2026-09-05T14:47:01Z</time>
    
   </trkpt>
   <trkpt lat="39.7150010" lon="-105.9110460">
    <ele>3797.4</ele>
    <time>2026-09-05T14:47:03Z</time>
    
   </trkpt>
   <trkpt lat="39.7149990" lon="-105.9110380">
    <ele>3797.0</ele>
    <time>2026-09-05T14:47:05Z</time>
    
   </trkpt>
   <trkpt lat="39.7149830" lon="-105.9110440">
    <ele>3796.8</ele>
    <time>2026-09-05T14:47:06Z</time>
    
   </trkpt>
   <trkpt lat="39.7149550" lon="-105.9110400">
    <ele>3796.0</ele>
    <time>2026-09-05T14:47:14Z</time>
    
   </trkpt>
   <trkpt lat="39.7149580" lon="-105.9110260">
    <ele>3795.8</ele>
    <time>2026-09-05T14:47:17Z</time>
    
   </trkpt>
   <trkpt lat="39.7149530" lon="-105.9110050">
    <ele>3795.8</ele>
    <time>2026-09-05T14:47:25Z</time>
    
   </trkpt>
   <trkpt lat="39.7149470" lon="-105.9110050">
    <ele>3795.6</ele>
    <time>2026-09-05T14:47:27Z</time>
    
   </trkpt>
   <trkpt lat="39.7149490" lon="-105.9109910">
    <ele>3794.8</ele>
    <time>2026-09-05T14:47:33Z</time>
    
   </trkpt>
   <trkpt lat="39.7149260" lon="-105.9109750">
    <ele>3793.6</ele>
    <time>2026-09-05T14:47:38Z</time>
    
   </trkpt>
   <trkpt lat="39.7149060" lon="-105.9109280">
    <ele>3792.6</ele>
    <time>2026-09-05T14:47:46Z</time>
    
   </trkpt>
   <trkpt lat="39.7149000" lon="-105.9109030">
    <ele>3792.2</ele>
    <time>2026-09-05T14:47:49Z</time>
    
   </trkpt>
   <trkpt lat="39.7148980" lon="-105.9108880">
    <ele>3792.0</ele>
    <time>2026-09-05T14:47:50Z</time>
    
   </trkpt>
   <trkpt lat="39.7149040" lon="-105.9108670">
    <ele>3792.4</ele>
    <time>2026-09-05T14:47:52Z</time>
    
   </trkpt>
   <trkpt lat="39.7149070" lon="-105.9108640">
    <ele>3792.6</ele>
    <time>2026-09-05T14:47:53Z</time>
    
   </trkpt>
   <trkpt lat="39.7149180" lon="-105.9108410">
    <ele>3793.4</ele>
    <time>2026-09-05T14:47:57Z</time>
    
   </trkpt>
   <trkpt lat="39.7149200" lon="-105.9108310">
    <ele>3793.8</ele>
    <time>2026-09-05T14:47:58Z</time>
    
   </trkpt>
   <trkpt lat="39.7149240" lon="-105.9108260">
    <ele>3794.2</ele>
    <time>2026-09-05T14:47:59Z</time>
    
   </trkpt>
   <trkpt lat="39.7149280" lon="-105.9108200">
    <ele>3794.6</ele>
    <time>2026-09-05T14:48:00Z</time>
    
   </trkpt>
   <trkpt lat="39.7149360" lon="-105.9108060">
    <ele>3795.2</ele>
    <time>2026-09-05T14:48:02Z</time>
    
   </trkpt>
   <trkpt lat="39.7149420" lon="-105.9107930">
    <ele>3795.6</ele>
    <time>2026-09-05T14:48:04Z</time>
    
   </trkpt>
   <trkpt lat="39.7149480" lon="-105.9107740">
    <ele>3796.2</ele>
    <time>2026-09-05T14:48:07Z</time>
    
   </trkpt>
   <trkpt lat="39.7149500" lon="-105.9107540">
    <ele>3796.4</ele>
    <time>2026-09-05T14:48:09Z</time>
    
   </trkpt>
   <trkpt lat="39.7149510" lon="-105.9107470">
    <ele>3796.6</ele>
    <time>2026-09-05T14:48:10Z</time>
    
   </trkpt>
   <trkpt lat="39.7149510" lon="-105.9107400">
    <ele>3796.6</ele>
    <time>2026-09-05T14:48:11Z</time>
    
   </trkpt>
   <trkpt lat="39.7149480" lon="-105.9107190">
    <ele>3796.6</ele>
    <time>2026-09-05T14:48:14Z</time>
    
   </trkpt>
   <trkpt lat="39.7149320" lon="-105.9106780">
    <ele>3796.8</ele>
    <time>2026-09-05T14:48:19Z</time>
    
   </trkpt>
   <trkpt lat="39.7149170" lon="-105.9106530">
    <ele>3796.8</ele>
    <time>2026-09-05T14:48:22Z</time>
    
   </trkpt>
   <trkpt lat="39.7149130" lon="-105.9106450">
    <ele>3796.8</ele>
    <time>2026-09-05T14:48:23Z</time>
    
   </trkpt>
   <trkpt lat="39.7149050" lon="-105.9106330">
    <ele>3796.8</ele>
    <time>2026-09-05T14:48:25Z</time>
    
   </trkpt>
   <trkpt lat="39.7148980" lon="-105.9106180">
    <ele>3796.8</ele>
    <time>2026-09-05T14:48:27Z</time>
    
   </trkpt>
   <trkpt lat="39.7148910" lon="-105.9105980">
    <ele>3796.6</ele>
    <time>2026-09-05T14:48:29Z</time>
    
   </trkpt>
   <trkpt lat="39.7148850" lon="-105.9105670">
    <ele>3796.4</ele>
    <time>2026-09-05T14:48:32Z</time>
    
   </trkpt>
   <trkpt lat="39.7148840" lon="-105.9105510">
    <ele>3796.4</ele>
    <time>2026-09-05T14:48:34Z</time>
    
   </trkpt>
   <trkpt lat="39.7148840" lon="-105.9105330">
    <ele>3797.0</ele>
    <time>2026-09-05T14:48:37Z</time>
    
   </trkpt>
   <trkpt lat="39.7148820" lon="-105.9105230">
    <ele>3797.2</ele>
    <time>2026-09-05T14:48:38Z</time>
    
   </trkpt>
   <trkpt lat="39.7148850" lon="-105.9105020">
    <ele>3798.4</ele>
    <time>2026-09-05T14:48:43Z</time>
    
   </trkpt>
   <trkpt lat="39.7148840" lon="-105.9104960">
    <ele>3798.6</ele>
    <time>2026-09-05T14:48:44Z</time>
    
   </trkpt>
   <trkpt lat="39.7148710" lon="-105.9104590">
    <ele>3799.6</ele>
    <time>2026-09-05T14:48:49Z</time>
    
   </trkpt>
   <trkpt lat="39.7148690" lon="-105.9104470">
    <ele>3799.8</ele>
    <time>2026-09-05T14:48:50Z</time>
    
   </trkpt>
   <trkpt lat="39.7148660" lon="-105.9104370">
    <ele>3800.0</ele>
    <time>2026-09-05T14:48:51Z</time>
    
   </trkpt>
   <trkpt lat="39.7148620" lon="-105.9104260">
    <ele>3800.2</ele>
    <time>2026-09-05T14:48:52Z</time>
    
   </trkpt>
   <trkpt lat="39.7148610" lon="-105.9104140">
    <ele>3800.2</ele>
    <time>2026-09-05T14:48:53Z</time>
    
   </trkpt>
   <trkpt lat="39.7148560" lon="-105.9103940">
    <ele>3800.6</ele>
    <time>2026-09-05T14:48:55Z</time>
    
   </trkpt>
   <trkpt lat="39.7148520" lon="-105.9103830">
    <ele>3800.8</ele>
    <time>2026-09-05T14:48:56Z</time>
    
   </trkpt>
   <trkpt lat="39.7148490" lon="-105.9103730">
    <ele>3800.8</ele>
    <time>2026-09-05T14:48:57Z</time>
    
   </trkpt>
   <trkpt lat="39.7148420" lon="-105.9103570">
    <ele>3801.0</ele>
    <time>2026-09-05T14:48:59Z</time>
    
   </trkpt>
   <trkpt lat="39.7148400" lon="-105.9103550">
    <ele>3801.0</ele>
    <time>2026-09-05T14:49:00Z</time>
    
   </trkpt>
   <trkpt lat="39.7148440" lon="-105.9103450">
    <ele>3801.2</ele>
    <time>2026-09-05T14:49:04Z</time>
    
   </trkpt>
   <trkpt lat="39.7148450" lon="-105.9103380">
    <ele>3801.0</ele>
    <time>2026-09-05T14:49:06Z</time>
    
   </trkpt>
   <trkpt lat="39.7148410" lon="-105.9103310">
    <ele>3800.2</ele>
    <time>2026-09-05T14:49:14Z</time>
    
   </trkpt>
   <trkpt lat="39.7148410" lon="-105.9103310">
    <ele>3800.0</ele>
    <time>2026-09-05T14:49:16Z</time>
    
   </trkpt>
   <trkpt lat="39.7148410" lon="-105.9103320">
    <ele>3800.6</ele>
    <time>2026-09-05T14:49:22Z</time>
    
   </trkpt>
   <trkpt lat="39.7148480" lon="-105.9103320">
    <ele>3801.0</ele>
    <time>2026-09-05T14:49:27Z</time>
    
   </trkpt>
   <trkpt lat="39.7148530" lon="-105.9103310">
    <ele>3801.4</ele>
    <time>2026-09-05T14:49:32Z</time>
    
   </trkpt>
   <trkpt lat="39.7148530" lon="-105.9103300">
    <ele>3801.4</ele>
    <time>2026-09-05T14:49:33Z</time>
    
   </trkpt>
   <trkpt lat="39.7148470" lon="-105.9103170">
    <ele>3800.8</ele>
    <time>2026-09-05T14:49:44Z</time>
    
   </trkpt>
   <trkpt lat="39.7148490" lon="-105.9103140">
    <ele>3800.0</ele>
    <time>2026-09-05T14:50:00Z</time>
    
   </trkpt>
   <trkpt lat="39.7148470" lon="-105.9103150">
    <ele>3801.8</ele>
    <time>2026-09-05T14:50:06Z</time>
    
   </trkpt>
   <trkpt lat="39.7148460" lon="-105.9103140">
    <ele>3802.0</ele>
    <time>2026-09-05T14:50:08Z</time>
    
   </trkpt>
   <trkpt lat="39.7148480" lon="-105.9103150">
    <ele>3802.2</ele>
    <time>2026-09-05T14:50:11Z</time>
    
   </trkpt>
   <trkpt lat="39.7148460" lon="-105.9103170">
    <ele>3801.0</ele>
    <time>2026-09-05T14:50:15Z</time>
    
   </trkpt>
   <trkpt lat="39.7148440" lon="-105.9103210">
    <ele>3800.8</ele>
    <time>2026-09-05T14:50:17Z</time>
    
   </trkpt>
   <trkpt lat="39.7148420" lon="-105.9103220">
    <ele>3800.6</ele>
    <time>2026-09-05T14:50:18Z</time>
    
   </trkpt>
   <trkpt lat="39.7148420" lon="-105.9103230">
    <ele>3800.8</ele>
    <time>2026-09-05T14:50:23Z</time>
    
   </trkpt>
   <trkpt lat="39.7148370" lon="-105.9103250">
    <ele>3800.8</ele>
    <time>2026-09-05T14:50:28Z</time>
    
   </trkpt>
   <trkpt lat="39.7148220" lon="-105.9103440">
    <ele>3800.4</ele>
    <time>2026-09-05T14:50:36Z</time>
    
   </trkpt>
   <trkpt lat="39.7148190" lon="-105.9103490">
    <ele>3800.2</ele>
    <time>2026-09-05T14:50:39Z</time>
    
   </trkpt>
   <trkpt lat="39.7148180" lon="-105.9103520">
    <ele>3800.2</ele>
    <time>2026-09-05T14:50:50Z</time>
    
   </trkpt>
   <trkpt lat="39.7148170" lon="-105.9103520">
    <ele>3800.2</ele>
    <time>2026-09-05T14:50:51Z</time>
    
   </trkpt>
   <trkpt lat="39.7148130" lon="-105.9103550">
    <ele>3800.2</ele>
    <time>2026-09-05T14:50:53Z</time>
    
   </trkpt>
   <trkpt lat="39.7148090" lon="-105.9103570">
    <ele>3800.2</ele>
    <time>2026-09-05T14:50:54Z</time>
    
   </trkpt>
   <trkpt lat="39.7147730" lon="-105.9103350">
    <ele>3800.0</ele>
    <time>2026-09-05T14:50:59Z</time>
    
   </trkpt>
   <trkpt lat="39.7147640" lon="-105.9103290">
    <ele>3799.8</ele>
    <time>2026-09-05T14:51:00Z</time>
    
   </trkpt>
   <trkpt lat="39.7147400" lon="-105.9103140">
    <ele>3799.6</ele>
    <time>2026-09-05T14:51:03Z</time>
    
   </trkpt>
   <trkpt lat="39.7146980" lon="-105.9102550">
    <ele>3798.8</ele>
    <time>2026-09-05T14:51:11Z</time>
    
   </trkpt>
   <trkpt lat="39.7146970" lon="-105.9102520">
    <ele>3798.8</ele>
    <time>2026-09-05T14:51:13Z</time>
    
   </trkpt>
   <trkpt lat="39.7146920" lon="-105.9102450">
    <ele>3799.0</ele>
    <time>2026-09-05T14:51:16Z</time>
    
   </trkpt>
   <trkpt lat="39.7146900" lon="-105.9102430">
    <ele>3799.0</ele>
    <time>2026-09-05T14:51:21Z</time>
    
   </trkpt>
   <trkpt lat="39.7146910" lon="-105.9102430">
    <ele>3799.0</ele>
    <time>2026-09-05T14:51:22Z</time>
    
   </trkpt>
   <trkpt lat="39.7146910" lon="-105.9102430">
    <ele>3799.0</ele>
    <time>2026-09-05T14:51:23Z</time>
    
   </trkpt>
   <trkpt lat="39.7146930" lon="-105.9102370">
    <ele>3798.8</ele>
    <time>2026-09-05T14:51:42Z</time>
    
   </trkpt>
   <trkpt lat="39.7146950" lon="-105.9102360">
    <ele>3799.0</ele>
    <time>2026-09-05T14:51:46Z</time>
    
   </trkpt>
   <trkpt lat="39.7146940" lon="-105.9102390">
    <ele>3799.2</ele>
    <time>2026-09-05T14:51:58Z</time>
    
   </trkpt>
   <trkpt lat="39.7146940" lon="-105.9102390">
    <ele>3799.2</ele>
    <time>2026-09-05T14:51:59Z</time>
    
   </trkpt>
   <trkpt lat="39.7146940" lon="-105.9102390">
    <ele>3799.2</ele>
    <time>2026-09-05T14:52:01Z</time>
    
   </trkpt>
   <trkpt lat="39.7146940" lon="-105.9102400">
    <ele>3799.2</ele>
    <time>2026-09-05T14:52:02Z</time>
    
   </trkpt>
   <trkpt lat="39.7146940" lon="-105.9102410">
    <ele>3799.2</ele>
    <time>2026-09-05T14:52:04Z</time>
    
   </trkpt>
   <trkpt lat="39.7146980" lon="-105.9102360">
    <ele>3799.4</ele>
    <time>2026-09-05T14:52:12Z</time>
    
   </trkpt>
   <trkpt lat="39.7146990" lon="-105.9102340">
    <ele>3799.4</ele>
    <time>2026-09-05T14:52:14Z</time>
    
   </trkpt>
   <trkpt lat="39.7146980" lon="-105.9102340">
    <ele>3799.4</ele>
    <time>2026-09-05T14:52:18Z</time>
    
   </trkpt>
   <trkpt lat="39.7146970" lon="-105.9102350">
    <ele>3799.6</ele>
    <time>2026-09-05T14:52:22Z</time>
    
   </trkpt>
   <trkpt lat="39.7146970" lon="-105.9102350">
    <ele>3798.6</ele>
    <time>2026-09-05T14:52:24Z</time>
    
   </trkpt>
   <trkpt lat="39.7146900" lon="-105.9102290">
    <ele>3798.6</ele>
    <time>2026-09-05T14:52:28Z</time>
    
   </trkpt>
   <trkpt lat="39.7146770" lon="-105.9102050">
    <ele>3798.6</ele>
    <time>2026-09-05T14:52:31Z</time>
    
   </trkpt>
   <trkpt lat="39.7146450" lon="-105.9101580">
    <ele>3798.6</ele>
    <time>2026-09-05T14:52:36Z</time>
    
   </trkpt>
   <trkpt lat="39.7146330" lon="-105.9101380">
    <ele>3798.6</ele>
    <time>2026-09-05T14:52:38Z</time>
    
   </trkpt>
   <trkpt lat="39.7146030" lon="-105.9101070">
    <ele>3799.8</ele>
    <time>2026-09-05T14:52:43Z</time>
    
   </trkpt>
   <trkpt lat="39.7145870" lon="-105.9100940">
    <ele>3800.0</ele>
    <time>2026-09-05T14:52:45Z</time>
    
   </trkpt>
   <trkpt lat="39.7145730" lon="-105.9100780">
    <ele>3800.2</ele>
    <time>2026-09-05T14:52:48Z</time>
    
   </trkpt>
   <trkpt lat="39.7145650" lon="-105.9100660">
    <ele>3800.2</ele>
    <time>2026-09-05T14:52:50Z</time>
    
   </trkpt>
   <trkpt lat="39.7145530" lon="-105.9100270">
    <ele>3800.4</ele>
    <time>2026-09-05T14:52:55Z</time>
    
   </trkpt>
   <trkpt lat="39.7145500" lon="-105.9100170">
    <ele>3800.4</ele>
    <time>2026-09-05T14:52:56Z</time>
    
   </trkpt>
   <trkpt lat="39.7145460" lon="-105.9100090">
    <ele>3800.4</ele>
    <time>2026-09-05T14:52:57Z</time>
    
   </trkpt>
   <trkpt lat="39.7145360" lon="-105.9099980">
    <ele>3800.6</ele>
    <time>2026-09-05T14:52:59Z</time>
    
   </trkpt>
   <trkpt lat="39.7145250" lon="-105.9099910">
    <ele>3800.6</ele>
    <time>2026-09-05T14:53:01Z</time>
    
   </trkpt>
   <trkpt lat="39.7145160" lon="-105.9099770">
    <ele>3800.4</ele>
    <time>2026-09-05T14:53:03Z</time>
    
   </trkpt>
   <trkpt lat="39.7144970" lon="-105.9099460">
    <ele>3800.0</ele>
    <time>2026-09-05T14:53:11Z</time>
    
   </trkpt>
   <trkpt lat="39.7144960" lon="-105.9099430">
    <ele>3800.2</ele>
    <time>2026-09-05T14:53:13Z</time>
    
   </trkpt>
   <trkpt lat="39.7144780" lon="-105.9099230">
    <ele>3799.8</ele>
    <time>2026-09-05T14:53:20Z</time>
    
   </trkpt>
   <trkpt lat="39.7144710" lon="-105.9099180">
    <ele>3799.8</ele>
    <time>2026-09-05T14:53:21Z</time>
    
   </trkpt>
   <trkpt lat="39.7144160" lon="-105.9098520">
    <ele>3799.0</ele>
    <time>2026-09-05T14:53:29Z</time>
    
   </trkpt>
   <trkpt lat="39.7144130" lon="-105.9098450">
    <ele>3799.0</ele>
    <time>2026-09-05T14:53:30Z</time>
    
   </trkpt>
   <trkpt lat="39.7143620" lon="-105.9097490">
    <ele>3799.6</ele>
    <time>2026-09-05T14:53:40Z</time>
    
   </trkpt>
   <trkpt lat="39.7143560" lon="-105.9097380">
    <ele>3799.6</ele>
    <time>2026-09-05T14:53:41Z</time>
    
   </trkpt>
   <trkpt lat="39.7143360" lon="-105.9097070">
    <ele>3799.2</ele>
    <time>2026-09-05T14:53:44Z</time>
    
   </trkpt>
   <trkpt lat="39.7143130" lon="-105.9096780">
    <ele>3798.6</ele>
    <time>2026-09-05T14:53:47Z</time>
    
   </trkpt>
   <trkpt lat="39.7142740" lon="-105.9096210">
    <ele>3798.2</ele>
    <time>2026-09-05T14:53:53Z</time>
    
   </trkpt>
   <trkpt lat="39.7142590" lon="-105.9095770">
    <ele>3798.2</ele>
    <time>2026-09-05T14:53:57Z</time>
    
   </trkpt>
   <trkpt lat="39.7142270" lon="-105.9095180">
    <ele>3798.2</ele>
    <time>2026-09-05T14:54:03Z</time>
    
   </trkpt>
   <trkpt lat="39.7141810" lon="-105.9094480">
    <ele>3797.4</ele>
    <time>2026-09-05T14:54:11Z</time>
    
   </trkpt>
   <trkpt lat="39.7141700" lon="-105.9094320">
    <ele>3797.0</ele>
    <time>2026-09-05T14:54:14Z</time>
    
   </trkpt>
   <trkpt lat="39.7141640" lon="-105.9094280">
    <ele>3796.8</ele>
    <time>2026-09-05T14:54:15Z</time>
    
   </trkpt>
   <trkpt lat="39.7141520" lon="-105.9094130">
    <ele>3796.4</ele>
    <time>2026-09-05T14:54:18Z</time>
    
   </trkpt>
   <trkpt lat="39.7141380" lon="-105.9093900">
    <ele>3795.4</ele>
    <time>2026-09-05T14:54:24Z</time>
    
   </trkpt>
   <trkpt lat="39.7141370" lon="-105.9093850">
    <ele>3795.2</ele>
    <time>2026-09-05T14:54:25Z</time>
    
   </trkpt>
   <trkpt lat="39.7141250" lon="-105.9093640">
    <ele>3794.0</ele>
    <time>2026-09-05T14:54:30Z</time>
    
   </trkpt>
   <trkpt lat="39.7141100" lon="-105.9093580">
    <ele>3793.2</ele>
    <time>2026-09-05T14:54:33Z</time>
    
   </trkpt>
   <trkpt lat="39.7141040" lon="-105.9093520">
    <ele>3793.0</ele>
    <time>2026-09-05T14:54:34Z</time>
    
   </trkpt>
   <trkpt lat="39.7140910" lon="-105.9093280">
    <ele>3791.8</ele>
    <time>2026-09-05T14:54:38Z</time>
    
   </trkpt>
   <trkpt lat="39.7140870" lon="-105.9093170">
    <ele>3791.2</ele>
    <time>2026-09-05T14:54:40Z</time>
    
   </trkpt>
   <trkpt lat="39.7140780" lon="-105.9093020">
    <ele>3790.6</ele>
    <time>2026-09-05T14:54:42Z</time>
    
   </trkpt>
   <trkpt lat="39.7140670" lon="-105.9091960">
    <ele>3789.8</ele>
    <time>2026-09-05T14:54:50Z</time>
    
   </trkpt>
   <trkpt lat="39.7140670" lon="-105.9091850">
    <ele>3789.6</ele>
    <time>2026-09-05T14:54:51Z</time>
    
   </trkpt>
   <trkpt lat="39.7140640" lon="-105.9091780">
    <ele>3789.4</ele>
    <time>2026-09-05T14:54:52Z</time>
    
   </trkpt>
   <trkpt lat="39.7140480" lon="-105.9091600">
    <ele>3788.6</ele>
    <time>2026-09-05T14:54:55Z</time>
    
   </trkpt>
   <trkpt lat="39.7140410" lon="-105.9091580">
    <ele>3788.4</ele>
    <time>2026-09-05T14:54:56Z</time>
    
   </trkpt>
   <trkpt lat="39.7140350" lon="-105.9091600">
    <ele>3788.2</ele>
    <time>2026-09-05T14:54:57Z</time>
    
   </trkpt>
   <trkpt lat="39.7140220" lon="-105.9091390">
    <ele>3787.4</ele>
    <time>2026-09-05T14:55:01Z</time>
    
   </trkpt>
   <trkpt lat="39.7140140" lon="-105.9091250">
    <ele>3786.4</ele>
    <time>2026-09-05T14:55:04Z</time>
    
   </trkpt>
   <trkpt lat="39.7140140" lon="-105.9091160">
    <ele>3786.0</ele>
    <time>2026-09-05T14:55:05Z</time>
    
   </trkpt>
   <trkpt lat="39.7140100" lon="-105.9090830">
    <ele>3785.0</ele>
    <time>2026-09-05T14:55:11Z</time>
    
   </trkpt>
   <trkpt lat="39.7140200" lon="-105.9090750">
    <ele>3784.6</ele>
    <time>2026-09-05T14:55:13Z</time>
    
   </trkpt>
   <trkpt lat="39.7140400" lon="-105.9090390">
    <ele>3783.8</ele>
    <time>2026-09-05T14:55:17Z</time>
    
   </trkpt>
   <trkpt lat="39.7140310" lon="-105.9090110">
    <ele>3783.0</ele>
    <time>2026-09-05T14:55:21Z</time>
    
   </trkpt>
   <trkpt lat="39.7140280" lon="-105.9090050">
    <ele>3782.6</ele>
    <time>2026-09-05T14:55:22Z</time>
    
   </trkpt>
   <trkpt lat="39.7140180" lon="-105.9089830">
    <ele>3781.6</ele>
    <time>2026-09-05T14:55:29Z</time>
    
   </trkpt>
   <trkpt lat="39.7140040" lon="-105.9089730">
    <ele>3781.0</ele>
    <time>2026-09-05T14:55:32Z</time>
    
   </trkpt>
   <trkpt lat="39.7139870" lon="-105.9089630">
    <ele>3780.6</ele>
    <time>2026-09-05T14:55:34Z</time>
    
   </trkpt>
   <trkpt lat="39.7139440" lon="-105.9089630">
    <ele>3779.4</ele>
    <time>2026-09-05T14:55:40Z</time>
    
   </trkpt>
   <trkpt lat="39.7139080" lon="-105.9089280">
    <ele>3778.4</ele>
    <time>2026-09-05T14:55:47Z</time>
    
   </trkpt>
   <trkpt lat="39.7138980" lon="-105.9089270">
    <ele>3777.8</ele>
    <time>2026-09-05T14:55:49Z</time>
    
   </trkpt>
   <trkpt lat="39.7138860" lon="-105.9089340">
    <ele>3777.4</ele>
    <time>2026-09-05T14:55:52Z</time>
    
   </trkpt>
   <trkpt lat="39.7138880" lon="-105.9089160">
    <ele>3776.2</ele>
    <time>2026-09-05T14:55:59Z</time>
    
   </trkpt>
   <trkpt lat="39.7138930" lon="-105.9088450">
    <ele>3775.2</ele>
    <time>2026-09-05T14:56:07Z</time>
    
   </trkpt>
   <trkpt lat="39.7138950" lon="-105.9088420">
    <ele>3775.0</ele>
    <time>2026-09-05T14:56:08Z</time>
    
   </trkpt>
   <trkpt lat="39.7138960" lon="-105.9088220">
    <ele>3774.4</ele>
    <time>2026-09-05T14:56:12Z</time>
    
   </trkpt>
   <trkpt lat="39.7138940" lon="-105.9088210">
    <ele>3774.2</ele>
    <time>2026-09-05T14:56:13Z</time>
    
   </trkpt>
   <trkpt lat="39.7138910" lon="-105.9088090">
    <ele>3773.4</ele>
    <time>2026-09-05T14:56:16Z</time>
    
   </trkpt>
   <trkpt lat="39.7138900" lon="-105.9088050">
    <ele>3773.0</ele>
    <time>2026-09-05T14:56:17Z</time>
    
   </trkpt>
   <trkpt lat="39.7138820" lon="-105.9087450">
    <ele>3772.0</ele>
    <time>2026-09-05T14:56:24Z</time>
    
   </trkpt>
   <trkpt lat="39.7138830" lon="-105.9087210">
    <ele>3771.6</ele>
    <time>2026-09-05T14:56:26Z</time>
    
   </trkpt>
   <trkpt lat="39.7138810" lon="-105.9086870">
    <ele>3771.0</ele>
    <time>2026-09-05T14:56:29Z</time>
    
   </trkpt>
   <trkpt lat="39.7138800" lon="-105.9086800">
    <ele>3770.8</ele>
    <time>2026-09-05T14:56:30Z</time>
    
   </trkpt>
   <trkpt lat="39.7138770" lon="-105.9086570">
    <ele>3769.8</ele>
    <time>2026-09-05T14:56:33Z</time>
    
   </trkpt>
   <trkpt lat="39.7138700" lon="-105.9086270">
    <ele>3769.2</ele>
    <time>2026-09-05T14:56:36Z</time>
    
   </trkpt>
   <trkpt lat="39.7138550" lon="-105.9085910">
    <ele>3768.6</ele>
    <time>2026-09-05T14:56:40Z</time>
    
   </trkpt>
   <trkpt lat="39.7138270" lon="-105.9085510">
    <ele>3768.2</ele>
    <time>2026-09-05T14:56:45Z</time>
    
   </trkpt>
   <trkpt lat="39.7138200" lon="-105.9085380">
    <ele>3767.8</ele>
    <time>2026-09-05T14:56:46Z</time>
    
   </trkpt>
   <trkpt lat="39.7138140" lon="-105.9085170">
    <ele>3767.6</ele>
    <time>2026-09-05T14:56:47Z</time>
    
   </trkpt>
   <trkpt lat="39.7138080" lon="-105.9084950">
    <ele>3767.0</ele>
    <time>2026-09-05T14:56:49Z</time>
    
   </trkpt>
   <trkpt lat="39.7138000" lon="-105.9084650">
    <ele>3766.4</ele>
    <time>2026-09-05T14:56:51Z</time>
    
   </trkpt>
   <trkpt lat="39.7137830" lon="-105.9083970">
    <ele>3765.2</ele>
    <time>2026-09-05T14:56:55Z</time>
    
   </trkpt>
   <trkpt lat="39.7137790" lon="-105.9083560">
    <ele>3764.4</ele>
    <time>2026-09-05T14:56:58Z</time>
    
   </trkpt>
   <trkpt lat="39.7137790" lon="-105.9083460">
    <ele>3764.0</ele>
    <time>2026-09-05T14:56:59Z</time>
    
   </trkpt>
   <trkpt lat="39.7137840" lon="-105.9083140">
    <ele>3762.8</ele>
    <time>2026-09-05T14:57:02Z</time>
    
   </trkpt>
   <trkpt lat="39.7137870" lon="-105.9082950">
    <ele>3762.4</ele>
    <time>2026-09-05T14:57:04Z</time>
    
   </trkpt>
   <trkpt lat="39.7137900" lon="-105.9082860">
    <ele>3762.2</ele>
    <time>2026-09-05T14:57:05Z</time>
    
   </trkpt>
   <trkpt lat="39.7137930" lon="-105.9082760">
    <ele>3762.0</ele>
    <time>2026-09-05T14:57:06Z</time>
    
   </trkpt>
   <trkpt lat="39.7137930" lon="-105.9082670">
    <ele>3761.8</ele>
    <time>2026-09-05T14:57:07Z</time>
    
   </trkpt>
   <trkpt lat="39.7137990" lon="-105.9082190">
    <ele>3760.6</ele>
    <time>2026-09-05T14:57:11Z</time>
    
   </trkpt>
   <trkpt lat="39.7137970" lon="-105.9081980">
    <ele>3759.6</ele>
    <time>2026-09-05T14:57:13Z</time>
    
   </trkpt>
   <trkpt lat="39.7137980" lon="-105.9081880">
    <ele>3759.2</ele>
    <time>2026-09-05T14:57:14Z</time>
    
   </trkpt>
   <trkpt lat="39.7137990" lon="-105.9081800">
    <ele>3759.0</ele>
    <time>2026-09-05T14:57:15Z</time>
    
   </trkpt>
   <trkpt lat="39.7138170" lon="-105.9081450">
    <ele>3758.4</ele>
    <time>2026-09-05T14:57:19Z</time>
    
   </trkpt>
   <trkpt lat="39.7138230" lon="-105.9081370">
    <ele>3758.2</ele>
    <time>2026-09-05T14:57:20Z</time>
    
   </trkpt>
   <trkpt lat="39.7138390" lon="-105.9081170">
    <ele>3757.8</ele>
    <time>2026-09-05T14:57:23Z</time>
    
   </trkpt>
   <trkpt lat="39.7138570" lon="-105.9081030">
    <ele>3757.6</ele>
    <time>2026-09-05T14:57:25Z</time>
    
   </trkpt>
   <trkpt lat="39.7138740" lon="-105.9080850">
    <ele>3757.2</ele>
    <time>2026-09-05T14:57:27Z</time>
    
   </trkpt>
   <trkpt lat="39.7138940" lon="-105.9080530">
    <ele>3756.4</ele>
    <time>2026-09-05T14:57:31Z</time>
    
   </trkpt>
   <trkpt lat="39.7138960" lon="-105.9080420">
    <ele>3756.0</ele>
    <time>2026-09-05T14:57:32Z</time>
    
   </trkpt>
   <trkpt lat="39.7139120" lon="-105.9080080">
    <ele>3754.8</ele>
    <time>2026-09-05T14:57:37Z</time>
    
   </trkpt>
   <trkpt lat="39.7139280" lon="-105.9080010">
    <ele>3754.6</ele>
    <time>2026-09-05T14:57:39Z</time>
    
   </trkpt>
   <trkpt lat="39.7139520" lon="-105.9079640">
    <ele>3753.8</ele>
    <time>2026-09-05T14:57:42Z</time>
    
   </trkpt>
   <trkpt lat="39.7139520" lon="-105.9079640">
    <ele>3753.8</ele>
    <time>2026-09-05T14:57:43Z</time>
    
   </trkpt>
   <trkpt lat="39.7139710" lon="-105.9079080">
    <ele>3752.6</ele>
    <time>2026-09-05T14:57:48Z</time>
    
   </trkpt>
   <trkpt lat="39.7139770" lon="-105.9078730">
    <ele>3752.0</ele>
    <time>2026-09-05T14:57:51Z</time>
    
   </trkpt>
   <trkpt lat="39.7139820" lon="-105.9078520">
    <ele>3751.6</ele>
    <time>2026-09-05T14:57:53Z</time>
    
   </trkpt>
   <trkpt lat="39.7139900" lon="-105.9078130">
    <ele>3750.4</ele>
    <time>2026-09-05T14:57:57Z</time>
    
   </trkpt>
   <trkpt lat="39.7139970" lon="-105.9077660">
    <ele>3749.2</ele>
    <time>2026-09-05T14:58:02Z</time>
    
   </trkpt>
   <trkpt lat="39.7140120" lon="-105.9077370">
    <ele>3748.6</ele>
    <time>2026-09-05T14:58:05Z</time>
    
   </trkpt>
   <trkpt lat="39.7140270" lon="-105.9077070">
    <ele>3748.2</ele>
    <time>2026-09-05T14:58:08Z</time>
    
   </trkpt>
   <trkpt lat="39.7140290" lon="-105.9076780">
    <ele>3747.4</ele>
    <time>2026-09-05T14:58:11Z</time>
    
   </trkpt>
   <trkpt lat="39.7140340" lon="-105.9076480">
    <ele>3747.0</ele>
    <time>2026-09-05T14:58:14Z</time>
    
   </trkpt>
   <trkpt lat="39.7140300" lon="-105.9076350">
    <ele>3746.6</ele>
    <time>2026-09-05T14:58:16Z</time>
    
   </trkpt>
   <trkpt lat="39.7140280" lon="-105.9076190">
    <ele>3746.0</ele>
    <time>2026-09-05T14:58:18Z</time>
    
   </trkpt>
   <trkpt lat="39.7140300" lon="-105.9076100">
    <ele>3745.8</ele>
    <time>2026-09-05T14:58:19Z</time>
    
   </trkpt>
   <trkpt lat="39.7140320" lon="-105.9075850">
    <ele>3745.0</ele>
    <time>2026-09-05T14:58:22Z</time>
    
   </trkpt>
   <trkpt lat="39.7140280" lon="-105.9075550">
    <ele>3743.8</ele>
    <time>2026-09-05T14:58:26Z</time>
    
   </trkpt>
   <trkpt lat="39.7140290" lon="-105.9075260">
    <ele>3742.6</ele>
    <time>2026-09-05T14:58:30Z</time>
    
   </trkpt>
   <trkpt lat="39.7140320" lon="-105.9075190">
    <ele>3742.2</ele>
    <time>2026-09-05T14:58:31Z</time>
    
   </trkpt>
   <trkpt lat="39.7140350" lon="-105.9075100">
    <ele>3741.6</ele>
    <time>2026-09-05T14:58:32Z</time>
    
   </trkpt>
   <trkpt lat="39.7140360" lon="-105.9074730">
    <ele>3740.4</ele>
    <time>2026-09-05T14:58:36Z</time>
    
   </trkpt>
   <trkpt lat="39.7140470" lon="-105.9074460">
    <ele>3739.8</ele>
    <time>2026-09-05T14:58:39Z</time>
    
   </trkpt>
   <trkpt lat="39.7140540" lon="-105.9074300">
    <ele>3739.4</ele>
    <time>2026-09-05T14:58:41Z</time>
    
   </trkpt>
   <trkpt lat="39.7140610" lon="-105.9073890">
    <ele>3738.2</ele>
    <time>2026-09-05T14:58:46Z</time>
    
   </trkpt>
   <trkpt lat="39.7140680" lon="-105.9073640">
    <ele>3737.2</ele>
    <time>2026-09-05T14:58:49Z</time>
    
   </trkpt>
   <trkpt lat="39.7140760" lon="-105.9073320">
    <ele>3735.8</ele>
    <time>2026-09-05T14:58:53Z</time>
    
   </trkpt>
   <trkpt lat="39.7140980" lon="-105.9072960">
    <ele>3734.8</ele>
    <time>2026-09-05T14:58:57Z</time>
    
   </trkpt>
   <trkpt lat="39.7141040" lon="-105.9072730">
    <ele>3734.0</ele>
    <time>2026-09-05T14:59:00Z</time>
    
   </trkpt>
   <trkpt lat="39.7141050" lon="-105.9072670">
    <ele>3733.6</ele>
    <time>2026-09-05T14:59:01Z</time>
    
   </trkpt>
   <trkpt lat="39.7141250" lon="-105.9072450">
    <ele>3732.4</ele>
    <time>2026-09-05T14:59:05Z</time>
    
   </trkpt>
   <trkpt lat="39.7141240" lon="-105.9072180">
    <ele>3731.2</ele>
    <time>2026-09-05T14:59:09Z</time>
    
   </trkpt>
   <trkpt lat="39.7141260" lon="-105.9072100">
    <ele>3731.0</ele>
    <time>2026-09-05T14:59:10Z</time>
    
   </trkpt>
   <trkpt lat="39.7141350" lon="-105.9071800">
    <ele>3730.0</ele>
    <time>2026-09-05T14:59:14Z</time>
    
   </trkpt>
   <trkpt lat="39.7141420" lon="-105.9071520">
    <ele>3729.0</ele>
    <time>2026-09-05T14:59:18Z</time>
    
   </trkpt>
   <trkpt lat="39.7141570" lon="-105.9071200">
    <ele>3728.0</ele>
    <time>2026-09-05T14:59:22Z</time>
    
   </trkpt>
   <trkpt lat="39.7141570" lon="-105.9071110">
    <ele>3727.8</ele>
    <time>2026-09-05T14:59:23Z</time>
    
   </trkpt>
   <trkpt lat="39.7141520" lon="-105.9070870">
    <ele>3727.0</ele>
    <time>2026-09-05T14:59:27Z</time>
    
   </trkpt>
   <trkpt lat="39.7141600" lon="-105.9070350">
    <ele>3726.2</ele>
    <time>2026-09-05T14:59:32Z</time>
    
   </trkpt>
   <trkpt lat="39.7141710" lon="-105.9070030">
    <ele>3725.4</ele>
    <time>2026-09-05T14:59:35Z</time>
    
   </trkpt>
   <trkpt lat="39.7141740" lon="-105.9069720">
    <ele>3724.4</ele>
    <time>2026-09-05T14:59:38Z</time>
    
   </trkpt>
   <trkpt lat="39.7141790" lon="-105.9069210">
    <ele>3723.4</ele>
    <time>2026-09-05T14:59:44Z</time>
    
   </trkpt>
   <trkpt lat="39.7141810" lon="-105.9068980">
    <ele>3722.0</ele>
    <time>2026-09-05T14:59:49Z</time>
    
   </trkpt>
   <trkpt lat="39.7141810" lon="-105.9068920">
    <ele>3721.4</ele>
    <time>2026-09-05T14:59:51Z</time>
    
   </trkpt>
   <trkpt lat="39.7141800" lon="-105.9068910">
    <ele>3721.0</ele>
    <time>2026-09-05T14:59:55Z</time>
    
   </trkpt>
   <trkpt lat="39.7141820" lon="-105.9068850">
    <ele>3721.0</ele>
    <time>2026-09-05T14:59:57Z</time>
    
   </trkpt>
   <trkpt lat="39.7141830" lon="-105.9068650">
    <ele>3719.8</ele>
    <time>2026-09-05T15:00:01Z</time>
    
   </trkpt>
   <trkpt lat="39.7141800" lon="-105.9068610">
    <ele>3718.8</ele>
    <time>2026-09-05T15:00:05Z</time>
    
   </trkpt>
   <trkpt lat="39.7141720" lon="-105.9068610">
    <ele>3718.4</ele>
    <time>2026-09-05T15:00:09Z</time>
    
   </trkpt>
   <trkpt lat="39.7141730" lon="-105.9068640">
    <ele>3718.4</ele>
    <time>2026-09-05T15:00:12Z</time>
    
   </trkpt>
   <trkpt lat="39.7141740" lon="-105.9068680">
    <ele>3718.6</ele>
    <time>2026-09-05T15:00:14Z</time>
    
   </trkpt>
   <trkpt lat="39.7141640" lon="-105.9068490">
    <ele>3717.6</ele>
    <time>2026-09-05T15:00:22Z</time>
    
   </trkpt>
   <trkpt lat="39.7141560" lon="-105.9068430">
    <ele>3717.0</ele>
    <time>2026-09-05T15:00:25Z</time>
    
   </trkpt>
   <trkpt lat="39.7141480" lon="-105.9068350">
    <ele>3716.4</ele>
    <time>2026-09-05T15:00:27Z</time>
    
   </trkpt>
   <trkpt lat="39.7141460" lon="-105.9068240">
    <ele>3715.4</ele>
    <time>2026-09-05T15:00:31Z</time>
    
   </trkpt>
   <trkpt lat="39.7141610" lon="-105.9068030">
    <ele>3714.8</ele>
    <time>2026-09-05T15:00:35Z</time>
    
   </trkpt>
   <trkpt lat="39.7141890" lon="-105.9067970">
    <ele>3714.2</ele>
    <time>2026-09-05T15:00:39Z</time>
    
   </trkpt>
   <trkpt lat="39.7141990" lon="-105.9067760">
    <ele>3714.0</ele>
    <time>2026-09-05T15:00:44Z</time>
    
   </trkpt>
   <trkpt lat="39.7142100" lon="-105.9067550">
    <ele>3712.8</ele>
    <time>2026-09-05T15:00:47Z</time>
    
   </trkpt>
   <trkpt lat="39.7142060" lon="-105.9067320">
    <ele>3711.8</ele>
    <time>2026-09-05T15:00:51Z</time>
    
   </trkpt>
   <trkpt lat="39.7141990" lon="-105.9067210">
    <ele>3711.0</ele>
    <time>2026-09-05T15:00:54Z</time>
    
   </trkpt>
   <trkpt lat="39.7142010" lon="-105.9067050">
    <ele>3710.6</ele>
    <time>2026-09-05T15:00:56Z</time>
    
   </trkpt>
   <trkpt lat="39.7142060" lon="-105.9066830">
    <ele>3709.6</ele>
    <time>2026-09-05T15:01:00Z</time>
    
   </trkpt>
   <trkpt lat="39.7142050" lon="-105.9066800">
    <ele>3709.4</ele>
    <time>2026-09-05T15:01:01Z</time>
    
   </trkpt>
   <trkpt lat="39.7142010" lon="-105.9066690">
    <ele>3709.0</ele>
    <time>2026-09-05T15:01:03Z</time>
    
   </trkpt>
   <trkpt lat="39.7142100" lon="-105.9066380">
    <ele>3708.4</ele>
    <time>2026-09-05T15:01:07Z</time>
    
   </trkpt>
   <trkpt lat="39.7142220" lon="-105.9066150">
    <ele>3707.2</ele>
    <time>2026-09-05T15:01:11Z</time>
    
   </trkpt>
   <trkpt lat="39.7142210" lon="-105.9066110">
    <ele>3706.6</ele>
    <time>2026-09-05T15:01:12Z</time>
    
   </trkpt>
   <trkpt lat="39.7142300" lon="-105.9065950">
    <ele>3705.8</ele>
    <time>2026-09-05T15:01:14Z</time>
    
   </trkpt>
   <trkpt lat="39.7142310" lon="-105.9065710">
    <ele>3705.4</ele>
    <time>2026-09-05T15:01:16Z</time>
    
   </trkpt>
   <trkpt lat="39.7142370" lon="-105.9065490">
    <ele>3704.8</ele>
    <time>2026-09-05T15:01:19Z</time>
    
   </trkpt>
   <trkpt lat="39.7142380" lon="-105.9065410">
    <ele>3704.4</ele>
    <time>2026-09-05T15:01:20Z</time>
    
   </trkpt>
   <trkpt lat="39.7142450" lon="-105.9065240">
    <ele>3704.0</ele>
    <time>2026-09-05T15:01:22Z</time>
    
   </trkpt>
   <trkpt lat="39.7142400" lon="-105.9065110">
    <ele>3703.6</ele>
    <time>2026-09-05T15:01:24Z</time>
    
   </trkpt>
   <trkpt lat="39.7142280" lon="-105.9065050">
    <ele>3703.0</ele>
    <time>2026-09-05T15:01:28Z</time>
    
   </trkpt>
   <trkpt lat="39.7142250" lon="-105.9065010">
    <ele>3702.8</ele>
    <time>2026-09-05T15:01:29Z</time>
    
   </trkpt>
   <trkpt lat="39.7142250" lon="-105.9064940">
    <ele>3702.6</ele>
    <time>2026-09-05T15:01:30Z</time>
    
   </trkpt>
   <trkpt lat="39.7142310" lon="-105.9064600">
    <ele>3701.4</ele>
    <time>2026-09-05T15:01:35Z</time>
    
   </trkpt>
   <trkpt lat="39.7142270" lon="-105.9064420">
    <ele>3701.2</ele>
    <time>2026-09-05T15:01:38Z</time>
    
   </trkpt>
   <trkpt lat="39.7142240" lon="-105.9064180">
    <ele>3700.4</ele>
    <time>2026-09-05T15:01:42Z</time>
    
   </trkpt>
   <trkpt lat="39.7142200" lon="-105.9063980">
    <ele>3699.2</ele>
    <time>2026-09-05T15:01:47Z</time>
    
   </trkpt>
   <trkpt lat="39.7142130" lon="-105.9063880">
    <ele>3698.8</ele>
    <time>2026-09-05T15:01:49Z</time>
    
   </trkpt>
   <trkpt lat="39.7142110" lon="-105.9063670">
    <ele>3698.0</ele>
    <time>2026-09-05T15:01:52Z</time>
    
   </trkpt>
   <trkpt lat="39.7142190" lon="-105.9063470">
    <ele>3696.8</ele>
    <time>2026-09-05T15:01:55Z</time>
    
   </trkpt>
   <trkpt lat="39.7142330" lon="-105.9063100">
    <ele>3695.8</ele>
    <time>2026-09-05T15:02:00Z</time>
    
   </trkpt>
   <trkpt lat="39.7142440" lon="-105.9062860">
    <ele>3694.4</ele>
    <time>2026-09-05T15:02:04Z</time>
    
   </trkpt>
   <trkpt lat="39.7142350" lon="-105.9062700">
    <ele>3693.2</ele>
    <time>2026-09-05T15:02:08Z</time>
    
   </trkpt>
   <trkpt lat="39.7142310" lon="-105.9062640">
    <ele>3692.6</ele>
    <time>2026-09-05T15:02:10Z</time>
    
   </trkpt>
   <trkpt lat="39.7142240" lon="-105.9062360">
    <ele>3692.2</ele>
    <time>2026-09-05T15:02:14Z</time>
    
   </trkpt>
   <trkpt lat="39.7142120" lon="-105.9062070">
    <ele>3691.2</ele>
    <time>2026-09-05T15:02:19Z</time>
    
   </trkpt>
   <trkpt lat="39.7142000" lon="-105.9061810">
    <ele>3689.8</ele>
    <time>2026-09-05T15:02:24Z</time>
    
   </trkpt>
   <trkpt lat="39.7141980" lon="-105.9061750">
    <ele>3689.6</ele>
    <time>2026-09-05T15:02:25Z</time>
    
   </trkpt>
   <trkpt lat="39.7141950" lon="-105.9061660">
    <ele>3688.8</ele>
    <time>2026-09-05T15:02:27Z</time>
    
   </trkpt>
   <trkpt lat="39.7142000" lon="-105.9061470">
    <ele>3688.0</ele>
    <time>2026-09-05T15:02:30Z</time>
    
   </trkpt>
   <trkpt lat="39.7141930" lon="-105.9061460">
    <ele>3687.8</ele>
    <time>2026-09-05T15:02:31Z</time>
    
   </trkpt>
   <trkpt lat="39.7142100" lon="-105.9061330">
    <ele>3686.4</ele>
    <time>2026-09-05T15:02:37Z</time>
    
   </trkpt>
   <trkpt lat="39.7142160" lon="-105.9061210">
    <ele>3685.4</ele>
    <time>2026-09-05T15:02:40Z</time>
    
   </trkpt>
   <trkpt lat="39.7142260" lon="-105.9061070">
    <ele>3684.2</ele>
    <time>2026-09-05T15:02:43Z</time>
    
   </trkpt>
   <trkpt lat="39.7142510" lon="-105.9060860">
    <ele>3683.0</ele>
    <time>2026-09-05T15:02:47Z</time>
    
   </trkpt>
   <trkpt lat="39.7142600" lon="-105.9060600">
    <ele>3682.2</ele>
    <time>2026-09-05T15:02:50Z</time>
    
   </trkpt>
   <trkpt lat="39.7142640" lon="-105.9060540">
    <ele>3681.8</ele>
    <time>2026-09-05T15:02:51Z</time>
    
   </trkpt>
   <trkpt lat="39.7142730" lon="-105.9060350">
    <ele>3680.4</ele>
    <time>2026-09-05T15:02:55Z</time>
    
   </trkpt>
   <trkpt lat="39.7142610" lon="-105.9060120">
    <ele>3679.4</ele>
    <time>2026-09-05T15:02:59Z</time>
    
   </trkpt>
   <trkpt lat="39.7142500" lon="-105.9059890">
    <ele>3678.0</ele>
    <time>2026-09-05T15:03:04Z</time>
    
   </trkpt>
   <trkpt lat="39.7142690" lon="-105.9059480">
    <ele>3676.8</ele>
    <time>2026-09-05T15:03:08Z</time>
    
   </trkpt>
   <trkpt lat="39.7142870" lon="-105.9058920">
    <ele>3675.6</ele>
    <time>2026-09-05T15:03:13Z</time>
    
   </trkpt>
   <trkpt lat="39.7142960" lon="-105.9058450">
    <ele>3674.4</ele>
    <time>2026-09-05T15:03:17Z</time>
    
   </trkpt>
   <trkpt lat="39.7142960" lon="-105.9058380">
    <ele>3674.2</ele>
    <time>2026-09-05T15:03:18Z</time>
    
   </trkpt>
   <trkpt lat="39.7143010" lon="-105.9058160">
    <ele>3673.0</ele>
    <time>2026-09-05T15:03:21Z</time>
    
   </trkpt>
   <trkpt lat="39.7143160" lon="-105.9057850">
    <ele>3672.0</ele>
    <time>2026-09-05T15:03:25Z</time>
    
   </trkpt>
   <trkpt lat="39.7143350" lon="-105.9057590">
    <ele>3670.8</ele>
    <time>2026-09-05T15:03:30Z</time>
    
   </trkpt>
   <trkpt lat="39.7143390" lon="-105.9057550">
    <ele>3670.4</ele>
    <time>2026-09-05T15:03:31Z</time>
    
   </trkpt>
   <trkpt lat="39.7143450" lon="-105.9057450">
    <ele>3669.6</ele>
    <time>2026-09-05T15:03:34Z</time>
    
   </trkpt>
   <trkpt lat="39.7143620" lon="-105.9057260">
    <ele>3668.4</ele>
    <time>2026-09-05T15:03:38Z</time>
    
   </trkpt>
   <trkpt lat="39.7143630" lon="-105.9057020">
    <ele>3667.2</ele>
    <time>2026-09-05T15:03:42Z</time>
    
   </trkpt>
   <trkpt lat="39.7143500" lon="-105.9056830">
    <ele>3666.2</ele>
    <time>2026-09-05T15:03:45Z</time>
    
   </trkpt>
   <trkpt lat="39.7143640" lon="-105.9056390">
    <ele>3665.2</ele>
    <time>2026-09-05T15:03:50Z</time>
    
   </trkpt>
   <trkpt lat="39.7143640" lon="-105.9056310">
    <ele>3664.6</ele>
    <time>2026-09-05T15:03:51Z</time>
    
   </trkpt>
   <trkpt lat="39.7143590" lon="-105.9056130">
    <ele>3663.6</ele>
    <time>2026-09-05T15:03:53Z</time>
    
   </trkpt>
   <trkpt lat="39.7143520" lon="-105.9055650">
    <ele>3662.6</ele>
    <time>2026-09-05T15:03:58Z</time>
    
   </trkpt>
   <trkpt lat="39.7143480" lon="-105.9055490">
    <ele>3661.8</ele>
    <time>2026-09-05T15:04:00Z</time>
    
   </trkpt>
   <trkpt lat="39.7143470" lon="-105.9055410">
    <ele>3661.4</ele>
    <time>2026-09-05T15:04:01Z</time>
    
   </trkpt>
   <trkpt lat="39.7143410" lon="-105.9055120">
    <ele>3660.4</ele>
    <time>2026-09-05T15:04:04Z</time>
    
   </trkpt>
   <trkpt lat="39.7143260" lon="-105.9054810">
    <ele>3659.2</ele>
    <time>2026-09-05T15:04:08Z</time>
    
   </trkpt>
   <trkpt lat="39.7143060" lon="-105.9054590">
    <ele>3658.6</ele>
    <time>2026-09-05T15:04:11Z</time>
    
   </trkpt>
   <trkpt lat="39.7142910" lon="-105.9054500">
    <ele>3658.0</ele>
    <time>2026-09-05T15:04:13Z</time>
    
   </trkpt>
   <trkpt lat="39.7142740" lon="-105.9054310">
    <ele>3657.0</ele>
    <time>2026-09-05T15:04:16Z</time>
    
   </trkpt>
   <trkpt lat="39.7142530" lon="-105.9053990">
    <ele>3655.6</ele>
    <time>2026-09-05T15:04:20Z</time>
    
   </trkpt>
   <trkpt lat="39.7142480" lon="-105.9053880">
    <ele>3655.4</ele>
    <time>2026-09-05T15:04:21Z</time>
    
   </trkpt>
   <trkpt lat="39.7142350" lon="-105.9053580">
    <ele>3655.0</ele>
    <time>2026-09-05T15:04:24Z</time>
    
   </trkpt>
   <trkpt lat="39.7142310" lon="-105.9053340">
    <ele>3654.6</ele>
    <time>2026-09-05T15:04:26Z</time>
    
   </trkpt>
   <trkpt lat="39.7142200" lon="-105.9052880">
    <ele>3653.2</ele>
    <time>2026-09-05T15:04:30Z</time>
    
   </trkpt>
   <trkpt lat="39.7142200" lon="-105.9052560">
    <ele>3652.2</ele>
    <time>2026-09-05T15:04:33Z</time>
    
   </trkpt>
   <trkpt lat="39.7142180" lon="-105.9052370">
    <ele>3651.8</ele>
    <time>2026-09-05T15:04:35Z</time>
    
   </trkpt>
   <trkpt lat="39.7142090" lon="-105.9051910">
    <ele>3651.0</ele>
    <time>2026-09-05T15:04:39Z</time>
    
   </trkpt>
   <trkpt lat="39.7142060" lon="-105.9051520">
    <ele>3649.8</ele>
    <time>2026-09-05T15:04:43Z</time>
    
   </trkpt>
   <trkpt lat="39.7141940" lon="-105.9051240">
    <ele>3648.8</ele>
    <time>2026-09-05T15:04:46Z</time>
    
   </trkpt>
   <trkpt lat="39.7141860" lon="-105.9051190">
    <ele>3648.4</ele>
    <time>2026-09-05T15:04:47Z</time>
    
   </trkpt>
   <trkpt lat="39.7141580" lon="-105.9050950">
    <ele>3647.2</ele>
    <time>2026-09-05T15:04:51Z</time>
    
   </trkpt>
   <trkpt lat="39.7141540" lon="-105.9050710">
    <ele>3646.0</ele>
    <time>2026-09-05T15:04:54Z</time>
    
   </trkpt>
   <trkpt lat="39.7141540" lon="-105.9050590">
    <ele>3645.8</ele>
    <time>2026-09-05T15:04:55Z</time>
    
   </trkpt>
   <trkpt lat="39.7141610" lon="-105.9050160">
    <ele>3644.6</ele>
    <time>2026-09-05T15:04:58Z</time>
    
   </trkpt>
   <trkpt lat="39.7141830" lon="-105.9049650">
    <ele>3643.6</ele>
    <time>2026-09-05T15:05:02Z</time>
    
   </trkpt>
   <trkpt lat="39.7142000" lon="-105.9049460">
    <ele>3643.0</ele>
    <time>2026-09-05T15:05:04Z</time>
    
   </trkpt>
   <trkpt lat="39.7142050" lon="-105.9049360">
    <ele>3642.6</ele>
    <time>2026-09-05T15:05:05Z</time>
    
   </trkpt>
   <trkpt lat="39.7142130" lon="-105.9049100">
    <ele>3641.6</ele>
    <time>2026-09-05T15:05:08Z</time>
    
   </trkpt>
   <trkpt lat="39.7142090" lon="-105.9048800">
    <ele>3640.2</ele>
    <time>2026-09-05T15:05:12Z</time>
    
   </trkpt>
   <trkpt lat="39.7142000" lon="-105.9048620">
    <ele>3639.6</ele>
    <time>2026-09-05T15:05:14Z</time>
    
   </trkpt>
   <trkpt lat="39.7141910" lon="-105.9048280">
    <ele>3639.2</ele>
    <time>2026-09-05T15:05:17Z</time>
    
   </trkpt>
   <trkpt lat="39.7141520" lon="-105.9047870">
    <ele>3637.8</ele>
    <time>2026-09-05T15:05:22Z</time>
    
   </trkpt>
   <trkpt lat="39.7141450" lon="-105.9047790">
    <ele>3637.6</ele>
    <time>2026-09-05T15:05:23Z</time>
    
   </trkpt>
   <trkpt lat="39.7141230" lon="-105.9047560">
    <ele>3636.6</ele>
    <time>2026-09-05T15:05:26Z</time>
    
   </trkpt>
   <trkpt lat="39.7141060" lon="-105.9047370">
    <ele>3635.4</ele>
    <time>2026-09-05T15:05:29Z</time>
    
   </trkpt>
   <trkpt lat="39.7140890" lon="-105.9046860">
    <ele>3634.4</ele>
    <time>2026-09-05T15:05:34Z</time>
    
   </trkpt>
   <trkpt lat="39.7140830" lon="-105.9046750">
    <ele>3634.0</ele>
    <time>2026-09-05T15:05:35Z</time>
    
   </trkpt>
   <trkpt lat="39.7140640" lon="-105.9046410">
    <ele>3633.4</ele>
    <time>2026-09-05T15:05:38Z</time>
    
   </trkpt>
   <trkpt lat="39.7140470" lon="-105.9046040">
    <ele>3632.0</ele>
    <time>2026-09-05T15:05:42Z</time>
    
   </trkpt>
   <trkpt lat="39.7140500" lon="-105.9045730">
    <ele>3631.2</ele>
    <time>2026-09-05T15:05:46Z</time>
    
   </trkpt>
   <trkpt lat="39.7140500" lon="-105.9045620">
    <ele>3631.0</ele>
    <time>2026-09-05T15:05:48Z</time>
    
   </trkpt>
   <trkpt lat="39.7140680" lon="-105.9045220">
    <ele>3629.8</ele>
    <time>2026-09-05T15:05:53Z</time>
    
   </trkpt>
   <trkpt lat="39.7140820" lon="-105.9044920">
    <ele>3628.8</ele>
    <time>2026-09-05T15:05:56Z</time>
    
   </trkpt>
   <trkpt lat="39.7140850" lon="-105.9044800">
    <ele>3628.6</ele>
    <time>2026-09-05T15:05:57Z</time>
    
   </trkpt>
   <trkpt lat="39.7140710" lon="-105.9044490">
    <ele>3627.4</ele>
    <time>2026-09-05T15:06:01Z</time>
    
   </trkpt>
   <trkpt lat="39.7140610" lon="-105.9044200">
    <ele>3627.0</ele>
    <time>2026-09-05T15:06:04Z</time>
    
   </trkpt>
   <trkpt lat="39.7140530" lon="-105.9043950">
    <ele>3626.4</ele>
    <time>2026-09-05T15:06:06Z</time>
    
   </trkpt>
   <trkpt lat="39.7140450" lon="-105.9043500">
    <ele>3625.2</ele>
    <time>2026-09-05T15:06:10Z</time>
    
   </trkpt>
   <trkpt lat="39.7140340" lon="-105.9042950">
    <ele>3624.6</ele>
    <time>2026-09-05T15:06:14Z</time>
    
   </trkpt>
   <trkpt lat="39.7140100" lon="-105.9042370">
    <ele>3624.2</ele>
    <time>2026-09-05T15:06:18Z</time>
    
   </trkpt>
   <trkpt lat="39.7139970" lon="-105.9042020">
    <ele>3623.0</ele>
    <time>2026-09-05T15:06:21Z</time>
    
   </trkpt>
   <trkpt lat="39.7139910" lon="-105.9041900">
    <ele>3622.8</ele>
    <time>2026-09-05T15:06:22Z</time>
    
   </trkpt>
   <trkpt lat="39.7139710" lon="-105.9041740">
    <ele>3621.6</ele>
    <time>2026-09-05T15:06:24Z</time>
    
   </trkpt>
   <trkpt lat="39.7139540" lon="-105.9041630">
    <ele>3620.6</ele>
    <time>2026-09-05T15:06:26Z</time>
    
   </trkpt>
   <trkpt lat="39.7139490" lon="-105.9041530">
    <ele>3620.2</ele>
    <time>2026-09-05T15:06:27Z</time>
    
   </trkpt>
   <trkpt lat="39.7139440" lon="-105.9041420">
    <ele>3619.8</ele>
    <time>2026-09-05T15:06:28Z</time>
    
   </trkpt>
   <trkpt lat="39.7139390" lon="-105.9041290">
    <ele>3619.6</ele>
    <time>2026-09-05T15:06:29Z</time>
    
   </trkpt>
   <trkpt lat="39.7139140" lon="-105.9040480">
    <ele>3618.4</ele>
    <time>2026-09-05T15:06:35Z</time>
    
   </trkpt>
   <trkpt lat="39.7138930" lon="-105.9040130">
    <ele>3617.0</ele>
    <time>2026-09-05T15:06:38Z</time>
    
   </trkpt>
   <trkpt lat="39.7138780" lon="-105.9039610">
    <ele>3615.6</ele>
    <time>2026-09-05T15:06:42Z</time>
    
   </trkpt>
   <trkpt lat="39.7138750" lon="-105.9039470">
    <ele>3615.2</ele>
    <time>2026-09-05T15:06:43Z</time>
    
   </trkpt>
   <trkpt lat="39.7138660" lon="-105.9038940">
    <ele>3614.6</ele>
    <time>2026-09-05T15:06:47Z</time>
    
   </trkpt>
   <trkpt lat="39.7138550" lon="-105.9038440">
    <ele>3614.6</ele>
    <time>2026-09-05T15:06:51Z</time>
    
   </trkpt>
   <trkpt lat="39.7138830" lon="-105.9038040">
    <ele>3613.8</ele>
    <time>2026-09-05T15:06:59Z</time>
    
   </trkpt>
   <trkpt lat="39.7138930" lon="-105.9037990">
    <ele>3613.2</ele>
    <time>2026-09-05T15:07:00Z</time>
    
   </trkpt>
   <trkpt lat="39.7138990" lon="-105.9037880">
    <ele>3612.0</ele>
    <time>2026-09-05T15:07:01Z</time>
    
   </trkpt>
   <trkpt lat="39.7139040" lon="-105.9037760">
    <ele>3610.8</ele>
    <time>2026-09-05T15:07:02Z</time>
    
   </trkpt>
   <trkpt lat="39.7139060" lon="-105.9037460">
    <ele>3609.0</ele>
    <time>2026-09-05T15:07:04Z</time>
    
   </trkpt>
   <trkpt lat="39.7139070" lon="-105.9037290">
    <ele>3608.4</ele>
    <time>2026-09-05T15:07:05Z</time>
    
   </trkpt>
   <trkpt lat="39.7139070" lon="-105.9037130">
    <ele>3608.0</ele>
    <time>2026-09-05T15:07:06Z</time>
    
   </trkpt>
   <trkpt lat="39.7139150" lon="-105.9036850">
    <ele>3606.8</ele>
    <time>2026-09-05T15:07:08Z</time>
    
   </trkpt>
   <trkpt lat="39.7139230" lon="-105.9036630">
    <ele>3605.8</ele>
    <time>2026-09-05T15:07:10Z</time>
    
   </trkpt>
   <trkpt lat="39.7139260" lon="-105.9036270">
    <ele>3605.0</ele>
    <time>2026-09-05T15:07:13Z</time>
    
   </trkpt>
   <trkpt lat="39.7139310" lon="-105.9036130">
    <ele>3604.8</ele>
    <time>2026-09-05T15:07:14Z</time>
    
   </trkpt>
   <trkpt lat="39.7139480" lon="-105.9035690">
    <ele>3604.0</ele>
    <time>2026-09-05T15:07:17Z</time>
    
   </trkpt>
   <trkpt lat="39.7139620" lon="-105.9035390">
    <ele>3603.6</ele>
    <time>2026-09-05T15:07:19Z</time>
    
   </trkpt>
   <trkpt lat="39.7139710" lon="-105.9035250">
    <ele>3603.6</ele>
    <time>2026-09-05T15:07:20Z</time>
    
   </trkpt>
   <trkpt lat="39.7140210" lon="-105.9034380">
    <ele>3602.6</ele>
    <time>2026-09-05T15:07:26Z</time>
    
   </trkpt>
   <trkpt lat="39.7140300" lon="-105.9034250">
    <ele>3602.4</ele>
    <time>2026-09-05T15:07:27Z</time>
    
   </trkpt>
   <trkpt lat="39.7140540" lon="-105.9033880">
    <ele>3601.6</ele>
    <time>2026-09-05T15:07:30Z</time>
    
   </trkpt>
   <trkpt lat="39.7140790" lon="-105.9033480">
    <ele>3600.4</ele>
    <time>2026-09-05T15:07:34Z</time>
    
   </trkpt>
   <trkpt lat="39.7141020" lon="-105.9033230">
    <ele>3599.2</ele>
    <time>2026-09-05T15:07:38Z</time>
    
   </trkpt>
   <trkpt lat="39.7141240" lon="-105.9032950">
    <ele>3598.2</ele>
    <time>2026-09-05T15:07:41Z</time>
    
   </trkpt>
   <trkpt lat="39.7141440" lon="-105.9032630">
    <ele>3597.4</ele>
    <time>2026-09-05T15:07:44Z</time>
    
   </trkpt>
   <trkpt lat="39.7141540" lon="-105.9032440">
    <ele>3597.0</ele>
    <time>2026-09-05T15:07:46Z</time>
    
   </trkpt>
   <trkpt lat="39.7141630" lon="-105.9032220">
    <ele>3596.4</ele>
    <time>2026-09-05T15:07:48Z</time>
    
   </trkpt>
   <trkpt lat="39.7141710" lon="-105.9032000">
    <ele>3595.8</ele>
    <time>2026-09-05T15:07:50Z</time>
    
   </trkpt>
   <trkpt lat="39.7141840" lon="-105.9031470">
    <ele>3594.6</ele>
    <time>2026-09-05T15:07:54Z</time>
    
   </trkpt>
   <trkpt lat="39.7141860" lon="-105.9031330">
    <ele>3594.4</ele>
    <time>2026-09-05T15:07:55Z</time>
    
   </trkpt>
   <trkpt lat="39.7141890" lon="-105.9031140">
    <ele>3594.0</ele>
    <time>2026-09-05T15:07:57Z</time>
    
   </trkpt>
   <trkpt lat="39.7142000" lon="-105.9030980">
    <ele>3593.6</ele>
    <time>2026-09-05T15:08:00Z</time>
    
   </trkpt>
   <trkpt lat="39.7142080" lon="-105.9030800">
    <ele>3592.6</ele>
    <time>2026-09-05T15:08:02Z</time>
    
   </trkpt>
   <trkpt lat="39.7142070" lon="-105.9030450">
    <ele>3591.4</ele>
    <time>2026-09-05T15:08:05Z</time>
    
   </trkpt>
   <trkpt lat="39.7142090" lon="-105.9029930">
    <ele>3590.4</ele>
    <time>2026-09-05T15:08:09Z</time>
    
   </trkpt>
   <trkpt lat="39.7142110" lon="-105.9029830">
    <ele>3590.2</ele>
    <time>2026-09-05T15:08:10Z</time>
    
   </trkpt>
   <trkpt lat="39.7142090" lon="-105.9029250">
    <ele>3589.0</ele>
    <time>2026-09-05T15:08:16Z</time>
    
   </trkpt>
   <trkpt lat="39.7142040" lon="-105.9028960">
    <ele>3588.0</ele>
    <time>2026-09-05T15:08:19Z</time>
    
   </trkpt>
   <trkpt lat="39.7142000" lon="-105.9028840">
    <ele>3587.8</ele>
    <time>2026-09-05T15:08:20Z</time>
    
   </trkpt>
   <trkpt lat="39.7141930" lon="-105.9028410">
    <ele>3586.6</ele>
    <time>2026-09-05T15:08:24Z</time>
    
   </trkpt>
   <trkpt lat="39.7142050" lon="-105.9027940">
    <ele>3585.8</ele>
    <time>2026-09-05T15:08:28Z</time>
    
   </trkpt>
   <trkpt lat="39.7142050" lon="-105.9027830">
    <ele>3585.4</ele>
    <time>2026-09-05T15:08:29Z</time>
    
   </trkpt>
   <trkpt lat="39.7142070" lon="-105.9027440">
    <ele>3584.4</ele>
    <time>2026-09-05T15:08:32Z</time>
    
   </trkpt>
   <trkpt lat="39.7142090" lon="-105.9027010">
    <ele>3583.2</ele>
    <time>2026-09-05T15:08:36Z</time>
    
   </trkpt>
   <trkpt lat="39.7142150" lon="-105.9026660">
    <ele>3582.2</ele>
    <time>2026-09-05T15:08:40Z</time>
    
   </trkpt>
   <trkpt lat="39.7142180" lon="-105.9026380">
    <ele>3581.0</ele>
    <time>2026-09-05T15:08:43Z</time>
    
   </trkpt>
   <trkpt lat="39.7142310" lon="-105.9026020">
    <ele>3579.8</ele>
    <time>2026-09-05T15:08:48Z</time>
    
   </trkpt>
   <trkpt lat="39.7142330" lon="-105.9025860">
    <ele>3579.0</ele>
    <time>2026-09-05T15:08:51Z</time>
    
   </trkpt>
   <trkpt lat="39.7142360" lon="-105.9025830">
    <ele>3578.8</ele>
    <time>2026-09-05T15:08:52Z</time>
    
   </trkpt>
   <trkpt lat="39.7142460" lon="-105.9025590">
    <ele>3577.8</ele>
    <time>2026-09-05T15:08:57Z</time>
    
   </trkpt>
   <trkpt lat="39.7142480" lon="-105.9025470">
    <ele>3577.2</ele>
    <time>2026-09-05T15:09:00Z</time>
    
   </trkpt>
   <trkpt lat="39.7142500" lon="-105.9025410">
    <ele>3577.0</ele>
    <time>2026-09-05T15:09:01Z</time>
    
   </trkpt>
   <trkpt lat="39.7142550" lon="-105.9025260">
    <ele>3576.6</ele>
    <time>2026-09-05T15:09:04Z</time>
    
   </trkpt>
   <trkpt lat="39.7142750" lon="-105.9025150">
    <ele>3575.2</ele>
    <time>2026-09-05T15:09:08Z</time>
    
   </trkpt>
   <trkpt lat="39.7142790" lon="-105.9025110">
    <ele>3574.6</ele>
    <time>2026-09-05T15:09:09Z</time>
    
   </trkpt>
   <trkpt lat="39.7142820" lon="-105.9025080">
    <ele>3574.0</ele>
    <time>2026-09-05T15:09:10Z</time>
    
   </trkpt>
   <trkpt lat="39.7142650" lon="-105.9024820">
    <ele>3572.8</ele>
    <time>2026-09-05T15:09:12Z</time>
    
   </trkpt>
   <trkpt lat="39.7142680" lon="-105.9024680">
    <ele>3572.2</ele>
    <time>2026-09-05T15:09:16Z</time>
    
   </trkpt>
   <trkpt lat="39.7142640" lon="-105.9024660">
    <ele>3572.6</ele>
    <time>2026-09-05T15:09:21Z</time>
    
   </trkpt>
   <trkpt lat="39.7142520" lon="-105.9024620">
    <ele>3572.6</ele>
    <time>2026-09-05T15:09:26Z</time>
    
   </trkpt>
   <trkpt lat="39.7142510" lon="-105.9024660">
    <ele>3572.6</ele>
    <time>2026-09-05T15:09:30Z</time>
    
   </trkpt>
   <trkpt lat="39.7142730" lon="-105.9024380">
    <ele>3571.4</ele>
    <time>2026-09-05T15:09:34Z</time>
    
   </trkpt>
   <trkpt lat="39.7142950" lon="-105.9024220">
    <ele>3570.6</ele>
    <time>2026-09-05T15:09:37Z</time>
    
   </trkpt>
   <trkpt lat="39.7143010" lon="-105.9024150">
    <ele>3570.4</ele>
    <time>2026-09-05T15:09:38Z</time>
    
   </trkpt>
   <trkpt lat="39.7143210" lon="-105.9023840">
    <ele>3569.2</ele>
    <time>2026-09-05T15:09:42Z</time>
    
   </trkpt>
   <trkpt lat="39.7143260" lon="-105.9023700">
    <ele>3568.8</ele>
    <time>2026-09-05T15:09:43Z</time>
    
   </trkpt>
   <trkpt lat="39.7143360" lon="-105.9023490">
    <ele>3568.2</ele>
    <time>2026-09-05T15:09:45Z</time>
    
   </trkpt>
   <trkpt lat="39.7143630" lon="-105.9023110">
    <ele>3567.0</ele>
    <time>2026-09-05T15:09:48Z</time>
    
   </trkpt>
   <trkpt lat="39.7143930" lon="-105.9022600">
    <ele>3565.8</ele>
    <time>2026-09-05T15:09:51Z</time>
    
   </trkpt>
   <trkpt lat="39.7144160" lon="-105.9022040">
    <ele>3564.4</ele>
    <time>2026-09-05T15:09:54Z</time>
    
   </trkpt>
   <trkpt lat="39.7144480" lon="-105.9021580">
    <ele>3563.8</ele>
    <time>2026-09-05T15:09:57Z</time>
    
   </trkpt>
   <trkpt lat="39.7144560" lon="-105.9021260">
    <ele>3563.4</ele>
    <time>2026-09-05T15:09:59Z</time>
    
   </trkpt>
   <trkpt lat="39.7144580" lon="-105.9021110">
    <ele>3563.2</ele>
    <time>2026-09-05T15:10:00Z</time>
    
   </trkpt>
   <trkpt lat="39.7144700" lon="-105.9020600">
    <ele>3562.2</ele>
    <time>2026-09-05T15:10:05Z</time>
    
   </trkpt>
   <trkpt lat="39.7144790" lon="-105.9020380">
    <ele>3561.6</ele>
    <time>2026-09-05T15:10:07Z</time>
    
   </trkpt>
   <trkpt lat="39.7144880" lon="-105.9020160">
    <ele>3561.0</ele>
    <time>2026-09-05T15:10:09Z</time>
    
   </trkpt>
   <trkpt lat="39.7144930" lon="-105.9020100">
    <ele>3560.6</ele>
    <time>2026-09-05T15:10:10Z</time>
    
   </trkpt>
   <trkpt lat="39.7144970" lon="-105.9019970">
    <ele>3560.0</ele>
    <time>2026-09-05T15:10:12Z</time>
    
   </trkpt>
   <trkpt lat="39.7144990" lon="-105.9019920">
    <ele>3559.8</ele>
    <time>2026-09-05T15:10:13Z</time>
    
   </trkpt>
   <trkpt lat="39.7144980" lon="-105.9019860">
    <ele>3559.2</ele>
    <time>2026-09-05T15:10:15Z</time>
    
   </trkpt>
   <trkpt lat="39.7144830" lon="-105.9019890">
    <ele>3560.2</ele>
    <time>2026-09-05T15:10:25Z</time>
    
   </trkpt>
   <trkpt lat="39.7144830" lon="-105.9019900">
    <ele>3560.4</ele>
    <time>2026-09-05T15:10:28Z</time>
    
   </trkpt>
   <trkpt lat="39.7144830" lon="-105.9020090">
    <ele>3560.4</ele>
    <time>2026-09-05T15:10:38Z</time>
    
   </trkpt>
   <trkpt lat="39.7144810" lon="-105.9020150">
    <ele>3560.2</ele>
    <time>2026-09-05T15:10:43Z</time>
    
   </trkpt>
   <trkpt lat="39.7144800" lon="-105.9019900">
    <ele>3559.8</ele>
    <time>2026-09-05T15:10:52Z</time>
    
   </trkpt>
   <trkpt lat="39.7144940" lon="-105.9019420">
    <ele>3558.4</ele>
    <time>2026-09-05T15:10:55Z</time>
    
   </trkpt>
   <trkpt lat="39.7145180" lon="-105.9018980">
    <ele>3557.4</ele>
    <time>2026-09-05T15:10:58Z</time>
    
   </trkpt>
   <trkpt lat="39.7145260" lon="-105.9018840">
    <ele>3557.4</ele>
    <time>2026-09-05T15:10:59Z</time>
    
   </trkpt>
   <trkpt lat="39.7145630" lon="-105.9018320">
    <ele>3556.2</ele>
    <time>2026-09-05T15:11:03Z</time>
    
   </trkpt>
   <trkpt lat="39.7145790" lon="-105.9018080">
    <ele>3555.0</ele>
    <time>2026-09-05T15:11:05Z</time>
    
   </trkpt>
   <trkpt lat="39.7145860" lon="-105.9017950">
    <ele>3554.4</ele>
    <time>2026-09-05T15:11:06Z</time>
    
   </trkpt>
   <trkpt lat="39.7145930" lon="-105.9017830">
    <ele>3554.0</ele>
    <time>2026-09-05T15:11:07Z</time>
    
   </trkpt>
   <trkpt lat="39.7146090" lon="-105.9017610">
    <ele>3553.4</ele>
    <time>2026-09-05T15:11:09Z</time>
    
   </trkpt>
   <trkpt lat="39.7146290" lon="-105.9017220">
    <ele>3552.8</ele>
    <time>2026-09-05T15:11:12Z</time>
    
   </trkpt>
   <trkpt lat="39.7146410" lon="-105.9016910">
    <ele>3552.0</ele>
    <time>2026-09-05T15:11:14Z</time>
    
   </trkpt>
   <trkpt lat="39.7146520" lon="-105.9016610">
    <ele>3551.4</ele>
    <time>2026-09-05T15:11:16Z</time>
    
   </trkpt>
   <trkpt lat="39.7146680" lon="-105.9016350">
    <ele>3550.8</ele>
    <time>2026-09-05T15:11:18Z</time>
    
   </trkpt>
   <trkpt lat="39.7146760" lon="-105.9016210">
    <ele>3550.4</ele>
    <time>2026-09-05T15:11:19Z</time>
    
   </trkpt>
   <trkpt lat="39.7146920" lon="-105.9015960">
    <ele>3549.8</ele>
    <time>2026-09-05T15:11:21Z</time>
    
   </trkpt>
   <trkpt lat="39.7147040" lon="-105.9015740">
    <ele>3549.2</ele>
    <time>2026-09-05T15:11:23Z</time>
    
   </trkpt>
   <trkpt lat="39.7147170" lon="-105.9015440">
    <ele>3548.2</ele>
    <time>2026-09-05T15:11:26Z</time>
    
   </trkpt>
   <trkpt lat="39.7147250" lon="-105.9015250">
    <ele>3547.8</ele>
    <time>2026-09-05T15:11:28Z</time>
    
   </trkpt>
   <trkpt lat="39.7147400" lon="-105.9014990">
    <ele>3547.0</ele>
    <time>2026-09-05T15:11:30Z</time>
    
   </trkpt>
   <trkpt lat="39.7147570" lon="-105.9014680">
    <ele>3545.8</ele>
    <time>2026-09-05T15:11:32Z</time>
    
   </trkpt>
   <trkpt lat="39.7147750" lon="-105.9014390">
    <ele>3545.2</ele>
    <time>2026-09-05T15:11:34Z</time>
    
   </trkpt>
   <trkpt lat="39.7147890" lon="-105.9014120">
    <ele>3544.8</ele>
    <time>2026-09-05T15:11:36Z</time>
    
   </trkpt>
   <trkpt lat="39.7148210" lon="-105.9013410">
    <ele>3543.6</ele>
    <time>2026-09-05T15:11:42Z</time>
    
   </trkpt>
   <trkpt lat="39.7148470" lon="-105.9013070">
    <ele>3542.6</ele>
    <time>2026-09-05T15:11:46Z</time>
    
   </trkpt>
   <trkpt lat="39.7148640" lon="-105.9012880">
    <ele>3541.8</ele>
    <time>2026-09-05T15:11:49Z</time>
    
   </trkpt>
   <trkpt lat="39.7148760" lon="-105.9012750">
    <ele>3541.6</ele>
    <time>2026-09-05T15:11:51Z</time>
    
   </trkpt>
   <trkpt lat="39.7148760" lon="-105.9012530">
    <ele>3541.0</ele>
    <time>2026-09-05T15:11:55Z</time>
    
   </trkpt>
   <trkpt lat="39.7148740" lon="-105.9012540">
    <ele>3540.8</ele>
    <time>2026-09-05T15:11:57Z</time>
    
   </trkpt>
   <trkpt lat="39.7148840" lon="-105.9012410">
    <ele>3540.6</ele>
    <time>2026-09-05T15:11:59Z</time>
    
   </trkpt>
   <trkpt lat="39.7148990" lon="-105.9012200">
    <ele>3540.4</ele>
    <time>2026-09-05T15:12:01Z</time>
    
   </trkpt>
   <trkpt lat="39.7149330" lon="-105.9011610">
    <ele>3539.4</ele>
    <time>2026-09-05T15:12:06Z</time>
    
   </trkpt>
   <trkpt lat="39.7149630" lon="-105.9011110">
    <ele>3538.4</ele>
    <time>2026-09-05T15:12:11Z</time>
    
   </trkpt>
   <trkpt lat="39.7149860" lon="-105.9010840">
    <ele>3537.2</ele>
    <time>2026-09-05T15:12:15Z</time>
    
   </trkpt>
   <trkpt lat="39.7150180" lon="-105.9010410">
    <ele>3535.8</ele>
    <time>2026-09-05T15:12:20Z</time>
    
   </trkpt>
   <trkpt lat="39.7150270" lon="-105.9010090">
    <ele>3534.6</ele>
    <time>2026-09-05T15:12:23Z</time>
    
   </trkpt>
   <trkpt lat="39.7150380" lon="-105.9009610">
    <ele>3533.4</ele>
    <time>2026-09-05T15:12:27Z</time>
    
   </trkpt>
   <trkpt lat="39.7150620" lon="-105.9009230">
    <ele>3532.4</ele>
    <time>2026-09-05T15:12:31Z</time>
    
   </trkpt>
   <trkpt lat="39.7150950" lon="-105.9008920">
    <ele>3531.4</ele>
    <time>2026-09-05T15:12:35Z</time>
    
   </trkpt>
   <trkpt lat="39.7151300" lon="-105.9008570">
    <ele>3530.2</ele>
    <time>2026-09-05T15:12:40Z</time>
    
   </trkpt>
   <trkpt lat="39.7151450" lon="-105.9008340">
    <ele>3529.4</ele>
    <time>2026-09-05T15:12:43Z</time>
    
   </trkpt>
   <trkpt lat="39.7151480" lon="-105.9008250">
    <ele>3529.2</ele>
    <time>2026-09-05T15:12:44Z</time>
    
   </trkpt>
   <trkpt lat="39.7151540" lon="-105.9007890">
    <ele>3528.2</ele>
    <time>2026-09-05T15:12:48Z</time>
    
   </trkpt>
   <trkpt lat="39.7151770" lon="-105.9007640">
    <ele>3527.0</ele>
    <time>2026-09-05T15:12:51Z</time>
    
   </trkpt>
   <trkpt lat="39.7152280" lon="-105.9007410">
    <ele>3526.0</ele>
    <time>2026-09-05T15:12:55Z</time>
    
   </trkpt>
   <trkpt lat="39.7152420" lon="-105.9007310">
    <ele>3525.6</ele>
    <time>2026-09-05T15:12:57Z</time>
    
   </trkpt>
   <trkpt lat="39.7152790" lon="-105.9007200">
    <ele>3525.0</ele>
    <time>2026-09-05T15:13:01Z</time>
    
   </trkpt>
   <trkpt lat="39.7153270" lon="-105.9006890">
    <ele>3524.4</ele>
    <time>2026-09-05T15:13:05Z</time>
    
   </trkpt>
   <trkpt lat="39.7153560" lon="-105.9006700">
    <ele>3523.8</ele>
    <time>2026-09-05T15:13:07Z</time>
    
   </trkpt>
   <trkpt lat="39.7153960" lon="-105.9006710">
    <ele>3523.4</ele>
    <time>2026-09-05T15:13:10Z</time>
    
   </trkpt>
   <trkpt lat="39.7154070" lon="-105.9006760">
    <ele>3523.4</ele>
    <time>2026-09-05T15:13:11Z</time>
    
   </trkpt>
   <trkpt lat="39.7154560" lon="-105.9006810">
    <ele>3522.6</ele>
    <time>2026-09-05T15:13:15Z</time>
    
   </trkpt>
   <trkpt lat="39.7154930" lon="-105.9006760">
    <ele>3521.6</ele>
    <time>2026-09-05T15:13:18Z</time>
    
   </trkpt>
   <trkpt lat="39.7155040" lon="-105.9006760">
    <ele>3521.6</ele>
    <time>2026-09-05T15:13:19Z</time>
    
   </trkpt>
   <trkpt lat="39.7155270" lon="-105.9006770">
    <ele>3521.4</ele>
    <time>2026-09-05T15:13:21Z</time>
    
   </trkpt>
   <trkpt lat="39.7156140" lon="-105.9006550">
    <ele>3520.2</ele>
    <time>2026-09-05T15:13:28Z</time>
    
   </trkpt>
   <trkpt lat="39.7156300" lon="-105.9006520">
    <ele>3520.0</ele>
    <time>2026-09-05T15:13:29Z</time>
    
   </trkpt>
   <trkpt lat="39.7157140" lon="-105.9005900">
    <ele>3519.6</ele>
    <time>2026-09-05T15:13:36Z</time>
    
   </trkpt>
   <trkpt lat="39.7157180" lon="-105.9005720">
    <ele>3519.8</ele>
    <time>2026-09-05T15:13:37Z</time>
    
   </trkpt>
   <trkpt lat="39.7157220" lon="-105.9005460">
    <ele>3519.8</ele>
    <time>2026-09-05T15:13:40Z</time>
    
   </trkpt>
   <trkpt lat="39.7157180" lon="-105.9005430">
    <ele>3519.2</ele>
    <time>2026-09-05T15:13:44Z</time>
    
   </trkpt>
   <trkpt lat="39.7157150" lon="-105.9005370">
    <ele>3519.0</ele>
    <time>2026-09-05T15:13:51Z</time>
    
   </trkpt>
   <trkpt lat="39.7157060" lon="-105.9005400">
    <ele>3519.0</ele>
    <time>2026-09-05T15:14:00Z</time>
    
   </trkpt>
   <trkpt lat="39.7156950" lon="-105.9005340">
    <ele>3519.0</ele>
    <time>2026-09-05T15:14:12Z</time>
    
   </trkpt>
   <trkpt lat="39.7156860" lon="-105.9005270">
    <ele>3519.2</ele>
    <time>2026-09-05T15:14:18Z</time>
    
   </trkpt>
   <trkpt lat="39.7157220" lon="-105.9005190">
    <ele>3519.0</ele>
    <time>2026-09-05T15:14:25Z</time>
    
   </trkpt>
   <trkpt lat="39.7157280" lon="-105.9005080">
    <ele>3518.8</ele>
    <time>2026-09-05T15:14:26Z</time>
    
   </trkpt>
   <trkpt lat="39.7157750" lon="-105.9004150">
    <ele>3518.2</ele>
    <time>2026-09-05T15:14:33Z</time>
    
   </trkpt>
   <trkpt lat="39.7157800" lon="-105.9003990">
    <ele>3518.0</ele>
    <time>2026-09-05T15:14:34Z</time>
    
   </trkpt>
   <trkpt lat="39.7157930" lon="-105.9003580">
    <ele>3517.6</ele>
    <time>2026-09-05T15:14:37Z</time>
    
   </trkpt>
   <trkpt lat="39.7158030" lon="-105.9003280">
    <ele>3517.0</ele>
    <time>2026-09-05T15:14:39Z</time>
    
   </trkpt>
   <trkpt lat="39.7158080" lon="-105.9003140">
    <ele>3516.8</ele>
    <time>2026-09-05T15:14:40Z</time>
    
   </trkpt>
   <trkpt lat="39.7158220" lon="-105.9002810">
    <ele>3515.8</ele>
    <time>2026-09-05T15:14:43Z</time>
    
   </trkpt>
   <trkpt lat="39.7158260" lon="-105.9002730">
    <ele>3514.8</ele>
    <time>2026-09-05T15:14:46Z</time>
    
   </trkpt>
   <trkpt lat="39.7158300" lon="-105.9002700">
    <ele>3514.6</ele>
    <time>2026-09-05T15:14:47Z</time>
    
   </trkpt>
   <trkpt lat="39.7158440" lon="-105.9002630">
    <ele>3514.2</ele>
    <time>2026-09-05T15:14:49Z</time>
    
   </trkpt>
   <trkpt lat="39.7158780" lon="-105.9002440">
    <ele>3513.4</ele>
    <time>2026-09-05T15:14:53Z</time>
    
   </trkpt>
   <trkpt lat="39.7158840" lon="-105.9002290">
    <ele>3512.8</ele>
    <time>2026-09-05T15:14:55Z</time>
    
   </trkpt>
   <trkpt lat="39.7158920" lon="-105.9002150">
    <ele>3512.2</ele>
    <time>2026-09-05T15:14:57Z</time>
    
   </trkpt>
   <trkpt lat="39.7159120" lon="-105.9001710">
    <ele>3511.0</ele>
    <time>2026-09-05T15:15:02Z</time>
    
   </trkpt>
   <trkpt lat="39.7159180" lon="-105.9001630">
    <ele>3510.4</ele>
    <time>2026-09-05T15:15:04Z</time>
    
   </trkpt>
   <trkpt lat="39.7159240" lon="-105.9001660">
    <ele>3510.0</ele>
    <time>2026-09-05T15:15:05Z</time>
    
   </trkpt>
   <trkpt lat="39.7159330" lon="-105.9001730">
    <ele>3509.8</ele>
    <time>2026-09-05T15:15:06Z</time>
    
   </trkpt>
   <trkpt lat="39.7159430" lon="-105.9001830">
    <ele>3509.4</ele>
    <time>2026-09-05T15:15:07Z</time>
    
   </trkpt>
   <trkpt lat="39.7159590" lon="-105.9002030">
    <ele>3508.6</ele>
    <time>2026-09-05T15:15:09Z</time>
    
   </trkpt>
   <trkpt lat="39.7160080" lon="-105.9002580">
    <ele>3507.8</ele>
    <time>2026-09-05T15:15:13Z</time>
    
   </trkpt>
   <trkpt lat="39.7160400" lon="-105.9003020">
    <ele>3507.8</ele>
    <time>2026-09-05T15:15:16Z</time>
    
   </trkpt>
   <trkpt lat="39.7160610" lon="-105.9003220">
    <ele>3507.6</ele>
    <time>2026-09-05T15:15:18Z</time>
    
   </trkpt>
   <trkpt lat="39.7160740" lon="-105.9003320">
    <ele>3507.6</ele>
    <time>2026-09-05T15:15:19Z</time>
    
   </trkpt>
   <trkpt lat="39.7161170" lon="-105.9003690">
    <ele>3506.6</ele>
    <time>2026-09-05T15:15:23Z</time>
    
   </trkpt>
   <trkpt lat="39.7161370" lon="-105.9003870">
    <ele>3505.8</ele>
    <time>2026-09-05T15:15:26Z</time>
    
   </trkpt>
   <trkpt lat="39.7161350" lon="-105.9003670">
    <ele>3506.0</ele>
    <time>2026-09-05T15:15:35Z</time>
    
   </trkpt>
   <trkpt lat="39.7161350" lon="-105.9003620">
    <ele>3506.4</ele>
    <time>2026-09-05T15:15:40Z</time>
    
   </trkpt>
   <trkpt lat="39.7161240" lon="-105.9003960">
    <ele>3506.2</ele>
    <time>2026-09-05T15:15:48Z</time>
    
   </trkpt>
   <trkpt lat="39.7161190" lon="-105.9004300">
    <ele>3506.4</ele>
    <time>2026-09-05T15:15:56Z</time>
    
   </trkpt>
   <trkpt lat="39.7161210" lon="-105.9004220">
    <ele>3506.4</ele>
    <time>2026-09-05T15:16:02Z</time>
    
   </trkpt>
   <trkpt lat="39.7161280" lon="-105.9004270">
    <ele>3506.2</ele>
    <time>2026-09-05T15:16:10Z</time>
    
   </trkpt>
   <trkpt lat="39.7161280" lon="-105.9004270">
    <ele>3506.2</ele>
    <time>2026-09-05T15:16:11Z</time>
    
   </trkpt>
   <trkpt lat="39.7161280" lon="-105.9004270">
    <ele>3506.2</ele>
    <time>2026-09-05T15:16:12Z</time>
    
   </trkpt>
   <trkpt lat="39.7161370" lon="-105.9004260">
    <ele>3506.2</ele>
    <time>2026-09-05T15:16:15Z</time>
    
   </trkpt>
   <trkpt lat="39.7161420" lon="-105.9004200">
    <ele>3506.2</ele>
    <time>2026-09-05T15:16:19Z</time>
    
   </trkpt>
   <trkpt lat="39.7161430" lon="-105.9004160">
    <ele>3506.0</ele>
    <time>2026-09-05T15:16:23Z</time>
    
   </trkpt>
   <trkpt lat="39.7161440" lon="-105.9004160">
    <ele>3506.0</ele>
    <time>2026-09-05T15:16:25Z</time>
    
   </trkpt>
   <trkpt lat="39.7161440" lon="-105.9004160">
    <ele>3506.0</ele>
    <time>2026-09-05T15:16:26Z</time>
    
   </trkpt>
   <trkpt lat="39.7161630" lon="-105.9004260">
    <ele>3506.0</ele>
    <time>2026-09-05T15:16:35Z</time>
    
   </trkpt>
   <trkpt lat="39.7161770" lon="-105.9004510">
    <ele>3505.6</ele>
    <time>2026-09-05T15:16:43Z</time>
    
   </trkpt>
   <trkpt lat="39.7161780" lon="-105.9004510">
    <ele>3505.6</ele>
    <time>2026-09-05T15:16:44Z</time>
    
   </trkpt>
   <trkpt lat="39.7161780" lon="-105.9004510">
    <ele>3505.4</ele>
    <time>2026-09-05T15:16:45Z</time>
    
   </trkpt>
   <trkpt lat="39.7161800" lon="-105.9004520">
    <ele>3505.4</ele>
    <time>2026-09-05T15:16:46Z</time>
    
   </trkpt>
   <trkpt lat="39.7161730" lon="-105.9004700">
    <ele>3505.0</ele>
    <time>2026-09-05T15:16:55Z</time>
    
   </trkpt>
   <trkpt lat="39.7161630" lon="-105.9004620">
    <ele>3504.8</ele>
    <time>2026-09-05T15:17:08Z</time>
    
   </trkpt>
   <trkpt lat="39.7161620" lon="-105.9004620">
    <ele>3504.8</ele>
    <time>2026-09-05T15:17:10Z</time>
    
   </trkpt>
   <trkpt lat="39.7161600" lon="-105.9004600">
    <ele>3504.6</ele>
    <time>2026-09-05T15:17:13Z</time>
    
   </trkpt>
   <trkpt lat="39.7161350" lon="-105.9003790">
    <ele>3505.6</ele>
    <time>2026-09-05T15:17:20Z</time>
    
   </trkpt>
   <trkpt lat="39.7161320" lon="-105.9003620">
    <ele>3505.0</ele>
    <time>2026-09-05T15:17:27Z</time>
    
   </trkpt>
   <trkpt lat="39.7161400" lon="-105.9003640">
    <ele>3504.6</ele>
    <time>2026-09-05T15:17:31Z</time>
    
   </trkpt>
   <trkpt lat="39.7161400" lon="-105.9003700">
    <ele>3505.2</ele>
    <time>2026-09-05T15:17:34Z</time>
    
   </trkpt>
   <trkpt lat="39.7161410" lon="-105.9003680">
    <ele>3505.4</ele>
    <time>2026-09-05T15:17:36Z</time>
    
   </trkpt>
   <trkpt lat="39.7161380" lon="-105.9003650">
    <ele>3505.0</ele>
    <time>2026-09-05T15:17:38Z</time>
    
   </trkpt>
   <trkpt lat="39.7161290" lon="-105.9003620">
    <ele>3505.0</ele>
    <time>2026-09-05T15:17:42Z</time>
    
   </trkpt>
   <trkpt lat="39.7161270" lon="-105.9003600">
    <ele>3505.0</ele>
    <time>2026-09-05T15:17:48Z</time>
    
   </trkpt>
   <trkpt lat="39.7161260" lon="-105.9003620">
    <ele>3505.0</ele>
    <time>2026-09-05T15:17:55Z</time>
    
   </trkpt>
   <trkpt lat="39.7161260" lon="-105.9003610">
    <ele>3505.0</ele>
    <time>2026-09-05T15:17:57Z</time>
    
   </trkpt>
   <trkpt lat="39.7161250" lon="-105.9003610">
    <ele>3505.0</ele>
    <time>2026-09-05T15:17:59Z</time>
    
   </trkpt>
   <trkpt lat="39.7161120" lon="-105.9003780">
    <ele>3505.0</ele>
    <time>2026-09-05T15:18:12Z</time>
    
   </trkpt>
   <trkpt lat="39.7161160" lon="-105.9003810">
    <ele>3505.0</ele>
    <time>2026-09-05T15:18:15Z</time>
    
   </trkpt>
   <trkpt lat="39.7161160" lon="-105.9003800">
    <ele>3505.0</ele>
    <time>2026-09-05T15:18:17Z</time>
    
   </trkpt>
   <trkpt lat="39.7161160" lon="-105.9003800">
    <ele>3505.0</ele>
    <time>2026-09-05T15:18:18Z</time>
    
   </trkpt>
   <trkpt lat="39.7161130" lon="-105.9003770">
    <ele>3505.0</ele>
    <time>2026-09-05T15:18:23Z</time>
    
   </trkpt>
   <trkpt lat="39.7161180" lon="-105.9003790">
    <ele>3505.0</ele>
    <time>2026-09-05T15:18:31Z</time>
    
   </trkpt>
   <trkpt lat="39.7161270" lon="-105.9003670">
    <ele>3505.0</ele>
    <time>2026-09-05T15:18:44Z</time>
    
   </trkpt>
   <trkpt lat="39.7161270" lon="-105.9003660">
    <ele>3505.0</ele>
    <time>2026-09-05T15:18:46Z</time>
    
   </trkpt>
   <trkpt lat="39.7161300" lon="-105.9003790">
    <ele>3505.0</ele>
    <time>2026-09-05T15:18:48Z</time>
    
   </trkpt>
   <trkpt lat="39.7161330" lon="-105.9003720">
    <ele>3505.0</ele>
    <time>2026-09-05T15:18:49Z</time>
    
   </trkpt>
   <trkpt lat="39.7161370" lon="-105.9003770">
    <ele>3505.0</ele>
    <time>2026-09-05T15:19:00Z</time>
    
   </trkpt>
   <trkpt lat="39.7161390" lon="-105.9003730">
    <ele>3505.0</ele>
    <time>2026-09-05T15:19:16Z</time>
    
   </trkpt>
   <trkpt lat="39.7161390" lon="-105.9003630">
    <ele>3505.0</ele>
    <time>2026-09-05T15:19:33Z</time>
    
   </trkpt>
   <trkpt lat="39.7161390" lon="-105.9003650">
    <ele>3505.0</ele>
    <time>2026-09-05T15:19:36Z</time>
    
   </trkpt>
   <trkpt lat="39.7161410" lon="-105.9003680">
    <ele>3505.0</ele>
    <time>2026-09-05T15:19:37Z</time>
    
   </trkpt>
   <trkpt lat="39.7161410" lon="-105.9003680">
    <ele>3505.0</ele>
    <time>2026-09-05T15:19:40Z</time>
    
   </trkpt>
   <trkpt lat="39.7161410" lon="-105.9003700">
    <ele>3505.0</ele>
    <time>2026-09-05T15:19:43Z</time>
    
   </trkpt>
   <trkpt lat="39.7161390" lon="-105.9003680">
    <ele>3505.0</ele>
    <time>2026-09-05T15:19:46Z</time>
    
   </trkpt>
   <trkpt lat="39.7161320" lon="-105.9003630">
    <ele>3505.0</ele>
    <time>2026-09-05T15:19:49Z</time>
    
   </trkpt>
   <trkpt lat="39.7161280" lon="-105.9003740">
    <ele>3505.0</ele>
    <time>2026-09-05T15:20:00Z</time>
    
   </trkpt>
   <trkpt lat="39.7161260" lon="-105.9003700">
    <ele>3505.0</ele>
    <time>2026-09-05T15:20:02Z</time>
    
   </trkpt>
   <trkpt lat="39.7161260" lon="-105.9003720">
    <ele>3505.0</ele>
    <time>2026-09-05T15:20:17Z</time>
    
   </trkpt>
   <trkpt lat="39.7161250" lon="-105.9003740">
    <ele>3505.0</ele>
    <time>2026-09-05T15:20:21Z</time>
    
   </trkpt>
   <trkpt lat="39.7161260" lon="-105.9003800">
    <ele>3505.0</ele>
    <time>2026-09-05T15:20:36Z</time>
    
   </trkpt>
   <trkpt lat="39.7161800" lon="-105.9004340">
    <ele>3505.0</ele>
    <time>2026-09-05T15:20:44Z</time>
    
   </trkpt>
   <trkpt lat="39.7161890" lon="-105.9004470">
    <ele>3505.0</ele>
    <time>2026-09-05T15:20:45Z</time>
    
   </trkpt>
   <trkpt lat="39.7162660" lon="-105.9005080">
    <ele>3505.2</ele>
    <time>2026-09-05T15:20:52Z</time>
    
   </trkpt>
   <trkpt lat="39.7162840" lon="-105.9005200">
    <ele>3505.0</ele>
    <time>2026-09-05T15:20:54Z</time>
    
   </trkpt>
   <trkpt lat="39.7163270" lon="-105.9005340">
    <ele>3505.2</ele>
    <time>2026-09-05T15:20:59Z</time>
    
   </trkpt>
   <trkpt lat="39.7163290" lon="-105.9005350">
    <ele>3505.0</ele>
    <time>2026-09-05T15:21:01Z</time>
    
   </trkpt>
   <trkpt lat="39.7163290" lon="-105.9005310">
    <ele>3505.0</ele>
    <time>2026-09-05T15:21:02Z</time>
    
   </trkpt>
   <trkpt lat="39.7163300" lon="-105.9005330">
    <ele>3505.0</ele>
    <time>2026-09-05T15:21:03Z</time>
    
   </trkpt>
   <trkpt lat="39.7163390" lon="-105.9005360">
    <ele>3505.0</ele>
    <time>2026-09-05T15:21:05Z</time>
    
   </trkpt>
   <trkpt lat="39.7163710" lon="-105.9005040">
    <ele>3504.6</ele>
    <time>2026-09-05T15:21:11Z</time>
    
   </trkpt>
   <trkpt lat="39.7163830" lon="-105.9004690">
    <ele>3504.4</ele>
    <time>2026-09-05T15:21:14Z</time>
    
   </trkpt>
   <trkpt lat="39.7164440" lon="-105.9003710">
    <ele>3503.8</ele>
    <time>2026-09-05T15:21:23Z</time>
    
   </trkpt>
   <trkpt lat="39.7164510" lon="-105.9003430">
    <ele>3503.2</ele>
    <time>2026-09-05T15:21:26Z</time>
    
   </trkpt>
   <trkpt lat="39.7164530" lon="-105.9003360">
    <ele>3503.0</ele>
    <time>2026-09-05T15:21:27Z</time>
    
   </trkpt>
   <trkpt lat="39.7164670" lon="-105.9003180">
    <ele>3502.4</ele>
    <time>2026-09-05T15:21:30Z</time>
    
   </trkpt>
   <trkpt lat="39.7164720" lon="-105.9003120">
    <ele>3502.2</ele>
    <time>2026-09-05T15:21:32Z</time>
    
   </trkpt>
   <trkpt lat="39.7164840" lon="-105.9003200">
    <ele>3501.2</ele>
    <time>2026-09-05T15:21:41Z</time>
    
   </trkpt>
   <trkpt lat="39.7164950" lon="-105.9003100">
    <ele>3501.2</ele>
    <time>2026-09-05T15:21:42Z</time>
    
   </trkpt>
   <trkpt lat="39.7165140" lon="-105.9003030">
    <ele>3501.0</ele>
    <time>2026-09-05T15:21:44Z</time>
    
   </trkpt>
   <trkpt lat="39.7165790" lon="-105.9002350">
    <ele>3500.2</ele>
    <time>2026-09-05T15:21:52Z</time>
    
   </trkpt>
   <trkpt lat="39.7165880" lon="-105.9002280">
    <ele>3500.0</ele>
    <time>2026-09-05T15:21:53Z</time>
    
   </trkpt>
   <trkpt lat="39.7166450" lon="-105.9002000">
    <ele>3499.0</ele>
    <time>2026-09-05T15:21:59Z</time>
    
   </trkpt>
   <trkpt lat="39.7166570" lon="-105.9002040">
    <ele>3498.8</ele>
    <time>2026-09-05T15:22:00Z</time>
    
   </trkpt>
   <trkpt lat="39.7166670" lon="-105.9002110">
    <ele>3498.6</ele>
    <time>2026-09-05T15:22:01Z</time>
    
   </trkpt>
   <trkpt lat="39.7166940" lon="-105.9002170">
    <ele>3498.4</ele>
    <time>2026-09-05T15:22:04Z</time>
    
   </trkpt>
   <trkpt lat="39.7167390" lon="-105.9002150">
    <ele>3498.8</ele>
    <time>2026-09-05T15:22:08Z</time>
    
   </trkpt>
   <trkpt lat="39.7168250" lon="-105.9002650">
    <ele>3499.0</ele>
    <time>2026-09-05T15:22:16Z</time>
    
   </trkpt>
   <trkpt lat="39.7168940" lon="-105.9003780">
    <ele>3498.4</ele>
    <time>2026-09-05T15:22:25Z</time>
    
   </trkpt>
   <trkpt lat="39.7169030" lon="-105.9003900">
    <ele>3498.6</ele>
    <time>2026-09-05T15:22:27Z</time>
    
   </trkpt>
   <trkpt lat="39.7169030" lon="-105.9004000">
    <ele>3498.8</ele>
    <time>2026-09-05T15:22:29Z</time>
    
   </trkpt>
   <trkpt lat="39.7169040" lon="-105.9004120">
    <ele>3498.6</ele>
    <time>2026-09-05T15:22:30Z</time>
    
   </trkpt>
   <trkpt lat="39.7169280" lon="-105.9005060">
    <ele>3498.0</ele>
    <time>2026-09-05T15:22:36Z</time>
    
   </trkpt>
   <trkpt lat="39.7169300" lon="-105.9005190">
    <ele>3498.0</ele>
    <time>2026-09-05T15:22:37Z</time>
    
   </trkpt>
   <trkpt lat="39.7169360" lon="-105.9005530">
    <ele>3497.8</ele>
    <time>2026-09-05T15:22:40Z</time>
    
   </trkpt>
   <trkpt lat="39.7169340" lon="-105.9005630">
    <ele>3497.6</ele>
    <time>2026-09-05T15:22:41Z</time>
    
   </trkpt>
   <trkpt lat="39.7169260" lon="-105.9005940">
    <ele>3496.8</ele>
    <time>2026-09-05T15:22:44Z</time>
    
   </trkpt>
   <trkpt lat="39.7169230" lon="-105.9006040">
    <ele>3496.6</ele>
    <time>2026-09-05T15:22:45Z</time>
    
   </trkpt>
   <trkpt lat="39.7169230" lon="-105.9006250">
    <ele>3496.2</ele>
    <time>2026-09-05T15:22:47Z</time>
    
   </trkpt>
   <trkpt lat="39.7169380" lon="-105.9006360">
    <ele>3495.8</ele>
    <time>2026-09-05T15:22:49Z</time>
    
   </trkpt>
   <trkpt lat="39.7169500" lon="-105.9006360">
    <ele>3495.6</ele>
    <time>2026-09-05T15:22:50Z</time>
    
   </trkpt>
   <trkpt lat="39.7170030" lon="-105.9006330">
    <ele>3495.6</ele>
    <time>2026-09-05T15:22:54Z</time>
    
   </trkpt>
   <trkpt lat="39.7170120" lon="-105.9006410">
    <ele>3495.6</ele>
    <time>2026-09-05T15:22:55Z</time>
    
   </trkpt>
   <trkpt lat="39.7170500" lon="-105.9006630">
    <ele>3495.6</ele>
    <time>2026-09-05T15:22:58Z</time>
    
   </trkpt>
   <trkpt lat="39.7170960" lon="-105.9007020">
    <ele>3495.2</ele>
    <time>2026-09-05T15:23:02Z</time>
    
   </trkpt>
   <trkpt lat="39.7171970" lon="-105.9007270">
    <ele>3495.2</ele>
    <time>2026-09-05T15:23:10Z</time>
    
   </trkpt>
   <trkpt lat="39.7172490" lon="-105.9007400">
    <ele>3494.6</ele>
    <time>2026-09-05T15:23:14Z</time>
    
   </trkpt>
   <trkpt lat="39.7172880" lon="-105.9007340">
    <ele>3494.2</ele>
    <time>2026-09-05T15:23:17Z</time>
    
   </trkpt>
   <trkpt lat="39.7173510" lon="-105.9006880">
    <ele>3493.4</ele>
    <time>2026-09-05T15:23:22Z</time>
    
   </trkpt>
   <trkpt lat="39.7173900" lon="-105.9006910">
    <ele>3493.2</ele>
    <time>2026-09-05T15:23:25Z</time>
    
   </trkpt>
   <trkpt lat="39.7174070" lon="-105.9007000">
    <ele>3493.0</ele>
    <time>2026-09-05T15:23:27Z</time>
    
   </trkpt>
   <trkpt lat="39.7174090" lon="-105.9007010">
    <ele>3492.8</ele>
    <time>2026-09-05T15:23:28Z</time>
    
   </trkpt>
   <trkpt lat="39.7174100" lon="-105.9006990">
    <ele>3492.8</ele>
    <time>2026-09-05T15:23:29Z</time>
    
   </trkpt>
   <trkpt lat="39.7174090" lon="-105.9006930">
    <ele>3492.4</ele>
    <time>2026-09-05T15:23:31Z</time>
    
   </trkpt>
   <trkpt lat="39.7173990" lon="-105.9006790">
    <ele>3492.2</ele>
    <time>2026-09-05T15:23:34Z</time>
    
   </trkpt>
   <trkpt lat="39.7174000" lon="-105.9006660">
    <ele>3493.0</ele>
    <time>2026-09-05T15:23:40Z</time>
    
   </trkpt>
   <trkpt lat="39.7173950" lon="-105.9006670">
    <ele>3493.2</ele>
    <time>2026-09-05T15:23:43Z</time>
    
   </trkpt>
   <trkpt lat="39.7173880" lon="-105.9006710">
    <ele>3492.2</ele>
    <time>2026-09-05T15:23:55Z</time>
    
   </trkpt>
   <trkpt lat="39.7174410" lon="-105.9007140">
    <ele>3492.8</ele>
    <time>2026-09-05T15:24:06Z</time>
    
   </trkpt>
   <trkpt lat="39.7174850" lon="-105.9007290">
    <ele>3491.4</ele>
    <time>2026-09-05T15:24:10Z</time>
    
   </trkpt>
   <trkpt lat="39.7174990" lon="-105.9007280">
    <ele>3491.0</ele>
    <time>2026-09-05T15:24:11Z</time>
    
   </trkpt>
   <trkpt lat="39.7175240" lon="-105.9007130">
    <ele>3490.4</ele>
    <time>2026-09-05T15:24:13Z</time>
    
   </trkpt>
   <trkpt lat="39.7175340" lon="-105.9007030">
    <ele>3490.2</ele>
    <time>2026-09-05T15:24:14Z</time>
    
   </trkpt>
   <trkpt lat="39.7175470" lon="-105.9006930">
    <ele>3489.8</ele>
    <time>2026-09-05T15:24:15Z</time>
    
   </trkpt>
   <trkpt lat="39.7175900" lon="-105.9006630">
    <ele>3488.6</ele>
    <time>2026-09-05T15:24:19Z</time>
    
   </trkpt>
   <trkpt lat="39.7176000" lon="-105.9006570">
    <ele>3488.6</ele>
    <time>2026-09-05T15:24:20Z</time>
    
   </trkpt>
   <trkpt lat="39.7176460" lon="-105.9006340">
    <ele>3487.8</ele>
    <time>2026-09-05T15:24:24Z</time>
    
   </trkpt>
   <trkpt lat="39.7176550" lon="-105.9006320">
    <ele>3487.6</ele>
    <time>2026-09-05T15:24:25Z</time>
    
   </trkpt>
   <trkpt lat="39.7176720" lon="-105.9006360">
    <ele>3487.2</ele>
    <time>2026-09-05T15:24:27Z</time>
    
   </trkpt>
   <trkpt lat="39.7176790" lon="-105.9006420">
    <ele>3487.2</ele>
    <time>2026-09-05T15:24:28Z</time>
    
   </trkpt>
   <trkpt lat="39.7176870" lon="-105.9006580">
    <ele>3486.8</ele>
    <time>2026-09-05T15:24:30Z</time>
    
   </trkpt>
   <trkpt lat="39.7176860" lon="-105.9006640">
    <ele>3486.6</ele>
    <time>2026-09-05T15:24:32Z</time>
    
   </trkpt>
   <trkpt lat="39.7176840" lon="-105.9006660">
    <ele>3486.6</ele>
    <time>2026-09-05T15:24:34Z</time>
    
   </trkpt>
   <trkpt lat="39.7176830" lon="-105.9006680">
    <ele>3486.4</ele>
    <time>2026-09-05T15:24:37Z</time>
    
   </trkpt>
   <trkpt lat="39.7176860" lon="-105.9006680">
    <ele>3486.4</ele>
    <time>2026-09-05T15:24:44Z</time>
    
   </trkpt>
   <trkpt lat="39.7176850" lon="-105.9006670">
    <ele>3486.4</ele>
    <time>2026-09-05T15:24:47Z</time>
    
   </trkpt>
   <trkpt lat="39.7176850" lon="-105.9006740">
    <ele>3486.8</ele>
    <time>2026-09-05T15:24:54Z</time>
    
   </trkpt>
   <trkpt lat="39.7176850" lon="-105.9006660">
    <ele>3486.6</ele>
    <time>2026-09-05T15:24:58Z</time>
    
   </trkpt>
   <trkpt lat="39.7177390" lon="-105.9006780">
    <ele>3486.2</ele>
    <time>2026-09-05T15:25:04Z</time>
    
   </trkpt>
   <trkpt lat="39.7177640" lon="-105.9006760">
    <ele>3486.0</ele>
    <time>2026-09-05T15:25:06Z</time>
    
   </trkpt>
   <trkpt lat="39.7177950" lon="-105.9006450">
    <ele>3485.2</ele>
    <time>2026-09-05T15:25:09Z</time>
    
   </trkpt>
   <trkpt lat="39.7178190" lon="-105.9006280">
    <ele>3484.4</ele>
    <time>2026-09-05T15:25:11Z</time>
    
   </trkpt>
   <trkpt lat="39.7178330" lon="-105.9006260">
    <ele>3484.2</ele>
    <time>2026-09-05T15:25:12Z</time>
    
   </trkpt>
   <trkpt lat="39.7178930" lon="-105.9006490">
    <ele>3483.8</ele>
    <time>2026-09-05T15:25:17Z</time>
    
   </trkpt>
   <trkpt lat="39.7179150" lon="-105.9006510">
    <ele>3483.0</ele>
    <time>2026-09-05T15:25:20Z</time>
    
   </trkpt>
   <trkpt lat="39.7179270" lon="-105.9006490">
    <ele>3482.4</ele>
    <time>2026-09-05T15:25:22Z</time>
    
   </trkpt>
   <trkpt lat="39.7179350" lon="-105.9006540">
    <ele>3482.2</ele>
    <time>2026-09-05T15:25:23Z</time>
    
   </trkpt>
   <trkpt lat="39.7179620" lon="-105.9006740">
    <ele>3482.0</ele>
    <time>2026-09-05T15:25:26Z</time>
    
   </trkpt>
   <trkpt lat="39.7179710" lon="-105.9006820">
    <ele>3482.0</ele>
    <time>2026-09-05T15:25:27Z</time>
    
   </trkpt>
   <trkpt lat="39.7180200" lon="-105.9007290">
    <ele>3481.4</ele>
    <time>2026-09-05T15:25:32Z</time>
    
   </trkpt>
   <trkpt lat="39.7180690" lon="-105.9007970">
    <ele>3481.0</ele>
    <time>2026-09-05T15:25:39Z</time>
    
   </trkpt>
   <trkpt lat="39.7180740" lon="-105.9008050">
    <ele>3481.0</ele>
    <time>2026-09-05T15:25:40Z</time>
    
   </trkpt>
   <trkpt lat="39.7180770" lon="-105.9008130">
    <ele>3480.8</ele>
    <time>2026-09-05T15:25:41Z</time>
    
   </trkpt>
   <trkpt lat="39.7180840" lon="-105.9008280">
    <ele>3480.6</ele>
    <time>2026-09-05T15:25:43Z</time>
    
   </trkpt>
   <trkpt lat="39.7181060" lon="-105.9008480">
    <ele>3480.8</ele>
    <time>2026-09-05T15:25:46Z</time>
    
   </trkpt>
   <trkpt lat="39.7181370" lon="-105.9008700">
    <ele>3481.0</ele>
    <time>2026-09-05T15:25:50Z</time>
    
   </trkpt>
   <trkpt lat="39.7181560" lon="-105.9008670">
    <ele>3480.6</ele>
    <time>2026-09-05T15:25:52Z</time>
    
   </trkpt>
   <trkpt lat="39.7181730" lon="-105.9008580">
    <ele>3480.2</ele>
    <time>2026-09-05T15:25:54Z</time>
    
   </trkpt>
   <trkpt lat="39.7181820" lon="-105.9008520">
    <ele>3480.2</ele>
    <time>2026-09-05T15:25:55Z</time>
    
   </trkpt>
   <trkpt lat="39.7182060" lon="-105.9008310">
    <ele>3479.8</ele>
    <time>2026-09-05T15:25:58Z</time>
    
   </trkpt>
   <trkpt lat="39.7182620" lon="-105.9007750">
    <ele>3478.8</ele>
    <time>2026-09-05T15:26:03Z</time>
    
   </trkpt>
   <trkpt lat="39.7182720" lon="-105.9007660">
    <ele>3478.8</ele>
    <time>2026-09-05T15:26:04Z</time>
    
   </trkpt>
   <trkpt lat="39.7182810" lon="-105.9007550">
    <ele>3478.8</ele>
    <time>2026-09-05T15:26:05Z</time>
    
   </trkpt>
   <trkpt lat="39.7182870" lon="-105.9007400">
    <ele>3478.8</ele>
    <time>2026-09-05T15:26:06Z</time>
    
   </trkpt>
   <trkpt lat="39.7183080" lon="-105.9007090">
    <ele>3478.6</ele>
    <time>2026-09-05T15:26:09Z</time>
    
   </trkpt>
   <trkpt lat="39.7183240" lon="-105.9006690">
    <ele>3477.6</ele>
    <time>2026-09-05T15:26:13Z</time>
    
   </trkpt>
   <trkpt lat="39.7183460" lon="-105.9006430">
    <ele>3477.4</ele>
    <time>2026-09-05T15:26:16Z</time>
    
   </trkpt>
   <trkpt lat="39.7183540" lon="-105.9006110">
    <ele>3476.8</ele>
    <time>2026-09-05T15:26:19Z</time>
    
   </trkpt>
   <trkpt lat="39.7183570" lon="-105.9005950">
    <ele>3476.4</ele>
    <time>2026-09-05T15:26:21Z</time>
    
   </trkpt>
   <trkpt lat="39.7183730" lon="-105.9005890">
    <ele>3475.8</ele>
    <time>2026-09-05T15:26:23Z</time>
    
   </trkpt>
   <trkpt lat="39.7183950" lon="-105.9005980">
    <ele>3475.2</ele>
    <time>2026-09-05T15:26:25Z</time>
    
   </trkpt>
   <trkpt lat="39.7184020" lon="-105.9006060">
    <ele>3475.0</ele>
    <time>2026-09-05T15:26:26Z</time>
    
   </trkpt>
   <trkpt lat="39.7184100" lon="-105.9006180">
    <ele>3474.6</ele>
    <time>2026-09-05T15:26:27Z</time>
    
   </trkpt>
   <trkpt lat="39.7184300" lon="-105.9006410">
    <ele>3474.4</ele>
    <time>2026-09-05T15:26:30Z</time>
    
   </trkpt>
   <trkpt lat="39.7184370" lon="-105.9006470">
    <ele>3474.2</ele>
    <time>2026-09-05T15:26:31Z</time>
    
   </trkpt>
   <trkpt lat="39.7184680" lon="-105.9006590">
    <ele>3473.2</ele>
    <time>2026-09-05T15:26:34Z</time>
    
   </trkpt>
   <trkpt lat="39.7184830" lon="-105.9006640">
    <ele>3472.8</ele>
    <time>2026-09-05T15:26:35Z</time>
    
   </trkpt>
   <trkpt lat="39.7185250" lon="-105.9006870">
    <ele>3471.8</ele>
    <time>2026-09-05T15:26:38Z</time>
    
   </trkpt>
   <trkpt lat="39.7185390" lon="-105.9006890">
    <ele>3471.6</ele>
    <time>2026-09-05T15:26:39Z</time>
    
   </trkpt>
   <trkpt lat="39.7186120" lon="-105.9006660">
    <ele>3471.4</ele>
    <time>2026-09-05T15:26:44Z</time>
    
   </trkpt>
   <trkpt lat="39.7186880" lon="-105.9006490">
    <ele>3471.2</ele>
    <time>2026-09-05T15:26:50Z</time>
    
   </trkpt>
   <trkpt lat="39.7187100" lon="-105.9006390">
    <ele>3470.2</ele>
    <time>2026-09-05T15:26:52Z</time>
    
   </trkpt>
   <trkpt lat="39.7187500" lon="-105.9006290">
    <ele>3469.6</ele>
    <time>2026-09-05T15:26:55Z</time>
    
   </trkpt>
   <trkpt lat="39.7187740" lon="-105.9006160">
    <ele>3469.4</ele>
    <time>2026-09-05T15:26:57Z</time>
    
   </trkpt>
   <trkpt lat="39.7188350" lon="-105.9005950">
    <ele>3469.2</ele>
    <time>2026-09-05T15:27:02Z</time>
    
   </trkpt>
   <trkpt lat="39.7188590" lon="-105.9005770">
    <ele>3468.8</ele>
    <time>2026-09-05T15:27:04Z</time>
    
   </trkpt>
   <trkpt lat="39.7188790" lon="-105.9005470">
    <ele>3468.2</ele>
    <time>2026-09-05T15:27:06Z</time>
    
   </trkpt>
   <trkpt lat="39.7189080" lon="-105.9004770">
    <ele>3467.6</ele>
    <time>2026-09-05T15:27:10Z</time>
    
   </trkpt>
   <trkpt lat="39.7189420" lon="-105.9003750">
    <ele>3467.2</ele>
    <time>2026-09-05T15:27:16Z</time>
    
   </trkpt>
   <trkpt lat="39.7189670" lon="-105.9003070">
    <ele>3466.2</ele>
    <time>2026-09-05T15:27:20Z</time>
    
   </trkpt>
   <trkpt lat="39.7189850" lon="-105.9002520">
    <ele>3466.0</ele>
    <time>2026-09-05T15:27:23Z</time>
    
   </trkpt>
   <trkpt lat="39.7190340" lon="-105.9002380">
    <ele>3466.0</ele>
    <time>2026-09-05T15:27:29Z</time>
    
   </trkpt>
   <trkpt lat="39.7190570" lon="-105.9002080">
    <ele>3466.0</ele>
    <time>2026-09-05T15:27:32Z</time>
    
   </trkpt>
   <trkpt lat="39.7190780" lon="-105.9002170">
    <ele>3466.0</ele>
    <time>2026-09-05T15:27:34Z</time>
    
   </trkpt>
   <trkpt lat="39.7191520" lon="-105.9002470">
    <ele>3465.6</ele>
    <time>2026-09-05T15:27:40Z</time>
    
   </trkpt>
   <trkpt lat="39.7192230" lon="-105.9001860">
    <ele>3465.4</ele>
    <time>2026-09-05T15:27:47Z</time>
    
   </trkpt>
   <trkpt lat="39.7193000" lon="-105.9001140">
    <ele>3465.4</ele>
    <time>2026-09-05T15:27:55Z</time>
    
   </trkpt>
   <trkpt lat="39.7193470" lon="-105.9000370">
    <ele>3465.6</ele>
    <time>2026-09-05T15:28:01Z</time>
    
   </trkpt>
   <trkpt lat="39.7193640" lon="-105.9000070">
    <ele>3465.2</ele>
    <time>2026-09-05T15:28:03Z</time>
    
   </trkpt>
   <trkpt lat="39.7193740" lon="-105.8999990">
    <ele>3465.0</ele>
    <time>2026-09-05T15:28:04Z</time>
    
   </trkpt>
   <trkpt lat="39.7193970" lon="-105.8999540">
    <ele>3464.4</ele>
    <time>2026-09-05T15:28:07Z</time>
    
   </trkpt>
   <trkpt lat="39.7194080" lon="-105.8999040">
    <ele>3463.8</ele>
    <time>2026-09-05T15:28:10Z</time>
    
   </trkpt>
   <trkpt lat="39.7194190" lon="-105.8998300">
    <ele>3462.8</ele>
    <time>2026-09-05T15:28:14Z</time>
    
   </trkpt>
   <trkpt lat="39.7194250" lon="-105.8998140">
    <ele>3462.6</ele>
    <time>2026-09-05T15:28:15Z</time>
    
   </trkpt>
   <trkpt lat="39.7194330" lon="-105.8997450">
    <ele>3461.8</ele>
    <time>2026-09-05T15:28:19Z</time>
    
   </trkpt>
   <trkpt lat="39.7194380" lon="-105.8997300">
    <ele>3461.6</ele>
    <time>2026-09-05T15:28:20Z</time>
    
   </trkpt>
   <trkpt lat="39.7194510" lon="-105.8997000">
    <ele>3461.2</ele>
    <time>2026-09-05T15:28:22Z</time>
    
   </trkpt>
   <trkpt lat="39.7194790" lon="-105.8996610">
    <ele>3460.4</ele>
    <time>2026-09-05T15:28:25Z</time>
    
   </trkpt>
   <trkpt lat="39.7195090" lon="-105.8996150">
    <ele>3460.0</ele>
    <time>2026-09-05T15:28:28Z</time>
    
   </trkpt>
   <trkpt lat="39.7195250" lon="-105.8995820">
    <ele>3459.6</ele>
    <time>2026-09-05T15:28:30Z</time>
    
   </trkpt>
   <trkpt lat="39.7195990" lon="-105.8994930">
    <ele>3459.4</ele>
    <time>2026-09-05T15:28:37Z</time>
    
   </trkpt>
   <trkpt lat="39.7196200" lon="-105.8994370">
    <ele>3459.4</ele>
    <time>2026-09-05T15:28:40Z</time>
    
   </trkpt>
   <trkpt lat="39.7196640" lon="-105.8993590">
    <ele>3458.2</ele>
    <time>2026-09-05T15:28:45Z</time>
    
   </trkpt>
   <trkpt lat="39.7197040" lon="-105.8992700">
    <ele>3457.8</ele>
    <time>2026-09-05T15:28:52Z</time>
    
   </trkpt>
   <trkpt lat="39.7197060" lon="-105.8991810">
    <ele>3457.6</ele>
    <time>2026-09-05T15:28:57Z</time>
    
   </trkpt>
   <trkpt lat="39.7197050" lon="-105.8991630">
    <ele>3457.6</ele>
    <time>2026-09-05T15:28:58Z</time>
    
   </trkpt>
   <trkpt lat="39.7197130" lon="-105.8991300">
    <ele>3457.2</ele>
    <time>2026-09-05T15:29:00Z</time>
    
   </trkpt>
   <trkpt lat="39.7197350" lon="-105.8990730">
    <ele>3456.2</ele>
    <time>2026-09-05T15:29:04Z</time>
    
   </trkpt>
   <trkpt lat="39.7197840" lon="-105.8990100">
    <ele>3455.8</ele>
    <time>2026-09-05T15:29:10Z</time>
    
   </trkpt>
   <trkpt lat="39.7197870" lon="-105.8989950">
    <ele>3455.8</ele>
    <time>2026-09-05T15:29:11Z</time>
    
   </trkpt>
   <trkpt lat="39.7197940" lon="-105.8988940">
    <ele>3455.6</ele>
    <time>2026-09-05T15:29:17Z</time>
    
   </trkpt>
   <trkpt lat="39.7197950" lon="-105.8988710">
    <ele>3455.4</ele>
    <time>2026-09-05T15:29:19Z</time>
    
   </trkpt>
   <trkpt lat="39.7198050" lon="-105.8988440">
    <ele>3455.0</ele>
    <time>2026-09-05T15:29:21Z</time>
    
   </trkpt>
   <trkpt lat="39.7198080" lon="-105.8988270">
    <ele>3454.8</ele>
    <time>2026-09-05T15:29:22Z</time>
    
   </trkpt>
   <trkpt lat="39.7197970" lon="-105.8987500">
    <ele>3454.0</ele>
    <time>2026-09-05T15:29:27Z</time>
    
   </trkpt>
   <trkpt lat="39.7197980" lon="-105.8987360">
    <ele>3453.8</ele>
    <time>2026-09-05T15:29:28Z</time>
    
   </trkpt>
   <trkpt lat="39.7198070" lon="-105.8986920">
    <ele>3452.6</ele>
    <time>2026-09-05T15:29:31Z</time>
    
   </trkpt>
   <trkpt lat="39.7198180" lon="-105.8986060">
    <ele>3451.8</ele>
    <time>2026-09-05T15:29:36Z</time>
    
   </trkpt>
   <trkpt lat="39.7198150" lon="-105.8985880">
    <ele>3451.6</ele>
    <time>2026-09-05T15:29:37Z</time>
    
   </trkpt>
   <trkpt lat="39.7198080" lon="-105.8985700">
    <ele>3451.4</ele>
    <time>2026-09-05T15:29:38Z</time>
    
   </trkpt>
   <trkpt lat="39.7197780" lon="-105.8984830">
    <ele>3450.6</ele>
    <time>2026-09-05T15:29:43Z</time>
    
   </trkpt>
   <trkpt lat="39.7197820" lon="-105.8984670">
    <ele>3450.4</ele>
    <time>2026-09-05T15:29:44Z</time>
    
   </trkpt>
   <trkpt lat="39.7197980" lon="-105.8984400">
    <ele>3450.2</ele>
    <time>2026-09-05T15:29:45Z</time>
    
   </trkpt>
   <trkpt lat="39.7198290" lon="-105.8983810">
    <ele>3449.4</ele>
    <time>2026-09-05T15:29:50Z</time>
    
   </trkpt>
   <trkpt lat="39.7198360" lon="-105.8983640">
    <ele>3449.2</ele>
    <time>2026-09-05T15:29:51Z</time>
    
   </trkpt>
   <trkpt lat="39.7198640" lon="-105.8983040">
    <ele>3448.2</ele>
    <time>2026-09-05T15:29:55Z</time>
    
   </trkpt>
   <trkpt lat="39.7198810" lon="-105.8982830">
    <ele>3448.0</ele>
    <time>2026-09-05T15:29:57Z</time>
    
   </trkpt>
   <trkpt lat="39.7198980" lon="-105.8982690">
    <ele>3447.8</ele>
    <time>2026-09-05T15:29:59Z</time>
    
   </trkpt>
   <trkpt lat="39.7199020" lon="-105.8982590">
    <ele>3447.6</ele>
    <time>2026-09-05T15:30:00Z</time>
    
   </trkpt>
   <trkpt lat="39.7199040" lon="-105.8982460">
    <ele>3447.6</ele>
    <time>2026-09-05T15:30:01Z</time>
    
   </trkpt>
   <trkpt lat="39.7198900" lon="-105.8981920">
    <ele>3447.2</ele>
    <time>2026-09-05T15:30:05Z</time>
    
   </trkpt>
   <trkpt lat="39.7198750" lon="-105.8981740">
    <ele>3446.8</ele>
    <time>2026-09-05T15:30:07Z</time>
    
   </trkpt>
   <trkpt lat="39.7198810" lon="-105.8981350">
    <ele>3446.2</ele>
    <time>2026-09-05T15:30:10Z</time>
    
   </trkpt>
   <trkpt lat="39.7198880" lon="-105.8981010">
    <ele>3445.6</ele>
    <time>2026-09-05T15:30:12Z</time>
    
   </trkpt>
   <trkpt lat="39.7198930" lon="-105.8980670">
    <ele>3444.8</ele>
    <time>2026-09-05T15:30:15Z</time>
    
   </trkpt>
   <trkpt lat="39.7198930" lon="-105.8980670">
    <ele>3444.6</ele>
    <time>2026-09-05T15:30:16Z</time>
    
   </trkpt>
   <trkpt lat="39.7198990" lon="-105.8980640">
    <ele>3444.4</ele>
    <time>2026-09-05T15:30:17Z</time>
    
   </trkpt>
   <trkpt lat="39.7199220" lon="-105.8980560">
    <ele>3444.4</ele>
    <time>2026-09-05T15:30:20Z</time>
    
   </trkpt>
   <trkpt lat="39.7199350" lon="-105.8980380">
    <ele>3444.6</ele>
    <time>2026-09-05T15:30:22Z</time>
    
   </trkpt>
   <trkpt lat="39.7199460" lon="-105.8979990">
    <ele>3445.2</ele>
    <time>2026-09-05T15:30:25Z</time>
    
   </trkpt>
   <trkpt lat="39.7199570" lon="-105.8979700">
    <ele>3445.8</ele>
    <time>2026-09-05T15:30:28Z</time>
    
   </trkpt>
   <trkpt lat="39.7199690" lon="-105.8979380">
    <ele>3446.2</ele>
    <time>2026-09-05T15:30:32Z</time>
    
   </trkpt>
   <trkpt lat="39.7199840" lon="-105.8979330">
    <ele>3446.4</ele>
    <time>2026-09-05T15:30:34Z</time>
    
   </trkpt>
   <trkpt lat="39.7200000" lon="-105.8979280">
    <ele>3446.8</ele>
    <time>2026-09-05T15:30:37Z</time>
    
   </trkpt>
   <trkpt lat="39.7200060" lon="-105.8979250">
    <ele>3447.0</ele>
    <time>2026-09-05T15:30:38Z</time>
    
   </trkpt>
   <trkpt lat="39.7200250" lon="-105.8979250">
    <ele>3447.4</ele>
    <time>2026-09-05T15:30:40Z</time>
    
   </trkpt>
   <trkpt lat="39.7200510" lon="-105.8978940">
    <ele>3447.8</ele>
    <time>2026-09-05T15:30:44Z</time>
    
   </trkpt>
   <trkpt lat="39.7200420" lon="-105.8978110">
    <ele>3448.0</ele>
    <time>2026-09-05T15:30:49Z</time>
    
   </trkpt>
   <trkpt lat="39.7200450" lon="-105.8977930">
    <ele>3448.0</ele>
    <time>2026-09-05T15:30:50Z</time>
    
   </trkpt>
   <trkpt lat="39.7200630" lon="-105.8977670">
    <ele>3447.8</ele>
    <time>2026-09-05T15:30:53Z</time>
    
   </trkpt>
   <trkpt lat="39.7200690" lon="-105.8977400">
    <ele>3447.8</ele>
    <time>2026-09-05T15:30:55Z</time>
    
   </trkpt>
   <trkpt lat="39.7200660" lon="-105.8976890">
    <ele>3447.6</ele>
    <time>2026-09-05T15:30:59Z</time>
    
   </trkpt>
   <trkpt lat="39.7200580" lon="-105.8976810">
    <ele>3447.4</ele>
    <time>2026-09-05T15:31:00Z</time>
    
   </trkpt>
   <trkpt lat="39.7200480" lon="-105.8976630">
    <ele>3447.0</ele>
    <time>2026-09-05T15:31:02Z</time>
    
   </trkpt>
   <trkpt lat="39.7200410" lon="-105.8976430">
    <ele>3446.6</ele>
    <time>2026-09-05T15:31:04Z</time>
    
   </trkpt>
   <trkpt lat="39.7200420" lon="-105.8976010">
    <ele>3446.0</ele>
    <time>2026-09-05T15:31:07Z</time>
    
   </trkpt>
   <trkpt lat="39.7200470" lon="-105.8975860">
    <ele>3445.6</ele>
    <time>2026-09-05T15:31:08Z</time>
    
   </trkpt>
   <trkpt lat="39.7200640" lon="-105.8975080">
    <ele>3445.0</ele>
    <time>2026-09-05T15:31:14Z</time>
    
   </trkpt>
   <trkpt lat="39.7200860" lon="-105.8974820">
    <ele>3445.4</ele>
    <time>2026-09-05T15:31:19Z</time>
    
   </trkpt>
   <trkpt lat="39.7200900" lon="-105.8974560">
    <ele>3445.6</ele>
    <time>2026-09-05T15:31:22Z</time>
    
   </trkpt>
   <trkpt lat="39.7200900" lon="-105.8974460">
    <ele>3445.4</ele>
    <time>2026-09-05T15:31:23Z</time>
    
   </trkpt>
   <trkpt lat="39.7201120" lon="-105.8973880">
    <ele>3445.8</ele>
    <time>2026-09-05T15:31:33Z</time>
    
   </trkpt>
   <trkpt lat="39.7201060" lon="-105.8973390">
    <ele>3445.2</ele>
    <time>2026-09-05T15:31:45Z</time>
    
   </trkpt>
   <trkpt lat="39.7201120" lon="-105.8973060">
    <ele>3444.6</ele>
    <time>2026-09-05T15:31:50Z</time>
    
   </trkpt>
   <trkpt lat="39.7201160" lon="-105.8972880">
    <ele>3443.8</ele>
    <time>2026-09-05T15:31:54Z</time>
    
   </trkpt>
   <trkpt lat="39.7201090" lon="-105.8972790">
    <ele>3443.6</ele>
    <time>2026-09-05T15:31:56Z</time>
    
   </trkpt>
   <trkpt lat="39.7201010" lon="-105.8972440">
    <ele>3442.4</ele>
    <time>2026-09-05T15:32:01Z</time>
    
   </trkpt>
   <trkpt lat="39.7201100" lon="-105.8972210">
    <ele>3441.8</ele>
    <time>2026-09-05T15:32:03Z</time>
    
   </trkpt>
   <trkpt lat="39.7201170" lon="-105.8971780">
    <ele>3441.2</ele>
    <time>2026-09-05T15:32:07Z</time>
    
   </trkpt>
   <trkpt lat="39.7201150" lon="-105.8971730">
    <ele>3440.2</ele>
    <time>2026-09-05T15:32:12Z</time>
    
   </trkpt>
   <trkpt lat="39.7201140" lon="-105.8971710">
    <ele>3440.0</ele>
    <time>2026-09-05T15:32:13Z</time>
    
   </trkpt>
   <trkpt lat="39.7200920" lon="-105.8971600">
    <ele>3439.6</ele>
    <time>2026-09-05T15:32:17Z</time>
    
   </trkpt>
   <trkpt lat="39.7200920" lon="-105.8971580">
    <ele>3439.4</ele>
    <time>2026-09-05T15:32:18Z</time>
    
   </trkpt>
   <trkpt lat="39.7200860" lon="-105.8971680">
    <ele>3439.0</ele>
    <time>2026-09-05T15:32:20Z</time>
    
   </trkpt>
   <trkpt lat="39.7200830" lon="-105.8971740">
    <ele>3438.0</ele>
    <time>2026-09-05T15:32:26Z</time>
    
   </trkpt>
   <trkpt lat="39.7200860" lon="-105.8971650">
    <ele>3438.0</ele>
    <time>2026-09-05T15:32:33Z</time>
    
   </trkpt>
   <trkpt lat="39.7200870" lon="-105.8971660">
    <ele>3438.0</ele>
    <time>2026-09-05T15:32:34Z</time>
    
   </trkpt>
   <trkpt lat="39.7200880" lon="-105.8971680">
    <ele>3438.0</ele>
    <time>2026-09-05T15:32:36Z</time>
    
   </trkpt>
   <trkpt lat="39.7201000" lon="-105.8972060">
    <ele>3439.2</ele>
    <time>2026-09-05T15:32:43Z</time>
    
   </trkpt>
   <trkpt lat="39.7201060" lon="-105.8972170">
    <ele>3439.6</ele>
    <time>2026-09-05T15:32:45Z</time>
    
   </trkpt>
   <trkpt lat="39.7201250" lon="-105.8972360">
    <ele>3440.4</ele>
    <time>2026-09-05T15:32:48Z</time>
    
   </trkpt>
   <trkpt lat="39.7201470" lon="-105.8972470">
    <ele>3441.4</ele>
    <time>2026-09-05T15:32:52Z</time>
    
   </trkpt>
   <trkpt lat="39.7201520" lon="-105.8972480">
    <ele>3441.8</ele>
    <time>2026-09-05T15:32:53Z</time>
    
   </trkpt>
   <trkpt lat="39.7201650" lon="-105.8972360">
    <ele>3442.4</ele>
    <time>2026-09-05T15:32:55Z</time>
    
   </trkpt>
   <trkpt lat="39.7201720" lon="-105.8972340">
    <ele>3442.6</ele>
    <time>2026-09-05T15:32:56Z</time>
    
   </trkpt>
   <trkpt lat="39.7201760" lon="-105.8972320">
    <ele>3442.6</ele>
    <time>2026-09-05T15:32:57Z</time>
    
   </trkpt>
   <trkpt lat="39.7201860" lon="-105.8972200">
    <ele>3442.8</ele>
    <time>2026-09-05T15:32:59Z</time>
    
   </trkpt>
   <trkpt lat="39.7201910" lon="-105.8972150">
    <ele>3443.0</ele>
    <time>2026-09-05T15:33:00Z</time>
    
   </trkpt>
   <trkpt lat="39.7201990" lon="-105.8972090">
    <ele>3443.0</ele>
    <time>2026-09-05T15:33:01Z</time>
    
   </trkpt>
   <trkpt lat="39.7202270" lon="-105.8971960">
    <ele>3443.6</ele>
    <time>2026-09-05T15:33:07Z</time>
    
   </trkpt>
   <trkpt lat="39.7202420" lon="-105.8971860">
    <ele>3444.4</ele>
    <time>2026-09-05T15:33:11Z</time>
    
   </trkpt>
   <trkpt lat="39.7202410" lon="-105.8971850">
    <ele>3444.6</ele>
    <time>2026-09-05T15:33:12Z</time>
    
   </trkpt>
   <trkpt lat="39.7202600" lon="-105.8971610">
    <ele>3445.4</ele>
    <time>2026-09-05T15:33:20Z</time>
    
   </trkpt>
   <trkpt lat="39.7202670" lon="-105.8971510">
    <ele>3445.4</ele>
    <time>2026-09-05T15:33:24Z</time>
    
   </trkpt>
   <trkpt lat="39.7202960" lon="-105.8971430">
    <ele>3445.2</ele>
    <time>2026-09-05T15:33:28Z</time>
    
   </trkpt>
   <trkpt lat="39.7203000" lon="-105.8971390">
    <ele>3445.2</ele>
    <time>2026-09-05T15:33:29Z</time>
    
   </trkpt>
   <trkpt lat="39.7203480" lon="-105.8971310">
    <ele>3445.6</ele>
    <time>2026-09-05T15:33:36Z</time>
    
   </trkpt>
   <trkpt lat="39.7203540" lon="-105.8971330">
    <ele>3446.2</ele>
    <time>2026-09-05T15:33:38Z</time>
    
   </trkpt>
   <trkpt lat="39.7203650" lon="-105.8971180">
    <ele>3446.6</ele>
    <time>2026-09-05T15:33:41Z</time>
    
   </trkpt>
   <trkpt lat="39.7203870" lon="-105.8971010">
    <ele>3447.6</ele>
    <time>2026-09-05T15:33:47Z</time>
    
   </trkpt>
   <trkpt lat="39.7204140" lon="-105.8971380">
    <ele>3448.6</ele>
    <time>2026-09-05T15:33:57Z</time>
    
   </trkpt>
   <trkpt lat="39.7204190" lon="-105.8971390">
    <ele>3448.6</ele>
    <time>2026-09-05T15:33:58Z</time>
    
   </trkpt>
   <trkpt lat="39.7204620" lon="-105.8971350">
    <ele>3449.8</ele>
    <time>2026-09-05T15:34:03Z</time>
    
   </trkpt>
   <trkpt lat="39.7205050" lon="-105.8971200">
    <ele>3450.4</ele>
    <time>2026-09-05T15:34:08Z</time>
    
   </trkpt>
   <trkpt lat="39.7205210" lon="-105.8971100">
    <ele>3451.0</ele>
    <time>2026-09-05T15:34:10Z</time>
    
   </trkpt>
   <trkpt lat="39.7205310" lon="-105.8971070">
    <ele>3451.2</ele>
    <time>2026-09-05T15:34:11Z</time>
    
   </trkpt>
   <trkpt lat="39.7205590" lon="-105.8971020">
    <ele>3452.2</ele>
    <time>2026-09-05T15:34:15Z</time>
    
   </trkpt>
   <trkpt lat="39.7205840" lon="-105.8970870">
    <ele>3453.4</ele>
    <time>2026-09-05T15:34:20Z</time>
    
   </trkpt>
   <trkpt lat="39.7205950" lon="-105.8970860">
    <ele>3454.8</ele>
    <time>2026-09-05T15:34:23Z</time>
    
   </trkpt>
   <trkpt lat="39.7206220" lon="-105.8971040">
    <ele>3456.0</ele>
    <time>2026-09-05T15:34:29Z</time>
    
   </trkpt>
   <trkpt lat="39.7206320" lon="-105.8971120">
    <ele>3457.0</ele>
    <time>2026-09-05T15:34:33Z</time>
    
   </trkpt>
   <trkpt lat="39.7206320" lon="-105.8971120">
    <ele>3457.0</ele>
    <time>2026-09-05T15:34:34Z</time>
    
   </trkpt>
   <trkpt lat="39.7206460" lon="-105.8971230">
    <ele>3458.0</ele>
    <time>2026-09-05T15:34:45Z</time>
    
   </trkpt>
   <trkpt lat="39.7206490" lon="-105.8971270">
    <ele>3458.2</ele>
    <time>2026-09-05T15:34:46Z</time>
    
   </trkpt>
   <trkpt lat="39.7206640" lon="-105.8971590">
    <ele>3458.8</ele>
    <time>2026-09-05T15:34:53Z</time>
    
   </trkpt>
   <trkpt lat="39.7206660" lon="-105.8971590">
    <ele>3459.0</ele>
    <time>2026-09-05T15:34:57Z</time>
    
   </trkpt>
   <trkpt lat="39.7206680" lon="-105.8971690">
    <ele>3459.4</ele>
    <time>2026-09-05T15:34:59Z</time>
    
   </trkpt>
   <trkpt lat="39.7206970" lon="-105.8971850">
    <ele>3459.8</ele>
    <time>2026-09-05T15:35:04Z</time>
    
   </trkpt>
   <trkpt lat="39.7207130" lon="-105.8971710">
    <ele>3460.4</ele>
    <time>2026-09-05T15:35:07Z</time>
    
   </trkpt>
   <trkpt lat="39.7207380" lon="-105.8971610">
    <ele>3461.4</ele>
    <time>2026-09-05T15:35:11Z</time>
    
   </trkpt>
   <trkpt lat="39.7207560" lon="-105.8971590">
    <ele>3462.0</ele>
    <time>2026-09-05T15:35:14Z</time>
    
   </trkpt>
   <trkpt lat="39.7207650" lon="-105.8971600">
    <ele>3462.4</ele>
    <time>2026-09-05T15:35:16Z</time>
    
   </trkpt>
   <trkpt lat="39.7207910" lon="-105.8971440">
    <ele>3463.4</ele>
    <time>2026-09-05T15:35:20Z</time>
    
   </trkpt>
   <trkpt lat="39.7208100" lon="-105.8971150">
    <ele>3463.8</ele>
    <time>2026-09-05T15:35:23Z</time>
    
   </trkpt>
   <trkpt lat="39.7208400" lon="-105.8970720">
    <ele>3464.2</ele>
    <time>2026-09-05T15:35:27Z</time>
    
   </trkpt>
   <trkpt lat="39.7208530" lon="-105.8970460">
    <ele>3464.6</ele>
    <time>2026-09-05T15:35:29Z</time>
    
   </trkpt>
   <trkpt lat="39.7208780" lon="-105.8969880">
    <ele>3465.2</ele>
    <time>2026-09-05T15:35:34Z</time>
    
   </trkpt>
   <trkpt lat="39.7208950" lon="-105.8969460">
    <ele>3465.6</ele>
    <time>2026-09-05T15:35:38Z</time>
    
   </trkpt>
   <trkpt lat="39.7209020" lon="-105.8969160">
    <ele>3465.6</ele>
    <time>2026-09-05T15:35:40Z</time>
    
   </trkpt>
   <trkpt lat="39.7209030" lon="-105.8969000">
    <ele>3465.8</ele>
    <time>2026-09-05T15:35:41Z</time>
    
   </trkpt>
   <trkpt lat="39.7209280" lon="-105.8968530">
    <ele>3466.0</ele>
    <time>2026-09-05T15:35:46Z</time>
    
   </trkpt>
   <trkpt lat="39.7209410" lon="-105.8968270">
    <ele>3466.8</ele>
    <time>2026-09-05T15:35:50Z</time>
    
   </trkpt>
   <trkpt lat="39.7209650" lon="-105.8967870">
    <ele>3468.0</ele>
    <time>2026-09-05T15:35:55Z</time>
    
   </trkpt>
   <trkpt lat="39.7209730" lon="-105.8967790">
    <ele>3468.2</ele>
    <time>2026-09-05T15:35:56Z</time>
    
   </trkpt>
   <trkpt lat="39.7209890" lon="-105.8967640">
    <ele>3468.4</ele>
    <time>2026-09-05T15:35:58Z</time>
    
   </trkpt>
   <trkpt lat="39.7210150" lon="-105.8966900">
    <ele>3468.6</ele>
    <time>2026-09-05T15:36:04Z</time>
    
   </trkpt>
   <trkpt lat="39.7210390" lon="-105.8966660">
    <ele>3469.0</ele>
    <time>2026-09-05T15:36:07Z</time>
    
   </trkpt>
   <trkpt lat="39.7210690" lon="-105.8966490">
    <ele>3469.2</ele>
    <time>2026-09-05T15:36:10Z</time>
    
   </trkpt>
   <trkpt lat="39.7211250" lon="-105.8965690">
    <ele>3470.2</ele>
    <time>2026-09-05T15:36:17Z</time>
    
   </trkpt>
   <trkpt lat="39.7211450" lon="-105.8965430">
    <ele>3470.2</ele>
    <time>2026-09-05T15:36:20Z</time>
    
   </trkpt>
   <trkpt lat="39.7211830" lon="-105.8965320">
    <ele>3470.6</ele>
    <time>2026-09-05T15:36:24Z</time>
    
   </trkpt>
   <trkpt lat="39.7211900" lon="-105.8965300">
    <ele>3471.2</ele>
    <time>2026-09-05T15:36:25Z</time>
    
   </trkpt>
   <trkpt lat="39.7211990" lon="-105.8965220">
    <ele>3471.4</ele>
    <time>2026-09-05T15:36:26Z</time>
    
   </trkpt>
   <trkpt lat="39.7212470" lon="-105.8964870">
    <ele>3472.0</ele>
    <time>2026-09-05T15:36:30Z</time>
    
   </trkpt>
   <trkpt lat="39.7212640" lon="-105.8964650">
    <ele>3472.2</ele>
    <time>2026-09-05T15:36:32Z</time>
    
   </trkpt>
   <trkpt lat="39.7212700" lon="-105.8964130">
    <ele>3472.4</ele>
    <time>2026-09-05T15:36:35Z</time>
    
   </trkpt>
   <trkpt lat="39.7213050" lon="-105.8962680">
    <ele>3472.0</ele>
    <time>2026-09-05T15:36:43Z</time>
    
   </trkpt>
   <trkpt lat="39.7213090" lon="-105.8962490">
    <ele>3472.0</ele>
    <time>2026-09-05T15:36:44Z</time>
    
   </trkpt>
   <trkpt lat="39.7213220" lon="-105.8961120">
    <ele>3472.2</ele>
    <time>2026-09-05T15:36:51Z</time>
    
   </trkpt>
   <trkpt lat="39.7213390" lon="-105.8960080">
    <ele>3471.8</ele>
    <time>2026-09-05T15:36:57Z</time>
    
   </trkpt>
   <trkpt lat="39.7213470" lon="-105.8959980">
    <ele>3471.8</ele>
    <time>2026-09-05T15:36:58Z</time>
    
   </trkpt>
   <trkpt lat="39.7213540" lon="-105.8959900">
    <ele>3471.8</ele>
    <time>2026-09-05T15:36:59Z</time>
    
   </trkpt>
   <trkpt lat="39.7213650" lon="-105.8959680">
    <ele>3472.4</ele>
    <time>2026-09-05T15:37:01Z</time>
    
   </trkpt>
   <trkpt lat="39.7213730" lon="-105.8959440">
    <ele>3473.2</ele>
    <time>2026-09-05T15:37:04Z</time>
    
   </trkpt>
   <trkpt lat="39.7213720" lon="-105.8959340">
    <ele>3473.4</ele>
    <time>2026-09-05T15:37:05Z</time>
    
   </trkpt>
   <trkpt lat="39.7214000" lon="-105.8958460">
    <ele>3473.6</ele>
    <time>2026-09-05T15:37:11Z</time>
    
   </trkpt>
   <trkpt lat="39.7214060" lon="-105.8957570">
    <ele>3473.8</ele>
    <time>2026-09-05T15:37:17Z</time>
    
   </trkpt>
   <trkpt lat="39.7213870" lon="-105.8956850">
    <ele>3472.2</ele>
    <time>2026-09-05T15:37:23Z</time>
    
   </trkpt>
   <trkpt lat="39.7213830" lon="-105.8956750">
    <ele>3472.0</ele>
    <time>2026-09-05T15:37:24Z</time>
    
   </trkpt>
   <trkpt lat="39.7213810" lon="-105.8956630">
    <ele>3471.8</ele>
    <time>2026-09-05T15:37:25Z</time>
    
   </trkpt>
   <trkpt lat="39.7213890" lon="-105.8956210">
    <ele>3471.0</ele>
    <time>2026-09-05T15:37:28Z</time>
    
   </trkpt>
   <trkpt lat="39.7213900" lon="-105.8956010">
    <ele>3470.4</ele>
    <time>2026-09-05T15:37:29Z</time>
    
   </trkpt>
   <trkpt lat="39.7213880" lon="-105.8955840">
    <ele>3470.0</ele>
    <time>2026-09-05T15:37:30Z</time>
    
   </trkpt>
   <trkpt lat="39.7213870" lon="-105.8955510">
    <ele>3469.2</ele>
    <time>2026-09-05T15:37:32Z</time>
    
   </trkpt>
   <trkpt lat="39.7214030" lon="-105.8955350">
    <ele>3469.0</ele>
    <time>2026-09-05T15:37:34Z</time>
    
   </trkpt>
   <trkpt lat="39.7214130" lon="-105.8955270">
    <ele>3468.8</ele>
    <time>2026-09-05T15:37:35Z</time>
    
   </trkpt>
   <trkpt lat="39.7214560" lon="-105.8954970">
    <ele>3467.8</ele>
    <time>2026-09-05T15:37:39Z</time>
    
   </trkpt>
   <trkpt lat="39.7214770" lon="-105.8954790">
    <ele>3467.4</ele>
    <time>2026-09-05T15:37:41Z</time>
    
   </trkpt>
   <trkpt lat="39.7215150" lon="-105.8954470">
    <ele>3466.8</ele>
    <time>2026-09-05T15:37:44Z</time>
    
   </trkpt>
   <trkpt lat="39.7215720" lon="-105.8954200">
    <ele>3466.0</ele>
    <time>2026-09-05T15:37:48Z</time>
    
   </trkpt>
   <trkpt lat="39.7215990" lon="-105.8954090">
    <ele>3465.8</ele>
    <time>2026-09-05T15:37:50Z</time>
    
   </trkpt>
   <trkpt lat="39.7216110" lon="-105.8954060">
    <ele>3465.8</ele>
    <time>2026-09-05T15:37:51Z</time>
    
   </trkpt>
   <trkpt lat="39.7216540" lon="-105.8953680">
    <ele>3464.8</ele>
    <time>2026-09-05T15:37:55Z</time>
    
   </trkpt>
   <trkpt lat="39.7216650" lon="-105.8953540">
    <ele>3464.8</ele>
    <time>2026-09-05T15:37:56Z</time>
    
   </trkpt>
   <trkpt lat="39.7217220" lon="-105.8952710">
    <ele>3465.4</ele>
    <time>2026-09-05T15:38:03Z</time>
    
   </trkpt>
   <trkpt lat="39.7217100" lon="-105.8952520">
    <ele>3465.6</ele>
    <time>2026-09-05T15:38:06Z</time>
    
   </trkpt>
   <trkpt lat="39.7217080" lon="-105.8952490">
    <ele>3465.8</ele>
    <time>2026-09-05T15:38:07Z</time>
    
   </trkpt>
   <trkpt lat="39.7217070" lon="-105.8952430">
    <ele>3465.8</ele>
    <time>2026-09-05T15:38:12Z</time>
    
   </trkpt>
   <trkpt lat="39.7217090" lon="-105.8952430">
    <ele>3465.8</ele>
    <time>2026-09-05T15:38:16Z</time>
    
   </trkpt>
   <trkpt lat="39.7217110" lon="-105.8952280">
    <ele>3465.2</ele>
    <time>2026-09-05T15:38:27Z</time>
    
   </trkpt>
   <trkpt lat="39.7217210" lon="-105.8952050">
    <ele>3465.4</ele>
    <time>2026-09-05T15:38:29Z</time>
    
   </trkpt>
   <trkpt lat="39.7217370" lon="-105.8950790">
    <ele>3465.8</ele>
    <time>2026-09-05T15:38:37Z</time>
    
   </trkpt>
   <trkpt lat="39.7217610" lon="-105.8949990">
    <ele>3466.6</ele>
    <time>2026-09-05T15:38:45Z</time>
    
   </trkpt>
   <trkpt lat="39.7217650" lon="-105.8949850">
    <ele>3466.8</ele>
    <time>2026-09-05T15:38:46Z</time>
    
   </trkpt>
   <trkpt lat="39.7217950" lon="-105.8949540">
    <ele>3468.2</ele>
    <time>2026-09-05T15:38:51Z</time>
    
   </trkpt>
   <trkpt lat="39.7218020" lon="-105.8949370">
    <ele>3468.8</ele>
    <time>2026-09-05T15:38:53Z</time>
    
   </trkpt>
   <trkpt lat="39.7218060" lon="-105.8949270">
    <ele>3469.0</ele>
    <time>2026-09-05T15:38:54Z</time>
    
   </trkpt>
   <trkpt lat="39.7218100" lon="-105.8949170">
    <ele>3469.2</ele>
    <time>2026-09-05T15:38:55Z</time>
    
   </trkpt>
   <trkpt lat="39.7218130" lon="-105.8949050">
    <ele>3469.4</ele>
    <time>2026-09-05T15:38:56Z</time>
    
   </trkpt>
   <trkpt lat="39.7218180" lon="-105.8948770">
    <ele>3469.8</ele>
    <time>2026-09-05T15:38:58Z</time>
    
   </trkpt>
   <trkpt lat="39.7218420" lon="-105.8948290">
    <ele>3470.4</ele>
    <time>2026-09-05T15:39:02Z</time>
    
   </trkpt>
   <trkpt lat="39.7218570" lon="-105.8947870">
    <ele>3471.0</ele>
    <time>2026-09-05T15:39:05Z</time>
    
   </trkpt>
   <trkpt lat="39.7218720" lon="-105.8947680">
    <ele>3471.6</ele>
    <time>2026-09-05T15:39:07Z</time>
    
   </trkpt>
   <trkpt lat="39.7219150" lon="-105.8947490">
    <ele>3472.8</ele>
    <time>2026-09-05T15:39:12Z</time>
    
   </trkpt>
   <trkpt lat="39.7219220" lon="-105.8947470">
    <ele>3472.8</ele>
    <time>2026-09-05T15:39:13Z</time>
    
   </trkpt>
   <trkpt lat="39.7219400" lon="-105.8947590">
    <ele>3473.2</ele>
    <time>2026-09-05T15:39:18Z</time>
    
   </trkpt>
   <trkpt lat="39.7219330" lon="-105.8947540">
    <ele>3473.4</ele>
    <time>2026-09-05T15:39:21Z</time>
    
   </trkpt>
   <trkpt lat="39.7219560" lon="-105.8948180">
    <ele>3473.2</ele>
    <time>2026-09-05T15:39:32Z</time>
    
   </trkpt>
   <trkpt lat="39.7219960" lon="-105.8948870">
    <ele>3473.8</ele>
    <time>2026-09-05T15:39:38Z</time>
    
   </trkpt>
   <trkpt lat="39.7220430" lon="-105.8949360">
    <ele>3474.0</ele>
    <time>2026-09-05T15:39:43Z</time>
    
   </trkpt>
   <trkpt lat="39.7221490" lon="-105.8950290">
    <ele>3474.6</ele>
    <time>2026-09-05T15:39:54Z</time>
    
   </trkpt>
   <trkpt lat="39.7221700" lon="-105.8950560">
    <ele>3474.4</ele>
    <time>2026-09-05T15:39:56Z</time>
    
   </trkpt>
   <trkpt lat="39.7221990" lon="-105.8950780">
    <ele>3474.4</ele>
    <time>2026-09-05T15:39:58Z</time>
    
   </trkpt>
   <trkpt lat="39.7222390" lon="-105.8951060">
    <ele>3474.4</ele>
    <time>2026-09-05T15:40:01Z</time>
    
   </trkpt>
   <trkpt lat="39.7222650" lon="-105.8951200">
    <ele>3474.4</ele>
    <time>2026-09-05T15:40:03Z</time>
    
   </trkpt>
   <trkpt lat="39.7223070" lon="-105.8951410">
    <ele>3474.8</ele>
    <time>2026-09-05T15:40:06Z</time>
    
   </trkpt>
   <trkpt lat="39.7223310" lon="-105.8951470">
    <ele>3475.0</ele>
    <time>2026-09-05T15:40:08Z</time>
    
   </trkpt>
   <trkpt lat="39.7223820" lon="-105.8951470">
    <ele>3475.4</ele>
    <time>2026-09-05T15:40:12Z</time>
    
   </trkpt>
   <trkpt lat="39.7224110" lon="-105.8951430">
    <ele>3475.6</ele>
    <time>2026-09-05T15:40:13Z</time>
    
   </trkpt>
   <trkpt lat="39.7224230" lon="-105.8951380">
    <ele>3475.6</ele>
    <time>2026-09-05T15:40:15Z</time>
    
   </trkpt>
   <trkpt lat="39.7224650" lon="-105.8950950">
    <ele>3476.0</ele>
    <time>2026-09-05T15:40:19Z</time>
    
   </trkpt>
   <trkpt lat="39.7224740" lon="-105.8950830">
    <ele>3476.2</ele>
    <time>2026-09-05T15:40:20Z</time>
    
   </trkpt>
   <trkpt lat="39.7224970" lon="-105.8950600">
    <ele>3476.4</ele>
    <time>2026-09-05T15:40:22Z</time>
    
   </trkpt>
   <trkpt lat="39.7225860" lon="-105.8949640">
    <ele>3476.8</ele>
    <time>2026-09-05T15:40:31Z</time>
    
   </trkpt>
   <trkpt lat="39.7226050" lon="-105.8949230">
    <ele>3477.2</ele>
    <time>2026-09-05T15:40:34Z</time>
    
   </trkpt>
   <trkpt lat="39.7226460" lon="-105.8948540">
    <ele>3478.0</ele>
    <time>2026-09-05T15:40:39Z</time>
    
   </trkpt>
   <trkpt lat="39.7226610" lon="-105.8948280">
    <ele>3478.4</ele>
    <time>2026-09-05T15:40:41Z</time>
    
   </trkpt>
   <trkpt lat="39.7226840" lon="-105.8948070">
    <ele>3479.4</ele>
    <time>2026-09-05T15:40:43Z</time>
    
   </trkpt>
   <trkpt lat="39.7227220" lon="-105.8947740">
    <ele>3480.2</ele>
    <time>2026-09-05T15:40:46Z</time>
    
   </trkpt>
   <trkpt lat="39.7227390" lon="-105.8947470">
    <ele>3480.4</ele>
    <time>2026-09-05T15:40:48Z</time>
    
   </trkpt>
   <trkpt lat="39.7227520" lon="-105.8947040">
    <ele>3480.4</ele>
    <time>2026-09-05T15:40:52Z</time>
    
   </trkpt>
   <trkpt lat="39.7227840" lon="-105.8946400">
    <ele>3481.2</ele>
    <time>2026-09-05T15:40:58Z</time>
    
   </trkpt>
   <trkpt lat="39.7228070" lon="-105.8946190">
    <ele>3481.6</ele>
    <time>2026-09-05T15:41:00Z</time>
    
   </trkpt>
   <trkpt lat="39.7228570" lon="-105.8945550">
    <ele>3481.4</ele>
    <time>2026-09-05T15:41:05Z</time>
    
   </trkpt>
   <trkpt lat="39.7229090" lon="-105.8944710">
    <ele>3481.0</ele>
    <time>2026-09-05T15:41:12Z</time>
    
   </trkpt>
   <trkpt lat="39.7229580" lon="-105.8943860">
    <ele>3482.2</ele>
    <time>2026-09-05T15:41:19Z</time>
    
   </trkpt>
   <trkpt lat="39.7229670" lon="-105.8943750">
    <ele>3482.6</ele>
    <time>2026-09-05T15:41:20Z</time>
    
   </trkpt>
   <trkpt lat="39.7230140" lon="-105.8942940">
    <ele>3482.0</ele>
    <time>2026-09-05T15:41:26Z</time>
    
   </trkpt>
   <trkpt lat="39.7230490" lon="-105.8942320">
    <ele>3481.8</ele>
    <time>2026-09-05T15:41:30Z</time>
    
   </trkpt>
   <trkpt lat="39.7231020" lon="-105.8941600">
    <ele>3482.6</ele>
    <time>2026-09-05T15:41:35Z</time>
    
   </trkpt>
   <trkpt lat="39.7231620" lon="-105.8940230">
    <ele>3482.8</ele>
    <time>2026-09-05T15:41:43Z</time>
    
   </trkpt>
   <trkpt lat="39.7231980" lon="-105.8939330">
    <ele>3483.8</ele>
    <time>2026-09-05T15:41:49Z</time>
    
   </trkpt>
   <trkpt lat="39.7232350" lon="-105.8938210">
    <ele>3483.6</ele>
    <time>2026-09-05T15:41:56Z</time>
    
   </trkpt>
   <trkpt lat="39.7232410" lon="-105.8937100">
    <ele>3483.8</ele>
    <time>2026-09-05T15:42:02Z</time>
    
   </trkpt>
   <trkpt lat="39.7232420" lon="-105.8936390">
    <ele>3484.4</ele>
    <time>2026-09-05T15:42:07Z</time>
    
   </trkpt>
   <trkpt lat="39.7232440" lon="-105.8936090">
    <ele>3484.6</ele>
    <time>2026-09-05T15:42:09Z</time>
    
   </trkpt>
   <trkpt lat="39.7232420" lon="-105.8935740">
    <ele>3484.8</ele>
    <time>2026-09-05T15:42:11Z</time>
    
   </trkpt>
   <trkpt lat="39.7232270" lon="-105.8935070">
    <ele>3484.4</ele>
    <time>2026-09-05T15:42:16Z</time>
    
   </trkpt>
   <trkpt lat="39.7232190" lon="-105.8935080">
    <ele>3484.2</ele>
    <time>2026-09-05T15:42:20Z</time>
    
   </trkpt>
   <trkpt lat="39.7232210" lon="-105.8935000">
    <ele>3484.2</ele>
    <time>2026-09-05T15:42:22Z</time>
    
   </trkpt>
   <trkpt lat="39.7232200" lon="-105.8934900">
    <ele>3484.2</ele>
    <time>2026-09-05T15:42:23Z</time>
    
   </trkpt>
   <trkpt lat="39.7232100" lon="-105.8934360">
    <ele>3483.8</ele>
    <time>2026-09-05T15:42:27Z</time>
    
   </trkpt>
   <trkpt lat="39.7232000" lon="-105.8933470">
    <ele>3484.4</ele>
    <time>2026-09-05T15:42:32Z</time>
    
   </trkpt>
   <trkpt lat="39.7231860" lon="-105.8932960">
    <ele>3484.6</ele>
    <time>2026-09-05T15:42:35Z</time>
    
   </trkpt>
   <trkpt lat="39.7231710" lon="-105.8932340">
    <ele>3484.8</ele>
    <time>2026-09-05T15:42:39Z</time>
    
   </trkpt>
   <trkpt lat="39.7231680" lon="-105.8932290">
    <ele>3484.8</ele>
    <time>2026-09-05T15:42:40Z</time>
    
   </trkpt>
   <trkpt lat="39.7231590" lon="-105.8932120">
    <ele>3484.8</ele>
    <time>2026-09-05T15:42:42Z</time>
    
   </trkpt>
   <trkpt lat="39.7231400" lon="-105.8931540">
    <ele>3485.6</ele>
    <time>2026-09-05T15:42:46Z</time>
    
   </trkpt>
   <trkpt lat="39.7231260" lon="-105.8931260">
    <ele>3486.0</ele>
    <time>2026-09-05T15:42:48Z</time>
    
   </trkpt>
   <trkpt lat="39.7230960" lon="-105.8930520">
    <ele>3485.8</ele>
    <time>2026-09-05T15:42:53Z</time>
    
   </trkpt>
   <trkpt lat="39.7230870" lon="-105.8929910">
    <ele>3485.0</ele>
    <time>2026-09-05T15:42:57Z</time>
    
   </trkpt>
   <trkpt lat="39.7230800" lon="-105.8929540">
    <ele>3484.8</ele>
    <time>2026-09-05T15:42:59Z</time>
    
   </trkpt>
   <trkpt lat="39.7230580" lon="-105.8928190">
    <ele>3484.4</ele>
    <time>2026-09-05T15:43:08Z</time>
    
   </trkpt>
   <trkpt lat="39.7230560" lon="-105.8928050">
    <ele>3484.4</ele>
    <time>2026-09-05T15:43:09Z</time>
    
   </trkpt>
   <trkpt lat="39.7230660" lon="-105.8927270">
    <ele>3484.8</ele>
    <time>2026-09-05T15:43:14Z</time>
    
   </trkpt>
   <trkpt lat="39.7231130" lon="-105.8926290">
    <ele>3485.0</ele>
    <time>2026-09-05T15:43:21Z</time>
    
   </trkpt>
   <trkpt lat="39.7231110" lon="-105.8926230">
    <ele>3485.0</ele>
    <time>2026-09-05T15:43:22Z</time>
    
   </trkpt>
   <trkpt lat="39.7231070" lon="-105.8926190">
    <ele>3484.8</ele>
    <time>2026-09-05T15:43:24Z</time>
    
   </trkpt>
   <trkpt lat="39.7231010" lon="-105.8926310">
    <ele>3485.0</ele>
    <time>2026-09-05T15:43:27Z</time>
    
   </trkpt>
   <trkpt lat="39.7231260" lon="-105.8925980">
    <ele>3485.2</ele>
    <time>2026-09-05T15:43:35Z</time>
    
   </trkpt>
   <trkpt lat="39.7231410" lon="-105.8925740">
    <ele>3485.2</ele>
    <time>2026-09-05T15:43:37Z</time>
    
   </trkpt>
   <trkpt lat="39.7231940" lon="-105.8924980">
    <ele>3486.0</ele>
    <time>2026-09-05T15:43:44Z</time>
    
   </trkpt>
   <trkpt lat="39.7232080" lon="-105.8924740">
    <ele>3485.8</ele>
    <time>2026-09-05T15:43:46Z</time>
    
   </trkpt>
   <trkpt lat="39.7232600" lon="-105.8923570">
    <ele>3485.8</ele>
    <time>2026-09-05T15:43:54Z</time>
    
   </trkpt>
   <trkpt lat="39.7233420" lon="-105.8922400">
    <ele>3485.6</ele>
    <time>2026-09-05T15:44:03Z</time>
    
   </trkpt>
   <trkpt lat="39.7233930" lon="-105.8921460">
    <ele>3486.2</ele>
    <time>2026-09-05T15:44:09Z</time>
    
   </trkpt>
   <trkpt lat="39.7234000" lon="-105.8921300">
    <ele>3486.2</ele>
    <time>2026-09-05T15:44:10Z</time>
    
   </trkpt>
   <trkpt lat="39.7234510" lon="-105.8920200">
    <ele>3485.8</ele>
    <time>2026-09-05T15:44:17Z</time>
    
   </trkpt>
   <trkpt lat="39.7234950" lon="-105.8919680">
    <ele>3485.2</ele>
    <time>2026-09-05T15:44:21Z</time>
    
   </trkpt>
   <trkpt lat="39.7235030" lon="-105.8919540">
    <ele>3484.8</ele>
    <time>2026-09-05T15:44:22Z</time>
    
   </trkpt>
   <trkpt lat="39.7235110" lon="-105.8919400">
    <ele>3484.4</ele>
    <time>2026-09-05T15:44:23Z</time>
    
   </trkpt>
   <trkpt lat="39.7235340" lon="-105.8918930">
    <ele>3483.6</ele>
    <time>2026-09-05T15:44:26Z</time>
    
   </trkpt>
   <trkpt lat="39.7235610" lon="-105.8918200">
    <ele>3482.4</ele>
    <time>2026-09-05T15:44:30Z</time>
    
   </trkpt>
   <trkpt lat="39.7235660" lon="-105.8916700">
    <ele>3482.8</ele>
    <time>2026-09-05T15:44:38Z</time>
    
   </trkpt>
   <trkpt lat="39.7235800" lon="-105.8915420">
    <ele>3483.6</ele>
    <time>2026-09-05T15:44:45Z</time>
    
   </trkpt>
   <trkpt lat="39.7235820" lon="-105.8915240">
    <ele>3483.6</ele>
    <time>2026-09-05T15:44:46Z</time>
    
   </trkpt>
   <trkpt lat="39.7235860" lon="-105.8913980">
    <ele>3484.6</ele>
    <time>2026-09-05T15:44:52Z</time>
    
   </trkpt>
   <trkpt lat="39.7235830" lon="-105.8913770">
    <ele>3484.6</ele>
    <time>2026-09-05T15:44:53Z</time>
    
   </trkpt>
   <trkpt lat="39.7235810" lon="-105.8912760">
    <ele>3485.2</ele>
    <time>2026-09-05T15:44:58Z</time>
    
   </trkpt>
   <trkpt lat="39.7235730" lon="-105.8912190">
    <ele>3485.4</ele>
    <time>2026-09-05T15:45:01Z</time>
    
   </trkpt>
   <trkpt lat="39.7235560" lon="-105.8911700">
    <ele>3485.6</ele>
    <time>2026-09-05T15:45:04Z</time>
    
   </trkpt>
   <trkpt lat="39.7235330" lon="-105.8911120">
    <ele>3485.6</ele>
    <time>2026-09-05T15:45:08Z</time>
    
   </trkpt>
   <trkpt lat="39.7235290" lon="-105.8911070">
    <ele>3485.6</ele>
    <time>2026-09-05T15:45:09Z</time>
    
   </trkpt>
   <trkpt lat="39.7235290" lon="-105.8911070">
    <ele>3485.6</ele>
    <time>2026-09-05T15:45:10Z</time>
    
   </trkpt>
   <trkpt lat="39.7235060" lon="-105.8911080">
    <ele>3485.4</ele>
    <time>2026-09-05T15:45:13Z</time>
    
   </trkpt>
   <trkpt lat="39.7235050" lon="-105.8911300">
    <ele>3485.0</ele>
    <time>2026-09-05T15:45:18Z</time>
    
   </trkpt>
   <trkpt lat="39.7235050" lon="-105.8911290">
    <ele>3485.0</ele>
    <time>2026-09-05T15:45:30Z</time>
    
   </trkpt>
   <trkpt lat="39.7234950" lon="-105.8911320">
    <ele>3485.0</ele>
    <time>2026-09-05T15:45:44Z</time>
    
   </trkpt>
   <trkpt lat="39.7234780" lon="-105.8911330">
    <ele>3485.0</ele>
    <time>2026-09-05T15:45:51Z</time>
    
   </trkpt>
   <trkpt lat="39.7234750" lon="-105.8911370">
    <ele>3485.0</ele>
    <time>2026-09-05T15:45:53Z</time>
    
   </trkpt>
   <trkpt lat="39.7234700" lon="-105.8911380">
    <ele>3485.0</ele>
    <time>2026-09-05T15:45:55Z</time>
    
   </trkpt>
   <trkpt lat="39.7234650" lon="-105.8911350">
    <ele>3485.0</ele>
    <time>2026-09-05T15:46:04Z</time>
    
   </trkpt>
   <trkpt lat="39.7234660" lon="-105.8911340">
    <ele>3485.0</ele>
    <time>2026-09-05T15:46:16Z</time>
    
   </trkpt>
   <trkpt lat="39.7234660" lon="-105.8911340">
    <ele>3488.2</ele>
    <time>2026-09-05T15:46:18Z</time>
    
   </trkpt>
   <trkpt lat="39.7234660" lon="-105.8911340">
    <ele>3487.2</ele>
    <time>2026-09-05T15:46:21Z</time>
    
   </trkpt>
   <trkpt lat="39.7234650" lon="-105.8911340">
    <ele>3486.6</ele>
    <time>2026-09-05T15:46:30Z</time>
    
   </trkpt>
   <trkpt lat="39.7234670" lon="-105.8911330">
    <ele>3486.8</ele>
    <time>2026-09-05T15:46:33Z</time>
    
   </trkpt>
   <trkpt lat="39.7234750" lon="-105.8911300">
    <ele>3486.0</ele>
    <time>2026-09-05T15:46:38Z</time>
    
   </trkpt>
   <trkpt lat="39.7234790" lon="-105.8911270">
    <ele>3485.8</ele>
    <time>2026-09-05T15:46:43Z</time>
    
   </trkpt>
   <trkpt lat="39.7234820" lon="-105.8910630">
    <ele>3485.6</ele>
    <time>2026-09-05T15:46:53Z</time>
    
   </trkpt>
   <trkpt lat="39.7234790" lon="-105.8908980">
    <ele>3485.2</ele>
    <time>2026-09-05T15:47:01Z</time>
    
   </trkpt>
   <trkpt lat="39.7234830" lon="-105.8907750">
    <ele>3485.2</ele>
    <time>2026-09-05T15:47:07Z</time>
    
   </trkpt>
   <trkpt lat="39.7235040" lon="-105.8906640">
    <ele>3484.8</ele>
    <time>2026-09-05T15:47:13Z</time>
    
   </trkpt>
   <trkpt lat="39.7235110" lon="-105.8906210">
    <ele>3484.6</ele>
    <time>2026-09-05T15:47:15Z</time>
    
   </trkpt>
   <trkpt lat="39.7235220" lon="-105.8905440">
    <ele>3484.4</ele>
    <time>2026-09-05T15:47:19Z</time>
    
   </trkpt>
   <trkpt lat="39.7235290" lon="-105.8905070">
    <ele>3484.6</ele>
    <time>2026-09-05T15:47:21Z</time>
    
   </trkpt>
   <trkpt lat="39.7235280" lon="-105.8904890">
    <ele>3484.6</ele>
    <time>2026-09-05T15:47:22Z</time>
    
   </trkpt>
   <trkpt lat="39.7234840" lon="-105.8903950">
    <ele>3484.6</ele>
    <time>2026-09-05T15:47:28Z</time>
    
   </trkpt>
   <trkpt lat="39.7234570" lon="-105.8903270">
    <ele>3484.0</ele>
    <time>2026-09-05T15:47:32Z</time>
    
   </trkpt>
   <trkpt lat="39.7234540" lon="-105.8903070">
    <ele>3483.8</ele>
    <time>2026-09-05T15:47:33Z</time>
    
   </trkpt>
   <trkpt lat="39.7234550" lon="-105.8902640">
    <ele>3483.0</ele>
    <time>2026-09-05T15:47:35Z</time>
    
   </trkpt>
   <trkpt lat="39.7234550" lon="-105.8902490">
    <ele>3482.6</ele>
    <time>2026-09-05T15:47:36Z</time>
    
   </trkpt>
   <trkpt lat="39.7234510" lon="-105.8901680">
    <ele>3481.4</ele>
    <time>2026-09-05T15:47:41Z</time>
    
   </trkpt>
   <trkpt lat="39.7234350" lon="-105.8901390">
    <ele>3481.0</ele>
    <time>2026-09-05T15:47:43Z</time>
    
   </trkpt>
   <trkpt lat="39.7233960" lon="-105.8901330">
    <ele>3480.4</ele>
    <time>2026-09-05T15:47:46Z</time>
    
   </trkpt>
   <trkpt lat="39.7233720" lon="-105.8901120">
    <ele>3479.6</ele>
    <time>2026-09-05T15:47:48Z</time>
    
   </trkpt>
   <trkpt lat="39.7233600" lon="-105.8900970">
    <ele>3479.2</ele>
    <time>2026-09-05T15:47:49Z</time>
    
   </trkpt>
   <trkpt lat="39.7233430" lon="-105.8900570">
    <ele>3478.8</ele>
    <time>2026-09-05T15:47:51Z</time>
    
   </trkpt>
   <trkpt lat="39.7233300" lon="-105.8900120">
    <ele>3478.0</ele>
    <time>2026-09-05T15:47:53Z</time>
    
   </trkpt>
   <trkpt lat="39.7233220" lon="-105.8899510">
    <ele>3476.4</ele>
    <time>2026-09-05T15:47:55Z</time>
    
   </trkpt>
   <trkpt lat="39.7233290" lon="-105.8899130">
    <ele>3475.8</ele>
    <time>2026-09-05T15:47:56Z</time>
    
   </trkpt>
   <trkpt lat="39.7233380" lon="-105.8898760">
    <ele>3475.4</ele>
    <time>2026-09-05T15:47:57Z</time>
    
   </trkpt>
   <trkpt lat="39.7233950" lon="-105.8897670">
    <ele>3474.8</ele>
    <time>2026-09-05T15:48:01Z</time>
    
   </trkpt>
   <trkpt lat="39.7234420" lon="-105.8897170">
    <ele>3475.0</ele>
    <time>2026-09-05T15:48:05Z</time>
    
   </trkpt>
   <trkpt lat="39.7234490" lon="-105.8897150">
    <ele>3475.0</ele>
    <time>2026-09-05T15:48:06Z</time>
    
   </trkpt>
   <trkpt lat="39.7234790" lon="-105.8896460">
    <ele>3475.4</ele>
    <time>2026-09-05T15:48:11Z</time>
    
   </trkpt>
   <trkpt lat="39.7234740" lon="-105.8895360">
    <ele>3474.4</ele>
    <time>2026-09-05T15:48:17Z</time>
    
   </trkpt>
   <trkpt lat="39.7234760" lon="-105.8895160">
    <ele>3473.8</ele>
    <time>2026-09-05T15:48:18Z</time>
    
   </trkpt>
   <trkpt lat="39.7234950" lon="-105.8894620">
    <ele>3472.8</ele>
    <time>2026-09-05T15:48:21Z</time>
    
   </trkpt>
   <trkpt lat="39.7235100" lon="-105.8894220">
    <ele>3472.6</ele>
    <time>2026-09-05T15:48:23Z</time>
    
   </trkpt>
   <trkpt lat="39.7235000" lon="-105.8893030">
    <ele>3471.6</ele>
    <time>2026-09-05T15:48:28Z</time>
    
   </trkpt>
   <trkpt lat="39.7234910" lon="-105.8892830">
    <ele>3471.2</ele>
    <time>2026-09-05T15:48:29Z</time>
    
   </trkpt>
   <trkpt lat="39.7234710" lon="-105.8892380">
    <ele>3470.4</ele>
    <time>2026-09-05T15:48:31Z</time>
    
   </trkpt>
   <trkpt lat="39.7234440" lon="-105.8891840">
    <ele>3469.6</ele>
    <time>2026-09-05T15:48:34Z</time>
    
   </trkpt>
   <trkpt lat="39.7234370" lon="-105.8891670">
    <ele>3469.2</ele>
    <time>2026-09-05T15:48:35Z</time>
    
   </trkpt>
   <trkpt lat="39.7234230" lon="-105.8891110">
    <ele>3468.2</ele>
    <time>2026-09-05T15:48:38Z</time>
    
   </trkpt>
   <trkpt lat="39.7234160" lon="-105.8890780">
    <ele>3467.8</ele>
    <time>2026-09-05T15:48:40Z</time>
    
   </trkpt>
   <trkpt lat="39.7234020" lon="-105.8890600">
    <ele>3467.6</ele>
    <time>2026-09-05T15:48:41Z</time>
    
   </trkpt>
   <trkpt lat="39.7233720" lon="-105.8890250">
    <ele>3467.2</ele>
    <time>2026-09-05T15:48:43Z</time>
    
   </trkpt>
   <trkpt lat="39.7233540" lon="-105.8889840">
    <ele>3466.4</ele>
    <time>2026-09-05T15:48:45Z</time>
    
   </trkpt>
   <trkpt lat="39.7233480" lon="-105.8889640">
    <ele>3466.2</ele>
    <time>2026-09-05T15:48:46Z</time>
    
   </trkpt>
   <trkpt lat="39.7233300" lon="-105.8889060">
    <ele>3464.8</ele>
    <time>2026-09-05T15:48:49Z</time>
    
   </trkpt>
   <trkpt lat="39.7233250" lon="-105.8888890">
    <ele>3464.4</ele>
    <time>2026-09-05T15:48:50Z</time>
    
   </trkpt>
   <trkpt lat="39.7233000" lon="-105.8888250">
    <ele>3464.0</ele>
    <time>2026-09-05T15:48:53Z</time>
    
   </trkpt>
   <trkpt lat="39.7232830" lon="-105.8887800">
    <ele>3463.8</ele>
    <time>2026-09-05T15:48:55Z</time>
    
   </trkpt>
   <trkpt lat="39.7232500" lon="-105.8887180">
    <ele>3462.4</ele>
    <time>2026-09-05T15:48:58Z</time>
    
   </trkpt>
   <trkpt lat="39.7232260" lon="-105.8886790">
    <ele>3461.0</ele>
    <time>2026-09-05T15:49:00Z</time>
    
   </trkpt>
   <trkpt lat="39.7232140" lon="-105.8886600">
    <ele>3460.8</ele>
    <time>2026-09-05T15:49:01Z</time>
    
   </trkpt>
   <trkpt lat="39.7231830" lon="-105.8886180">
    <ele>3459.8</ele>
    <time>2026-09-05T15:49:03Z</time>
    
   </trkpt>
   <trkpt lat="39.7231510" lon="-105.8885670">
    <ele>3458.8</ele>
    <time>2026-09-05T15:49:05Z</time>
    
   </trkpt>
   <trkpt lat="39.7231330" lon="-105.8885050">
    <ele>3457.8</ele>
    <time>2026-09-05T15:49:07Z</time>
    
   </trkpt>
   <trkpt lat="39.7231220" lon="-105.8884050">
    <ele>3456.4</ele>
    <time>2026-09-05T15:49:10Z</time>
    
   </trkpt>
   <trkpt lat="39.7230870" lon="-105.8883500">
    <ele>3455.2</ele>
    <time>2026-09-05T15:49:12Z</time>
    
   </trkpt>
   <trkpt lat="39.7230620" lon="-105.8883270">
    <ele>3454.2</ele>
    <time>2026-09-05T15:49:13Z</time>
    
   </trkpt>
   <trkpt lat="39.7230440" lon="-105.8883040">
    <ele>3453.2</ele>
    <time>2026-09-05T15:49:14Z</time>
    
   </trkpt>
   <trkpt lat="39.7230330" lon="-105.8882810">
    <ele>3452.8</ele>
    <time>2026-09-05T15:49:15Z</time>
    
   </trkpt>
   <trkpt lat="39.7230180" lon="-105.8882450">
    <ele>3452.2</ele>
    <time>2026-09-05T15:49:17Z</time>
    
   </trkpt>
   <trkpt lat="39.7229940" lon="-105.8882110">
    <ele>3451.4</ele>
    <time>2026-09-05T15:49:19Z</time>
    
   </trkpt>
   <trkpt lat="39.7229690" lon="-105.8881820">
    <ele>3450.4</ele>
    <time>2026-09-05T15:49:21Z</time>
    
   </trkpt>
   <trkpt lat="39.7229500" lon="-105.8881510">
    <ele>3449.2</ele>
    <time>2026-09-05T15:49:23Z</time>
    
   </trkpt>
   <trkpt lat="39.7229170" lon="-105.8880870">
    <ele>3448.2</ele>
    <time>2026-09-05T15:49:27Z</time>
    
   </trkpt>
   <trkpt lat="39.7229050" lon="-105.8880420">
    <ele>3447.4</ele>
    <time>2026-09-05T15:49:30Z</time>
    
   </trkpt>
   <trkpt lat="39.7228960" lon="-105.8880230">
    <ele>3447.2</ele>
    <time>2026-09-05T15:49:31Z</time>
    
   </trkpt>
   <trkpt lat="39.7228450" lon="-105.8879500">
    <ele>3446.0</ele>
    <time>2026-09-05T15:49:36Z</time>
    
   </trkpt>
   <trkpt lat="39.7228260" lon="-105.8878990">
    <ele>3444.6</ele>
    <time>2026-09-05T15:49:39Z</time>
    
   </trkpt>
   <trkpt lat="39.7228040" lon="-105.8878480">
    <ele>3444.0</ele>
    <time>2026-09-05T15:49:42Z</time>
    
   </trkpt>
   <trkpt lat="39.7227930" lon="-105.8877890">
    <ele>3443.6</ele>
    <time>2026-09-05T15:49:45Z</time>
    
   </trkpt>
   <trkpt lat="39.7227730" lon="-105.8877340">
    <ele>3443.2</ele>
    <time>2026-09-05T15:49:48Z</time>
    
   </trkpt>
   <trkpt lat="39.7227620" lon="-105.8877190">
    <ele>3443.0</ele>
    <time>2026-09-05T15:49:49Z</time>
    
   </trkpt>
   <trkpt lat="39.7227470" lon="-105.8876970">
    <ele>3442.8</ele>
    <time>2026-09-05T15:49:51Z</time>
    
   </trkpt>
   <trkpt lat="39.7227430" lon="-105.8876900">
    <ele>3442.8</ele>
    <time>2026-09-05T15:49:52Z</time>
    
   </trkpt>
   <trkpt lat="39.7227320" lon="-105.8876740">
    <ele>3442.4</ele>
    <time>2026-09-05T15:49:54Z</time>
    
   </trkpt>
   <trkpt lat="39.7227310" lon="-105.8876590">
    <ele>3442.2</ele>
    <time>2026-09-05T15:49:55Z</time>
    
   </trkpt>
   <trkpt lat="39.7227350" lon="-105.8876080">
    <ele>3441.2</ele>
    <time>2026-09-05T15:49:58Z</time>
    
   </trkpt>
   <trkpt lat="39.7227270" lon="-105.8875150">
    <ele>3440.8</ele>
    <time>2026-09-05T15:50:03Z</time>
    
   </trkpt>
   <trkpt lat="39.7227150" lon="-105.8874620">
    <ele>3439.8</ele>
    <time>2026-09-05T15:50:06Z</time>
    
   </trkpt>
   <trkpt lat="39.7226960" lon="-105.8873910">
    <ele>3439.2</ele>
    <time>2026-09-05T15:50:10Z</time>
    
   </trkpt>
   <trkpt lat="39.7226870" lon="-105.8873780">
    <ele>3438.8</ele>
    <time>2026-09-05T15:50:11Z</time>
    
   </trkpt>
   <trkpt lat="39.7226690" lon="-105.8873360">
    <ele>3437.8</ele>
    <time>2026-09-05T15:50:14Z</time>
    
   </trkpt>
   <trkpt lat="39.7226700" lon="-105.8873260">
    <ele>3437.8</ele>
    <time>2026-09-05T15:50:15Z</time>
    
   </trkpt>
   <trkpt lat="39.7226690" lon="-105.8873080">
    <ele>3437.6</ele>
    <time>2026-09-05T15:50:16Z</time>
    
   </trkpt>
   <trkpt lat="39.7226500" lon="-105.8872570">
    <ele>3437.0</ele>
    <time>2026-09-05T15:50:19Z</time>
    
   </trkpt>
   <trkpt lat="39.7226420" lon="-105.8872370">
    <ele>3436.6</ele>
    <time>2026-09-05T15:50:20Z</time>
    
   </trkpt>
   <trkpt lat="39.7226290" lon="-105.8871800">
    <ele>3435.4</ele>
    <time>2026-09-05T15:50:23Z</time>
    
   </trkpt>
   <trkpt lat="39.7226140" lon="-105.8871410">
    <ele>3434.8</ele>
    <time>2026-09-05T15:50:26Z</time>
    
   </trkpt>
   <trkpt lat="39.7225920" lon="-105.8871540">
    <ele>3434.2</ele>
    <time>2026-09-05T15:50:28Z</time>
    
   </trkpt>
   <trkpt lat="39.7225850" lon="-105.8871690">
    <ele>3433.8</ele>
    <time>2026-09-05T15:50:29Z</time>
    
   </trkpt>
   <trkpt lat="39.7225760" lon="-105.8871840">
    <ele>3433.4</ele>
    <time>2026-09-05T15:50:30Z</time>
    
   </trkpt>
   <trkpt lat="39.7225660" lon="-105.8871970">
    <ele>3433.2</ele>
    <time>2026-09-05T15:50:31Z</time>
    
   </trkpt>
   <trkpt lat="39.7225240" lon="-105.8872600">
    <ele>3432.2</ele>
    <time>2026-09-05T15:50:35Z</time>
    
   </trkpt>
   <trkpt lat="39.7225200" lon="-105.8872750">
    <ele>3432.0</ele>
    <time>2026-09-05T15:50:36Z</time>
    
   </trkpt>
   <trkpt lat="39.7225030" lon="-105.8873350">
    <ele>3430.8</ele>
    <time>2026-09-05T15:50:40Z</time>
    
   </trkpt>
   <trkpt lat="39.7224870" lon="-105.8873710">
    <ele>3430.4</ele>
    <time>2026-09-05T15:50:42Z</time>
    
   </trkpt>
   <trkpt lat="39.7224530" lon="-105.8874420">
    <ele>3429.6</ele>
    <time>2026-09-05T15:50:46Z</time>
    
   </trkpt>
   <trkpt lat="39.7224320" lon="-105.8874630">
    <ele>3428.6</ele>
    <time>2026-09-05T15:50:48Z</time>
    
   </trkpt>
   <trkpt lat="39.7224260" lon="-105.8874810">
    <ele>3428.4</ele>
    <time>2026-09-05T15:50:49Z</time>
    
   </trkpt>
   <trkpt lat="39.7224220" lon="-105.8875270">
    <ele>3427.8</ele>
    <time>2026-09-05T15:50:52Z</time>
    
   </trkpt>
   <trkpt lat="39.7224200" lon="-105.8875390">
    <ele>3427.6</ele>
    <time>2026-09-05T15:50:53Z</time>
    
   </trkpt>
   <trkpt lat="39.7224170" lon="-105.8875480">
    <ele>3427.4</ele>
    <time>2026-09-05T15:50:54Z</time>
    
   </trkpt>
   <trkpt lat="39.7224130" lon="-105.8875500">
    <ele>3427.4</ele>
    <time>2026-09-05T15:50:55Z</time>
    
   </trkpt>
   <trkpt lat="39.7224080" lon="-105.8875600">
    <ele>3427.0</ele>
    <time>2026-09-05T15:50:59Z</time>
    
   </trkpt>
   <trkpt lat="39.7223650" lon="-105.8876070">
    <ele>3426.4</ele>
    <time>2026-09-05T15:51:07Z</time>
    
   </trkpt>
   <trkpt lat="39.7223570" lon="-105.8876170">
    <ele>3426.2</ele>
    <time>2026-09-05T15:51:08Z</time>
    
   </trkpt>
   <trkpt lat="39.7223130" lon="-105.8876380">
    <ele>3425.2</ele>
    <time>2026-09-05T15:51:13Z</time>
    
   </trkpt>
   <trkpt lat="39.7222800" lon="-105.8876410">
    <ele>3424.0</ele>
    <time>2026-09-05T15:51:16Z</time>
    
   </trkpt>
   <trkpt lat="39.7222320" lon="-105.8876330">
    <ele>3422.8</ele>
    <time>2026-09-05T15:51:20Z</time>
    
   </trkpt>
   <trkpt lat="39.7221930" lon="-105.8876260">
    <ele>3421.4</ele>
    <time>2026-09-05T15:51:24Z</time>
    
   </trkpt>
   <trkpt lat="39.7221950" lon="-105.8876300">
    <ele>3421.0</ele>
    <time>2026-09-05T15:51:25Z</time>
    
   </trkpt>
   <trkpt lat="39.7221950" lon="-105.8876330">
    <ele>3420.6</ele>
    <time>2026-09-05T15:51:27Z</time>
    
   </trkpt>
   <trkpt lat="39.7221960" lon="-105.8876500">
    <ele>3420.4</ele>
    <time>2026-09-05T15:51:34Z</time>
    
   </trkpt>
   <trkpt lat="39.7221970" lon="-105.8876530">
    <ele>3421.0</ele>
    <time>2026-09-05T15:51:41Z</time>
    
   </trkpt>
   <trkpt lat="39.7221920" lon="-105.8876480">
    <ele>3420.4</ele>
    <time>2026-09-05T15:51:47Z</time>
    
   </trkpt>
   <trkpt lat="39.7221950" lon="-105.8876600">
    <ele>3420.6</ele>
    <time>2026-09-05T15:51:49Z</time>
    
   </trkpt>
   <trkpt lat="39.7221930" lon="-105.8876640">
    <ele>3420.6</ele>
    <time>2026-09-05T15:51:50Z</time>
    
   </trkpt>
   <trkpt lat="39.7221840" lon="-105.8876580">
    <ele>3420.4</ele>
    <time>2026-09-05T15:51:53Z</time>
    
   </trkpt>
   <trkpt lat="39.7221780" lon="-105.8876550">
    <ele>3420.4</ele>
    <time>2026-09-05T15:51:54Z</time>
    
   </trkpt>
   <trkpt lat="39.7221470" lon="-105.8876520">
    <ele>3420.2</ele>
    <time>2026-09-05T15:51:57Z</time>
    
   </trkpt>
   <trkpt lat="39.7220970" lon="-105.8876430">
    <ele>3419.8</ele>
    <time>2026-09-05T15:52:01Z</time>
    
   </trkpt>
   <trkpt lat="39.7220870" lon="-105.8876390">
    <ele>3419.4</ele>
    <time>2026-09-05T15:52:02Z</time>
    
   </trkpt>
   <trkpt lat="39.7220500" lon="-105.8875970">
    <ele>3418.2</ele>
    <time>2026-09-05T15:52:06Z</time>
    
   </trkpt>
   <trkpt lat="39.7220430" lon="-105.8875870">
    <ele>3418.0</ele>
    <time>2026-09-05T15:52:07Z</time>
    
   </trkpt>
   <trkpt lat="39.7220260" lon="-105.8875690">
    <ele>3417.2</ele>
    <time>2026-09-05T15:52:10Z</time>
    
   </trkpt>
   <trkpt lat="39.7220230" lon="-105.8875640">
    <ele>3416.8</ele>
    <time>2026-09-05T15:52:11Z</time>
    
   </trkpt>
   <trkpt lat="39.7220220" lon="-105.8875050">
    <ele>3416.0</ele>
    <time>2026-09-05T15:52:15Z</time>
    
   </trkpt>
   <trkpt lat="39.7220200" lon="-105.8874870">
    <ele>3415.8</ele>
    <time>2026-09-05T15:52:16Z</time>
    
   </trkpt>
   <trkpt lat="39.7219980" lon="-105.8874240">
    <ele>3414.8</ele>
    <time>2026-09-05T15:52:19Z</time>
    
   </trkpt>
   <trkpt lat="39.7219840" lon="-105.8874050">
    <ele>3414.6</ele>
    <time>2026-09-05T15:52:20Z</time>
    
   </trkpt>
   <trkpt lat="39.7219740" lon="-105.8873850">
    <ele>3414.4</ele>
    <time>2026-09-05T15:52:21Z</time>
    
   </trkpt>
   <trkpt lat="39.7219550" lon="-105.8873400">
    <ele>3413.4</ele>
    <time>2026-09-05T15:52:24Z</time>
    
   </trkpt>
   <trkpt lat="39.7219440" lon="-105.8872910">
    <ele>3412.6</ele>
    <time>2026-09-05T15:52:26Z</time>
    
   </trkpt>
   <trkpt lat="39.7219360" lon="-105.8872640">
    <ele>3412.2</ele>
    <time>2026-09-05T15:52:27Z</time>
    
   </trkpt>
   <trkpt lat="39.7219260" lon="-105.8872400">
    <ele>3411.8</ele>
    <time>2026-09-05T15:52:28Z</time>
    
   </trkpt>
   <trkpt lat="39.7219170" lon="-105.8872160">
    <ele>3411.2</ele>
    <time>2026-09-05T15:52:29Z</time>
    
   </trkpt>
   <trkpt lat="39.7219070" lon="-105.8871900">
    <ele>3410.6</ele>
    <time>2026-09-05T15:52:30Z</time>
    
   </trkpt>
   <trkpt lat="39.7218840" lon="-105.8871310">
    <ele>3409.2</ele>
    <time>2026-09-05T15:52:32Z</time>
    
   </trkpt>
   <trkpt lat="39.7218690" lon="-105.8870980">
    <ele>3409.0</ele>
    <time>2026-09-05T15:52:33Z</time>
    
   </trkpt>
   <trkpt lat="39.7218420" lon="-105.8870340">
    <ele>3408.4</ele>
    <time>2026-09-05T15:52:35Z</time>
    
   </trkpt>
   <trkpt lat="39.7218280" lon="-105.8870050">
    <ele>3407.8</ele>
    <time>2026-09-05T15:52:36Z</time>
    
   </trkpt>
   <trkpt lat="39.7218070" lon="-105.8869620">
    <ele>3406.2</ele>
    <time>2026-09-05T15:52:38Z</time>
    
   </trkpt>
   <trkpt lat="39.7218010" lon="-105.8869470">
    <ele>3405.4</ele>
    <time>2026-09-05T15:52:39Z</time>
    
   </trkpt>
   <trkpt lat="39.7217950" lon="-105.8869290">
    <ele>3404.6</ele>
    <time>2026-09-05T15:52:40Z</time>
    
   </trkpt>
   <trkpt lat="39.7217840" lon="-105.8868730">
    <ele>3403.4</ele>
    <time>2026-09-05T15:52:43Z</time>
    
   </trkpt>
   <trkpt lat="39.7217880" lon="-105.8868320">
    <ele>3403.2</ele>
    <time>2026-09-05T15:52:45Z</time>
    
   </trkpt>
   <trkpt lat="39.7218150" lon="-105.8866560">
    <ele>3402.2</ele>
    <time>2026-09-05T15:52:53Z</time>
    
   </trkpt>
   <trkpt lat="39.7218140" lon="-105.8865980">
    <ele>3401.6</ele>
    <time>2026-09-05T15:52:56Z</time>
    
   </trkpt>
   <trkpt lat="39.7218170" lon="-105.8865500">
    <ele>3401.2</ele>
    <time>2026-09-05T15:52:59Z</time>
    
   </trkpt>
   <trkpt lat="39.7218200" lon="-105.8865330">
    <ele>3400.8</ele>
    <time>2026-09-05T15:53:00Z</time>
    
   </trkpt>
   <trkpt lat="39.7218290" lon="-105.8864370">
    <ele>3400.2</ele>
    <time>2026-09-05T15:53:05Z</time>
    
   </trkpt>
   <trkpt lat="39.7218270" lon="-105.8864190">
    <ele>3400.0</ele>
    <time>2026-09-05T15:53:06Z</time>
    
   </trkpt>
   <trkpt lat="39.7218180" lon="-105.8863790">
    <ele>3400.0</ele>
    <time>2026-09-05T15:53:08Z</time>
    
   </trkpt>
   <trkpt lat="39.7218200" lon="-105.8862490">
    <ele>3399.0</ele>
    <time>2026-09-05T15:53:15Z</time>
    
   </trkpt>
   <trkpt lat="39.7218220" lon="-105.8862330">
    <ele>3398.8</ele>
    <time>2026-09-05T15:53:16Z</time>
    
   </trkpt>
   <trkpt lat="39.7218030" lon="-105.8861560">
    <ele>3397.8</ele>
    <time>2026-09-05T15:53:21Z</time>
    
   </trkpt>
   <trkpt lat="39.7217970" lon="-105.8860650">
    <ele>3396.4</ele>
    <time>2026-09-05T15:53:25Z</time>
    
   </trkpt>
   <trkpt lat="39.7217950" lon="-105.8860410">
    <ele>3396.0</ele>
    <time>2026-09-05T15:53:26Z</time>
    
   </trkpt>
   <trkpt lat="39.7217890" lon="-105.8860020">
    <ele>3395.2</ele>
    <time>2026-09-05T15:53:28Z</time>
    
   </trkpt>
   <trkpt lat="39.7217770" lon="-105.8859690">
    <ele>3394.6</ele>
    <time>2026-09-05T15:53:30Z</time>
    
   </trkpt>
   <trkpt lat="39.7217750" lon="-105.8859540">
    <ele>3394.4</ele>
    <time>2026-09-05T15:53:31Z</time>
    
   </trkpt>
   <trkpt lat="39.7217720" lon="-105.8859380">
    <ele>3394.0</ele>
    <time>2026-09-05T15:53:32Z</time>
    
   </trkpt>
   <trkpt lat="39.7217520" lon="-105.8858880">
    <ele>3392.8</ele>
    <time>2026-09-05T15:53:35Z</time>
    
   </trkpt>
   <trkpt lat="39.7217320" lon="-105.8858560">
    <ele>3392.0</ele>
    <time>2026-09-05T15:53:37Z</time>
    
   </trkpt>
   <trkpt lat="39.7217240" lon="-105.8858430">
    <ele>3391.6</ele>
    <time>2026-09-05T15:53:38Z</time>
    
   </trkpt>
   <trkpt lat="39.7216660" lon="-105.8858070">
    <ele>3390.6</ele>
    <time>2026-09-05T15:53:42Z</time>
    
   </trkpt>
   <trkpt lat="39.7216510" lon="-105.8857970">
    <ele>3390.2</ele>
    <time>2026-09-05T15:53:43Z</time>
    
   </trkpt>
   <trkpt lat="39.7216220" lon="-105.8857540">
    <ele>3389.4</ele>
    <time>2026-09-05T15:53:46Z</time>
    
   </trkpt>
   <trkpt lat="39.7216090" lon="-105.8857040">
    <ele>3388.6</ele>
    <time>2026-09-05T15:53:49Z</time>
    
   </trkpt>
   <trkpt lat="39.7216020" lon="-105.8856770">
    <ele>3388.2</ele>
    <time>2026-09-05T15:53:51Z</time>
    
   </trkpt>
   <trkpt lat="39.7216010" lon="-105.8856300">
    <ele>3387.4</ele>
    <time>2026-09-05T15:53:55Z</time>
    
   </trkpt>
   <trkpt lat="39.7216090" lon="-105.8856150">
    <ele>3387.4</ele>
    <time>2026-09-05T15:53:56Z</time>
    
   </trkpt>
   <trkpt lat="39.7216170" lon="-105.8855990">
    <ele>3387.2</ele>
    <time>2026-09-05T15:53:57Z</time>
    
   </trkpt>
   <trkpt lat="39.7216020" lon="-105.8855430">
    <ele>3386.2</ele>
    <time>2026-09-05T15:54:01Z</time>
    
   </trkpt>
   <trkpt lat="39.7215960" lon="-105.8855320">
    <ele>3386.0</ele>
    <time>2026-09-05T15:54:02Z</time>
    
   </trkpt>
   <trkpt lat="39.7215830" lon="-105.8854940">
    <ele>3385.4</ele>
    <time>2026-09-05T15:54:04Z</time>
    
   </trkpt>
   <trkpt lat="39.7215770" lon="-105.8854810">
    <ele>3385.0</ele>
    <time>2026-09-05T15:54:05Z</time>
    
   </trkpt>
   <trkpt lat="39.7215700" lon="-105.8854740">
    <ele>3384.6</ele>
    <time>2026-09-05T15:54:06Z</time>
    
   </trkpt>
   <trkpt lat="39.7215540" lon="-105.8854580">
    <ele>3383.8</ele>
    <time>2026-09-05T15:54:08Z</time>
    
   </trkpt>
   <trkpt lat="39.7215560" lon="-105.8854430">
    <ele>3383.6</ele>
    <time>2026-09-05T15:54:09Z</time>
    
   </trkpt>
   <trkpt lat="39.7215580" lon="-105.8854170">
    <ele>3383.2</ele>
    <time>2026-09-05T15:54:11Z</time>
    
   </trkpt>
   <trkpt lat="39.7215570" lon="-105.8854040">
    <ele>3382.8</ele>
    <time>2026-09-05T15:54:12Z</time>
    
   </trkpt>
   <trkpt lat="39.7215590" lon="-105.8853890">
    <ele>3382.6</ele>
    <time>2026-09-05T15:54:13Z</time>
    
   </trkpt>
   <trkpt lat="39.7215790" lon="-105.8853290">
    <ele>3381.6</ele>
    <time>2026-09-05T15:54:16Z</time>
    
   </trkpt>
   <trkpt lat="39.7215840" lon="-105.8853020">
    <ele>3381.4</ele>
    <time>2026-09-05T15:54:17Z</time>
    
   </trkpt>
   <trkpt lat="39.7215910" lon="-105.8852360">
    <ele>3380.4</ele>
    <time>2026-09-05T15:54:20Z</time>
    
   </trkpt>
   <trkpt lat="39.7215900" lon="-105.8852170">
    <ele>3380.0</ele>
    <time>2026-09-05T15:54:21Z</time>
    
   </trkpt>
   <trkpt lat="39.7215750" lon="-105.8851800">
    <ele>3379.2</ele>
    <time>2026-09-05T15:54:23Z</time>
    
   </trkpt>
   <trkpt lat="39.7215380" lon="-105.8851250">
    <ele>3378.2</ele>
    <time>2026-09-05T15:54:27Z</time>
    
   </trkpt>
   <trkpt lat="39.7215140" lon="-105.8850800">
    <ele>3377.0</ele>
    <time>2026-09-05T15:54:30Z</time>
    
   </trkpt>
   <trkpt lat="39.7215050" lon="-105.8850580">
    <ele>3376.6</ele>
    <time>2026-09-05T15:54:31Z</time>
    
   </trkpt>
   <trkpt lat="39.7214930" lon="-105.8850170">
    <ele>3375.6</ele>
    <time>2026-09-05T15:54:33Z</time>
    
   </trkpt>
   <trkpt lat="39.7214730" lon="-105.8849790">
    <ele>3375.4</ele>
    <time>2026-09-05T15:54:34Z</time>
    
   </trkpt>
   <trkpt lat="39.7214620" lon="-105.8849650">
    <ele>3374.8</ele>
    <time>2026-09-05T15:54:36Z</time>
    
   </trkpt>
   <trkpt lat="39.7214540" lon="-105.8849530">
    <ele>3374.6</ele>
    <time>2026-09-05T15:54:37Z</time>
    
   </trkpt>
   <trkpt lat="39.7214370" lon="-105.8849290">
    <ele>3373.6</ele>
    <time>2026-09-05T15:54:40Z</time>
    
   </trkpt>
   <trkpt lat="39.7214320" lon="-105.8849250">
    <ele>3373.2</ele>
    <time>2026-09-05T15:54:41Z</time>
    
   </trkpt>
   <trkpt lat="39.7214250" lon="-105.8849210">
    <ele>3373.0</ele>
    <time>2026-09-05T15:54:42Z</time>
    
   </trkpt>
   <trkpt lat="39.7214050" lon="-105.8849140">
    <ele>3372.4</ele>
    <time>2026-09-05T15:54:44Z</time>
    
   </trkpt>
   <trkpt lat="39.7213910" lon="-105.8849090">
    <ele>3372.2</ele>
    <time>2026-09-05T15:54:45Z</time>
    
   </trkpt>
   <trkpt lat="39.7213570" lon="-105.8848880">
    <ele>3371.0</ele>
    <time>2026-09-05T15:54:48Z</time>
    
   </trkpt>
   <trkpt lat="39.7213410" lon="-105.8848670">
    <ele>3370.0</ele>
    <time>2026-09-05T15:54:50Z</time>
    
   </trkpt>
   <trkpt lat="39.7213370" lon="-105.8848550">
    <ele>3369.6</ele>
    <time>2026-09-05T15:54:51Z</time>
    
   </trkpt>
   <trkpt lat="39.7213060" lon="-105.8848150">
    <ele>3368.6</ele>
    <time>2026-09-05T15:54:55Z</time>
    
   </trkpt>
   <trkpt lat="39.7213040" lon="-105.8847820">
    <ele>3368.0</ele>
    <time>2026-09-05T15:54:57Z</time>
    
   </trkpt>
   <trkpt lat="39.7213040" lon="-105.8847580">
    <ele>3367.0</ele>
    <time>2026-09-05T15:54:59Z</time>
    
   </trkpt>
   <trkpt lat="39.7212840" lon="-105.8847280">
    <ele>3365.8</ele>
    <time>2026-09-05T15:55:02Z</time>
    
   </trkpt>
   <trkpt lat="39.7212720" lon="-105.8847200">
    <ele>3365.6</ele>
    <time>2026-09-05T15:55:03Z</time>
    
   </trkpt>
   <trkpt lat="39.7212390" lon="-105.8846910">
    <ele>3364.6</ele>
    <time>2026-09-05T15:55:06Z</time>
    
   </trkpt>
   <trkpt lat="39.7212310" lon="-105.8846770">
    <ele>3364.2</ele>
    <time>2026-09-05T15:55:07Z</time>
    
   </trkpt>
   <trkpt lat="39.7212310" lon="-105.8846320">
    <ele>3363.6</ele>
    <time>2026-09-05T15:55:09Z</time>
    
   </trkpt>
   <trkpt lat="39.7212320" lon="-105.8846120">
    <ele>3363.2</ele>
    <time>2026-09-05T15:55:10Z</time>
    
   </trkpt>
   <trkpt lat="39.7212770" lon="-105.8845310">
    <ele>3362.4</ele>
    <time>2026-09-05T15:55:14Z</time>
    
   </trkpt>
   <trkpt lat="39.7212930" lon="-105.8844940">
    <ele>3362.4</ele>
    <time>2026-09-05T15:55:16Z</time>
    
   </trkpt>
   <trkpt lat="39.7213390" lon="-105.8844160">
    <ele>3361.6</ele>
    <time>2026-09-05T15:55:22Z</time>
    
   </trkpt>
   <trkpt lat="39.7213520" lon="-105.8844020">
    <ele>3361.4</ele>
    <time>2026-09-05T15:55:23Z</time>
    
   </trkpt>
   <trkpt lat="39.7213920" lon="-105.8843470">
    <ele>3360.0</ele>
    <time>2026-09-05T15:55:27Z</time>
    
   </trkpt>
   <trkpt lat="39.7213920" lon="-105.8843330">
    <ele>3359.8</ele>
    <time>2026-09-05T15:55:28Z</time>
    
   </trkpt>
   <trkpt lat="39.7213900" lon="-105.8843150">
    <ele>3359.4</ele>
    <time>2026-09-05T15:55:29Z</time>
    
   </trkpt>
   <trkpt lat="39.7213780" lon="-105.8842850">
    <ele>3358.8</ele>
    <time>2026-09-05T15:55:31Z</time>
    
   </trkpt>
   <trkpt lat="39.7213740" lon="-105.8842760">
    <ele>3358.6</ele>
    <time>2026-09-05T15:55:32Z</time>
    
   </trkpt>
   <trkpt lat="39.7213660" lon="-105.8842640">
    <ele>3358.4</ele>
    <time>2026-09-05T15:55:33Z</time>
    
   </trkpt>
   <trkpt lat="39.7213350" lon="-105.8842180">
    <ele>3357.8</ele>
    <time>2026-09-05T15:55:36Z</time>
    
   </trkpt>
   <trkpt lat="39.7213150" lon="-105.8841810">
    <ele>3356.8</ele>
    <time>2026-09-05T15:55:39Z</time>
    
   </trkpt>
   <trkpt lat="39.7213080" lon="-105.8841710">
    <ele>3356.4</ele>
    <time>2026-09-05T15:55:40Z</time>
    
   </trkpt>
   <trkpt lat="39.7213000" lon="-105.8841350">
    <ele>3355.6</ele>
    <time>2026-09-05T15:55:42Z</time>
    
   </trkpt>
   <trkpt lat="39.7213020" lon="-105.8841140">
    <ele>3355.4</ele>
    <time>2026-09-05T15:55:43Z</time>
    
   </trkpt>
   <trkpt lat="39.7213020" lon="-105.8840730">
    <ele>3354.8</ele>
    <time>2026-09-05T15:55:45Z</time>
    
   </trkpt>
   <trkpt lat="39.7213040" lon="-105.8840410">
    <ele>3354.2</ele>
    <time>2026-09-05T15:55:47Z</time>
    
   </trkpt>
   <trkpt lat="39.7213010" lon="-105.8840230">
    <ele>3354.0</ele>
    <time>2026-09-05T15:55:48Z</time>
    
   </trkpt>
   <trkpt lat="39.7212770" lon="-105.8839670">
    <ele>3352.8</ele>
    <time>2026-09-05T15:55:51Z</time>
    
   </trkpt>
   <trkpt lat="39.7212690" lon="-105.8839520">
    <ele>3352.2</ele>
    <time>2026-09-05T15:55:52Z</time>
    
   </trkpt>
   <trkpt lat="39.7212580" lon="-105.8839290">
    <ele>3351.6</ele>
    <time>2026-09-05T15:55:54Z</time>
    
   </trkpt>
   <trkpt lat="39.7212430" lon="-105.8838440">
    <ele>3351.4</ele>
    <time>2026-09-05T15:55:57Z</time>
    
   </trkpt>
   <trkpt lat="39.7212250" lon="-105.8837530">
    <ele>3350.8</ele>
    <time>2026-09-05T15:56:01Z</time>
    
   </trkpt>
   <trkpt lat="39.7212130" lon="-105.8837380">
    <ele>3350.4</ele>
    <time>2026-09-05T15:56:02Z</time>
    
   </trkpt>
   <trkpt lat="39.7212000" lon="-105.8837240">
    <ele>3350.0</ele>
    <time>2026-09-05T15:56:03Z</time>
    
   </trkpt>
   <trkpt lat="39.7211870" lon="-105.8836930">
    <ele>3349.2</ele>
    <time>2026-09-05T15:56:05Z</time>
    
   </trkpt>
   <trkpt lat="39.7211750" lon="-105.8836260">
    <ele>3348.4</ele>
    <time>2026-09-05T15:56:09Z</time>
    
   </trkpt>
   <trkpt lat="39.7211600" lon="-105.8835810">
    <ele>3347.8</ele>
    <time>2026-09-05T15:56:11Z</time>
    
   </trkpt>
   <trkpt lat="39.7211330" lon="-105.8835330">
    <ele>3346.8</ele>
    <time>2026-09-05T15:56:13Z</time>
    
   </trkpt>
   <trkpt lat="39.7211170" lon="-105.8835130">
    <ele>3346.4</ele>
    <time>2026-09-05T15:56:14Z</time>
    
   </trkpt>
   <trkpt lat="39.7210880" lon="-105.8834510">
    <ele>3345.8</ele>
    <time>2026-09-05T15:56:17Z</time>
    
   </trkpt>
   <trkpt lat="39.7211020" lon="-105.8834010">
    <ele>3345.4</ele>
    <time>2026-09-05T15:56:20Z</time>
    
   </trkpt>
   <trkpt lat="39.7211080" lon="-105.8833680">
    <ele>3344.8</ele>
    <time>2026-09-05T15:56:23Z</time>
    
   </trkpt>
   <trkpt lat="39.7211050" lon="-105.8833570">
    <ele>3344.6</ele>
    <time>2026-09-05T15:56:24Z</time>
    
   </trkpt>
   <trkpt lat="39.7211050" lon="-105.8833410">
    <ele>3344.4</ele>
    <time>2026-09-05T15:56:25Z</time>
    
   </trkpt>
   <trkpt lat="39.7210970" lon="-105.8833200">
    <ele>3344.2</ele>
    <time>2026-09-05T15:56:26Z</time>
    
   </trkpt>
   <trkpt lat="39.7210820" lon="-105.8832830">
    <ele>3343.8</ele>
    <time>2026-09-05T15:56:28Z</time>
    
   </trkpt>
   <trkpt lat="39.7210690" lon="-105.8832560">
    <ele>3343.2</ele>
    <time>2026-09-05T15:56:30Z</time>
    
   </trkpt>
   <trkpt lat="39.7210500" lon="-105.8832230">
    <ele>3342.4</ele>
    <time>2026-09-05T15:56:32Z</time>
    
   </trkpt>
   <trkpt lat="39.7210410" lon="-105.8832090">
    <ele>3341.8</ele>
    <time>2026-09-05T15:56:33Z</time>
    
   </trkpt>
   <trkpt lat="39.7210270" lon="-105.8832050">
    <ele>3341.2</ele>
    <time>2026-09-05T15:56:34Z</time>
    
   </trkpt>
   <trkpt lat="39.7209140" lon="-105.8831990">
    <ele>3340.0</ele>
    <time>2026-09-05T15:56:38Z</time>
    
   </trkpt>
   <trkpt lat="39.7208890" lon="-105.8831940">
    <ele>3339.6</ele>
    <time>2026-09-05T15:56:39Z</time>
    
   </trkpt>
   <trkpt lat="39.7208660" lon="-105.8831780">
    <ele>3339.2</ele>
    <time>2026-09-05T15:56:40Z</time>
    
   </trkpt>
   <trkpt lat="39.7208450" lon="-105.8831590">
    <ele>3338.8</ele>
    <time>2026-09-05T15:56:41Z</time>
    
   </trkpt>
   <trkpt lat="39.7208260" lon="-105.8831390">
    <ele>3338.0</ele>
    <time>2026-09-05T15:56:42Z</time>
    
   </trkpt>
   <trkpt lat="39.7208150" lon="-105.8831190">
    <ele>3337.4</ele>
    <time>2026-09-05T15:56:43Z</time>
    
   </trkpt>
   <trkpt lat="39.7208080" lon="-105.8830980">
    <ele>3336.8</ele>
    <time>2026-09-05T15:56:44Z</time>
    
   </trkpt>
   <trkpt lat="39.7208050" lon="-105.8830740">
    <ele>3336.4</ele>
    <time>2026-09-05T15:56:45Z</time>
    
   </trkpt>
   <trkpt lat="39.7208040" lon="-105.8830550">
    <ele>3335.8</ele>
    <time>2026-09-05T15:56:46Z</time>
    
   </trkpt>
   <trkpt lat="39.7208070" lon="-105.8830320">
    <ele>3335.0</ele>
    <time>2026-09-05T15:56:48Z</time>
    
   </trkpt>
   <trkpt lat="39.7208020" lon="-105.8830290">
    <ele>3334.6</ele>
    <time>2026-09-05T15:56:49Z</time>
    
   </trkpt>
   <trkpt lat="39.7207940" lon="-105.8830280">
    <ele>3334.2</ele>
    <time>2026-09-05T15:56:52Z</time>
    
   </trkpt>
   <trkpt lat="39.7208020" lon="-105.8830340">
    <ele>3334.2</ele>
    <time>2026-09-05T15:57:00Z</time>
    
   </trkpt>
   <trkpt lat="39.7208000" lon="-105.8830350">
    <ele>3334.0</ele>
    <time>2026-09-05T15:57:01Z</time>
    
   </trkpt>
   <trkpt lat="39.7207690" lon="-105.8830080">
    <ele>3333.2</ele>
    <time>2026-09-05T15:57:09Z</time>
    
   </trkpt>
   <trkpt lat="39.7207670" lon="-105.8830110">
    <ele>3333.6</ele>
    <time>2026-09-05T15:57:12Z</time>
    
   </trkpt>
   <trkpt lat="39.7207730" lon="-105.8830130">
    <ele>3333.6</ele>
    <time>2026-09-05T15:57:21Z</time>
    
   </trkpt>
   <trkpt lat="39.7207740" lon="-105.8830080">
    <ele>3333.4</ele>
    <time>2026-09-05T15:57:23Z</time>
    
   </trkpt>
   <trkpt lat="39.7207700" lon="-105.8830110">
    <ele>3333.6</ele>
    <time>2026-09-05T15:57:30Z</time>
    
   </trkpt>
   <trkpt lat="39.7207400" lon="-105.8829900">
    <ele>3333.6</ele>
    <time>2026-09-05T15:57:39Z</time>
    
   </trkpt>
   <trkpt lat="39.7207420" lon="-105.8829370">
    <ele>3333.2</ele>
    <time>2026-09-05T15:57:44Z</time>
    
   </trkpt>
   <trkpt lat="39.7207470" lon="-105.8828960">
    <ele>3333.0</ele>
    <time>2026-09-05T15:57:46Z</time>
    
   </trkpt>
   <trkpt lat="39.7207690" lon="-105.8828250">
    <ele>3332.8</ele>
    <time>2026-09-05T15:57:50Z</time>
    
   </trkpt>
   <trkpt lat="39.7208010" lon="-105.8827680">
    <ele>3332.8</ele>
    <time>2026-09-05T15:57:52Z</time>
    
   </trkpt>
   <trkpt lat="39.7208720" lon="-105.8827020">
    <ele>3333.2</ele>
    <time>2026-09-05T15:57:56Z</time>
    
   </trkpt>
   <trkpt lat="39.7208860" lon="-105.8826920">
    <ele>3333.6</ele>
    <time>2026-09-05T15:57:57Z</time>
    
   </trkpt>
   <trkpt lat="39.7209000" lon="-105.8826790">
    <ele>3333.8</ele>
    <time>2026-09-05T15:57:58Z</time>
    
   </trkpt>
   <trkpt lat="39.7209250" lon="-105.8826390">
    <ele>3334.8</ele>
    <time>2026-09-05T15:58:01Z</time>
    
   </trkpt>
   <trkpt lat="39.7209340" lon="-105.8825900">
    <ele>3334.6</ele>
    <time>2026-09-05T15:58:03Z</time>
    
   </trkpt>
   <trkpt lat="39.7209470" lon="-105.8825240">
    <ele>3333.0</ele>
    <time>2026-09-05T15:58:06Z</time>
    
   </trkpt>
   <trkpt lat="39.7209560" lon="-105.8825050">
    <ele>3332.6</ele>
    <time>2026-09-05T15:58:07Z</time>
    
   </trkpt>
   <trkpt lat="39.7210280" lon="-105.8823300">
    <ele>3331.2</ele>
    <time>2026-09-05T15:58:14Z</time>
    
   </trkpt>
   <trkpt lat="39.7210280" lon="-105.8823010">
    <ele>3331.0</ele>
    <time>2026-09-05T15:58:15Z</time>
    
   </trkpt>
   <trkpt lat="39.7210430" lon="-105.8822370">
    <ele>3330.2</ele>
    <time>2026-09-05T15:58:17Z</time>
    
   </trkpt>
   <trkpt lat="39.7210500" lon="-105.8822070">
    <ele>3329.8</ele>
    <time>2026-09-05T15:58:18Z</time>
    
   </trkpt>
   <trkpt lat="39.7210450" lon="-105.8821730">
    <ele>3329.6</ele>
    <time>2026-09-05T15:58:19Z</time>
    
   </trkpt>
   <trkpt lat="39.7210220" lon="-105.8820940">
    <ele>3328.8</ele>
    <time>2026-09-05T15:58:22Z</time>
    
   </trkpt>
   <trkpt lat="39.7209830" lon="-105.8820570">
    <ele>3327.8</ele>
    <time>2026-09-05T15:58:25Z</time>
    
   </trkpt>
   <trkpt lat="39.7209510" lon="-105.8820230">
    <ele>3327.4</ele>
    <time>2026-09-05T15:58:27Z</time>
    
   </trkpt>
   <trkpt lat="39.7209270" lon="-105.8819980">
    <ele>3326.2</ele>
    <time>2026-09-05T15:58:29Z</time>
    
   </trkpt>
   <trkpt lat="39.7209160" lon="-105.8819360">
    <ele>3325.2</ele>
    <time>2026-09-05T15:58:31Z</time>
    
   </trkpt>
   <trkpt lat="39.7209130" lon="-105.8818350">
    <ele>3323.8</ele>
    <time>2026-09-05T15:58:34Z</time>
    
   </trkpt>
   <trkpt lat="39.7209180" lon="-105.8817560">
    <ele>3322.8</ele>
    <time>2026-09-05T15:58:36Z</time>
    
   </trkpt>
   <trkpt lat="39.7209900" lon="-105.8814950">
    <ele>3322.0</ele>
    <time>2026-09-05T15:58:43Z</time>
    
   </trkpt>
   <trkpt lat="39.7210070" lon="-105.8813600">
    <ele>3321.6</ele>
    <time>2026-09-05T15:58:46Z</time>
    
   </trkpt>
   <trkpt lat="39.7210280" lon="-105.8811990">
    <ele>3320.8</ele>
    <time>2026-09-05T15:58:50Z</time>
    
   </trkpt>
   <trkpt lat="39.7210400" lon="-105.8811170">
    <ele>3320.6</ele>
    <time>2026-09-05T15:58:52Z</time>
    
   </trkpt>
   <trkpt lat="39.7210500" lon="-105.8809480">
    <ele>3319.8</ele>
    <time>2026-09-05T15:58:56Z</time>
    
   </trkpt>
   <trkpt lat="39.7210500" lon="-105.8809100">
    <ele>3319.2</ele>
    <time>2026-09-05T15:58:57Z</time>
    
   </trkpt>
   <trkpt lat="39.7210370" lon="-105.8807580">
    <ele>3317.8</ele>
    <time>2026-09-05T15:59:02Z</time>
    
   </trkpt>
   <trkpt lat="39.7210100" lon="-105.8806910">
    <ele>3316.4</ele>
    <time>2026-09-05T15:59:05Z</time>
    
   </trkpt>
   <trkpt lat="39.7209920" lon="-105.8806180">
    <ele>3315.2</ele>
    <time>2026-09-05T15:59:08Z</time>
    
   </trkpt>
   <trkpt lat="39.7209940" lon="-105.8805830">
    <ele>3315.0</ele>
    <time>2026-09-05T15:59:09Z</time>
    
   </trkpt>
   <trkpt lat="39.7209870" lon="-105.8805520">
    <ele>3314.6</ele>
    <time>2026-09-05T15:59:10Z</time>
    
   </trkpt>
   <trkpt lat="39.7209790" lon="-105.8805130">
    <ele>3314.2</ele>
    <time>2026-09-05T15:59:11Z</time>
    
   </trkpt>
   <trkpt lat="39.7209700" lon="-105.8804360">
    <ele>3313.4</ele>
    <time>2026-09-05T15:59:13Z</time>
    
   </trkpt>
   <trkpt lat="39.7209710" lon="-105.8803410">
    <ele>3312.8</ele>
    <time>2026-09-05T15:59:15Z</time>
    
   </trkpt>
   <trkpt lat="39.7209670" lon="-105.8802120">
    <ele>3311.4</ele>
    <time>2026-09-05T15:59:18Z</time>
    
   </trkpt>
   <trkpt lat="39.7209460" lon="-105.8801250">
    <ele>3311.0</ele>
    <time>2026-09-05T15:59:20Z</time>
    
   </trkpt>
   <trkpt lat="39.7209260" lon="-105.8800420">
    <ele>3310.4</ele>
    <time>2026-09-05T15:59:22Z</time>
    
   </trkpt>
   <trkpt lat="39.7208850" lon="-105.8799680">
    <ele>3309.8</ele>
    <time>2026-09-05T15:59:24Z</time>
    
   </trkpt>
   <trkpt lat="39.7208560" lon="-105.8799080">
    <ele>3309.6</ele>
    <time>2026-09-05T15:59:26Z</time>
    
   </trkpt>
   <trkpt lat="39.7208360" lon="-105.8798450">
    <ele>3309.4</ele>
    <time>2026-09-05T15:59:28Z</time>
    
   </trkpt>
   <trkpt lat="39.7208170" lon="-105.8797710">
    <ele>3309.4</ele>
    <time>2026-09-05T15:59:30Z</time>
    
   </trkpt>
   <trkpt lat="39.7208090" lon="-105.8797320">
    <ele>3309.4</ele>
    <time>2026-09-05T15:59:31Z</time>
    
   </trkpt>
   <trkpt lat="39.7208010" lon="-105.8796920">
    <ele>3309.0</ele>
    <time>2026-09-05T15:59:32Z</time>
    
   </trkpt>
   <trkpt lat="39.7207980" lon="-105.8796510">
    <ele>3309.0</ele>
    <time>2026-09-05T15:59:33Z</time>
    
   </trkpt>
   <trkpt lat="39.7208060" lon="-105.8795260">
    <ele>3308.0</ele>
    <time>2026-09-05T15:59:36Z</time>
    
   </trkpt>
   <trkpt lat="39.7207940" lon="-105.8794040">
    <ele>3307.0</ele>
    <time>2026-09-05T15:59:39Z</time>
    
   </trkpt>
   <trkpt lat="39.7207100" lon="-105.8792130">
    <ele>3305.6</ele>
    <time>2026-09-05T15:59:44Z</time>
    
   </trkpt>
   <trkpt lat="39.7207040" lon="-105.8791230">
    <ele>3304.2</ele>
    <time>2026-09-05T15:59:46Z</time>
    
   </trkpt>
   <trkpt lat="39.7207050" lon="-105.8790290">
    <ele>3303.4</ele>
    <time>2026-09-05T15:59:48Z</time>
    
   </trkpt>
   <trkpt lat="39.7207010" lon="-105.8789880">
    <ele>3302.6</ele>
    <time>2026-09-05T15:59:49Z</time>
    
   </trkpt>
   <trkpt lat="39.7206880" lon="-105.8789200">
    <ele>3301.4</ele>
    <time>2026-09-05T15:59:51Z</time>
    
   </trkpt>
   <trkpt lat="39.7206640" lon="-105.8788720">
    <ele>3300.8</ele>
    <time>2026-09-05T15:59:53Z</time>
    
   </trkpt>
   <trkpt lat="39.7206200" lon="-105.8788300">
    <ele>3300.2</ele>
    <time>2026-09-05T15:59:55Z</time>
    
   </trkpt>
   <trkpt lat="39.7205890" lon="-105.8787930">
    <ele>3299.6</ele>
    <time>2026-09-05T15:59:57Z</time>
    
   </trkpt>
   <trkpt lat="39.7205870" lon="-105.8787640">
    <ele>3299.2</ele>
    <time>2026-09-05T15:59:58Z</time>
    
   </trkpt>
   <trkpt lat="39.7205620" lon="-105.8786660">
    <ele>3298.2</ele>
    <time>2026-09-05T16:00:01Z</time>
    
   </trkpt>
   <trkpt lat="39.7205430" lon="-105.8786060">
    <ele>3298.2</ele>
    <time>2026-09-05T16:00:03Z</time>
    
   </trkpt>
   <trkpt lat="39.7205190" lon="-105.8785490">
    <ele>3297.6</ele>
    <time>2026-09-05T16:00:05Z</time>
    
   </trkpt>
   <trkpt lat="39.7205080" lon="-105.8785190">
    <ele>3297.2</ele>
    <time>2026-09-05T16:00:06Z</time>
    
   </trkpt>
   <trkpt lat="39.7205020" lon="-105.8784750">
    <ele>3296.8</ele>
    <time>2026-09-05T16:00:07Z</time>
    
   </trkpt>
   <trkpt lat="39.7204860" lon="-105.8784020">
    <ele>3295.8</ele>
    <time>2026-09-05T16:00:09Z</time>
    
   </trkpt>
   <trkpt lat="39.7204510" lon="-105.8782940">
    <ele>3294.8</ele>
    <time>2026-09-05T16:00:13Z</time>
    
   </trkpt>
   <trkpt lat="39.7204500" lon="-105.8782700">
    <ele>3294.6</ele>
    <time>2026-09-05T16:00:14Z</time>
    
   </trkpt>
   <trkpt lat="39.7204380" lon="-105.8781050">
    <ele>3294.6</ele>
    <time>2026-09-05T16:00:20Z</time>
    
   </trkpt>
   <trkpt lat="39.7203610" lon="-105.8779730">
    <ele>3294.2</ele>
    <time>2026-09-05T16:00:25Z</time>
    
   </trkpt>
   <trkpt lat="39.7203510" lon="-105.8779320">
    <ele>3294.2</ele>
    <time>2026-09-05T16:00:26Z</time>
    
   </trkpt>
   <trkpt lat="39.7203380" lon="-105.8778250">
    <ele>3293.8</ele>
    <time>2026-09-05T16:00:28Z</time>
    
   </trkpt>
   <trkpt lat="39.7203250" lon="-105.8777190">
    <ele>3293.0</ele>
    <time>2026-09-05T16:00:30Z</time>
    
   </trkpt>
   <trkpt lat="39.7203130" lon="-105.8776730">
    <ele>3292.6</ele>
    <time>2026-09-05T16:00:31Z</time>
    
   </trkpt>
   <trkpt lat="39.7202850" lon="-105.8775100">
    <ele>3291.8</ele>
    <time>2026-09-05T16:00:35Z</time>
    
   </trkpt>
   <trkpt lat="39.7202960" lon="-105.8774870">
    <ele>3291.8</ele>
    <time>2026-09-05T16:00:36Z</time>
    
   </trkpt>
   <trkpt lat="39.7203080" lon="-105.8773720">
    <ele>3292.2</ele>
    <time>2026-09-05T16:00:42Z</time>
    
   </trkpt>
   <trkpt lat="39.7203120" lon="-105.8773020">
    <ele>3292.4</ele>
    <time>2026-09-05T16:00:46Z</time>
    
   </trkpt>
   <trkpt lat="39.7203000" lon="-105.8772490">
    <ele>3292.4</ele>
    <time>2026-09-05T16:00:49Z</time>
    
   </trkpt>
   <trkpt lat="39.7202280" lon="-105.8771140">
    <ele>3291.8</ele>
    <time>2026-09-05T16:00:54Z</time>
    
   </trkpt>
   <trkpt lat="39.7202090" lon="-105.8770950">
    <ele>3291.4</ele>
    <time>2026-09-05T16:00:55Z</time>
    
   </trkpt>
   <trkpt lat="39.7201480" lon="-105.8770150">
    <ele>3290.4</ele>
    <time>2026-09-05T16:00:59Z</time>
    
   </trkpt>
   <trkpt lat="39.7201400" lon="-105.8769410">
    <ele>3290.0</ele>
    <time>2026-09-05T16:01:01Z</time>
    
   </trkpt>
   <trkpt lat="39.7201360" lon="-105.8767420">
    <ele>3290.4</ele>
    <time>2026-09-05T16:01:08Z</time>
    
   </trkpt>
   <trkpt lat="39.7201130" lon="-105.8766670">
    <ele>3291.4</ele>
    <time>2026-09-05T16:01:11Z</time>
    
   </trkpt>
   <trkpt lat="39.7201050" lon="-105.8766330">
    <ele>3291.8</ele>
    <time>2026-09-05T16:01:12Z</time>
    
   </trkpt>
   <trkpt lat="39.7200930" lon="-105.8765980">
    <ele>3292.0</ele>
    <time>2026-09-05T16:01:13Z</time>
    
   </trkpt>
   <trkpt lat="39.7200710" lon="-105.8764840">
    <ele>3292.2</ele>
    <time>2026-09-05T16:01:17Z</time>
    
   </trkpt>
   <trkpt lat="39.7200620" lon="-105.8764670">
    <ele>3292.4</ele>
    <time>2026-09-05T16:01:19Z</time>
    
   </trkpt>
   <trkpt lat="39.7200600" lon="-105.8763970">
    <ele>3292.4</ele>
    <time>2026-09-05T16:01:22Z</time>
    
   </trkpt>
   <trkpt lat="39.7200590" lon="-105.8763250">
    <ele>3292.6</ele>
    <time>2026-09-05T16:01:24Z</time>
    
   </trkpt>
   <trkpt lat="39.7199980" lon="-105.8761790">
    <ele>3292.2</ele>
    <time>2026-09-05T16:01:28Z</time>
    
   </trkpt>
   <trkpt lat="39.7199820" lon="-105.8760790">
    <ele>3291.4</ele>
    <time>2026-09-05T16:01:31Z</time>
    
   </trkpt>
   <trkpt lat="39.7199720" lon="-105.8760390">
    <ele>3291.2</ele>
    <time>2026-09-05T16:01:33Z</time>
    
   </trkpt>
   <trkpt lat="39.7199260" lon="-105.8759500">
    <ele>3289.8</ele>
    <time>2026-09-05T16:01:37Z</time>
    
   </trkpt>
   <trkpt lat="39.7199110" lon="-105.8759290">
    <ele>3289.4</ele>
    <time>2026-09-05T16:01:38Z</time>
    
   </trkpt>
   <trkpt lat="39.7198700" lon="-105.8758650">
    <ele>3288.8</ele>
    <time>2026-09-05T16:01:41Z</time>
    
   </trkpt>
   <trkpt lat="39.7198380" lon="-105.8758190">
    <ele>3288.6</ele>
    <time>2026-09-05T16:01:43Z</time>
    
   </trkpt>
   <trkpt lat="39.7198310" lon="-105.8757910">
    <ele>3288.4</ele>
    <time>2026-09-05T16:01:44Z</time>
    
   </trkpt>
   <trkpt lat="39.7198290" lon="-105.8757580">
    <ele>3288.2</ele>
    <time>2026-09-05T16:01:45Z</time>
    
   </trkpt>
   <trkpt lat="39.7198130" lon="-105.8756950">
    <ele>3287.6</ele>
    <time>2026-09-05T16:01:47Z</time>
    
   </trkpt>
   <trkpt lat="39.7197930" lon="-105.8755840">
    <ele>3287.6</ele>
    <time>2026-09-05T16:01:51Z</time>
    
   </trkpt>
   <trkpt lat="39.7197280" lon="-105.8754570">
    <ele>3287.8</ele>
    <time>2026-09-05T16:01:56Z</time>
    
   </trkpt>
   <trkpt lat="39.7196940" lon="-105.8754100">
    <ele>3287.4</ele>
    <time>2026-09-05T16:01:58Z</time>
    
   </trkpt>
   <trkpt lat="39.7196320" lon="-105.8753030">
    <ele>3286.6</ele>
    <time>2026-09-05T16:02:03Z</time>
    
   </trkpt>
   <trkpt lat="39.7195960" lon="-105.8752580">
    <ele>3286.0</ele>
    <time>2026-09-05T16:02:05Z</time>
    
   </trkpt>
   <trkpt lat="39.7195440" lon="-105.8751690">
    <ele>3285.4</ele>
    <time>2026-09-05T16:02:09Z</time>
    
   </trkpt>
   <trkpt lat="39.7194980" lon="-105.8750200">
    <ele>3285.0</ele>
    <time>2026-09-05T16:02:16Z</time>
    
   </trkpt>
   <trkpt lat="39.7195020" lon="-105.8749660">
    <ele>3285.0</ele>
    <time>2026-09-05T16:02:19Z</time>
    
   </trkpt>
   <trkpt lat="39.7195080" lon="-105.8749170">
    <ele>3284.6</ele>
    <time>2026-09-05T16:02:22Z</time>
    
   </trkpt>
   <trkpt lat="39.7195120" lon="-105.8748590">
    <ele>3284.2</ele>
    <time>2026-09-05T16:02:25Z</time>
    
   </trkpt>
   <trkpt lat="39.7195490" lon="-105.8747710">
    <ele>3283.8</ele>
    <time>2026-09-05T16:02:29Z</time>
    
   </trkpt>
   <trkpt lat="39.7195540" lon="-105.8747430">
    <ele>3283.8</ele>
    <time>2026-09-05T16:02:31Z</time>
    
   </trkpt>
   <trkpt lat="39.7195500" lon="-105.8747260">
    <ele>3283.8</ele>
    <time>2026-09-05T16:02:32Z</time>
    
   </trkpt>
   <trkpt lat="39.7195310" lon="-105.8746760">
    <ele>3283.6</ele>
    <time>2026-09-05T16:02:36Z</time>
    
   </trkpt>
   <trkpt lat="39.7194980" lon="-105.8746400">
    <ele>3283.0</ele>
    <time>2026-09-05T16:02:39Z</time>
    
   </trkpt>
   <trkpt lat="39.7194640" lon="-105.8745700">
    <ele>3282.0</ele>
    <time>2026-09-05T16:02:42Z</time>
    
   </trkpt>
   <trkpt lat="39.7194140" lon="-105.8745310">
    <ele>3281.8</ele>
    <time>2026-09-05T16:02:44Z</time>
    
   </trkpt>
   <trkpt lat="39.7193280" lon="-105.8744660">
    <ele>3281.4</ele>
    <time>2026-09-05T16:02:47Z</time>
    
   </trkpt>
   <trkpt lat="39.7192730" lon="-105.8743670">
    <ele>3280.6</ele>
    <time>2026-09-05T16:02:50Z</time>
    
   </trkpt>
   <trkpt lat="39.7192460" lon="-105.8742810">
    <ele>3279.8</ele>
    <time>2026-09-05T16:02:52Z</time>
    
   </trkpt>
   <trkpt lat="39.7192110" lon="-105.8741730">
    <ele>3279.6</ele>
    <time>2026-09-05T16:02:55Z</time>
    
   </trkpt>
   <trkpt lat="39.7191930" lon="-105.8740610">
    <ele>3280.0</ele>
    <time>2026-09-05T16:02:58Z</time>
    
   </trkpt>
   <trkpt lat="39.7191840" lon="-105.8740280">
    <ele>3280.0</ele>
    <time>2026-09-05T16:02:59Z</time>
    
   </trkpt>
   <trkpt lat="39.7190970" lon="-105.8738950">
    <ele>3280.2</ele>
    <time>2026-09-05T16:03:05Z</time>
    
   </trkpt>
   <trkpt lat="39.7190320" lon="-105.8737600">
    <ele>3281.4</ele>
    <time>2026-09-05T16:03:10Z</time>
    
   </trkpt>
   <trkpt lat="39.7189480" lon="-105.8736470">
    <ele>3281.4</ele>
    <time>2026-09-05T16:03:15Z</time>
    
   </trkpt>
   <trkpt lat="39.7189320" lon="-105.8736230">
    <ele>3281.2</ele>
    <time>2026-09-05T16:03:16Z</time>
    
   </trkpt>
   <trkpt lat="39.7188690" lon="-105.8735330">
    <ele>3279.4</ele>
    <time>2026-09-05T16:03:19Z</time>
    
   </trkpt>
   <trkpt lat="39.7188290" lon="-105.8734990">
    <ele>3278.2</ele>
    <time>2026-09-05T16:03:21Z</time>
    
   </trkpt>
   <trkpt lat="39.7188100" lon="-105.8734850">
    <ele>3278.0</ele>
    <time>2026-09-05T16:03:22Z</time>
    
   </trkpt>
   <trkpt lat="39.7187910" lon="-105.8734480">
    <ele>3277.0</ele>
    <time>2026-09-05T16:03:24Z</time>
    
   </trkpt>
   <trkpt lat="39.7187790" lon="-105.8733690">
    <ele>3275.8</ele>
    <time>2026-09-05T16:03:27Z</time>
    
   </trkpt>
   <trkpt lat="39.7187490" lon="-105.8733000">
    <ele>3275.6</ele>
    <time>2026-09-05T16:03:30Z</time>
    
   </trkpt>
   <trkpt lat="39.7187400" lon="-105.8732750">
    <ele>3275.8</ele>
    <time>2026-09-05T16:03:31Z</time>
    
   </trkpt>
   <trkpt lat="39.7187340" lon="-105.8731710">
    <ele>3275.4</ele>
    <time>2026-09-05T16:03:37Z</time>
    
   </trkpt>
   <trkpt lat="39.7187330" lon="-105.8731180">
    <ele>3275.0</ele>
    <time>2026-09-05T16:03:40Z</time>
    
   </trkpt>
   <trkpt lat="39.7187350" lon="-105.8730760">
    <ele>3275.2</ele>
    <time>2026-09-05T16:03:42Z</time>
    
   </trkpt>
   <trkpt lat="39.7187230" lon="-105.8730280">
    <ele>3275.2</ele>
    <time>2026-09-05T16:03:45Z</time>
    
   </trkpt>
   <trkpt lat="39.7186920" lon="-105.8729500">
    <ele>3274.8</ele>
    <time>2026-09-05T16:03:50Z</time>
    
   </trkpt>
   <trkpt lat="39.7186770" lon="-105.8729080">
    <ele>3274.8</ele>
    <time>2026-09-05T16:03:52Z</time>
    
   </trkpt>
   <trkpt lat="39.7186040" lon="-105.8727880">
    <ele>3273.8</ele>
    <time>2026-09-05T16:03:59Z</time>
    
   </trkpt>
   <trkpt lat="39.7185630" lon="-105.8727100">
    <ele>3272.8</ele>
    <time>2026-09-05T16:04:03Z</time>
    
   </trkpt>
   <trkpt lat="39.7185490" lon="-105.8726900">
    <ele>3272.6</ele>
    <time>2026-09-05T16:04:04Z</time>
    
   </trkpt>
   <trkpt lat="39.7185400" lon="-105.8726770">
    <ele>3272.6</ele>
    <time>2026-09-05T16:04:05Z</time>
    
   </trkpt>
   <trkpt lat="39.7184890" lon="-105.8725890">
    <ele>3271.8</ele>
    <time>2026-09-05T16:04:12Z</time>
    
   </trkpt>
   <trkpt lat="39.7184710" lon="-105.8725520">
    <ele>3271.6</ele>
    <time>2026-09-05T16:04:14Z</time>
    
   </trkpt>
   <trkpt lat="39.7184640" lon="-105.8725350">
    <ele>3271.4</ele>
    <time>2026-09-05T16:04:15Z</time>
    
   </trkpt>
   <trkpt lat="39.7184050" lon="-105.8724120">
    <ele>3270.8</ele>
    <time>2026-09-05T16:04:23Z</time>
    
   </trkpt>
   <trkpt lat="39.7183910" lon="-105.8723600">
    <ele>3270.8</ele>
    <time>2026-09-05T16:04:27Z</time>
    
   </trkpt>
   <trkpt lat="39.7183760" lon="-105.8723450">
    <ele>3270.8</ele>
    <time>2026-09-05T16:04:29Z</time>
    
   </trkpt>
   <trkpt lat="39.7183670" lon="-105.8723410">
    <ele>3271.0</ele>
    <time>2026-09-05T16:04:30Z</time>
    
   </trkpt>
   <trkpt lat="39.7183610" lon="-105.8723350">
    <ele>3270.8</ele>
    <time>2026-09-05T16:04:31Z</time>
    
   </trkpt>
   <trkpt lat="39.7183410" lon="-105.8723010">
    <ele>3270.6</ele>
    <time>2026-09-05T16:04:33Z</time>
    
   </trkpt>
   <trkpt lat="39.7182940" lon="-105.8722210">
    <ele>3269.6</ele>
    <time>2026-09-05T16:04:36Z</time>
    
   </trkpt>
   <trkpt lat="39.7182140" lon="-105.8721000">
    <ele>3268.4</ele>
    <time>2026-09-05T16:04:42Z</time>
    
   </trkpt>
   <trkpt lat="39.7181980" lon="-105.8720510">
    <ele>3268.2</ele>
    <time>2026-09-05T16:04:44Z</time>
    
   </trkpt>
   <trkpt lat="39.7181710" lon="-105.8719880">
    <ele>3267.4</ele>
    <time>2026-09-05T16:04:47Z</time>
    
   </trkpt>
   <trkpt lat="39.7181630" lon="-105.8719500">
    <ele>3266.8</ele>
    <time>2026-09-05T16:04:49Z</time>
    
   </trkpt>
   <trkpt lat="39.7181470" lon="-105.8719200">
    <ele>3266.0</ele>
    <time>2026-09-05T16:04:51Z</time>
    
   </trkpt>
   <trkpt lat="39.7181150" lon="-105.8718570">
    <ele>3264.8</ele>
    <time>2026-09-05T16:04:54Z</time>
    
   </trkpt>
   <trkpt lat="39.7181050" lon="-105.8718380">
    <ele>3264.6</ele>
    <time>2026-09-05T16:04:55Z</time>
    
   </trkpt>
   <trkpt lat="39.7180620" lon="-105.8717900">
    <ele>3263.8</ele>
    <time>2026-09-05T16:04:58Z</time>
    
   </trkpt>
   <trkpt lat="39.7180390" lon="-105.8717750">
    <ele>3263.6</ele>
    <time>2026-09-05T16:04:59Z</time>
    
   </trkpt>
   <trkpt lat="39.7180280" lon="-105.8717570">
    <ele>3263.0</ele>
    <time>2026-09-05T16:05:00Z</time>
    
   </trkpt>
   <trkpt lat="39.7180130" lon="-105.8717390">
    <ele>3262.2</ele>
    <time>2026-09-05T16:05:01Z</time>
    
   </trkpt>
   <trkpt lat="39.7179830" lon="-105.8716840">
    <ele>3260.8</ele>
    <time>2026-09-05T16:05:03Z</time>
    
   </trkpt>
   <trkpt lat="39.7179580" lon="-105.8716430">
    <ele>3260.2</ele>
    <time>2026-09-05T16:05:05Z</time>
    
   </trkpt>
   <trkpt lat="39.7179150" lon="-105.8715370">
    <ele>3259.6</ele>
    <time>2026-09-05T16:05:09Z</time>
    
   </trkpt>
   <trkpt lat="39.7178910" lon="-105.8714880">
    <ele>3259.2</ele>
    <time>2026-09-05T16:05:11Z</time>
    
   </trkpt>
   <trkpt lat="39.7178770" lon="-105.8714120">
    <ele>3258.8</ele>
    <time>2026-09-05T16:05:14Z</time>
    
   </trkpt>
   <trkpt lat="39.7178580" lon="-105.8713760">
    <ele>3258.8</ele>
    <time>2026-09-05T16:05:16Z</time>
    
   </trkpt>
   <trkpt lat="39.7178120" lon="-105.8712980">
    <ele>3258.6</ele>
    <time>2026-09-05T16:05:19Z</time>
    
   </trkpt>
   <trkpt lat="39.7178110" lon="-105.8712150">
    <ele>3258.4</ele>
    <time>2026-09-05T16:05:21Z</time>
    
   </trkpt>
   <trkpt lat="39.7178040" lon="-105.8710730">
    <ele>3258.2</ele>
    <time>2026-09-05T16:05:25Z</time>
    
   </trkpt>
   <trkpt lat="39.7177890" lon="-105.8710500">
    <ele>3258.0</ele>
    <time>2026-09-05T16:05:26Z</time>
    
   </trkpt>
   <trkpt lat="39.7177270" lon="-105.8709980">
    <ele>3257.4</ele>
    <time>2026-09-05T16:05:29Z</time>
    
   </trkpt>
   <trkpt lat="39.7177080" lon="-105.8709630">
    <ele>3257.0</ele>
    <time>2026-09-05T16:05:31Z</time>
    
   </trkpt>
   <trkpt lat="39.7176660" lon="-105.8708750">
    <ele>3256.6</ele>
    <time>2026-09-05T16:05:35Z</time>
    
   </trkpt>
   <trkpt lat="39.7176610" lon="-105.8708450">
    <ele>3256.4</ele>
    <time>2026-09-05T16:05:36Z</time>
    
   </trkpt>
   <trkpt lat="39.7176500" lon="-105.8708100">
    <ele>3256.0</ele>
    <time>2026-09-05T16:05:37Z</time>
    
   </trkpt>
   <trkpt lat="39.7176390" lon="-105.8707330">
    <ele>3255.4</ele>
    <time>2026-09-05T16:05:39Z</time>
    
   </trkpt>
   <trkpt lat="39.7176350" lon="-105.8707010">
    <ele>3255.2</ele>
    <time>2026-09-05T16:05:40Z</time>
    
   </trkpt>
   <trkpt lat="39.7176340" lon="-105.8706580">
    <ele>3254.8</ele>
    <time>2026-09-05T16:05:42Z</time>
    
   </trkpt>
   <trkpt lat="39.7176370" lon="-105.8706430">
    <ele>3254.8</ele>
    <time>2026-09-05T16:05:43Z</time>
    
   </trkpt>
   <trkpt lat="39.7176500" lon="-105.8706110">
    <ele>3254.8</ele>
    <time>2026-09-05T16:05:45Z</time>
    
   </trkpt>
   <trkpt lat="39.7176400" lon="-105.8705820">
    <ele>3254.4</ele>
    <time>2026-09-05T16:05:47Z</time>
    
   </trkpt>
   <trkpt lat="39.7176210" lon="-105.8705520">
    <ele>3254.2</ele>
    <time>2026-09-05T16:05:49Z</time>
    
   </trkpt>
   <trkpt lat="39.7176100" lon="-105.8704780">
    <ele>3254.2</ele>
    <time>2026-09-05T16:05:53Z</time>
    
   </trkpt>
   <trkpt lat="39.7175980" lon="-105.8704430">
    <ele>3254.4</ele>
    <time>2026-09-05T16:05:55Z</time>
    
   </trkpt>
   <trkpt lat="39.7175130" lon="-105.8703220">
    <ele>3253.6</ele>
    <time>2026-09-05T16:05:59Z</time>
    
   </trkpt>
   <trkpt lat="39.7175000" lon="-105.8702870">
    <ele>3253.4</ele>
    <time>2026-09-05T16:06:01Z</time>
    
   </trkpt>
   <trkpt lat="39.7174780" lon="-105.8702210">
    <ele>3252.6</ele>
    <time>2026-09-05T16:06:05Z</time>
    
   </trkpt>
   <trkpt lat="39.7174740" lon="-105.8701710">
    <ele>3252.4</ele>
    <time>2026-09-05T16:06:08Z</time>
    
   </trkpt>
   <trkpt lat="39.7174680" lon="-105.8701530">
    <ele>3252.4</ele>
    <time>2026-09-05T16:06:10Z</time>
    
   </trkpt>
   <trkpt lat="39.7174090" lon="-105.8701020">
    <ele>3251.6</ele>
    <time>2026-09-05T16:06:15Z</time>
    
   </trkpt>
   <trkpt lat="39.7173960" lon="-105.8700970">
    <ele>3251.4</ele>
    <time>2026-09-05T16:06:16Z</time>
    
   </trkpt>
   <trkpt lat="39.7173820" lon="-105.8700820">
    <ele>3251.2</ele>
    <time>2026-09-05T16:06:17Z</time>
    
   </trkpt>
   <trkpt lat="39.7173150" lon="-105.8700220">
    <ele>3250.6</ele>
    <time>2026-09-05T16:06:21Z</time>
    
   </trkpt>
   <trkpt lat="39.7172700" lon="-105.8700020">
    <ele>3250.2</ele>
    <time>2026-09-05T16:06:24Z</time>
    
   </trkpt>
   <trkpt lat="39.7172290" lon="-105.8699800">
    <ele>3249.0</ele>
    <time>2026-09-05T16:06:27Z</time>
    
   </trkpt>
   <trkpt lat="39.7172160" lon="-105.8699690">
    <ele>3248.8</ele>
    <time>2026-09-05T16:06:28Z</time>
    
   </trkpt>
   <trkpt lat="39.7171690" lon="-105.8699320">
    <ele>3248.0</ele>
    <time>2026-09-05T16:06:31Z</time>
    
   </trkpt>
   <trkpt lat="39.7171320" lon="-105.8698920">
    <ele>3246.8</ele>
    <time>2026-09-05T16:06:34Z</time>
    
   </trkpt>
   <trkpt lat="39.7171020" lon="-105.8698590">
    <ele>3246.2</ele>
    <time>2026-09-05T16:06:37Z</time>
    
   </trkpt>
   <trkpt lat="39.7170770" lon="-105.8698540">
    <ele>3246.0</ele>
    <time>2026-09-05T16:06:39Z</time>
    
   </trkpt>
   <trkpt lat="39.7170640" lon="-105.8698450">
    <ele>3245.8</ele>
    <time>2026-09-05T16:06:40Z</time>
    
   </trkpt>
   <trkpt lat="39.7170300" lon="-105.8698180">
    <ele>3245.2</ele>
    <time>2026-09-05T16:06:42Z</time>
    
   </trkpt>
   <trkpt lat="39.7170040" lon="-105.8697690">
    <ele>3244.6</ele>
    <time>2026-09-05T16:06:45Z</time>
    
   </trkpt>
   <trkpt lat="39.7169610" lon="-105.8696580">
    <ele>3243.4</ele>
    <time>2026-09-05T16:06:49Z</time>
    
   </trkpt>
   <trkpt lat="39.7169470" lon="-105.8696250">
    <ele>3243.0</ele>
    <time>2026-09-05T16:06:50Z</time>
    
   </trkpt>
   <trkpt lat="39.7169320" lon="-105.8695960">
    <ele>3242.6</ele>
    <time>2026-09-05T16:06:51Z</time>
    
   </trkpt>
   <trkpt lat="39.7169140" lon="-105.8695690">
    <ele>3242.2</ele>
    <time>2026-09-05T16:06:52Z</time>
    
   </trkpt>
   <trkpt lat="39.7168350" lon="-105.8695000">
    <ele>3241.6</ele>
    <time>2026-09-05T16:06:56Z</time>
    
   </trkpt>
   <trkpt lat="39.7167290" lon="-105.8694280">
    <ele>3241.6</ele>
    <time>2026-09-05T16:07:01Z</time>
    
   </trkpt>
   <trkpt lat="39.7167080" lon="-105.8693990">
    <ele>3241.4</ele>
    <time>2026-09-05T16:07:02Z</time>
    
   </trkpt>
   <trkpt lat="39.7166280" lon="-105.8693000">
    <ele>3241.4</ele>
    <time>2026-09-05T16:07:06Z</time>
    
   </trkpt>
   <trkpt lat="39.7166000" lon="-105.8692660">
    <ele>3241.2</ele>
    <time>2026-09-05T16:07:08Z</time>
    
   </trkpt>
   <trkpt lat="39.7165910" lon="-105.8692530">
    <ele>3241.2</ele>
    <time>2026-09-05T16:07:09Z</time>
    
   </trkpt>
   <trkpt lat="39.7165770" lon="-105.8692370">
    <ele>3241.2</ele>
    <time>2026-09-05T16:07:11Z</time>
    
   </trkpt>
   <trkpt lat="39.7165630" lon="-105.8692320">
    <ele>3241.2</ele>
    <time>2026-09-05T16:07:13Z</time>
    
   </trkpt>
   <trkpt lat="39.7165610" lon="-105.8692330">
    <ele>3241.2</ele>
    <time>2026-09-05T16:07:14Z</time>
    
   </trkpt>
   <trkpt lat="39.7165550" lon="-105.8692320">
    <ele>3241.2</ele>
    <time>2026-09-05T16:07:24Z</time>
    
   </trkpt>
   <trkpt lat="39.7165540" lon="-105.8692350">
    <ele>3241.0</ele>
    <time>2026-09-05T16:07:26Z</time>
    
   </trkpt>
   <trkpt lat="39.7165550" lon="-105.8692370">
    <ele>3240.8</ele>
    <time>2026-09-05T16:07:27Z</time>
    
   </trkpt>
   <trkpt lat="39.7165550" lon="-105.8692380">
    <ele>3240.8</ele>
    <time>2026-09-05T16:07:28Z</time>
    
   </trkpt>
   <trkpt lat="39.7165490" lon="-105.8692380">
    <ele>3240.6</ele>
    <time>2026-09-05T16:07:30Z</time>
    
   </trkpt>
   <trkpt lat="39.7165470" lon="-105.8692370">
    <ele>3240.6</ele>
    <time>2026-09-05T16:07:31Z</time>
    
   </trkpt>
   <trkpt lat="39.7165260" lon="-105.8691870">
    <ele>3240.4</ele>
    <time>2026-09-05T16:07:36Z</time>
    
   </trkpt>
   <trkpt lat="39.7165030" lon="-105.8691310">
    <ele>3240.4</ele>
    <time>2026-09-05T16:07:39Z</time>
    
   </trkpt>
   <trkpt lat="39.7164420" lon="-105.8690010">
    <ele>3240.4</ele>
    <time>2026-09-05T16:07:47Z</time>
    
   </trkpt>
   <trkpt lat="39.7164240" lon="-105.8689590">
    <ele>3240.2</ele>
    <time>2026-09-05T16:07:49Z</time>
    
   </trkpt>
   <trkpt lat="39.7163750" lon="-105.8688690">
    <ele>3240.4</ele>
    <time>2026-09-05T16:07:52Z</time>
    
   </trkpt>
   <trkpt lat="39.7162950" lon="-105.8686380">
    <ele>3239.6</ele>
    <time>2026-09-05T16:07:59Z</time>
    
   </trkpt>
   <trkpt lat="39.7162700" lon="-105.8685820">
    <ele>3239.4</ele>
    <time>2026-09-05T16:08:01Z</time>
    
   </trkpt>
   <trkpt lat="39.7162420" lon="-105.8685190">
    <ele>3239.4</ele>
    <time>2026-09-05T16:08:03Z</time>
    
   </trkpt>
   <trkpt lat="39.7162080" lon="-105.8684700">
    <ele>3239.2</ele>
    <time>2026-09-05T16:08:05Z</time>
    
   </trkpt>
   <trkpt lat="39.7161930" lon="-105.8684460">
    <ele>3239.0</ele>
    <time>2026-09-05T16:08:06Z</time>
    
   </trkpt>
   <trkpt lat="39.7161800" lon="-105.8684180">
    <ele>3238.8</ele>
    <time>2026-09-05T16:08:07Z</time>
    
   </trkpt>
   <trkpt lat="39.7161680" lon="-105.8683900">
    <ele>3238.2</ele>
    <time>2026-09-05T16:08:08Z</time>
    
   </trkpt>
   <trkpt lat="39.7161580" lon="-105.8683570">
    <ele>3237.8</ele>
    <time>2026-09-05T16:08:09Z</time>
    
   </trkpt>
   <trkpt lat="39.7161530" lon="-105.8683240">
    <ele>3237.4</ele>
    <time>2026-09-05T16:08:10Z</time>
    
   </trkpt>
   <trkpt lat="39.7161430" lon="-105.8682620">
    <ele>3236.6</ele>
    <time>2026-09-05T16:08:12Z</time>
    
   </trkpt>
   <trkpt lat="39.7161240" lon="-105.8681630">
    <ele>3235.6</ele>
    <time>2026-09-05T16:08:15Z</time>
    
   </trkpt>
   <trkpt lat="39.7161120" lon="-105.8681370">
    <ele>3235.2</ele>
    <time>2026-09-05T16:08:16Z</time>
    
   </trkpt>
   <trkpt lat="39.7160690" lon="-105.8680720">
    <ele>3234.0</ele>
    <time>2026-09-05T16:08:19Z</time>
    
   </trkpt>
   <trkpt lat="39.7160570" lon="-105.8680410">
    <ele>3233.4</ele>
    <time>2026-09-05T16:08:20Z</time>
    
   </trkpt>
   <trkpt lat="39.7160430" lon="-105.8679710">
    <ele>3232.6</ele>
    <time>2026-09-05T16:08:22Z</time>
    
   </trkpt>
   <trkpt lat="39.7160270" lon="-105.8678680">
    <ele>3231.8</ele>
    <time>2026-09-05T16:08:25Z</time>
    
   </trkpt>
   <trkpt lat="39.7160160" lon="-105.8678360">
    <ele>3231.4</ele>
    <time>2026-09-05T16:08:26Z</time>
    
   </trkpt>
   <trkpt lat="39.7160080" lon="-105.8677370">
    <ele>3230.2</ele>
    <time>2026-09-05T16:08:29Z</time>
    
   </trkpt>
   <trkpt lat="39.7160040" lon="-105.8676580">
    <ele>3229.4</ele>
    <time>2026-09-05T16:08:31Z</time>
    
   </trkpt>
   <trkpt lat="39.7160030" lon="-105.8676160">
    <ele>3229.2</ele>
    <time>2026-09-05T16:08:32Z</time>
    
   </trkpt>
   <trkpt lat="39.7159620" lon="-105.8674270">
    <ele>3228.2</ele>
    <time>2026-09-05T16:08:37Z</time>
    
   </trkpt>
   <trkpt lat="39.7159000" lon="-105.8673100">
    <ele>3227.8</ele>
    <time>2026-09-05T16:08:42Z</time>
    
   </trkpt>
   <trkpt lat="39.7158420" lon="-105.8672470">
    <ele>3227.2</ele>
    <time>2026-09-05T16:08:46Z</time>
    
   </trkpt>
   <trkpt lat="39.7158310" lon="-105.8672280">
    <ele>3226.8</ele>
    <time>2026-09-05T16:08:47Z</time>
    
   </trkpt>
   <trkpt lat="39.7158250" lon="-105.8672150">
    <ele>3226.6</ele>
    <time>2026-09-05T16:08:48Z</time>
    
   </trkpt>
   <trkpt lat="39.7157450" lon="-105.8671080">
    <ele>3226.4</ele>
    <time>2026-09-05T16:08:53Z</time>
    
   </trkpt>
   <trkpt lat="39.7157210" lon="-105.8670650">
    <ele>3226.0</ele>
    <time>2026-09-05T16:08:56Z</time>
    
   </trkpt>
   <trkpt lat="39.7157220" lon="-105.8670560">
    <ele>3225.8</ele>
    <time>2026-09-05T16:08:57Z</time>
    
   </trkpt>
   <trkpt lat="39.7157350" lon="-105.8670470">
    <ele>3225.2</ele>
    <time>2026-09-05T16:09:00Z</time>
    
   </trkpt>
   <trkpt lat="39.7157380" lon="-105.8670460">
    <ele>3225.2</ele>
    <time>2026-09-05T16:09:01Z</time>
    
   </trkpt>
   <trkpt lat="39.7157420" lon="-105.8670490">
    <ele>3225.2</ele>
    <time>2026-09-05T16:09:03Z</time>
    
   </trkpt>
   <trkpt lat="39.7156790" lon="-105.8669980">
    <ele>3224.8</ele>
    <time>2026-09-05T16:09:10Z</time>
    
   </trkpt>
   <trkpt lat="39.7156590" lon="-105.8669750">
    <ele>3224.6</ele>
    <time>2026-09-05T16:09:12Z</time>
    
   </trkpt>
   <trkpt lat="39.7155740" lon="-105.8669330">
    <ele>3224.4</ele>
    <time>2026-09-05T16:09:16Z</time>
    
   </trkpt>
   <trkpt lat="39.7155100" lon="-105.8668970">
    <ele>3223.8</ele>
    <time>2026-09-05T16:09:19Z</time>
    
   </trkpt>
   <trkpt lat="39.7154410" lon="-105.8668240">
    <ele>3222.6</ele>
    <time>2026-09-05T16:09:23Z</time>
    
   </trkpt>
   <trkpt lat="39.7154260" lon="-105.8667980">
    <ele>3222.6</ele>
    <time>2026-09-05T16:09:24Z</time>
    
   </trkpt>
   <trkpt lat="39.7153550" lon="-105.8666880">
    <ele>3222.6</ele>
    <time>2026-09-05T16:09:28Z</time>
    
   </trkpt>
   <trkpt lat="39.7153270" lon="-105.8665790">
    <ele>3223.0</ele>
    <time>2026-09-05T16:09:31Z</time>
    
   </trkpt>
   <trkpt lat="39.7153130" lon="-105.8663350">
    <ele>3222.2</ele>
    <time>2026-09-05T16:09:37Z</time>
    
   </trkpt>
   <trkpt lat="39.7152860" lon="-105.8661750">
    <ele>3221.8</ele>
    <time>2026-09-05T16:09:42Z</time>
    
   </trkpt>
   <trkpt lat="39.7152750" lon="-105.8661550">
    <ele>3221.8</ele>
    <time>2026-09-05T16:09:43Z</time>
    
   </trkpt>
   <trkpt lat="39.7152210" lon="-105.8661140">
    <ele>3221.6</ele>
    <time>2026-09-05T16:09:46Z</time>
    
   </trkpt>
   <trkpt lat="39.7152000" lon="-105.8661140">
    <ele>3221.4</ele>
    <time>2026-09-05T16:09:47Z</time>
    
   </trkpt>
   <trkpt lat="39.7151790" lon="-105.8661150">
    <ele>3221.4</ele>
    <time>2026-09-05T16:09:48Z</time>
    
   </trkpt>
   <trkpt lat="39.7151290" lon="-105.8660890">
    <ele>3220.4</ele>
    <time>2026-09-05T16:09:51Z</time>
    
   </trkpt>
   <trkpt lat="39.7151020" lon="-105.8660500">
    <ele>3219.6</ele>
    <time>2026-09-05T16:09:53Z</time>
    
   </trkpt>
   <trkpt lat="39.7150700" lon="-105.8660160">
    <ele>3219.2</ele>
    <time>2026-09-05T16:09:55Z</time>
    
   </trkpt>
   <trkpt lat="39.7149900" lon="-105.8659080">
    <ele>3218.6</ele>
    <time>2026-09-05T16:10:00Z</time>
    
   </trkpt>
   <trkpt lat="39.7149660" lon="-105.8658510">
    <ele>3218.0</ele>
    <time>2026-09-05T16:10:02Z</time>
    
   </trkpt>
   <trkpt lat="39.7149150" lon="-105.8657640">
    <ele>3217.4</ele>
    <time>2026-09-05T16:10:06Z</time>
    
   </trkpt>
   <trkpt lat="39.7148840" lon="-105.8657310">
    <ele>3217.0</ele>
    <time>2026-09-05T16:10:08Z</time>
    
   </trkpt>
   <trkpt lat="39.7148000" lon="-105.8656580">
    <ele>3216.0</ele>
    <time>2026-09-05T16:10:12Z</time>
    
   </trkpt>
   <trkpt lat="39.7147820" lon="-105.8656370">
    <ele>3215.8</ele>
    <time>2026-09-05T16:10:13Z</time>
    
   </trkpt>
   <trkpt lat="39.7147710" lon="-105.8656120">
    <ele>3215.4</ele>
    <time>2026-09-05T16:10:14Z</time>
    
   </trkpt>
   <trkpt lat="39.7147490" lon="-105.8655690">
    <ele>3215.0</ele>
    <time>2026-09-05T16:10:16Z</time>
    
   </trkpt>
   <trkpt lat="39.7147150" lon="-105.8655400">
    <ele>3214.4</ele>
    <time>2026-09-05T16:10:18Z</time>
    
   </trkpt>
   <trkpt lat="39.7146820" lon="-105.8655100">
    <ele>3213.8</ele>
    <time>2026-09-05T16:10:20Z</time>
    
   </trkpt>
   <trkpt lat="39.7146750" lon="-105.8654900">
    <ele>3213.4</ele>
    <time>2026-09-05T16:10:21Z</time>
    
   </trkpt>
   <trkpt lat="39.7146260" lon="-105.8654100">
    <ele>3212.6</ele>
    <time>2026-09-05T16:10:24Z</time>
    
   </trkpt>
   <trkpt lat="39.7145380" lon="-105.8652540">
    <ele>3211.4</ele>
    <time>2026-09-05T16:10:29Z</time>
    
   </trkpt>
   <trkpt lat="39.7144860" lon="-105.8651320">
    <ele>3211.0</ele>
    <time>2026-09-05T16:10:32Z</time>
    
   </trkpt>
   <trkpt lat="39.7144250" lon="-105.8649670">
    <ele>3210.8</ele>
    <time>2026-09-05T16:10:36Z</time>
    
   </trkpt>
   <trkpt lat="39.7144100" lon="-105.8649310">
    <ele>3210.8</ele>
    <time>2026-09-05T16:10:37Z</time>
    
   </trkpt>
   <trkpt lat="39.7143740" lon="-105.8648680">
    <ele>3210.2</ele>
    <time>2026-09-05T16:10:39Z</time>
    
   </trkpt>
   <trkpt lat="39.7142960" lon="-105.8647690">
    <ele>3209.4</ele>
    <time>2026-09-05T16:10:43Z</time>
    
   </trkpt>
   <trkpt lat="39.7142730" lon="-105.8647460">
    <ele>3209.0</ele>
    <time>2026-09-05T16:10:44Z</time>
    
   </trkpt>
   <trkpt lat="39.7142010" lon="-105.8646800">
    <ele>3207.8</ele>
    <time>2026-09-05T16:10:47Z</time>
    
   </trkpt>
   <trkpt lat="39.7141590" lon="-105.8646240">
    <ele>3207.2</ele>
    <time>2026-09-05T16:10:49Z</time>
    
   </trkpt>
   <trkpt lat="39.7141360" lon="-105.8645950">
    <ele>3206.8</ele>
    <time>2026-09-05T16:10:50Z</time>
    
   </trkpt>
   <trkpt lat="39.7140470" lon="-105.8644680">
    <ele>3205.8</ele>
    <time>2026-09-05T16:10:54Z</time>
    
   </trkpt>
   <trkpt lat="39.7140240" lon="-105.8644410">
    <ele>3205.4</ele>
    <time>2026-09-05T16:10:55Z</time>
    
   </trkpt>
   <trkpt lat="39.7139790" lon="-105.8643880">
    <ele>3204.4</ele>
    <time>2026-09-05T16:10:57Z</time>
    
   </trkpt>
   <trkpt lat="39.7139270" lon="-105.8642990">
    <ele>3203.2</ele>
    <time>2026-09-05T16:11:00Z</time>
    
   </trkpt>
   <trkpt lat="39.7138680" lon="-105.8642030">
    <ele>3202.0</ele>
    <time>2026-09-05T16:11:03Z</time>
    
   </trkpt>
   <trkpt lat="39.7138140" lon="-105.8641170">
    <ele>3201.0</ele>
    <time>2026-09-05T16:11:06Z</time>
    
   </trkpt>
   <trkpt lat="39.7137990" lon="-105.8640880">
    <ele>3200.8</ele>
    <time>2026-09-05T16:11:07Z</time>
    
   </trkpt>
   <trkpt lat="39.7137820" lon="-105.8640630">
    <ele>3200.6</ele>
    <time>2026-09-05T16:11:08Z</time>
    
   </trkpt>
   <trkpt lat="39.7137250" lon="-105.8639970">
    <ele>3199.8</ele>
    <time>2026-09-05T16:11:11Z</time>
    
   </trkpt>
   <trkpt lat="39.7137100" lon="-105.8639710">
    <ele>3199.4</ele>
    <time>2026-09-05T16:11:12Z</time>
    
   </trkpt>
   <trkpt lat="39.7136950" lon="-105.8639410">
    <ele>3199.2</ele>
    <time>2026-09-05T16:11:13Z</time>
    
   </trkpt>
   <trkpt lat="39.7136580" lon="-105.8638460">
    <ele>3198.2</ele>
    <time>2026-09-05T16:11:16Z</time>
    
   </trkpt>
   <trkpt lat="39.7136420" lon="-105.8638150">
    <ele>3197.8</ele>
    <time>2026-09-05T16:11:17Z</time>
    
   </trkpt>
   <trkpt lat="39.7135980" lon="-105.8637230">
    <ele>3197.0</ele>
    <time>2026-09-05T16:11:20Z</time>
    
   </trkpt>
   <trkpt lat="39.7135640" lon="-105.8636380">
    <ele>3196.8</ele>
    <time>2026-09-05T16:11:23Z</time>
    
   </trkpt>
   <trkpt lat="39.7134750" lon="-105.8635010">
    <ele>3196.0</ele>
    <time>2026-09-05T16:11:28Z</time>
    
   </trkpt>
   <trkpt lat="39.7134570" lon="-105.8634730">
    <ele>3196.2</ele>
    <time>2026-09-05T16:11:29Z</time>
    
   </trkpt>
   <trkpt lat="39.7133350" lon="-105.8633000">
    <ele>3197.0</ele>
    <time>2026-09-05T16:11:36Z</time>
    
   </trkpt>
   <trkpt lat="39.7133160" lon="-105.8632830">
    <ele>3197.0</ele>
    <time>2026-09-05T16:11:37Z</time>
    
   </trkpt>
   <trkpt lat="39.7131770" lon="-105.8632130">
    <ele>3196.2</ele>
    <time>2026-09-05T16:11:43Z</time>
    
   </trkpt>
   <trkpt lat="39.7131310" lon="-105.8631950">
    <ele>3196.0</ele>
    <time>2026-09-05T16:11:45Z</time>
    
   </trkpt>
   <trkpt lat="39.7130140" lon="-105.8631490">
    <ele>3194.6</ele>
    <time>2026-09-05T16:11:50Z</time>
    
   </trkpt>
   <trkpt lat="39.7129350" lon="-105.8631070">
    <ele>3193.6</ele>
    <time>2026-09-05T16:11:53Z</time>
    
   </trkpt>
   <trkpt lat="39.7128860" lon="-105.8630670">
    <ele>3192.8</ele>
    <time>2026-09-05T16:11:55Z</time>
    
   </trkpt>
   <trkpt lat="39.7128610" lon="-105.8630460">
    <ele>3192.6</ele>
    <time>2026-09-05T16:11:56Z</time>
    
   </trkpt>
   <trkpt lat="39.7128340" lon="-105.8630280">
    <ele>3192.4</ele>
    <time>2026-09-05T16:11:57Z</time>
    
   </trkpt>
   <trkpt lat="39.7127570" lon="-105.8629740">
    <ele>3191.4</ele>
    <time>2026-09-05T16:12:00Z</time>
    
   </trkpt>
   <trkpt lat="39.7126890" lon="-105.8628990">
    <ele>3190.6</ele>
    <time>2026-09-05T16:12:03Z</time>
    
   </trkpt>
   <trkpt lat="39.7126680" lon="-105.8628710">
    <ele>3190.4</ele>
    <time>2026-09-05T16:12:04Z</time>
    
   </trkpt>
   <trkpt lat="39.7126070" lon="-105.8627820">
    <ele>3189.4</ele>
    <time>2026-09-05T16:12:07Z</time>
    
   </trkpt>
   <trkpt lat="39.7125620" lon="-105.8626740">
    <ele>3189.0</ele>
    <time>2026-09-05T16:12:10Z</time>
    
   </trkpt>
   <trkpt lat="39.7124760" lon="-105.8624760">
    <ele>3188.4</ele>
    <time>2026-09-05T16:12:17Z</time>
    
   </trkpt>
   <trkpt lat="39.7124480" lon="-105.8624270">
    <ele>3188.2</ele>
    <time>2026-09-05T16:12:19Z</time>
    
   </trkpt>
   <trkpt lat="39.7124130" lon="-105.8623430">
    <ele>3187.8</ele>
    <time>2026-09-05T16:12:22Z</time>
    
   </trkpt>
   <trkpt lat="39.7123430" lon="-105.8622300">
    <ele>3187.2</ele>
    <time>2026-09-05T16:12:26Z</time>
    
   </trkpt>
   <trkpt lat="39.7122640" lon="-105.8621160">
    <ele>3186.6</ele>
    <time>2026-09-05T16:12:30Z</time>
    
   </trkpt>
   <trkpt lat="39.7122220" lon="-105.8620560">
    <ele>3186.0</ele>
    <time>2026-09-05T16:12:32Z</time>
    
   </trkpt>
   <trkpt lat="39.7121610" lon="-105.8619470">
    <ele>3184.8</ele>
    <time>2026-09-05T16:12:36Z</time>
    
   </trkpt>
   <trkpt lat="39.7121550" lon="-105.8619170">
    <ele>3184.6</ele>
    <time>2026-09-05T16:12:37Z</time>
    
   </trkpt>
   <trkpt lat="39.7121600" lon="-105.8617160">
    <ele>3184.4</ele>
    <time>2026-09-05T16:12:42Z</time>
    
   </trkpt>
   <trkpt lat="39.7121530" lon="-105.8614940">
    <ele>3184.8</ele>
    <time>2026-09-05T16:12:48Z</time>
    
   </trkpt>
   <trkpt lat="39.7121490" lon="-105.8612940">
    <ele>3185.4</ele>
    <time>2026-09-05T16:12:54Z</time>
    
   </trkpt>
   <trkpt lat="39.7121530" lon="-105.8612600">
    <ele>3185.6</ele>
    <time>2026-09-05T16:12:55Z</time>
    
   </trkpt>
   <trkpt lat="39.7121450" lon="-105.8611680">
    <ele>3185.2</ele>
    <time>2026-09-05T16:12:58Z</time>
    
   </trkpt>
   <trkpt lat="39.7121290" lon="-105.8611090">
    <ele>3185.0</ele>
    <time>2026-09-05T16:13:00Z</time>
    
   </trkpt>
   <trkpt lat="39.7120780" lon="-105.8609320">
    <ele>3184.6</ele>
    <time>2026-09-05T16:13:06Z</time>
    
   </trkpt>
   <trkpt lat="39.7120320" lon="-105.8608280">
    <ele>3184.0</ele>
    <time>2026-09-05T16:13:13Z</time>
    
   </trkpt>
   <trkpt lat="39.7120260" lon="-105.8608120">
    <ele>3184.2</ele>
    <time>2026-09-05T16:13:14Z</time>
    
   </trkpt>
   <trkpt lat="39.7120160" lon="-105.8607710">
    <ele>3184.4</ele>
    <time>2026-09-05T16:13:17Z</time>
    
   </trkpt>
   <trkpt lat="39.7120090" lon="-105.8607450">
    <ele>3184.6</ele>
    <time>2026-09-05T16:13:19Z</time>
    
   </trkpt>
   <trkpt lat="39.7120100" lon="-105.8607300">
    <ele>3184.8</ele>
    <time>2026-09-05T16:13:20Z</time>
    
   </trkpt>
   <trkpt lat="39.7120120" lon="-105.8607120">
    <ele>3184.8</ele>
    <time>2026-09-05T16:13:21Z</time>
    
   </trkpt>
   <trkpt lat="39.7120070" lon="-105.8606590">
    <ele>3185.2</ele>
    <time>2026-09-05T16:13:25Z</time>
    
   </trkpt>
   <trkpt lat="39.7119780" lon="-105.8605700">
    <ele>3185.8</ele>
    <time>2026-09-05T16:13:32Z</time>
    
   </trkpt>
   <trkpt lat="39.7119730" lon="-105.8605630">
    <ele>3186.0</ele>
    <time>2026-09-05T16:13:33Z</time>
    
   </trkpt>
   <trkpt lat="39.7119650" lon="-105.8605530">
    <ele>3186.0</ele>
    <time>2026-09-05T16:13:34Z</time>
    
   </trkpt>
   <trkpt lat="39.7119360" lon="-105.8604910">
    <ele>3186.0</ele>
    <time>2026-09-05T16:13:39Z</time>
    
   </trkpt>
   <trkpt lat="39.7119020" lon="-105.8604410">
    <ele>3185.2</ele>
    <time>2026-09-05T16:13:45Z</time>
    
   </trkpt>
   <trkpt lat="39.7118980" lon="-105.8604310">
    <ele>3185.2</ele>
    <time>2026-09-05T16:13:46Z</time>
    
   </trkpt>
   <trkpt lat="39.7118650" lon="-105.8604150">
    <ele>3184.8</ele>
    <time>2026-09-05T16:13:50Z</time>
    
   </trkpt>
   <trkpt lat="39.7118440" lon="-105.8604100">
    <ele>3184.4</ele>
    <time>2026-09-05T16:13:53Z</time>
    
   </trkpt>
   <trkpt lat="39.7118100" lon="-105.8604010">
    <ele>3183.6</ele>
    <time>2026-09-05T16:13:55Z</time>
    
   </trkpt>
   <trkpt lat="39.7117580" lon="-105.8603770">
    <ele>3182.6</ele>
    <time>2026-09-05T16:13:59Z</time>
    
   </trkpt>
   <trkpt lat="39.7116910" lon="-105.8603640">
    <ele>3181.4</ele>
    <time>2026-09-05T16:14:03Z</time>
    
   </trkpt>
   <trkpt lat="39.7116440" lon="-105.8603740">
    <ele>3181.2</ele>
    <time>2026-09-05T16:14:05Z</time>
    
   </trkpt>
   <trkpt lat="39.7115630" lon="-105.8603860">
    <ele>3180.0</ele>
    <time>2026-09-05T16:14:08Z</time>
    
   </trkpt>
   <trkpt lat="39.7114550" lon="-105.8603770">
    <ele>3178.8</ele>
    <time>2026-09-05T16:14:12Z</time>
    
   </trkpt>
   <trkpt lat="39.7113130" lon="-105.8603780">
    <ele>3177.8</ele>
    <time>2026-09-05T16:14:17Z</time>
    
   </trkpt>
   <trkpt lat="39.7112880" lon="-105.8603810">
    <ele>3177.4</ele>
    <time>2026-09-05T16:14:18Z</time>
    
   </trkpt>
   <trkpt lat="39.7112380" lon="-105.8603840">
    <ele>3176.8</ele>
    <time>2026-09-05T16:14:20Z</time>
    
   </trkpt>
   <trkpt lat="39.7112150" lon="-105.8603770">
    <ele>3176.2</ele>
    <time>2026-09-05T16:14:21Z</time>
    
   </trkpt>
   <trkpt lat="39.7111950" lon="-105.8603600">
    <ele>3175.8</ele>
    <time>2026-09-05T16:14:22Z</time>
    
   </trkpt>
   <trkpt lat="39.7111730" lon="-105.8603170">
    <ele>3175.2</ele>
    <time>2026-09-05T16:14:24Z</time>
    
   </trkpt>
   <trkpt lat="39.7111560" lon="-105.8602720">
    <ele>3174.8</ele>
    <time>2026-09-05T16:14:26Z</time>
    
   </trkpt>
   <trkpt lat="39.7111050" lon="-105.8602110">
    <ele>3174.8</ele>
    <time>2026-09-05T16:14:29Z</time>
    
   </trkpt>
   <trkpt lat="39.7110370" lon="-105.8601380">
    <ele>3175.0</ele>
    <time>2026-09-05T16:14:33Z</time>
    
   </trkpt>
   <trkpt lat="39.7109700" lon="-105.8600980">
    <ele>3174.8</ele>
    <time>2026-09-05T16:14:36Z</time>
    
   </trkpt>
   <trkpt lat="39.7109500" lon="-105.8600850">
    <ele>3174.6</ele>
    <time>2026-09-05T16:14:37Z</time>
    
   </trkpt>
   <trkpt lat="39.7109350" lon="-105.8600620">
    <ele>3174.4</ele>
    <time>2026-09-05T16:14:38Z</time>
    
   </trkpt>
   <trkpt lat="39.7109060" lon="-105.8600110">
    <ele>3173.8</ele>
    <time>2026-09-05T16:14:40Z</time>
    
   </trkpt>
   <trkpt lat="39.7108910" lon="-105.8599860">
    <ele>3173.6</ele>
    <time>2026-09-05T16:14:41Z</time>
    
   </trkpt>
   <trkpt lat="39.7108750" lon="-105.8599640">
    <ele>3173.2</ele>
    <time>2026-09-05T16:14:42Z</time>
    
   </trkpt>
   <trkpt lat="39.7108330" lon="-105.8599360">
    <ele>3172.2</ele>
    <time>2026-09-05T16:14:44Z</time>
    
   </trkpt>
   <trkpt lat="39.7107910" lon="-105.8599170">
    <ele>3171.8</ele>
    <time>2026-09-05T16:14:46Z</time>
    
   </trkpt>
   <trkpt lat="39.7106620" lon="-105.8598420">
    <ele>3171.6</ele>
    <time>2026-09-05T16:14:52Z</time>
    
   </trkpt>
   <trkpt lat="39.7106190" lon="-105.8597990">
    <ele>3171.0</ele>
    <time>2026-09-05T16:14:54Z</time>
    
   </trkpt>
   <trkpt lat="39.7105290" lon="-105.8597350">
    <ele>3169.8</ele>
    <time>2026-09-05T16:14:58Z</time>
    
   </trkpt>
   <trkpt lat="39.7105020" lon="-105.8597170">
    <ele>3169.4</ele>
    <time>2026-09-05T16:14:59Z</time>
    
   </trkpt>
   <trkpt lat="39.7104460" lon="-105.8596830">
    <ele>3168.4</ele>
    <time>2026-09-05T16:15:01Z</time>
    
   </trkpt>
   <trkpt lat="39.7103760" lon="-105.8596300">
    <ele>3167.2</ele>
    <time>2026-09-05T16:15:04Z</time>
    
   </trkpt>
   <trkpt lat="39.7103260" lon="-105.8595680">
    <ele>3166.8</ele>
    <time>2026-09-05T16:15:07Z</time>
    
   </trkpt>
   <trkpt lat="39.7102970" lon="-105.8595120">
    <ele>3166.0</ele>
    <time>2026-09-05T16:15:09Z</time>
    
   </trkpt>
   <trkpt lat="39.7102220" lon="-105.8593830">
    <ele>3165.4</ele>
    <time>2026-09-05T16:15:14Z</time>
    
   </trkpt>
   <trkpt lat="39.7101550" lon="-105.8592330">
    <ele>3165.2</ele>
    <time>2026-09-05T16:15:20Z</time>
    
   </trkpt>
   <trkpt lat="39.7100850" lon="-105.8590800">
    <ele>3165.0</ele>
    <time>2026-09-05T16:15:26Z</time>
    
   </trkpt>
   <trkpt lat="39.7100680" lon="-105.8590560">
    <ele>3165.0</ele>
    <time>2026-09-05T16:15:27Z</time>
    
   </trkpt>
   <trkpt lat="39.7100310" lon="-105.8589880">
    <ele>3165.0</ele>
    <time>2026-09-05T16:15:30Z</time>
    
   </trkpt>
   <trkpt lat="39.7100070" lon="-105.8589570">
    <ele>3164.8</ele>
    <time>2026-09-05T16:15:32Z</time>
    
   </trkpt>
   <trkpt lat="39.7099180" lon="-105.8588190">
    <ele>3164.2</ele>
    <time>2026-09-05T16:15:38Z</time>
    
   </trkpt>
   <trkpt lat="39.7098020" lon="-105.8587540">
    <ele>3163.8</ele>
    <time>2026-09-05T16:15:43Z</time>
    
   </trkpt>
   <trkpt lat="39.7097830" lon="-105.8587430">
    <ele>3163.8</ele>
    <time>2026-09-05T16:15:44Z</time>
    
   </trkpt>
   <trkpt lat="39.7097710" lon="-105.8587260">
    <ele>3163.8</ele>
    <time>2026-09-05T16:15:45Z</time>
    
   </trkpt>
   <trkpt lat="39.7097050" lon="-105.8586520">
    <ele>3163.4</ele>
    <time>2026-09-05T16:15:49Z</time>
    
   </trkpt>
   <trkpt lat="39.7095840" lon="-105.8585620">
    <ele>3162.8</ele>
    <time>2026-09-05T16:15:54Z</time>
    
   </trkpt>
   <trkpt lat="39.7095220" lon="-105.8584870">
    <ele>3162.2</ele>
    <time>2026-09-05T16:15:57Z</time>
    
   </trkpt>
   <trkpt lat="39.7094760" lon="-105.8584830">
    <ele>3161.8</ele>
    <time>2026-09-05T16:15:59Z</time>
    
   </trkpt>
   <trkpt lat="39.7094120" lon="-105.8584880">
    <ele>3160.2</ele>
    <time>2026-09-05T16:16:02Z</time>
    
   </trkpt>
   <trkpt lat="39.7093900" lon="-105.8584870">
    <ele>3159.8</ele>
    <time>2026-09-05T16:16:03Z</time>
    
   </trkpt>
   <trkpt lat="39.7093450" lon="-105.8584710">
    <ele>3159.2</ele>
    <time>2026-09-05T16:16:05Z</time>
    
   </trkpt>
   <trkpt lat="39.7092260" lon="-105.8584270">
    <ele>3157.8</ele>
    <time>2026-09-05T16:16:10Z</time>
    
   </trkpt>
   <trkpt lat="39.7092090" lon="-105.8584020">
    <ele>3157.6</ele>
    <time>2026-09-05T16:16:11Z</time>
    
   </trkpt>
   <trkpt lat="39.7091400" lon="-105.8583220">
    <ele>3156.6</ele>
    <time>2026-09-05T16:16:14Z</time>
    
   </trkpt>
   <trkpt lat="39.7089930" lon="-105.8582620">
    <ele>3155.6</ele>
    <time>2026-09-05T16:16:19Z</time>
    
   </trkpt>
   <trkpt lat="39.7088600" lon="-105.8581330">
    <ele>3154.4</ele>
    <time>2026-09-05T16:16:24Z</time>
    
   </trkpt>
   <trkpt lat="39.7088340" lon="-105.8581010">
    <ele>3154.2</ele>
    <time>2026-09-05T16:16:25Z</time>
    
   </trkpt>
   <trkpt lat="39.7087720" lon="-105.8580040">
    <ele>3153.0</ele>
    <time>2026-09-05T16:16:28Z</time>
    
   </trkpt>
   <trkpt lat="39.7086950" lon="-105.8578910">
    <ele>3152.2</ele>
    <time>2026-09-05T16:16:32Z</time>
    
   </trkpt>
   <trkpt lat="39.7086060" lon="-105.8577470">
    <ele>3152.0</ele>
    <time>2026-09-05T16:16:37Z</time>
    
   </trkpt>
   <trkpt lat="39.7085710" lon="-105.8576970">
    <ele>3151.8</ele>
    <time>2026-09-05T16:16:39Z</time>
    
   </trkpt>
   <trkpt lat="39.7085130" lon="-105.8576190">
    <ele>3150.8</ele>
    <time>2026-09-05T16:16:43Z</time>
    
   </trkpt>
   <trkpt lat="39.7084660" lon="-105.8575590">
    <ele>3150.0</ele>
    <time>2026-09-05T16:16:46Z</time>
    
   </trkpt>
   <trkpt lat="39.7084210" lon="-105.8575140">
    <ele>3149.8</ele>
    <time>2026-09-05T16:16:49Z</time>
    
   </trkpt>
   <trkpt lat="39.7083750" lon="-105.8574660">
    <ele>3149.4</ele>
    <time>2026-09-05T16:16:52Z</time>
    
   </trkpt>
   <trkpt lat="39.7083610" lon="-105.8574380">
    <ele>3148.8</ele>
    <time>2026-09-05T16:16:54Z</time>
    
   </trkpt>
   <trkpt lat="39.7083370" lon="-105.8574110">
    <ele>3148.2</ele>
    <time>2026-09-05T16:16:57Z</time>
    
   </trkpt>
   <trkpt lat="39.7083300" lon="-105.8573920">
    <ele>3148.0</ele>
    <time>2026-09-05T16:16:58Z</time>
    
   </trkpt>
   <trkpt lat="39.7083090" lon="-105.8573610">
    <ele>3147.6</ele>
    <time>2026-09-05T16:17:00Z</time>
    
   </trkpt>
   <trkpt lat="39.7082440" lon="-105.8572550">
    <ele>3147.2</ele>
    <time>2026-09-05T16:17:05Z</time>
    
   </trkpt>
   <trkpt lat="39.7082020" lon="-105.8571180">
    <ele>3146.8</ele>
    <time>2026-09-05T16:17:10Z</time>
    
   </trkpt>
   <trkpt lat="39.7081990" lon="-105.8570950">
    <ele>3146.8</ele>
    <time>2026-09-05T16:17:11Z</time>
    
   </trkpt>
   <trkpt lat="39.7081900" lon="-105.8570720">
    <ele>3146.6</ele>
    <time>2026-09-05T16:17:12Z</time>
    
   </trkpt>
   <trkpt lat="39.7081630" lon="-105.8570330">
    <ele>3146.2</ele>
    <time>2026-09-05T16:17:14Z</time>
    
   </trkpt>
   <trkpt lat="39.7081100" lon="-105.8570160">
    <ele>3145.6</ele>
    <time>2026-09-05T16:17:16Z</time>
    
   </trkpt>
   <trkpt lat="39.7080960" lon="-105.8570220">
    <ele>3145.4</ele>
    <time>2026-09-05T16:17:17Z</time>
    
   </trkpt>
   <trkpt lat="39.7080100" lon="-105.8570210">
    <ele>3144.6</ele>
    <time>2026-09-05T16:17:21Z</time>
    
   </trkpt>
   <trkpt lat="39.7079930" lon="-105.8570030">
    <ele>3144.2</ele>
    <time>2026-09-05T16:17:22Z</time>
    
   </trkpt>
   <trkpt lat="39.7079390" lon="-105.8569220">
    <ele>3143.2</ele>
    <time>2026-09-05T16:17:25Z</time>
    
   </trkpt>
   <trkpt lat="39.7078430" lon="-105.8568280">
    <ele>3142.2</ele>
    <time>2026-09-05T16:17:29Z</time>
    
   </trkpt>
   <trkpt lat="39.7077900" lon="-105.8567880">
    <ele>3141.6</ele>
    <time>2026-09-05T16:17:31Z</time>
    
   </trkpt>
   <trkpt lat="39.7077640" lon="-105.8567580">
    <ele>3141.0</ele>
    <time>2026-09-05T16:17:32Z</time>
    
   </trkpt>
   <trkpt lat="39.7077020" lon="-105.8566620">
    <ele>3139.8</ele>
    <time>2026-09-05T16:17:35Z</time>
    
   </trkpt>
   <trkpt lat="39.7076800" lon="-105.8566330">
    <ele>3139.4</ele>
    <time>2026-09-05T16:17:36Z</time>
    
   </trkpt>
   <trkpt lat="39.7076040" lon="-105.8565810">
    <ele>3138.8</ele>
    <time>2026-09-05T16:17:39Z</time>
    
   </trkpt>
   <trkpt lat="39.7075600" lon="-105.8565710">
    <ele>3138.4</ele>
    <time>2026-09-05T16:17:41Z</time>
    
   </trkpt>
   <trkpt lat="39.7074920" lon="-105.8565060">
    <ele>3137.6</ele>
    <time>2026-09-05T16:17:46Z</time>
    
   </trkpt>
   <trkpt lat="39.7074770" lon="-105.8564980">
    <ele>3137.2</ele>
    <time>2026-09-05T16:17:47Z</time>
    
   </trkpt>
   <trkpt lat="39.7074020" lon="-105.8564610">
    <ele>3136.4</ele>
    <time>2026-09-05T16:17:54Z</time>
    
   </trkpt>
   <trkpt lat="39.7073160" lon="-105.8564380">
    <ele>3135.8</ele>
    <time>2026-09-05T16:17:59Z</time>
    
   </trkpt>
   <trkpt lat="39.7072840" lon="-105.8564330">
    <ele>3135.6</ele>
    <time>2026-09-05T16:18:00Z</time>
    
   </trkpt>
   <trkpt lat="39.7071980" lon="-105.8564230">
    <ele>3135.4</ele>
    <time>2026-09-05T16:18:03Z</time>
    
   </trkpt>
   <trkpt lat="39.7071450" lon="-105.8564360">
    <ele>3134.6</ele>
    <time>2026-09-05T16:18:05Z</time>
    
   </trkpt>
   <trkpt lat="39.7071200" lon="-105.8564480">
    <ele>3134.2</ele>
    <time>2026-09-05T16:18:06Z</time>
    
   </trkpt>
   <trkpt lat="39.7070460" lon="-105.8564800">
    <ele>3132.8</ele>
    <time>2026-09-05T16:18:09Z</time>
    
   </trkpt>
   <trkpt lat="39.7069900" lon="-105.8565120">
    <ele>3131.4</ele>
    <time>2026-09-05T16:18:12Z</time>
    
   </trkpt>
   <trkpt lat="39.7069680" lon="-105.8565200">
    <ele>3131.2</ele>
    <time>2026-09-05T16:18:13Z</time>
    
   </trkpt>
   <trkpt lat="39.7069300" lon="-105.8565270">
    <ele>3130.2</ele>
    <time>2026-09-05T16:18:15Z</time>
    
   </trkpt>
   <trkpt lat="39.7068530" lon="-105.8565380">
    <ele>3129.0</ele>
    <time>2026-09-05T16:18:18Z</time>
    
   </trkpt>
   <trkpt lat="39.7068290" lon="-105.8565360">
    <ele>3128.6</ele>
    <time>2026-09-05T16:18:19Z</time>
    
   </trkpt>
   <trkpt lat="39.7067530" lon="-105.8565340">
    <ele>3127.8</ele>
    <time>2026-09-05T16:18:22Z</time>
    
   </trkpt>
   <trkpt lat="39.7067000" lon="-105.8565220">
    <ele>3126.6</ele>
    <time>2026-09-05T16:18:24Z</time>
    
   </trkpt>
   <trkpt lat="39.7066440" lon="-105.8565090">
    <ele>3125.8</ele>
    <time>2026-09-05T16:18:26Z</time>
    
   </trkpt>
   <trkpt lat="39.7066200" lon="-105.8565020">
    <ele>3125.4</ele>
    <time>2026-09-05T16:18:27Z</time>
    
   </trkpt>
   <trkpt lat="39.7065470" lon="-105.8564820">
    <ele>3124.0</ele>
    <time>2026-09-05T16:18:30Z</time>
    
   </trkpt>
   <trkpt lat="39.7064760" lon="-105.8564550">
    <ele>3122.6</ele>
    <time>2026-09-05T16:18:33Z</time>
    
   </trkpt>
   <trkpt lat="39.7064520" lon="-105.8564380">
    <ele>3122.0</ele>
    <time>2026-09-05T16:18:34Z</time>
    
   </trkpt>
   <trkpt lat="39.7064280" lon="-105.8564220">
    <ele>3121.2</ele>
    <time>2026-09-05T16:18:35Z</time>
    
   </trkpt>
   <trkpt lat="39.7063510" lon="-105.8563750">
    <ele>3120.0</ele>
    <time>2026-09-05T16:18:39Z</time>
    
   </trkpt>
   <trkpt lat="39.7063080" lon="-105.8563500">
    <ele>3119.2</ele>
    <time>2026-09-05T16:18:41Z</time>
    
   </trkpt>
   <trkpt lat="39.7062930" lon="-105.8563370">
    <ele>3118.6</ele>
    <time>2026-09-05T16:18:42Z</time>
    
   </trkpt>
   <trkpt lat="39.7062620" lon="-105.8563070">
    <ele>3117.8</ele>
    <time>2026-09-05T16:18:44Z</time>
    
   </trkpt>
   <trkpt lat="39.7062470" lon="-105.8562890">
    <ele>3117.2</ele>
    <time>2026-09-05T16:18:45Z</time>
    
   </trkpt>
   <trkpt lat="39.7061960" lon="-105.8562090">
    <ele>3116.0</ele>
    <time>2026-09-05T16:18:48Z</time>
    
   </trkpt>
   <trkpt lat="39.7061610" lon="-105.8561540">
    <ele>3114.4</ele>
    <time>2026-09-05T16:18:51Z</time>
    
   </trkpt>
   <trkpt lat="39.7061240" lon="-105.8561080">
    <ele>3113.0</ele>
    <time>2026-09-05T16:18:54Z</time>
    
   </trkpt>
   <trkpt lat="39.7060950" lon="-105.8560460">
    <ele>3112.0</ele>
    <time>2026-09-05T16:18:57Z</time>
    
   </trkpt>
   <trkpt lat="39.7060700" lon="-105.8560010">
    <ele>3111.0</ele>
    <time>2026-09-05T16:18:59Z</time>
    
   </trkpt>
   <trkpt lat="39.7060570" lon="-105.8559830">
    <ele>3110.4</ele>
    <time>2026-09-05T16:19:00Z</time>
    
   </trkpt>
   <trkpt lat="39.7060400" lon="-105.8559610">
    <ele>3110.0</ele>
    <time>2026-09-05T16:19:01Z</time>
    
   </trkpt>
   <trkpt lat="39.7059510" lon="-105.8558520">
    <ele>3109.0</ele>
    <time>2026-09-05T16:19:07Z</time>
    
   </trkpt>
   <trkpt lat="39.7059320" lon="-105.8558370">
    <ele>3108.8</ele>
    <time>2026-09-05T16:19:08Z</time>
    
   </trkpt>
   <trkpt lat="39.7058880" lon="-105.8558020">
    <ele>3107.6</ele>
    <time>2026-09-05T16:19:10Z</time>
    
   </trkpt>
   <trkpt lat="39.7058730" lon="-105.8557880">
    <ele>3107.2</ele>
    <time>2026-09-05T16:19:11Z</time>
    
   </trkpt>
   <trkpt lat="39.7058190" lon="-105.8557230">
    <ele>3106.4</ele>
    <time>2026-09-05T16:19:14Z</time>
    
   </trkpt>
   <trkpt lat="39.7058050" lon="-105.8556970">
    <ele>3106.0</ele>
    <time>2026-09-05T16:19:15Z</time>
    
   </trkpt>
   <trkpt lat="39.7057880" lon="-105.8556530">
    <ele>3105.2</ele>
    <time>2026-09-05T16:19:17Z</time>
    
   </trkpt>
   <trkpt lat="39.7057650" lon="-105.8556120">
    <ele>3104.4</ele>
    <time>2026-09-05T16:19:19Z</time>
    
   </trkpt>
   <trkpt lat="39.7057430" lon="-105.8555670">
    <ele>3104.0</ele>
    <time>2026-09-05T16:19:21Z</time>
    
   </trkpt>
   <trkpt lat="39.7057030" lon="-105.8554930">
    <ele>3102.8</ele>
    <time>2026-09-05T16:19:24Z</time>
    
   </trkpt>
   <trkpt lat="39.7056850" lon="-105.8554220">
    <ele>3101.8</ele>
    <time>2026-09-05T16:19:26Z</time>
    
   </trkpt>
   <trkpt lat="39.7056780" lon="-105.8553910">
    <ele>3101.4</ele>
    <time>2026-09-05T16:19:27Z</time>
    
   </trkpt>
   <trkpt lat="39.7056270" lon="-105.8552930">
    <ele>3100.0</ele>
    <time>2026-09-05T16:19:30Z</time>
    
   </trkpt>
   <trkpt lat="39.7056080" lon="-105.8552470">
    <ele>3099.4</ele>
    <time>2026-09-05T16:19:32Z</time>
    
   </trkpt>
   <trkpt lat="39.7055950" lon="-105.8552270">
    <ele>3098.8</ele>
    <time>2026-09-05T16:19:33Z</time>
    
   </trkpt>
   <trkpt lat="39.7055740" lon="-105.8551930">
    <ele>3097.4</ele>
    <time>2026-09-05T16:19:35Z</time>
    
   </trkpt>
   <trkpt lat="39.7055630" lon="-105.8551790">
    <ele>3097.0</ele>
    <time>2026-09-05T16:19:36Z</time>
    
   </trkpt>
   <trkpt lat="39.7055390" lon="-105.8551480">
    <ele>3096.2</ele>
    <time>2026-09-05T16:19:38Z</time>
    
   </trkpt>
   <trkpt lat="39.7054740" lon="-105.8550710">
    <ele>3095.0</ele>
    <time>2026-09-05T16:19:42Z</time>
    
   </trkpt>
   <trkpt lat="39.7054440" lon="-105.8550430">
    <ele>3094.0</ele>
    <time>2026-09-05T16:19:44Z</time>
    
   </trkpt>
   <trkpt lat="39.7054340" lon="-105.8550240">
    <ele>3093.6</ele>
    <time>2026-09-05T16:19:45Z</time>
    
   </trkpt>
   <trkpt lat="39.7053820" lon="-105.8549780">
    <ele>3092.6</ele>
    <time>2026-09-05T16:19:48Z</time>
    
   </trkpt>
   <trkpt lat="39.7053230" lon="-105.8549090">
    <ele>3091.4</ele>
    <time>2026-09-05T16:19:51Z</time>
    
   </trkpt>
   <trkpt lat="39.7052970" lon="-105.8548670">
    <ele>3090.4</ele>
    <time>2026-09-05T16:19:53Z</time>
    
   </trkpt>
   <trkpt lat="39.7052660" lon="-105.8548170">
    <ele>3089.2</ele>
    <time>2026-09-05T16:19:55Z</time>
    
   </trkpt>
   <trkpt lat="39.7052380" lon="-105.8547600">
    <ele>3088.6</ele>
    <time>2026-09-05T16:19:57Z</time>
    
   </trkpt>
   <trkpt lat="39.7052180" lon="-105.8547300">
    <ele>3088.0</ele>
    <time>2026-09-05T16:19:58Z</time>
    
   </trkpt>
   <trkpt lat="39.7051840" lon="-105.8546790">
    <ele>3086.8</ele>
    <time>2026-09-05T16:20:00Z</time>
    
   </trkpt>
   <trkpt lat="39.7051510" lon="-105.8546290">
    <ele>3085.6</ele>
    <time>2026-09-05T16:20:02Z</time>
    
   </trkpt>
   <trkpt lat="39.7051420" lon="-105.8546040">
    <ele>3085.0</ele>
    <time>2026-09-05T16:20:03Z</time>
    
   </trkpt>
   <trkpt lat="39.7051240" lon="-105.8545650">
    <ele>3084.4</ele>
    <time>2026-09-05T16:20:04Z</time>
    
   </trkpt>
   <trkpt lat="39.7050870" lon="-105.8545070">
    <ele>3083.2</ele>
    <time>2026-09-05T16:20:06Z</time>
    
   </trkpt>
   <trkpt lat="39.7050570" lon="-105.8544650">
    <ele>3082.6</ele>
    <time>2026-09-05T16:20:08Z</time>
    
   </trkpt>
   <trkpt lat="39.7050430" lon="-105.8544440">
    <ele>3082.2</ele>
    <time>2026-09-05T16:20:09Z</time>
    
   </trkpt>
   <trkpt lat="39.7050160" lon="-105.8543990">
    <ele>3080.6</ele>
    <time>2026-09-05T16:20:11Z</time>
    
   </trkpt>
   <trkpt lat="39.7050040" lon="-105.8543510">
    <ele>3079.2</ele>
    <time>2026-09-05T16:20:13Z</time>
    
   </trkpt>
   <trkpt lat="39.7049930" lon="-105.8543320">
    <ele>3078.8</ele>
    <time>2026-09-05T16:20:14Z</time>
    
   </trkpt>
   <trkpt lat="39.7049770" lon="-105.8543220">
    <ele>3078.2</ele>
    <time>2026-09-05T16:20:15Z</time>
    
   </trkpt>
   <trkpt lat="39.7049510" lon="-105.8542980">
    <ele>3077.0</ele>
    <time>2026-09-05T16:20:17Z</time>
    
   </trkpt>
   <trkpt lat="39.7049340" lon="-105.8542580">
    <ele>3076.0</ele>
    <time>2026-09-05T16:20:19Z</time>
    
   </trkpt>
   <trkpt lat="39.7048920" lon="-105.8541880">
    <ele>3075.0</ele>
    <time>2026-09-05T16:20:22Z</time>
    
   </trkpt>
   <trkpt lat="39.7048400" lon="-105.8540990">
    <ele>3073.6</ele>
    <time>2026-09-05T16:20:26Z</time>
    
   </trkpt>
   <trkpt lat="39.7048160" lon="-105.8540540">
    <ele>3072.2</ele>
    <time>2026-09-05T16:20:28Z</time>
    
   </trkpt>
   <trkpt lat="39.7047770" lon="-105.8539970">
    <ele>3071.0</ele>
    <time>2026-09-05T16:20:30Z</time>
    
   </trkpt>
   <trkpt lat="39.7047600" lon="-105.8539700">
    <ele>3070.2</ele>
    <time>2026-09-05T16:20:31Z</time>
    
   </trkpt>
   <trkpt lat="39.7047430" lon="-105.8539530">
    <ele>3069.4</ele>
    <time>2026-09-05T16:20:32Z</time>
    
   </trkpt>
   <trkpt lat="39.7046630" lon="-105.8538740">
    <ele>3068.2</ele>
    <time>2026-09-05T16:20:36Z</time>
    
   </trkpt>
   <trkpt lat="39.7046270" lon="-105.8538400">
    <ele>3067.0</ele>
    <time>2026-09-05T16:20:38Z</time>
    
   </trkpt>
   <trkpt lat="39.7045580" lon="-105.8537970">
    <ele>3065.8</ele>
    <time>2026-09-05T16:20:41Z</time>
    
   </trkpt>
   <trkpt lat="39.7045140" lon="-105.8537770">
    <ele>3065.2</ele>
    <time>2026-09-05T16:20:43Z</time>
    
   </trkpt>
   <trkpt lat="39.7044930" lon="-105.8537650">
    <ele>3064.6</ele>
    <time>2026-09-05T16:20:44Z</time>
    
   </trkpt>
   <trkpt lat="39.7044410" lon="-105.8537170">
    <ele>3063.4</ele>
    <time>2026-09-05T16:20:47Z</time>
    
   </trkpt>
   <trkpt lat="39.7044290" lon="-105.8537080">
    <ele>3063.0</ele>
    <time>2026-09-05T16:20:48Z</time>
    
   </trkpt>
   <trkpt lat="39.7044190" lon="-105.8536890">
    <ele>3062.2</ele>
    <time>2026-09-05T16:20:49Z</time>
    
   </trkpt>
   <trkpt lat="39.7043820" lon="-105.8536560">
    <ele>3060.8</ele>
    <time>2026-09-05T16:20:51Z</time>
    
   </trkpt>
   <trkpt lat="39.7043360" lon="-105.8536440">
    <ele>3059.4</ele>
    <time>2026-09-05T16:20:53Z</time>
    
   </trkpt>
   <trkpt lat="39.7042620" lon="-105.8536320">
    <ele>3058.2</ele>
    <time>2026-09-05T16:20:56Z</time>
    
   </trkpt>
   <trkpt lat="39.7042050" lon="-105.8536030">
    <ele>3057.0</ele>
    <time>2026-09-05T16:20:58Z</time>
    
   </trkpt>
   <trkpt lat="39.7041500" lon="-105.8535560">
    <ele>3056.2</ele>
    <time>2026-09-05T16:21:00Z</time>
    
   </trkpt>
   <trkpt lat="39.7041190" lon="-105.8535330">
    <ele>3055.8</ele>
    <time>2026-09-05T16:21:01Z</time>
    
   </trkpt>
   <trkpt lat="39.7040440" lon="-105.8534110">
    <ele>3054.8</ele>
    <time>2026-09-05T16:21:03Z</time>
    
   </trkpt>
   <trkpt lat="39.7039960" lon="-105.8533150">
    <ele>3053.4</ele>
    <time>2026-09-05T16:21:05Z</time>
    
   </trkpt>
   <trkpt lat="39.7039880" lon="-105.8531850">
    <ele>3051.8</ele>
    <time>2026-09-05T16:21:08Z</time>
    
   </trkpt>
   <trkpt lat="39.7039860" lon="-105.8530860">
    <ele>3050.6</ele>
    <time>2026-09-05T16:21:10Z</time>
    
   </trkpt>
   <trkpt lat="39.7039490" lon="-105.8529770">
    <ele>3049.2</ele>
    <time>2026-09-05T16:21:13Z</time>
    
   </trkpt>
   <trkpt lat="39.7039310" lon="-105.8529520">
    <ele>3048.6</ele>
    <time>2026-09-05T16:21:14Z</time>
    
   </trkpt>
   <trkpt lat="39.7039030" lon="-105.8529060">
    <ele>3047.8</ele>
    <time>2026-09-05T16:21:16Z</time>
    
   </trkpt>
   <trkpt lat="39.7038650" lon="-105.8528560">
    <ele>3046.6</ele>
    <time>2026-09-05T16:21:18Z</time>
    
   </trkpt>
   <trkpt lat="39.7037970" lon="-105.8527470">
    <ele>3045.4</ele>
    <time>2026-09-05T16:21:21Z</time>
    
   </trkpt>
   <trkpt lat="39.7037090" lon="-105.8525910">
    <ele>3044.2</ele>
    <time>2026-09-05T16:21:25Z</time>
    
   </trkpt>
   <trkpt lat="39.7036710" lon="-105.8525200">
    <ele>3043.2</ele>
    <time>2026-09-05T16:21:27Z</time>
    
   </trkpt>
   <trkpt lat="39.7036490" lon="-105.8524920">
    <ele>3042.8</ele>
    <time>2026-09-05T16:21:28Z</time>
    
   </trkpt>
   <trkpt lat="39.7036150" lon="-105.8524410">
    <ele>3041.4</ele>
    <time>2026-09-05T16:21:30Z</time>
    
   </trkpt>
   <trkpt lat="39.7035820" lon="-105.8523870">
    <ele>3040.2</ele>
    <time>2026-09-05T16:21:32Z</time>
    
   </trkpt>
   <trkpt lat="39.7035650" lon="-105.8523650">
    <ele>3039.6</ele>
    <time>2026-09-05T16:21:33Z</time>
    
   </trkpt>
   <trkpt lat="39.7035480" lon="-105.8523310">
    <ele>3038.8</ele>
    <time>2026-09-05T16:21:34Z</time>
    
   </trkpt>
   <trkpt lat="39.7035180" lon="-105.8522650">
    <ele>3037.6</ele>
    <time>2026-09-05T16:21:36Z</time>
    
   </trkpt>
   <trkpt lat="39.7034680" lon="-105.8522070">
    <ele>3036.8</ele>
    <time>2026-09-05T16:21:38Z</time>
    
   </trkpt>
   <trkpt lat="39.7034380" lon="-105.8521770">
    <ele>3036.4</ele>
    <time>2026-09-05T16:21:39Z</time>
    
   </trkpt>
   <trkpt lat="39.7033740" lon="-105.8520680">
    <ele>3034.6</ele>
    <time>2026-09-05T16:21:42Z</time>
    
   </trkpt>
   <trkpt lat="39.7033300" lon="-105.8519650">
    <ele>3033.6</ele>
    <time>2026-09-05T16:21:44Z</time>
    
   </trkpt>
   <trkpt lat="39.7032860" lon="-105.8518420">
    <ele>3032.6</ele>
    <time>2026-09-05T16:21:46Z</time>
    
   </trkpt>
   <trkpt lat="39.7032320" lon="-105.8517070">
    <ele>3031.2</ele>
    <time>2026-09-05T16:21:48Z</time>
    
   </trkpt>
   <trkpt lat="39.7032160" lon="-105.8516550">
    <ele>3031.0</ele>
    <time>2026-09-05T16:21:49Z</time>
    
   </trkpt>
   <trkpt lat="39.7031900" lon="-105.8515780">
    <ele>3029.8</ele>
    <time>2026-09-05T16:21:51Z</time>
    
   </trkpt>
   <trkpt lat="39.7031620" lon="-105.8514940">
    <ele>3029.0</ele>
    <time>2026-09-05T16:21:53Z</time>
    
   </trkpt>
   <trkpt lat="39.7031520" lon="-105.8514560">
    <ele>3028.6</ele>
    <time>2026-09-05T16:21:54Z</time>
    
   </trkpt>
   <trkpt lat="39.7031100" lon="-105.8513400">
    <ele>3027.4</ele>
    <time>2026-09-05T16:21:57Z</time>
    
   </trkpt>
   <trkpt lat="39.7030910" lon="-105.8511770">
    <ele>3026.6</ele>
    <time>2026-09-05T16:22:01Z</time>
    
   </trkpt>
   <trkpt lat="39.7030960" lon="-105.8511340">
    <ele>3026.2</ele>
    <time>2026-09-05T16:22:02Z</time>
    
   </trkpt>
   <trkpt lat="39.7030970" lon="-105.8510710">
    <ele>3025.2</ele>
    <time>2026-09-05T16:22:05Z</time>
    
   </trkpt>
   <trkpt lat="39.7030940" lon="-105.8510700">
    <ele>3024.6</ele>
    <time>2026-09-05T16:22:07Z</time>
    
   </trkpt>
   <trkpt lat="39.7030680" lon="-105.8510960">
    <ele>3024.0</ele>
    <time>2026-09-05T16:22:09Z</time>
    
   </trkpt>
   <trkpt lat="39.7030360" lon="-105.8511320">
    <ele>3023.6</ele>
    <time>2026-09-05T16:22:11Z</time>
    
   </trkpt>
   <trkpt lat="39.7029760" lon="-105.8512610">
    <ele>3023.0</ele>
    <time>2026-09-05T16:22:15Z</time>
    
   </trkpt>
   <trkpt lat="39.7029660" lon="-105.8513070">
    <ele>3022.8</ele>
    <time>2026-09-05T16:22:16Z</time>
    
   </trkpt>
   <trkpt lat="39.7028810" lon="-105.8515540">
    <ele>3022.0</ele>
    <time>2026-09-05T16:22:21Z</time>
    
   </trkpt>
   <trkpt lat="39.7028670" lon="-105.8515990">
    <ele>3022.0</ele>
    <time>2026-09-05T16:22:22Z</time>
    
   </trkpt>
   <trkpt lat="39.7028590" lon="-105.8518060">
    <ele>3021.4</ele>
    <time>2026-09-05T16:22:27Z</time>
    
   </trkpt>
   <trkpt lat="39.7028610" lon="-105.8520470">
    <ele>3021.4</ele>
    <time>2026-09-05T16:22:33Z</time>
    
   </trkpt>
   <trkpt lat="39.7028590" lon="-105.8521730">
    <ele>3020.8</ele>
    <time>2026-09-05T16:22:36Z</time>
    
   </trkpt>
   <trkpt lat="39.7028450" lon="-105.8523540">
    <ele>3020.4</ele>
    <time>2026-09-05T16:22:40Z</time>
    
   </trkpt>
   <trkpt lat="39.7028360" lon="-105.8525720">
    <ele>3020.0</ele>
    <time>2026-09-05T16:22:45Z</time>
    
   </trkpt>
   <trkpt lat="39.7028420" lon="-105.8526080">
    <ele>3020.0</ele>
    <time>2026-09-05T16:22:46Z</time>
    
   </trkpt>
   <trkpt lat="39.7028530" lon="-105.8527120">
    <ele>3020.0</ele>
    <time>2026-09-05T16:22:49Z</time>
    
   </trkpt>
   <trkpt lat="39.7028570" lon="-105.8527760">
    <ele>3020.0</ele>
    <time>2026-09-05T16:22:51Z</time>
    
   </trkpt>
   <trkpt lat="39.7028440" lon="-105.8528610">
    <ele>3020.0</ele>
    <time>2026-09-05T16:22:53Z</time>
    
   </trkpt>
   <trkpt lat="39.7028180" lon="-105.8529410">
    <ele>3019.8</ele>
    <time>2026-09-05T16:22:55Z</time>
    
   </trkpt>
   <trkpt lat="39.7028040" lon="-105.8529870">
    <ele>3019.8</ele>
    <time>2026-09-05T16:22:56Z</time>
    
   </trkpt>
   <trkpt lat="39.7027780" lon="-105.8531230">
    <ele>3019.0</ele>
    <time>2026-09-05T16:22:59Z</time>
    
   </trkpt>
   <trkpt lat="39.7027810" lon="-105.8531660">
    <ele>3018.6</ele>
    <time>2026-09-05T16:23:00Z</time>
    
   </trkpt>
   <trkpt lat="39.7028120" lon="-105.8533460">
    <ele>3017.4</ele>
    <time>2026-09-05T16:23:04Z</time>
    
   </trkpt>
   <trkpt lat="39.7028140" lon="-105.8533830">
    <ele>3017.4</ele>
    <time>2026-09-05T16:23:05Z</time>
    
   </trkpt>
   <trkpt lat="39.7027680" lon="-105.8535370">
    <ele>3016.8</ele>
    <time>2026-09-05T16:23:10Z</time>
    
   </trkpt>
   <trkpt lat="39.7026720" lon="-105.8537460">
    <ele>3016.8</ele>
    <time>2026-09-05T16:23:16Z</time>
    
   </trkpt>
   <trkpt lat="39.7026350" lon="-105.8538530">
    <ele>3016.4</ele>
    <time>2026-09-05T16:23:19Z</time>
    
   </trkpt>
   <trkpt lat="39.7025950" lon="-105.8539580">
    <ele>3015.8</ele>
    <time>2026-09-05T16:23:22Z</time>
    
   </trkpt>
   <trkpt lat="39.7025350" lon="-105.8540840">
    <ele>3015.2</ele>
    <time>2026-09-05T16:23:26Z</time>
    
   </trkpt>
   <trkpt lat="39.7025010" lon="-105.8541370">
    <ele>3014.6</ele>
    <time>2026-09-05T16:23:29Z</time>
    
   </trkpt>
   <trkpt lat="39.7024800" lon="-105.8541740">
    <ele>3014.0</ele>
    <time>2026-09-05T16:23:33Z</time>
    
   </trkpt>
  </trkseg>
 </trk>
</gpx>
